doc_id,label_id,score,relevance
1122742851,041737830,0.08672557026147842,1
1122764111,040118827,0.397771954536438,1
1122830890,040652033,0.24392156302928925,1
1122830890,040746720,0.08597669750452042,1
1122831242,040716295,0.25770363211631775,1
1122831560,040642860,0.4384450614452362,1
1123071527,041359585,0.533659040927887,1
1123071527,04318717X,0.5195610523223877,1
1123191123,043287948,0.6842597723007202,1
1123191123,040114139,0.42031002044677734,1
1123191123,040350436,0.5912794470787048,1
1123323739,040564428,0.08304427564144135,1
1123415145,988219204,0.2519199848175049,1
1123477523,04126827X,0.4735482931137085,1
1123692807,040156028,0.39851847290992737,1
1124131590,041517954,0.33067625761032104,1
1124131590,1023745712,0.08343778550624847,1
112451287X,04049795X,0.5861053466796875,1
112451287X,040318818,0.629770815372467,1
112454139X,040277437,0.48399147391319275,1
112454139X,04010074X,0.4700232446193695,1
1125065761,040118894,0.033267874270677567,1
1125065761,04180919X,0.7469466328620911,1
112534525X,040175510,0.02595662698149681,1
112534525X,041626362,0.46880021691322327,1
112534525X,979215455,0.5452175736427307,1
112534525X,041370422,0.4487050771713257,1
1125386886,041474546,0.3050384521484375,1
1125386886,994520042,0.1361427903175354,1
1125386886,041243293,0.4741601347923279,1
1125541121,041728610,0.4415505826473236,1
1125541121,04173128X,0.3510131537914276,1
1125911638,041404963,0.5642760396003723,1
1125911638,040662578,0.17602938413619995,1
1125947764,04061588X,0.08252554386854172,1
1126086495,04164199X,0.703701913356781,1
1126086495,041702972,0.266493022441864,1
1126094269,040350932,0.2994506359100342,1
1126094269,1251891020,0.3829018771648407,1
1126094269,041264576,0.5912794470787048,1
1126122483,040207137,0.2768278419971466,1
1126122483,041927230,0.6405901908874512,1
1126129348,041142837,0.34360435605049133,1
1126129348,040789314,0.3700576722621918,1
112641428X,040118827,0.40001633763313293,1
112641428X,040746852,0.13836415112018585,1
1126472964,991869877,0.432055801153183,1
1126472964,969512805,0.3096376061439514,1
1126472964,040111342,0.09397277981042862,1
1126547492,040297888,0.6537657380104065,1
1126643068,992696054,0.7553859949111938,1
1126645958,041552369,0.5049890279769897,1
1126645958,041291085,0.4766700863838196,1
1126724599,040476677,0.5765296816825867,1
1126724599,040039749,0.6278035640716553,1
1126844225,040118827,0.0818956047296524,1
1126844225,040538818,0.08589234948158264,1
1126844225,040490378,0.5409029722213745,1
1126923443,041656784,0.5091524124145508,1
1127016571,960767053,0.08714159578084946,1
1127016571,1054613230,0.38072311878204346,1
1127147544,040402223,0.1967506855726242,1
1127147544,040496732,0.1979677677154541,1
1127147544,040485072,0.13865751028060913,1
112752819X,004796454,0.514220654964447,1
112752819X,040485617,0.06979599595069885,1
1127582399,041688457,0.5864764451980591,1
1127701290,042352754,0.6069450378417969,1
1127701290,040137988,0.17747198045253754,1
1127701290,947988491,0.16346383094787598,1
1127801783,040203832,0.6060335040092468,1
1128205955,042060907,0.6132135391235352,1
1128205955,041143825,0.15247727930545807,1
1128205955,041376854,0.09893886744976044,1
1128574136,042744733,0.4061235189437866,1
1128574136,95023818X,0.6675634980201721,1
1128594129,118547798,0.5846550464630127,1
1128594129,040573109,0.5524966716766357,1
1128728761,04039395X,0.17497411370277405,1
1128819341,973163119,0.18675731122493744,1
1129046060,041231767,0.1770498901605606,1
1129258556,042975255,0.09408647567033768,1
1129258556,950962252,0.6892799735069275,1
1129487776,041426460,0.14840489625930786,1
1129695395,991105710,0.8041360378265381,1
1129695395,040567230,0.15446722507476807,1
1129695395,040567540,0.09473460912704468,1
1130030415,040455998,0.589880108833313,1
1130030415,1116095971,0.18148189783096313,1
1130030415,1116100770,0.8558211326599121,1
1130127311,1142573028,0.09931045770645142,1
1130127311,1005978824,0.481695294380188,1
1130560554,040565610,0.7002995014190674,1
1130560554,040479684,0.36726272106170654,1
1130561771,989749401,0.14156651496887207,1
1130561771,040537242,0.5035029053688049,1
1130561771,1227961537,0.3289654552936554,1
113065673X,040477045,0.33067625761032104,1
113065673X,040301028,0.444652795791626,1
113135527X,040098486,0.11973433941602707,1
113135527X,04045696X,0.12301962822675705,1
113135527X,041205006,0.37306851148605347,1
113135527X,040352633,0.2548600137233734,1
1131755340,040055655,0.4970153272151947,1
1131766423,043104169,0.43628939986228943,1
1132108462,040701026,0.22597603499889374,1
1132286875,945394624,0.4825482964515686,1
1132288789,979984149,0.6537654399871826,1
1132318475,040443108,0.5246203541755676,1
113247258X,995800995,0.28774818778038025,1
113247258X,040762157,0.1070912778377533,1
113247258X,040557626,0.07205331325531006,1
1132755158,04113446X,0.3774060904979706,1
1132756642,040785149,0.13599996268749237,1
1132945844,040110192,0.6405901908874512,1
1132995795,040781682,0.5636329650878906,1
1132995795,041357477,0.21215438842773438,1
1133406351,040208729,0.302054226398468,1
1133406351,040028127,0.15371127426624298,1
1133406351,040028143,0.05160088837146759,1
1133406351,040183823,0.11006790399551392,1
1133459749,956153186,0.20978625118732452,1
1133459749,040777049,0.2015698254108429,1
1133459749,040223493,0.28717896342277527,1
113359803X,041513312,0.44758492708206177,1
1135339724,040776069,0.07296436280012131,1
1135608164,040128997,0.5929271578788757,1
1135628793,042868688,0.6055422425270081,1
1135628793,040156028,0.13925881683826447,1
1135670749,040168255,0.13740310072898865,1
1135964084,040195147,0.4263121783733368,1
1136025286,041323009,0.15741771459579468,1
1136025286,040789314,0.6750582456588745,1
1136025286,041142837,0.7223365306854248,1
1136134182,04076527X,0.1721373349428177,1
1136268685,040261816,0.36195966601371765,1
1136268685,040150356,0.5500561594963074,1
1136268685,1023709775,0.2983100712299347,1
1136290354,041391586,0.3707228899002075,1
1136290354,041208064,0.602757453918457,1
1136471138,040595552,0.6383523941040039,1
1136471138,040359646,0.5423420667648315,1
1136967753,040564150,0.12004970014095306,1
1136967753,042913330,0.5864353179931641,1
1136967753,041954610,0.1002010628581047,1
1136967753,040777049,0.5034615397453308,1
1137206527,040470555,0.6468122601509094,1
1137210494,940431181,0.1856430172920227,1
1137210494,1109778066,0.5451922416687012,1
1137210494,040221539,0.21980628371238708,1
1137226226,040477045,0.6069450378417969,1
1137226226,042358663,0.693455696105957,1
1137366613,040118827,0.2694183588027954,1
1137366613,040408027,0.060591913759708405,1
1137366613,040023338,0.050221286714076996,1
1137447605,007041454,0.2406720221042633,1
1137447605,040413160,0.6851150393486023,1
1137494298,041906918,0.24769103527069092,1
1137494298,041214609,0.27223220467567444,1
1137867515,041522117,0.6080613136291504,1
1137867515,040172333,0.16086150705814362,1
113828212X,940493101,0.11473073065280914,1
1138496081,040690997,0.5544189214706421,1
1138496081,040394093,0.09370113909244537,1
1138705357,040587088,0.4700608551502228,1
1138705357,040181189,0.4215547740459442,1
1138705357,957319304,0.24595637619495392,1
1138705357,042364892,0.2854190170764923,1
1139170031,940855348,0.25751373171806335,1
1139170031,04059534X,0.6077433228492737,1
1139170570,940842424,0.18138568103313446,1
1139329987,04189328X,0.5799185633659363,1
1139329987,040550729,0.4229367971420288,1
1139709445,041730860,0.16558723151683807,1
1139709445,946225249,0.13097450137138367,1
1139709445,04055676X,0.11927510797977448,1
1139709445,128564378X,0.5409029722213745,1
1139843575,041715683,0.4120924472808838,1
1139843575,040700593,0.23799267411231995,1
1139843575,1019842911,0.7081892490386963,1
1139891413,040114139,0.6525867581367493,1
1139891499,040090167,0.6069450378417969,1
1140268260,041727770,0.3234218657016754,1
1140268260,043132804,0.16345413029193878,1
1140586602,041969146,0.21934179961681366,1
114087084X,040422704,0.652452290058136,1
114087084X,1023709775,0.03971545770764351,1
1141381818,988555794,0.6136718988418579,1
1141577305,041139402,0.6278035640716553,1
1141577305,040118908,0.3035712242126465,1
1141577305,040118894,0.21991489827632904,1
114179344X,04172609X,0.15573236346244812,1
114179344X,041390318,0.5987326502799988,1
114179344X,040355888,0.534241259098053,1
1141930714,042074312,0.604775071144104,1
1141930714,041364392,0.05536439269781113,1
1141930714,040152286,0.054240088909864426,1
1142001385,042541409,0.30630582571029663,1
1142001385,957612060,0.3924458920955658,1
1142001385,041247884,0.3998546302318573,1
1142001385,988135221,0.33690494298934937,1
1142003191,960767053,0.5482475757598877,1
1142114651,041125444,0.17677947878837585,1
1142114651,004789326,0.421594500541687,1
1142114651,041242270,0.2854190170764923,1
1142233944,943819474,0.6216029524803162,1
1142233944,950379182,0.6079024076461792,1
1142233944,042305098,0.3671053946018219,1
1142374378,04015467X,0.3306457996368408,1
114252874X,041176367,0.6357795000076294,1
114252874X,040163970,0.3898634910583496,1
114252874X,040493962,0.3490513563156128,1
1142648397,040006875,0.6509416103363037,1
1142648397,040693422,0.544501006603241,1
1142648397,04198756X,0.12019474804401398,1
1142658651,041271173,0.3325032889842987,1
1142658651,95465255X,0.14944471418857574,1
1142787311,041734637,0.6599220037460327,1
1142787311,040022900,0.15033398568630219,1
1142954714,040118827,0.17223022878170013,1
1142954714,041157109,0.1951259970664978,1
1144011728,04166051X,0.05499724671244621,1
1144011728,040765733,0.5506998300552368,1
1144011728,041750934,0.5505800843238831,1
1144011728,04003500X,0.052798304706811905,1
1144177944,944032095,0.26754793524742126,1
1144177944,975496530,0.8854760527610779,1
1144401305,979984149,0.6800229549407959,1
1144401305,041244818,0.13992324471473694,1
1144401305,040213250,0.08179178088903427,1
1144872871,040329135,0.23288923501968384,1
1144872871,04142414X,0.1089850515127182,1
1145327907,040118827,0.17223022878170013,1
1145327907,041157109,0.2667965888977051,1
1146556632,954692667,0.7333350777626038,1
1146556632,040550729,0.12621846795082092,1
1146556632,04113432X,0.06982191652059555,1
1147383316,041222024,0.6990677118301392,1
1148276777,040266567,0.4927097260951996,1
1148277404,041252802,0.12020263075828552,1
1148277404,041995988,0.6640234589576721,1
1148277404,04148259X,0.10832803696393967,1
114836417X,1020952970,0.7002995014190674,1
1148366989,04124317X,0.17880482971668243,1
1148366989,040037797,0.10188251733779907,1
1148377174,041610350,0.27720797061920166,1
1148377212,041857070,0.4696366786956787,1
114842492X,041340884,0.21589381992816925,1
114842492X,041689852,0.48122143745422363,1
114842492X,04059758X,0.2252277135848999,1
1148549420,119489155,0.7847017645835876,1
1148549420,040457915,0.6343981027603149,1
1148750460,118130684,0.1884741634130478,1
1148751718,041707737,0.32929596304893494,1
1148878629,040334473,0.5814188122749329,1
1148878629,040156028,0.3769986033439636,1
1148878920,041238575,0.19992299377918243,1
1148878920,949105538,0.3346225321292877,1
1148878920,040550729,0.3782622218132019,1
1148878920,041206126,0.05053061619400978,1
1148880178,04167829X,0.4155387878417969,1
1149324902,040525880,0.6581400036811829,1
1149366575,118505521,0.537355363368988,1
1149366575,040743357,0.12148692458868027,1
1149408170,975006851,0.3169441819190979,1
1149408170,041682440,0.10674245655536652,1
1149544511,040525279,0.6090163588523865,1
1149544511,041300645,0.4127490222454071,1
1149639377,040118827,0.397771954536438,1
1149639377,040509184,0.4594097435474396,1
1149639377,1028776632,0.5633979439735413,1
1149642009,042979293,0.6730273365974426,1
1149642009,040382419,0.1864917278289795,1
1149734655,000350745,0.6040517687797546,1
1149734655,1260683044,0.5827754139900208,1
1150192070,040500616,0.3501746654510498,1
1150192070,040182258,0.33558985590934753,1
1150192070,947676724,0.6042690277099609,1
1150327863,040495140,0.6984971165657043,1
1150327863,042250455,0.680302619934082,1
1150511109,118602551,0.12033218890428543,1
1150511109,118834312,0.39564621448516846,1
1150511109,042017947,0.13628524541854858,1
1150573384,988099233,0.43064048886299133,1
115143356X,1006402748,0.3501746654510498,1
115178091X,041306155,0.6853066682815552,1
115178091X,040557375,0.33772727847099304,1
1151810509,04062661X,0.1732596755027771,1
1151878383,040066673,0.6525867581367493,1
1151878383,041376854,0.6830990314483643,1
1152005456,040068552,0.4581451416015625,1
1152005456,041889053,0.5283721089363098,1
1152081535,040605914,0.6160832643508911,1
1152178431,040118827,0.19301162660121918,1
1152178431,949276324,0.42705878615379333,1
1152178431,040163970,0.2431933432817459,1
1152178431,040558983,0.07858718186616898,1
1152179950,040563820,0.3603292405605316,1
1152179950,040352544,0.589880108833313,1
1152179950,041127269,0.2185981571674347,1
1152188569,041517954,0.10661392658948898,1
1152188569,1006402748,0.15956854820251465,1
1152267205,040118827,0.2674637734889984,1
1152267205,040147096,0.17602938413619995,1
1152944762,041291085,0.18578657507896423,1
1152944762,992772478,0.45920509099960327,1
1153005972,040378772,0.15852844715118408,1
115309326X,040359646,0.2521445155143738,1
115309326X,04051157X,0.6724680066108704,1
1153346427,040118827,0.08891619741916656,1
1153401800,041980948,0.19757115840911865,1
1153401800,941779599,0.10784447193145752,1
1153408171,11862167X,0.613288938999176,1
1153470802,040760014,0.26062315702438354,1
1153470802,040122115,0.18436051905155182,1
1153473054,963173561,0.06917426735162735,1
1153473054,942596528,0.09103051573038101,1
115347414X,041608356,0.2883200943470001,1
115347414X,99459285X,0.39405831694602966,1
1153501686,1006402748,0.4928533732891083,1
1153501686,960767053,0.08714159578084946,1
1153502615,041517954,0.13637278974056244,1
1153502615,126360837X,0.652452290058136,1
1153503603,950095265,0.20139393210411072,1
1153503603,040546098,0.2569434344768524,1
1153505142,041945050,0.6325429677963257,1
1153544288,041456580,0.13039101660251617,1
1153544288,040459365,0.5560232400894165,1
1153706334,040005224,0.6550997495651245,1
1153706334,944569722,0.1500474363565445,1
1154335186,106969780X,0.28688716888427734,1
1154335186,04116489X,0.1361796110868454,1
1154507513,99459285X,0.6738935708999634,1
1154507513,041645073,0.18578657507896423,1
1154785262,040792110,0.1010441705584526,1
1154785262,041928466,0.423833429813385,1
1154785971,949276324,0.8029880523681641,1
1154785971,04162159X,0.057034533470869064,1
1154899241,040118827,0.08891619741916656,1
1154929515,118831429,0.7723273038864136,1
1154930807,041867408,0.6724129319190979,1
1154931560,940431181,0.2288145273923874,1
1154931560,041489896,0.0814770832657814,1
1154931560,04289686X,0.19204145669937134,1
1154931595,040595498,0.05758453160524368,1
1154944409,040261700,0.16462363302707672,1
1154944409,040408086,0.08612940460443497,1
1155004787,040087743,0.1200462058186531,1
115508358X,040211428,0.33067625761032104,1
115508358X,040310035,0.07058151811361313,1
115508358X,941222357,0.37605521082878113,1
115508358X,041812964,0.6004149317741394,1
1155084705,040310035,0.6273857355117798,1
1155084705,041304624,0.17241723835468292,1
1155086015,041509080,0.9181936383247375,1
1155086015,041304624,0.12697914242744446,1
1155148797,040059634,0.19275549054145813,1
1155148797,041294068,0.10657718777656555,1
1155408586,988641232,0.16562287509441376,1
1155427645,041332717,0.17857304215431213,1
1155427645,040057097,0.17106375098228455,1
1155469895,040142884,0.6358001828193665,1
1155469895,041219058,0.11966214329004288,1
115558774X,041683625,0.2595330476760864,1
115558774X,041236017,0.19603244960308075,1
1155640667,041131967,0.19149506092071533,1
1155640667,040553825,0.3001050353050232,1
115565532X,040584518,0.1353882998228073,1
115565532X,042590469,0.46779778599739075,1
115565532X,040175510,0.5531147718429565,1
1156169879,040344029,0.5751999020576477,1
1156169879,041230655,0.544596791267395,1
1156169879,972192700,0.05796284228563309,1
1156178711,940639114,0.1956014484167099,1
1156178711,041292928,0.20188625156879425,1
1156178711,040768554,0.2092612236738205,1
1156497272,041230655,0.544596791267395,1
1156497272,040714977,0.21173095703125,1
1156497272,041294068,0.06707827746868134,1
1157091407,041230655,0.6069450378417969,1
1157091407,1017203326,0.06849014014005661,1
1157124240,040710343,0.3115270435810089,1
1157124240,040746720,0.16427527368068695,1
1158660367,1175227862,0.6851150393486023,1
1159373892,040118827,0.08891619741916656,1
115975408X,040408434,0.008839702233672142,1
115975408X,041351754,0.30691951513290405,1
115975408X,041397169,0.16467903554439545,1
1159977712,041655168,0.2229490727186203,1
1159977712,040352366,0.14704319834709167,1
1160186197,1186662409,0.2533337473869324,1
1160186197,959364080,0.1029219999909401,1
1160186197,040378829,0.3318031132221222,1
1160350442,940431181,0.20898780226707458,1
1160350442,04189216X,0.6612113118171692,1
1160361908,975819119,0.2757476270198822,1
1160361908,040162788,0.589880108833313,1
1160486336,972554203,0.17253334820270538,1
116052095X,040189686,0.2656286954879761,1
116052095X,040007324,0.5409029722213745,1
1160593442,041402650,0.38603475689888,1
1160861730,04112667X,0.10219542682170868,1
1160861730,040044645,0.12695686519145966,1
116100758X,118547364,0.28800705075263977,1
116100758X,041218914,0.14821481704711914,1
1161298118,04061963X,0.06791158765554428,1
1161298118,043042422,0.2708216607570648,1
1161298355,1105568555,0.7279717922210693,1
1161298355,969512805,0.4930213391780853,1
1161459057,040118827,0.17223022878170013,1
1161459057,040554090,0.13322292268276215,1
1161459057,04079167X,0.16575205326080322,1
1161459057,041539400,0.2759738564491272,1
1161832211,04004436X,0.10282588750123978,1
1161832211,041321596,0.2203499972820282,1
1161849254,040737543,0.303835391998291,1
116191773X,04057931X,0.09473460912704468,1
116191773X,040617068,0.14066430926322937,1
1161943625,040454282,0.6365249752998352,1
1162133953,042069025,0.6851150393486023,1
1162133953,041366077,0.25785961747169495,1
1162279753,043018203,0.158738374710083,1
1162279753,040773493,0.07297384738922119,1
1162279753,041272404,0.09911440312862396,1
1162357371,004629620,0.36345887184143066,1
1162357371,040582167,0.5419049859046936,1
1162357371,041230655,0.4700608551502228,1
1162358874,040422267,0.3038897216320038,1
1162358874,041699165,0.5515972971916199,1
1162358874,041676424,0.3634874224662781,1
1162451009,043280943,0.2398897260427475,1
1162451009,041547608,0.11969564855098724,1
1162451009,042676509,0.31668388843536377,1
1162683244,040379493,0.12933984398841858,1
1162683244,040777227,0.5544189214706421,1
1162683244,040184242,0.09270945191383362,1
1162683961,949322091,0.5409029722213745,1
1162840684,040118827,0.397771954536438,1
1162840684,040038467,0.4880306124687195,1
1162840684,040465152,0.21745625138282776,1
1162892226,040120589,0.19210349023342133,1
1162892226,040023338,0.5929271578788757,1
1162892226,040558762,0.0924137532711029,1
1162897244,041785770,0.406831830739975,1
1162897244,041722515,0.56022047996521,1
1162926686,041323076,0.15340447425842285,1
1162926686,040318834,0.09478207677602768,1
1162926686,040272664,0.2375417947769165,1
1162988525,040777049,0.3378339111804962,1
1162988525,040495345,0.3383859097957611,1
1162988525,04145166X,0.012866970151662827,1
1163008990,040118827,0.11772516369819641,1
1163008990,040031578,0.26188790798187256,1
1163008990,041284089,0.5468303561210632,1
1163008990,041206134,0.4663548469543457,1
116320188X,042021812,0.47546419501304626,1
1163274623,040118908,0.5588918328285217,1
1163274623,043241263,0.5238328576087952,1
1163274623,040066509,0.053206637501716614,1
1163391220,041418069,0.4481886029243469,1
1163391220,040694917,0.2082555592060089,1
1163452181,040694917,0.5569767355918884,1
1163452181,041134184,0.3725724220275879,1
1163529826,041288394,0.5768227577209473,1
1163529826,041666410,0.35154202580451965,1
1163529826,040426238,0.2675013244152069,1
1163756768,040219933,0.10657718777656555,1
1163756768,041546806,0.07205331325531006,1
1163756768,041996763,0.0924137532711029,1
1163756768,040176045,0.2535122036933899,1
1163756946,940431181,0.24198369681835175,1
1163756946,040490432,0.17159126698970795,1
1163756946,972628037,0.40709614753723145,1
1163855103,041331877,0.593624472618103,1
1163927503,964528924,0.0925360694527626,1
1163927503,040207757,0.39209994673728943,1
1163927503,041230655,0.37469911575317383,1
1163931985,940589761,0.7161959409713745,1
1163955884,040767086,0.6205870509147644,1
1164001264,960160299,0.36671364307403564,1
1164001264,994520042,0.23378556966781616,1
1164001264,041760743,0.17686133086681366,1
1164001264,040159558,0.2280619889497757,1
1164057170,043138128,0.6848737001419067,1
1164057170,997240334,0.15513533353805542,1
1164076868,04134703X,0.5409029722213745,1
1164076868,1047563150,0.6468122601509094,1
1164156195,199265267,0.3293302357196808,1
1164156195,040746720,0.39244771003723145,1
1164295136,040118827,0.14040857553482056,1
1164295136,040432718,0.07437645643949509,1
1164295136,040776247,0.5744556188583374,1
1165227614,042081823,0.19549047946929932,1
1165227614,041931254,0.43330222368240356,1
1165503158,040369153,0.7530667185783386,1
1165503158,041363434,0.10374809801578522,1
1165506998,041280822,0.5409029722213745,1
1165506998,043116620,0.11938860267400742,1
116586892X,041342623,0.0888361930847168,1
116586892X,1164034995,0.21176493167877197,1
1166017176,1027978401,0.6303703188896179,1
1166017176,04003724X,0.23840096592903137,1
1166017176,040111342,0.43096253275871277,1
116601990X,040452506,0.3009802997112274,1
116601990X,041410742,0.6129685044288635,1
1166044645,040302717,0.6032687425613403,1
1166044645,945798784,0.7020702958106995,1
1166044645,1032223197,0.12256819009780884,1
1166053415,040077098,0.5511850118637085,1
1166053415,041256395,0.3950005769729614,1
1166068129,040118827,0.08891619741916656,1
1166068129,040232999,0.1454514116048813,1
1166068129,954231902,0.18926645815372467,1
1166091317,041288394,0.4753971993923187,1
1166091317,948001070,0.34461167454719543,1
1166091317,041166450,0.12537936866283417,1
1166380793,000648574,0.14741410315036774,1
1166380793,945262779,0.5409029722213745,1
1166400263,040381684,0.3512025475502014,1
1166547175,040378829,0.19261202216148376,1
1166820645,040264823,0.3851350247859955,1
116685082X,040580474,0.4211411476135254,1
1166923568,041678087,0.1751408874988556,1
1166923568,041748867,0.6640234589576721,1
116692808X,04278476X,0.34291860461235046,1
1166950492,040723232,0.5921980738639832,1
1166950492,040781313,0.16827334463596344,1
1166950492,041691482,0.10173116624355316,1
1167109201,040753999,0.11529156565666199,1
1167109201,040305945,0.6544045805931091,1
1167595696,041279360,0.6205870509147644,1
1167595696,040564428,0.16427527368068695,1
1167595696,970714106,0.3913804888725281,1
1167664094,940431181,0.27904289960861206,1
1167682904,040455033,0.2615987956523895,1
1167682904,041141687,0.5864764451980591,1
1167682904,042193370,0.037957340478897095,1
1167682904,04025092X,0.16496233642101288,1
1167939875,040398277,0.445189893245697,1
1167939875,04060294X,0.6470972895622253,1
1167939875,040573109,0.5524966716766357,1
1167939875,951145304,0.08612940460443497,1
1168145929,041863488,0.13041801750659943,1
1168145929,042082447,0.5309725999832153,1
1168145929,040266567,0.4927097260951996,1
1168380235,041411064,0.43251150846481323,1
1168462762,041291867,0.6396083235740662,1
1168590914,04026193X,0.06934944540262222,1
1169131077,040079554,0.2543209493160248,1
1169131077,040455866,0.5548915863037109,1
1169131077,040664244,0.1769663691520691,1
1169293360,040099377,0.6472638845443726,1
1169568661,940431181,0.10391131043434143,1
116965696X,041257642,0.4086380898952484,1
1170015522,040118827,0.08891619741916656,1
1170015522,040240797,0.5385841727256775,1
1170355579,1116095971,0.5017961859703064,1
1170396615,040276538,0.5409029722213745,1
1170396615,041207556,0.09571605920791626,1
1170399576,041737504,0.6855409741401672,1
1170581978,040144267,0.6099820733070374,1
1170581978,040144577,0.5991976857185364,1
117058280X,041699165,0.29444095492362976,1
117058280X,04141246X,0.27353039383888245,1
117058280X,1137293195,0.3379606008529663,1
117058280X,040392643,0.16196031868457794,1
117058280X,041354117,0.2958216965198517,1
1170582885,040578259,0.11562436819076538,1
1170582885,041503473,0.5632346868515015,1
1170582885,040101525,0.5754034519195557,1
1170780393,040382176,0.6537657380104065,1
1170814646,040455033,0.5727375745773315,1
1170814646,972120998,0.3708587884902954,1
1170814646,041729218,0.544596791267395,1
1170876811,042455235,0.3079148828983307,1
1170876811,040313328,0.24828562140464783,1
1170956599,962781800,0.6784986257553101,1
117121510X,968434746,0.34118279814720154,1
1171312806,040157016,0.4264170229434967,1
1171312806,040332039,0.11848992854356766,1
1171312806,040124754,0.043210629373788834,1
1171312806,040359646,0.46779778599739075,1
1171705476,040776247,0.39236128330230713,1
1171705476,040694917,0.3515235483646393,1
1171705476,040382435,0.09181207418441772,1
1172071586,041295218,0.6230619549751282,1
1172488878,100473185X,0.5755612850189209,1
1172488878,040350932,0.1448199599981308,1
1172488878,040473767,0.12313079833984375,1
1172717397,041607139,0.581513524055481,1
1172717397,946952590,0.038336317986249924,1
1173087540,040766640,0.35308441519737244,1
1173087540,040636739,0.2618218660354614,1
1173087540,040172694,0.21739335358142853,1
1173087540,040783154,0.10657718777656555,1
1173087540,041798007,0.05028882622718811,1
1173087540,040018474,0.6073763370513916,1
1173337873,041986946,0.24460996687412262,1
1173337873,041403916,0.4336831867694855,1
1173337873,040156028,0.089466392993927,1
1173338845,040118827,0.20623275637626648,1
1173338845,04057329X,0.06273090839385986,1
1173390014,952019515,0.08672557026147842,1
1173390014,040015734,0.2527402639389038,1
1173395814,040011836,0.42924579977989197,1
1173586520,1007272821,0.6132140755653381,1
1173660275,040359646,0.3286680579185486,1
1173660275,040597024,0.3612572252750397,1
1174057947,040665283,0.6060335040092468,1
1174057947,041165799,0.10982007533311844,1
1174057947,041941969,0.10661392658948898,1
1174057947,04120588X,0.5496248602867126,1
1174057947,041230655,0.33067625761032104,1
1174430184,043264646,0.4229367971420288,1
1174667591,040051048,0.24299034476280212,1
1174667591,041357337,0.5813714265823364,1
1174922133,961739223,0.6128066182136536,1
1174922133,040485900,0.26815277338027954,1
1175311170,040307204,0.6091175079345703,1
1175380725,1152270176,0.634809136390686,1
1175575976,041132149,0.42767390608787537,1
1176177257,042252997,0.16348780691623688,1
1176177257,04072560X,0.26113367080688477,1
1176177257,970902867,0.0920918881893158,1
1176177400,040118908,0.09998630732297897,1
1176177400,040250989,0.0702749490737915,1
1176177400,040205355,0.3643023371696472,1
1176409034,969970897,0.2798871695995331,1
1176409034,040114139,0.20794129371643066,1
1176409034,1182267297,0.22506055235862732,1
1176806955,041319524,0.12591059505939484,1
1176913166,040118827,0.14040857553482056,1
1176913166,041644395,0.48423925042152405,1
1176913166,040533697,0.4388355314731598,1
1176913166,041164660,0.13609135150909424,1
1176974599,040538486,0.42094436287879944,1
1176974599,1010292242,0.6750420331954956,1
1177149753,041676602,0.5744556188583374,1
1177149753,041609115,0.6209936141967773,1
1177155346,041818555,0.16096730530261993,1
1177155346,040020533,0.09664937108755112,1
1177298783,970714106,0.15256920456886292,1
1177298783,041760964,0.26781758666038513,1
1177380986,040690652,0.6476053595542908,1
1177380986,040124029,0.47731244564056396,1
1177381877,041306155,0.14040960371494293,1
1177381877,041332628,0.3806615173816681,1
1177382644,041581334,0.2274244725704193,1
1177382644,040573109,0.5524966716766357,1
1177382644,04060294X,0.49685654044151306,1
1177382644,040494284,0.6218870282173157,1
1177382644,040207544,0.251529335975647,1
1177382725,119165198,0.0996626541018486,1
1177382725,040511766,0.21879278123378754,1
1177600811,042808138,0.6035773158073425,1
1177600811,040597989,0.031506866216659546,1
1177612054,958233810,0.45296400785446167,1
1177622335,040599795,0.654431164264679,1
1177622335,040026418,0.3609406352043152,1
1177625660,94618609X,0.37113943696022034,1
1177625660,041127617,0.5537986159324646,1
1177626624,041812093,0.35753151774406433,1
1177627248,040371352,0.24473822116851807,1
1177627248,040511154,0.06932816654443741,1
1177627248,942462076,0.09071704000234604,1
1177627248,040399834,0.2396683245897293,1
1177639238,041338812,0.4403608739376068,1
1177639238,041670744,0.5409029722213745,1
117811676X,041867335,0.11163181811571121,1
117811676X,040550095,0.17748242616653442,1
1178147320,041127366,0.6951058506965637,1
1178147320,974675598,0.17402060329914093,1
1178147320,041760964,0.22113071382045746,1
1178176606,040118827,0.17223022878170013,1
1178176606,040014460,0.2738979756832123,1
1178176606,041342623,0.29364266991615295,1
1178323803,040446832,0.588860809803009,1
1178323803,041958985,0.07128984481096268,1
1178323803,040490785,0.4945792555809021,1
1178323803,959420991,0.353922575712204,1
1179121724,040176258,0.21370868384838104,1
1179121724,041340817,0.5058841705322266,1
117977969X,970016034,0.26433804631233215,1
117977969X,042381185,0.6430239677429199,1
1180032381,040580474,0.05384417995810509,1
1180032381,04051255X,0.09780729562044144,1
1180032381,042367085,0.39455872774124146,1
1180032381,040470024,0.20140504837036133,1
1180198328,040561380,0.5869709849357605,1
1180501497,040118827,0.5724344253540039,1
1180501497,040632997,0.6209936141967773,1
1180501497,042007933,0.1525481641292572,1
118061366X,040563669,0.079125314950943,1
118061366X,041251776,0.09194653481245041,1
118061366X,040305503,0.26156553626060486,1
1181096200,1033938556,0.6733033657073975,1
1181096200,040665712,0.2052948772907257,1
1181326133,041525736,0.6357795000076294,1
1181326133,041273877,0.09955146908760071,1
1181328845,04138041X,0.06849014014005661,1
1181328845,040186415,0.14066430926322937,1
1181574633,040302717,0.31225356459617615,1
1181574633,040504190,0.32467421889305115,1
1181574633,94239724X,0.5536441802978516,1
118168904X,040143554,0.353852778673172,1
118168904X,040467813,0.47835034132003784,1
118168904X,954763998,0.2172711044549942,1
1181946409,118557513,0.4264170229434967,1
1182201490,041763394,0.6550248861312866,1
1182422918,040099296,0.4823401868343353,1
1182423728,958289344,0.1584860235452652,1
1182682596,040780120,0.2575972378253937,1
1182682596,042320763,0.14674149453639984,1
1183566417,040586405,0.6830990314483643,1
1183878761,041478215,0.6785076260566711,1
1183878761,041759877,0.2641226053237915,1
1183878761,040459365,0.2958216965198517,1
1183915055,040487377,0.6610473990440369,1
1183915055,040206602,0.538375198841095,1
1183989822,040014460,0.064846135675907135,1
1183989822,04307863X,0.1492493897676468,1
1184280207,041273478,0.12256819009780884,1
1184280207,946491399,0.4110950231552124,1
1184280207,041888804,0.15656711161136627,1
1184291772,041663500,0.1509837955236435,1
1184291772,041366077,0.09567394107580185,1
1184291772,041760743,0.30038511753082275,1
1184291772,040339718,0.41952621936798096,1
1184467196,040467813,0.0990004688501358,1
1184468095,042784670,0.3366909325122833,1
1184468095,940683423,0.06562510877847672,1
1184476713,040099377,0.6472638845443726,1
1184476713,040704963,0.6798550486564636,1
1184765391,040118827,0.08891619741916656,1
1184765391,04195601X,0.6165547370910645,1
1185486275,040580474,0.11191034317016602,1
1185486275,041385659,0.3572286069393158,1
1185486275,04071781X,0.5219330191612244,1
118556392X,04049795X,0.6758342385292053,1
118556392X,040050785,0.1702587753534317,1
1185761268,040329038,0.307972252368927,1
118581437X,119045796,0.17170310020446777,1
118581437X,040432718,0.36976659297943115,1
1186069929,943550300,0.41886577010154724,1
1186138920,97711144X,0.1900685727596283,1
1186138920,949798681,0.30582693219184875,1
1186138920,040066347,0.36526769399642944,1
1186143053,118547739,0.6168221235275269,1
1186143053,040362027,0.15391020476818085,1
1186144157,041245792,0.33047211170196533,1
1186144157,041377184,0.08343778550624847,1
1186310197,040207595,0.18654437363147736,1
1186406135,040432718,0.26687368750572205,1
1186406135,041996763,0.23553025722503662,1
1186412631,040703525,0.2867608964443207,1
1186412631,041874412,0.10631751269102097,1
1186412631,1009242296,0.2695426046848297,1
1186590165,118611666,0.3510953187942505,1
1186590165,006007813,0.2293681502342224,1
1186630892,041387686,0.12465465068817139,1
1186643986,04198756X,0.2431975156068802,1
1186643986,040592278,0.6144714951515198,1
118693235X,041563018,0.6880208849906921,1
1186939222,040359646,0.1081429272890091,1
1186939222,04025142X,0.5306600332260132,1
1186939222,040398277,0.3246387839317322,1
1186939222,041480082,0.2515292465686798,1
1187064742,94967365X,0.14336571097373962,1
1187064742,040557367,0.05767853930592537,1
1187065528,993735495,0.40157386660575867,1
1187065528,040412512,0.20040547847747803,1
1187065609,040432718,0.3062889873981476,1
1187066230,040288595,0.33558985590934753,1
1187066230,042221269,0.0893087089061737,1
1187066230,040762297,0.08640646189451218,1
1187096342,040118827,0.17223022878170013,1
1187096342,041313356,0.49962347745895386,1
1187096342,004071204,0.3582751154899597,1
1187096407,040118827,0.3429282307624817,1
1187096407,040090167,0.28776687383651733,1
1187097934,041133013,0.67617267370224,1
1187097934,040558797,0.3523198664188385,1
1187114820,041401492,0.5223363041877747,1
1187144517,040157016,0.030248817056417465,1
1187144967,040278336,0.5021794438362122,1
1187144967,040270890,0.16439107060432434,1
1187272663,041207300,0.4388361871242523,1
1187272663,041139240,0.21743753552436829,1
1187272663,950181994,0.26845312118530273,1
1187523275,040581675,0.14298361539840698,1
1187523275,041655508,0.47731244564056396,1
1187523275,041849450,0.08883477002382278,1
1188242105,040055035,0.25492697954177856,1
1188314912,042002303,0.11367028951644897,1
1188456369,040350932,0.6014262437820435,1
1188456369,041231414,0.6931014657020569,1
1188456369,945262779,0.36976659297943115,1
1188456369,040252264,0.07025837898254395,1
1188554824,041155327,0.30275022983551025,1
1188554824,040011836,0.15827211737632751,1
1188554824,040111342,0.3843929171562195,1
1188717863,040179850,0.6129685044288635,1
1188717863,040756602,0.3650979995727539,1
1188731726,041903730,0.5326908826828003,1
1188731726,041392523,0.34676703810691833,1
1188883305,041215648,0.8745646476745605,1
1188902008,040118827,0.2694183588027954,1
1188902008,040632555,0.6950070858001709,1
1188902008,000003778,0.48399147391319275,1
1189005794,118577867,0.3186470866203308,1
1189005794,040432718,0.26687368750572205,1
1189213842,040028275,0.33166638016700745,1
1189213842,040309339,0.2994506359100342,1
1189213842,040408086,0.08612940460443497,1
1189318229,040189686,0.4638981819152832,1
1189318229,040732746,0.5152646899223328,1
1189442809,043184766,0.6954565048217773,1
1189442809,042327903,0.5751999020576477,1
1189584964,040118827,0.09270945191383362,1
1189584964,040266567,0.25031840801239014,1
1189654199,041277317,0.11129225045442581,1
1189662531,971874549,0.5446706414222717,1
1189696134,040776247,0.6610473990440369,1
1189926326,042015197,0.4210984408855438,1
1190123800,118637479,0.2207348644733429,1
1190251256,940431181,0.09597073495388031,1
1190251256,041134826,0.6343981027603149,1
1190251256,954202481,0.16055460274219513,1
1190565579,1297239261,0.5498253107070923,1
1190565579,041777077,0.4123164713382721,1
1190565579,040494128,0.17342635989189148,1
1190818981,040371352,0.5569767355918884,1
1190818981,040452190,0.11779850721359253,1
1190884674,040178943,0.44023701548576355,1
1190884674,040621278,0.3317352533340454,1
1190994291,041165225,0.34283703565597534,1
1190994291,041217616,0.3289654552936554,1
1190994291,041275829,0.6383523941040039,1
1190994291,978834275,0.6129685044288635,1
1190997541,040432718,0.3062889873981476,1
1190997541,956104274,0.32190239429473877,1
1190997541,040163970,0.37094610929489136,1
1190997541,040164187,0.14040960371494293,1
1191319059,040294137,0.4673593044281006,1
1191319059,1099996589,0.5864764451980591,1
1191319059,04059534X,0.3370126783847809,1
1191319059,04116489X,0.10976219177246094,1
1191414248,041762630,0.22454966604709625,1
1191414248,04123409X,0.1592678725719452,1
1191417131,04137830X,0.3515235483646393,1
119142863X,040091813,0.6708952784538269,1
119142863X,041684257,0.1963687390089035,1
1191441741,042626528,0.41671425104141235,1
1191479811,043035175,0.6509416103363037,1
1191479811,040397920,0.2602704167366028,1
1191479811,040789314,0.31313860416412354,1
119148145X,041248546,0.3132452964782715,1
119148145X,042000149,0.167570561170578,1
1191517756,040118827,0.20623275637626648,1
1191517756,040790096,0.17686133086681366,1
1191517756,941475050,0.31324535608291626,1
119152681X,04004176X,0.755586564540863,1
119152681X,040090167,0.6069450378417969,1
119152681X,040790096,0.07112289220094681,1
1191588475,040118827,0.397771954536438,1
1191588475,040027333,0.1593189686536789,1
1191588475,041943325,0.10148795694112778,1
1191591778,04137830X,0.31773653626441956,1
119163485X,040172694,0.6720187067985535,1
119163485X,040068552,0.6326596736907959,1
119163485X,982637632,0.28965792059898376,1
1191664023,040087840,0.2671695649623871,1
1191664023,948411694,0.09238598495721817,1
1191664023,042468833,0.7952383756637573,1
1191666603,041731719,0.16768184304237366,1
1191688704,041727800,0.5979854464530945,1
1191688704,041517334,0.3826863765716553,1
1191851613,040718670,0.05357784032821655,1
1191927490,040651827,0.6880208849906921,1
1191927490,040052273,0.39826124906539917,1
1191929019,040096963,0.5991976857185364,1
1191929019,040470202,0.057540103793144226,1
1191929019,041142667,0.09008073806762695,1
1191935795,040780295,0.595323383808136,1
1191935795,040693422,0.4699647128582001,1
1191935795,040066673,0.12659621238708496,1
1191935795,040783847,0.12432677298784256,1
1192053230,041499204,0.30643147230148315,1
1192053230,04065348X,0.14457841217517853,1
1192053230,041234219,0.645727276802063,1
1192103610,040118827,0.5724344253540039,1
1192103610,040710130,0.16598549485206604,1
1192138090,040118827,0.19684867560863495,1
1192138090,042571952,0.6460714936256409,1
1192138090,040340368,0.13551472127437592,1
1192139372,041259092,0.4052325189113617,1
1192139372,040272664,0.024885615333914757,1
1192139372,040710343,0.22443237900733948,1
1192141334,040118827,0.31625500321388245,1
1192192257,040768996,0.2887894809246063,1
1192192257,041360109,0.13992324471473694,1
1192192257,040331660,0.22483041882514954,1
1192192257,042665590,0.5744556188583374,1
119219733X,040768996,0.195740208029747,1
119219733X,04076219X,0.5400478839874268,1
119219845X,040747255,0.15123917162418365,1
119219845X,04198756X,0.5751999020576477,1
119219960X,040267229,0.6278035640716553,1
119219960X,040038467,0.15369665622711182,1
119219960X,040099377,0.5124890208244324,1
119219960X,1177403080,0.31112805008888245,1
1192212118,040267458,0.6232514977455139,1
1192308794,040746593,0.6218870282173157,1
1192308794,041969103,0.13243860006332397,1
1192823397,04052020X,0.3227435052394867,1
1192834259,118509039,0.4100201427936554,1
1192834259,040555550,0.34600532054901123,1
1192834453,118596756,0.4959046542644501,1
1192834453,118559230,0.5737712383270264,1
1192834585,040991342,0.8627514243125916,1
119308699X,988555794,0.3704580068588257,1
119308699X,040564495,0.4350096583366394,1
1193125545,962672645,0.09745071083307266,1
1193125545,040557227,0.6708952784538269,1
1193125545,041154614,0.6730091571807861,1
1193273730,041248546,0.33895954489707947,1
1193549388,04047089X,0.5902618765830994,1
1194354327,041294068,0.1702587753534317,1
1194354327,1123527725,0.24839185178279877,1
1194375138,041583450,0.5296242237091064,1
1194377521,040216713,0.13376332819461823,1
1194377521,04010074X,0.302054226398468,1
1194377521,040360504,0.703701913356781,1
1194377521,041140877,0.3042895793914795,1
1194461182,040207668,0.13425150513648987,1
1194646735,043033814,0.6160832643508911,1
1195598653,040751287,0.028899196535348892,1
1195598653,041423992,0.4962472915649414,1
1195599420,040118827,0.2674637734889984,1
1195599420,041889320,0.0853513702750206,1
1195599420,041693000,0.14071246981620789,1
1195807872,040652874,0.10788962990045547,1
1195807872,041895347,0.632792055606842,1
1196009465,040050440,0.3753555417060852,1
1196009465,041629795,0.5442227125167847,1
1196009465,040022579,0.48588621616363525,1
1196009465,040783154,0.11142285913228989,1
1196009465,042090156,0.13713084161281586,1
1196096775,041896025,0.3512025475502014,1
1196096775,040628434,0.4062238931655884,1
1196110875,04171671X,0.7281171083450317,1
119632915X,107372798X,0.7005084156990051,1
119632915X,101046003X,0.4260968267917633,1
1196346623,041143337,0.1727612018585205,1
1196346623,041470044,0.4029719829559326,1
1196525714,965002845,0.8582586646080017,1
1196526036,040778215,0.7978061437606812,1
1196526036,040149889,0.5962573885917664,1
1196699887,002100967,0.49685654044151306,1
1196700397,040189686,0.24830450117588043,1
1196806160,040359646,0.208580881357193,1
1196806160,118535315,0.1770498901605606,1
1196806160,040476898,0.5541197061538696,1
1196860947,040031675,0.06637059152126312,1
1196860947,040655415,0.15767411887645721,1
1196922500,1124028595,0.6343981027603149,1
1197135227,041207300,0.5798848271369934,1
1197135227,040264823,0.6283559799194336,1
1197693661,040139212,0.5930071473121643,1
1197693661,040385159,0.6073763370513916,1
1197725784,040022579,0.30990010499954224,1
1197725784,041431804,0.037957340478897095,1
1197725784,041255089,0.4289299249649048,1
1197725784,947676724,0.09874261170625687,1
1197749241,040350886,0.10014305263757706,1
1197749241,040354210,0.558630108833313,1
1198111410,040151433,0.6917670369148254,1
1198111410,040005364,0.6394768953323364,1
1198403322,04067486X,0.19717937707901,1
1198458305,1003557597,0.542963981628418,1
1198458305,041264649,0.3391749858856201,1
1198458305,973088753,0.14667099714279175,1
1198458305,967279453,0.23269204795360565,1
1198692626,104933289X,0.3528050184249878,1
1198692626,041230655,0.33067625761032104,1
1198692626,040111342,0.19166451692581177,1
119887564X,041157109,0.06757599115371704,1
119887564X,041125827,0.3150815963745117,1
1198966548,040601315,0.6004149317741394,1
1198966548,041949013,0.15797746181488037,1
1199116084,940762439,0.3360198140144348,1
1199615668,040655415,0.5544189214706421,1
1199615668,040493962,0.4211411476135254,1
1199816523,041829123,0.5869709849357605,1
1199816523,040400948,0.30426084995269775,1
1199816523,042909589,0.32388734817504883,1
1199954748,041269748,0.17602938413619995,1
1200099451,04146026X,0.6389492154121399,1
1200099451,04175168X,0.5409029722213745,1
1200107756,040780295,0.3634874224662781,1
1200107756,040038467,0.3771940767765045,1
1200109643,041951069,0.10013719648122787,1
1200109643,1314965875,0.27060291171073914,1
1200109643,04036237X,0.09278324246406555,1
1200109643,040208729,0.6033118367195129,1
1200111524,940431181,0.6904959678649902,1
1200111524,040780295,0.595323383808136,1
1200111524,040793443,0.16345413029193878,1
1200111524,954614925,0.14058130979537964,1
120011440X,040787044,0.4663548469543457,1
120011440X,040780295,0.4137653708457947,1
120011440X,040697150,0.05447004362940788,1
120011440X,04116489X,0.10976219177246094,1
1200115082,040780295,0.6826297044754028,1
1200115082,040270580,0.6733033657073975,1
1200210026,118594117,0.6025291085243225,1
1200210026,1245160273,0.2774820029735565,1
1200842529,958955336,0.7028450965881348,1
1200842529,040039579,0.15254251658916473,1
1200842529,972755365,0.4494244456291199,1
1201159458,041772539,0.11860380321741104,1
1201262445,040664937,0.4185450077056885,1
1201272963,118664123,0.9268586039543152,1
1201272963,040597873,0.2947172224521637,1
1201272963,040349292,0.2131059318780899,1
1201272963,040456609,0.6689148545265198,1
1201546427,040783154,0.43330222368240356,1
1201546427,04025092X,0.6730091571807861,1
1201549825,041488563,0.18188321590423584,1
1201549825,040476898,0.10976219177246094,1
1201549825,040006263,0.22342495620250702,1
1201683785,041810147,0.602757453918457,1
1201683785,041798783,0.1721373349428177,1
1201711061,04128271X,0.37623846530914307,1
1202044956,1289544506,0.17103378474712372,1
1202044956,041763505,0.16154693067073822,1
1202044956,947292012,0.5409029722213745,1
1202044956,041717406,0.1856745481491089,1
1202186300,041481143,0.5710191130638123,1
1202236960,04180919X,0.24299806356430054,1
1202236960,994559119,0.15663506090641022,1
1202271499,040780120,0.18718823790550232,1
1202271499,040557375,0.5569767355918884,1
1202271499,007591705,0.4200896918773651,1
1202271898,040118827,0.17223022878170013,1
1202271898,040223493,0.19166451692581177,1
1202271898,040066673,0.1889585256576538,1
1202295916,040758478,0.09397277981042862,1
1202295916,041685385,0.1203392967581749,1
1202339905,118571249,0.6160832643508911,1
120236490X,040289117,0.6525867581367493,1
1202444814,043084168,0.3275569677352905,1
1202444814,042153999,0.1864917278289795,1
1202444814,943099234,0.6784986257553101,1
1203065736,118575449,0.5783039927482605,1
120337223X,041208064,0.3634874224662781,1
1203523084,041239164,0.5707151889801025,1
1203705387,040564150,0.6396083235740662,1
1203713290,041141598,0.09008073806762695,1
1203713290,940038838,0.06863708794116974,1
1203854404,04061963X,0.1277594268321991,1
1203854404,959934766,0.643807053565979,1
1203854404,040274519,0.09265634417533875,1
1203874995,987895397,0.2657770812511444,1
1203874995,040746720,0.08597669750452042,1
1204458456,040781496,0.5685198307037354,1
1204458456,040252590,0.6383940577507019,1
1204555486,041288394,0.394729346036911,1
1204555486,042999839,0.1353882998228073,1
1204555486,040343596,0.08408123254776001,1
1204635617,040677079,0.4825417399406433,1
1204926778,118535315,0.3695179224014282,1
1204926778,041868358,0.48178043961524963,1
1204926778,951588052,0.17311309278011322,1
1204926778,040476898,0.3806615173816681,1
1204928908,118723146,0.6399626135826111,1
1205001875,041745434,0.6951058506965637,1
1205001875,950407178,0.09946560114622116,1
1205001875,951675575,0.5952717065811157,1
120501473X,041549473,0.30332013964653015,1
120501473X,04027263X,0.4640326201915741,1
120501473X,040352366,0.10027002543210983,1
1205069135,04165479X,0.544596791267395,1
1205069135,952006928,0.15797746181488037,1
1205069135,043141358,0.24177181720733643,1
1205253718,042337984,0.04117349907755852,1
1205260323,041232976,0.5665335059165955,1
1205260323,040181456,0.2750318646430969,1
1205370250,041359925,0.1669289916753769,1
1205370722,1047563150,0.6130115985870361,1
1205470727,040457915,0.4011206030845642,1
1205470727,040477045,0.33067625761032104,1
120547191X,040459608,0.11367028951644897,1
120547191X,041949013,0.15797746181488037,1
1205549501,042527066,0.07518041878938675,1
1205549501,94572201X,0.12579700350761414,1
1205677984,040216527,0.6092784404754639,1
1205677984,040651053,0.5488328337669373,1
1205884963,042036127,0.17763864994049072,1
1205884963,042540879,0.6730273365974426,1
1206077565,040336379,0.5506998300552368,1
1206096276,040050440,0.1559796780347824,1
1206096276,11857941X,0.30944493412971497,1
1206096276,040435822,0.22784239053726196,1
1206096276,040355888,0.6391521096229553,1
1206344245,043186726,0.13899767398834229,1
1206344245,04062305X,0.3048561215400696,1
1206416076,040316483,0.05429283156991005,1
1206416076,040005364,0.2868790626525879,1
1206416076,990722651,0.2894096374511719,1
1206537078,11853453X,0.9181936383247375,1
1206537078,041750268,0.19390273094177246,1
1206537078,04073840X,0.06932816654443741,1
1206588888,994866240,0.5542542338371277,1
1206588888,040252264,0.22597603499889374,1
1206588888,042412919,0.09036891162395477,1
120660400X,040787044,0.09099262952804565,1
120660400X,040470202,0.6348128914833069,1
120660400X,040790096,0.07112289220094681,1
1206635711,041481143,0.17611326277256012,1
1206635711,041354702,0.06230946630239487,1
1206635711,041562992,0.4816281497478485,1
1206731095,04065348X,0.6533045768737793,1
1206731095,040457915,0.24006614089012146,1
1206746947,1081489480,0.1735522747039795,1
1206785667,041481143,0.4011206030845642,1
1206785667,965002845,0.4793808162212372,1
1206785667,04005277X,0.18717263638973236,1
1206987286,040352544,0.5901060104370117,1
1207152633,940431181,0.5942666530609131,1
1207152633,041546806,0.17159126698970795,1
1207152633,040747255,0.15123917162418365,1
1207236926,041225228,0.8115187287330627,1
1207392995,040015734,0.25531119108200073,1
1207392995,040015904,0.3790883421897888,1
1207392995,040143279,0.593624472618103,1
1207542938,040118827,0.10476416349411011,1
1207542938,043274706,0.5541197061538696,1
1207542938,040087670,0.10257653146982193,1
1207542938,04120509X,0.24455752968788147,1
120757452X,041431324,0.17602938413619995,1
1208033107,04054723X,0.6397563219070435,1
1208033107,041373782,0.1200462058186531,1
1208164309,040744450,0.365627646446228,1
1208164309,042744156,0.5830094218254089,1
1208393146,040756602,0.6851150393486023,1
1208657267,041704975,0.652452290058136,1
1208937006,041783557,0.4668571650981903,1
1209058251,040732134,0.3282508850097656,1
1209058251,040630749,0.12537936866283417,1
1209159759,04028588X,0.38367488980293274,1
1209159759,040487377,0.12968209385871887,1
1209257122,040199029,0.12973764538764954,1
1209257122,984430695,0.2288087159395218,1
1209257122,968865615,0.13662850856781006,1
1209268558,040475344,0.1867518424987793,1
1209268558,040451259,0.26984381675720215,1
1209332620,040563979,0.3874230682849884,1
1209332620,041306155,0.0917779877781868,1
1209472783,040500616,0.3959616720676422,1
1209474573,040336379,0.22597603499889374,1
1209474573,945130562,0.6708952784538269,1
1209474573,041253213,0.10009878128767014,1
1209474573,041933176,0.04608354717493057,1
1209520915,04011404X,0.544501006603241,1
1209520915,041296516,0.48252764344215393,1
1209520915,040525848,0.1564338505268097,1
1209676222,040026418,0.6396083235740662,1
1209676222,040580474,0.07535972446203232,1
1209676222,041264126,0.1372113972902298,1
1209676222,041244818,0.09579650312662125,1
1209795043,1164030825,0.28885960578918457,1
1209795043,041206975,0.08612940460443497,1
1210038463,040261816,0.5102923512458801,1
1210038463,041398483,0.6041318774223328,1
1210245132,040350932,0.21436013281345367,1
1210245132,100072185X,0.07156004756689072,1
1210245132,040323862,0.37623846530914307,1
1210328518,042007925,0.4142394959926605,1
1210328518,972487697,0.0674627497792244,1
1210328518,040501310,0.291232168674469,1
1210328518,040760669,0.460862398147583,1
1210426285,040118827,0.09264963120222092,1
1210426285,040494225,0.5384498834609985,1
1210426285,041157168,0.1240319162607193,1
1210484803,042131324,0.2052948772907257,1
1210484803,1036653315,0.6283559799194336,1
1210643979,043146139,0.21053355932235718,1
1210644142,951481770,0.20135602355003357,1
1210644142,041302370,0.17062969505786896,1
1210647826,042071887,0.6722619533538818,1
1210652838,040714977,0.5578091740608215,1
1210652838,04230931X,0.1702587753534317,1
1210690705,04170603X,0.09473460912704468,1
1210947420,1206347392,0.26156261563301086,1
1210947420,967941407,0.37604984641075134,1
1211099032,040412318,0.7700066566467285,1
1211099032,041404017,0.03263051062822342,1
1211238393,1075612675,0.1425613909959793,1
1211238393,042743249,0.15382283926010132,1
1211238393,041819977,0.06701646000146866,1
1211265528,041297202,0.750758945941925,1
1211734609,118529579,0.6407559514045715,1
1211793745,040465268,0.6830990314483643,1
1211793745,04054365X,0.30658143758773804,1
1211796515,042581044,0.3630472719669342,1
1212099117,040476898,0.6160832643508911,1
1212099117,041126289,0.1476367563009262,1
121244020X,980953987,0.6880208849906921,1
1212440358,040397858,0.12579700350761414,1
1212440358,04174084X,0.16498641669750214,1
1212589157,041591283,0.13039101660251617,1
1212589157,040653153,0.37989556789398193,1
1212589157,042872030,0.4625859558582306,1
1212589157,041172027,0.2657770812511444,1
1212604768,040352544,0.45000606775283813,1
1212604768,040443027,0.1726064831018448,1
1212628020,968687350,0.49100762605667114,1
1212631188,040452697,0.3704436123371124,1
1212858263,041570103,0.058950189501047134,1
1212858263,1314965875,0.47588232159614563,1
1213025257,100374446X,0.5058841705322266,1
1213025257,040788954,0.12421825528144836,1
1213025257,973083778,0.2802690267562866,1
1213137403,041779665,0.6537657380104065,1
1213137403,041391195,0.0690823346376419,1
1213239265,040769828,0.5851031541824341,1
1213239265,975149644,0.27852603793144226,1
1213245486,041308808,0.3807888627052307,1
1213245486,042179610,0.1151430755853653,1
1213245486,041260562,0.4065122604370117,1
1213245486,1242209417,0.22120097279548645,1
1213445981,041216849,0.056039538234472275,1
1213445981,040557367,0.08928222954273224,1
1213445981,04055743X,0.07858718186616898,1
1213511224,041762665,0.12427050620317459,1
1213513227,967941407,0.06002812087535858,1
1213513227,040533697,0.13967351615428925,1
1213513227,040168670,0.5930071473121643,1
1213514835,040118827,0.31625500321388245,1
1213514835,964119226,0.40926626324653625,1
1213514835,040763587,0.32335859537124634,1
1213514835,1277966036,0.3563024401664734,1
1213526817,040759954,0.03688661381602287,1
1213526817,040354083,0.14156651496887207,1
1213526817,041211383,0.1391478180885315,1
1213527066,041923529,0.08640646189451218,1
1213527066,968611338,0.2727890610694885,1
1214058019,041277317,0.6098760962486267,1
1214060803,132194058,0.4209415316581726,1
1214179940,040554090,0.2412819266319275,1
1214179940,040413160,0.30307137966156006,1
1214246028,041273249,0.24392156302928925,1
1214643558,041356446,0.3512025475502014,1
1214643558,1014244218,0.11848992854356766,1
121481381X,040310310,0.17968705296516418,1
121481381X,041215907,0.4263121783733368,1
121481381X,949746983,0.4823401868343353,1
1215037090,041412893,0.41590580344200134,1
1215037090,041906683,0.06448767334222794,1
1215099576,040511588,0.3986393213272095,1
1215099576,041231414,0.27047792077064514,1
1215099576,04252086X,0.6405901908874512,1
1215150229,1211521885,0.11339281499385834,1
1215150229,041616782,0.2094036489725113,1
121515982X,041291867,0.5024451017379761,1
1215169329,04032690X,0.15160518884658813,1
1215293178,041744160,0.43471759557724,1
1215322194,967279453,0.19097654521465302,1
1215322194,042453984,0.10415047407150269,1
1215336896,118666932,0.2068224549293518,1
1215336896,131370952,0.7603566646575928,1
1215365292,040477045,0.43339696526527405,1
1215736940,043084168,0.33558985590934753,1
1216038546,04155275X,0.4565935432910919,1
1216245517,04099256X,0.19855639338493347,1
1216245517,040421228,0.34113967418670654,1
121625785X,040519902,0.33181890845298767,1
121625785X,041576756,0.5058841705322266,1
121625785X,040272214,0.47965309023857117,1
1216332959,042118549,0.1426859349012375,1
1216332959,980147638,0.6242334842681885,1
1216418470,040455394,0.2398897260427475,1
1216418470,041300262,0.6434921026229858,1
1216418470,040475344,0.15412653982639313,1
1216638306,946663459,0.4451192021369934,1
1216638306,040494128,0.6956265568733215,1
1216639477,041974298,0.2269575297832489,1
1216640556,961000937,0.7133578062057495,1
1216640556,042220033,0.5355829000473022,1
1216703019,041411374,0.474311888217926,1
121670855X,040408434,0.06908828020095825,1
1216709912,040207544,0.40571480989456177,1
1216709912,041244818,0.5409029722213745,1
1216709912,040158756,0.1760128289461136,1
1216710295,041244818,0.5601102709770203,1
1216710295,041532546,0.39778345823287964,1
1216815267,119115166,0.20882056653499603,1
1216815267,04064314X,0.6062123775482178,1
1217194991,963226312,0.4018174409866333,1
1217194991,945130562,0.14071246981620789,1
1217407456,968687350,0.16346383094787598,1
1217778403,040756580,0.09208530932664871,1
1217778403,994559119,0.0384150967001915,1
1217899790,040455033,0.06481226533651352,1
1217899790,041481143,0.27344146370887756,1
1217899790,041331958,0.09424889087677002,1
1217899790,040544419,0.0606297142803669,1
1217938427,041294726,0.36293837428092957,1
1217938427,040201600,0.30691951513290405,1
1217938427,040785963,0.10501264780759811,1
1217938427,040272087,0.22665660083293915,1
1218038608,041276787,0.3964027762413025,1
1218076224,041986059,0.6537657380104065,1
1218076224,04047500X,0.558630108833313,1
1218076224,040197026,0.1406855434179306,1
1218396474,040368246,0.6062123775482178,1
1218396474,040039900,0.5626537203788757,1
1218466359,040725324,0.5305271744728088,1
1218466359,947676724,0.2674543559551239,1
1218530030,042071887,0.7359728217124939,1
1218762454,11863562X,0.5946353077888489,1
1218762454,040494187,0.589880108833313,1
1218765909,04131946X,0.16597139835357666,1
1218765909,040443027,0.533659040927887,1
1218765909,041229266,0.20350973308086395,1
1218767227,041293568,0.24715693295001984,1
121876998X,040408434,0.16350950300693512,1
121876998X,963493469,0.14585934579372406,1
121877200X,040207544,0.5506566762924194,1
1218782234,952225611,0.11159246414899826,1
1218782234,040788954,0.6405901908874512,1
1218783435,040223493,0.365627646446228,1
121886642X,940431181,0.1856430172920227,1
121886642X,040680975,0.38881948590278625,1
1218867035,118606964,0.6603982448577881,1
1218867035,118601717,0.4614585340023041,1
1218867035,118601024,0.38575801253318787,1
1218872667,040704637,0.20874042809009552,1
1218872667,041264576,0.055166829377412796,1
1218887141,042131286,0.6357411742210388,1
1218887141,041945344,0.10006260871887207,1
1219099422,040691772,0.43339696526527405,1
1219428914,040791637,0.5869709849357605,1
1219428914,041389212,0.1592678725719452,1
121952980X,041323076,0.5032588243484497,1
121952980X,041877136,0.5210210084915161,1
1219582611,041645405,0.3181312680244446,1
1219582611,040130878,0.08640646189451218,1
1219910457,041538277,0.1837502121925354,1
1219937185,041900693,0.5594573020935059,1
1219937185,041215907,0.48917320370674133,1
1219963003,040465144,0.1726064831018448,1
1219963003,040011836,0.6029003858566284,1
1219965405,041727738,0.5720559358596802,1
1219965405,042284643,0.397866815328598,1
1219965405,96473222X,0.2068224549293518,1
122008218X,965844773,0.33919212222099304,1
122008218X,041231767,0.36976659297943115,1
1220290084,041866789,0.6610473990440369,1
1220355933,040408698,0.21572339534759521,1
1220355933,948065370,0.6091175079345703,1
1220355933,04052020X,0.2224956452846527,1
1220419184,041387678,0.17602938413619995,1
1220488356,040408434,0.22413061559200287,1
1220488356,040350886,0.089989572763443,1
1220488356,040581675,0.18485742807388306,1
1220488356,043186726,0.6405898928642273,1
1220537594,040261816,0.44281241297721863,1
1220537594,041304802,0.07890170812606812,1
1220537594,041974298,0.3807888627052307,1
1220844063,04120719X,0.1149948462843895,1
1221269828,041436830,0.6103093028068542,1
1221328247,118736159,0.40735864639282227,1
1221328247,040426408,0.544501006603241,1
1221328247,04052258X,0.2111566811800003,1
1221405888,040118827,0.397771954536438,1
1221405888,040619168,0.15139919519424438,1
1221668943,118503596,0.8094220161437988,1
1221801503,04026887X,0.554544985294342,1
1222162679,041535723,0.5409029722213745,1
1222162679,040011836,0.22483041882514954,1
1222270099,040455033,0.3002777099609375,1
122227034X,040261816,0.6434921026229858,1
122227034X,041903250,0.6730273365974426,1
1222408961,042424658,0.6720187067985535,1
1222408961,041824156,0.7060117721557617,1
1222502402,040318826,0.19908033311367035,1
1222502402,040563820,0.10027002543210983,1
1222509857,040581977,0.3331824541091919,1
1223538281,040595048,0.0660507008433342,1
1223538281,040356809,0.057847049087285995,1
1223756432,040371352,0.49685654044151306,1
1223756432,041787978,0.22533772885799408,1
1223756432,040618390,0.47786736488342285,1
1223800253,041268873,0.13836415112018585,1
1223800253,988072351,0.30430930852890015,1
1223800253,1123527725,0.34470605850219727,1
122385034X,041234715,0.5670660734176636,1
122385034X,040621278,0.5338163375854492,1
122385034X,979466288,0.13992324471473694,1
1223868680,040261816,0.6434921026229858,1
1223868680,042055539,0.6278035640716553,1
1223874281,041611209,0.6089903712272644,1
1223989240,118592610,0.46846091747283936,1
1223989240,040408086,0.30643147230148315,1
1224193253,040359646,0.2802690267562866,1
1224401638,040324168,0.6216029524803162,1
1224401638,040120406,0.07025837898254395,1
1224748050,041810147,0.6733033657073975,1
1224750330,040311740,0.675454318523407,1
1224786661,040139433,0.036113809794187546,1
1224786661,041868846,0.2118530571460724,1
1224970381,042515173,0.23754286766052246,1
1224970381,94603575X,0.7369663715362549,1
1224970381,040022900,0.075638547539711,1
1224970381,04169919X,0.13715305924415588,1
1224970381,947676724,0.09874261170625687,1
1225068193,040189686,0.5083073377609253,1
1225068193,040772160,0.18686147034168243,1
1225068193,040352544,0.589880108833313,1
1225291933,116083514,0.26991480588912964,1
1225401089,040486559,0.06491424888372421,1
1225401089,041771230,0.34728774428367615,1
1225654106,04033676X,0.06873434782028198,1
1225654106,041545575,0.10029230266809464,1
1225654106,041545567,0.5636329650878906,1
1225860431,041230655,0.37469911575317383,1
1225860431,953102424,0.5064012408256531,1
1225932483,000254096,0.5798848271369934,1
1225937817,04026288X,0.19166451692581177,1
1225937817,040574725,0.06668487936258316,1
1225939275,040061116,0.30430930852890015,1
1225939275,040325229,0.1518157571554184,1
1225939275,040211428,0.13965654373168945,1
1225939275,041802802,0.1808628886938095,1
1226093590,042741688,0.16181209683418274,1
1226222048,041255089,0.29256778955459595,1
1226662331,041899180,0.2992798388004303,1
1226662331,041911830,0.06033061444759369,1
1226665195,040189686,0.5083073377609253,1
1226665195,040772160,0.2122848629951477,1
1226665195,040352544,0.589880108833313,1
1226665195,040580474,0.05384417995810509,1
1226784895,041207300,0.21536694467067719,1
1226784895,041237617,0.5536920428276062,1
1226902294,042192218,0.38949716091156006,1
1226985238,041664914,0.1461753249168396,1
1226985238,04141991X,0.16562287509441376,1
1226994776,040455033,0.5727375745773315,1
1226994776,041904877,0.5001874566078186,1
122703928X,041157109,0.09036891162395477,1
1227054971,041173015,0.544596791267395,1
1227054971,041966805,0.3563024401664734,1
1227188048,040598446,0.23359163105487823,1
1227188048,040565610,0.5522830486297607,1
1227188048,041937546,0.4674890339374542,1
1227241860,041422058,0.5880388617515564,1
1227241860,040003132,0.09571605920791626,1
1227241860,041517873,0.6813924908638,1
1227311141,041403797,0.16086150705814362,1
1227311141,949671606,0.1833767592906952,1
1227312253,041290038,0.6107524037361145,1
1227312253,004691792,0.37989556789398193,1
1227447310,1151838586,0.3836185932159424,1
122770352X,042581044,0.4102649986743927,1
122770352X,040473767,0.37989556789398193,1
1227704046,041279484,0.27342116832733154,1
1227704046,04126892X,0.4940117597579956,1
1227704089,041230655,0.37469911575317383,1
1227832508,965067343,0.3771539628505707,1
1227832508,041907523,0.16181214153766632,1
1227832508,040460762,0.5864353179931641,1
1227839227,040118827,0.397771954536438,1
1227839227,040780228,0.12982714176177979,1
1227987242,040027627,0.19478504359722137,1
1227987242,043008402,0.4091571867465973,1
1228059748,040665216,0.6493714451789856,1
1228059748,040026205,0.16109611093997955,1
1228692890,04049795X,0.32768702507019043,1
1228692890,040223493,0.13992324471473694,1
1228692890,041257537,0.4968119263648987,1
1228788103,118650130,0.39186424016952515,1
1228788103,040198308,0.14051668345928192,1
1228788448,041440552,0.31853675842285156,1
1228788448,041525094,0.15250137448310852,1
1228788448,041987454,0.40510886907577515,1
1229087605,945665989,0.5409029722213745,1
1229087605,041696727,0.6328875422477722,1
1229087605,043081304,0.6305832862854004,1
1229087605,041873750,0.6708952784538269,1
1229087605,041769163,0.1714576780796051,1
1229191887,004022084,0.3028755486011505,1
1229191887,972501428,0.5720559358596802,1
1229191887,040743659,0.5289163589477539,1
1229575081,964381699,0.6305010318756104,1
1229575081,041977300,0.48399147391319275,1
1230103554,040118827,0.37683603167533875,1
1230103554,040261816,0.49656713008880615,1
123013588X,042028515,0.09790455549955368,1
123013588X,041509013,0.190980926156044,1
123013588X,042005795,0.28148597478866577,1
1230407278,042234204,0.42137300968170166,1
1230407278,041362314,0.5685198307037354,1
1230407278,042021715,0.2024211436510086,1
1230754792,04135432X,0.5569767355918884,1
1230754792,042304903,0.41551342606544495,1
1230754792,042789664,0.7032390832901001,1
1230754792,042059925,0.23795054852962494,1
123075573X,118598546,0.6085699796676636,1
123075573X,040155080,0.652452290058136,1
1230756124,11874044X,0.5042423605918884,1
1230756124,118622110,0.7666937708854675,1
1230756124,118528165,0.5626718401908875,1
1230756124,040793206,0.5013054013252258,1
1230789510,040187764,0.2891611158847809,1
1230938427,041306155,0.17763864994049072,1
1231081287,989466795,0.7978643178939819,1
1231081287,1277966036,0.06305453926324844,1
1231081287,041347307,0.08148752152919769,1
1231274913,118792237,0.8316972851753235,1
123136257X,041767829,0.37273016571998596,1
123136257X,041343417,0.072194904088974,1
123136257X,041302702,0.48330891132354736,1
123143578X,1006402748,0.39726880192756653,1
123143578X,978757335,0.4413660168647766,1
123143578X,040298035,0.11828763782978058,1
1231527188,040611639,0.39484021067619324,1
1231527188,041157192,0.6930148005485535,1
1231527188,040118827,0.2694183588027954,1
1231791128,040213919,0.5869709849357605,1
1231791128,041873459,0.382708877325058,1
1231791128,041873467,0.17542564868927002,1
1231791500,040252434,0.5498253107070923,1
1231791640,041873467,0.5257797837257385,1
1231791640,04207262X,0.3384963274002075,1
1232488097,1206347392,0.19260366261005402,1
1232488097,04066466X,0.055166829377412796,1
1232488097,041273745,0.14691321551799774,1
123291682X,041252802,0.5812847018241882,1
123291682X,040605957,0.12647302448749542,1
1233018388,041280695,0.6517006754875183,1
1233018388,04204779X,0.03369560465216637,1
1233109995,040332152,0.48572152853012085,1
1233109995,041235797,0.089466392993927,1
1233109995,041760778,0.1690330058336258,1
1233200615,041136446,0.40517935156822205,1
1233200615,043031455,0.008150367997586727,1
1233200615,040501310,0.2321169674396515,1
1233286293,041912713,0.17267434298992157,1
1233286293,987853317,0.1908091902732849,1
1233427873,040296695,0.5932695269584656,1
1233678582,04132286X,0.6396083235740662,1
1233678582,041744594,0.5864764451980591,1
1233791389,041290852,0.41427573561668396,1
1233791389,040435822,0.22784239053726196,1
1233791389,040408027,0.11894383281469345,1
1233868977,1187260916,0.18485742807388306,1
1233868977,041444477,0.4624486565589905,1
1233986716,040099377,0.5124890208244324,1
1233986716,040787044,0.28784242272377014,1
1233986716,040232484,0.5124890208244324,1
1233986716,040273865,0.2809550166130066,1
1233986716,040682978,0.05536439269781113,1
123406670X,1232346071,0.6539486646652222,1
123406670X,041364112,0.5178373456001282,1
123406670X,04128271X,0.15267787873744965,1
1234244918,118626116,0.5750319957733154,1
1234244918,040408027,0.3431665599346161,1
1234389991,004010604,0.3345411717891693,1
1234389991,040111342,0.28717896342277527,1
1234500760,04009104X,0.1425018459558487,1
123498380X,040384160,0.4433930516242981,1
123498380X,041355458,0.43070778250694275,1
123498380X,042398797,0.18709474802017212,1
123498380X,943756294,0.16346383094787598,1
1234988275,040767787,0.5741273760795593,1
1234988275,040665089,0.2524910271167755,1
1235621081,040365603,0.11052249372005463,1
1235621081,040681033,0.15684759616851807,1
1235621081,950945897,0.20353715121746063,1
1235621081,041993128,0.43288329243659973,1
1235621251,957571917,0.13880369067192078,1
1235621251,042555736,0.07178749144077301,1
1235722007,040714659,0.15474776923656464,1
1236385659,040674614,0.6136718988418579,1
123655082X,041708725,0.6990677118301392,1
123655082X,040457915,0.05444854125380516,1
1236630475,1024265765,0.6160832643508911,1
1236692063,043101062,0.7840656638145447,1
123681424X,040118827,0.397771954536438,1
123681424X,041306155,0.6605084538459778,1
123681424X,040564428,0.4825417399406433,1
1236900618,041966589,0.12579700350761414,1
123726863X,040320898,0.07345668971538544,1
1237815622,040270890,0.22391484677791595,1
1237815622,040329038,0.2260071486234665,1
1237892139,040149544,0.4100905954837799,1
1237892139,04026887X,0.4264170229434967,1
1237895820,040050440,0.40765345096588135,1
1237895820,040791637,0.5869709849357605,1
1237895820,041279913,0.17584510147571564,1
1237896665,041155866,0.34475886821746826,1
1237896665,040664937,0.22147980332374573,1
1237958962,040272869,0.1532311737537384,1
1237958962,040360970,0.16562287509441376,1
123796542X,040148432,0.0924137532711029,1
1237966981,040471608,0.6813924908638,1
1237966981,040059146,0.6784986257553101,1
1237966981,041133889,0.6014262437820435,1
1237966981,043278612,0.4171081483364105,1
1237969379,04004436X,0.5552451610565186,1
1237969379,040715213,0.6434921026229858,1
1237969379,040297888,0.40709614753723145,1
1237969778,041173686,0.2890089750289917,1
1237969778,040063313,0.40745070576667786,1
1238074537,040403645,0.47965309023857117,1
1238074537,040197026,0.2718195915222168,1
1238336809,040267229,0.4741601347923279,1
1238336809,040066673,0.5491275191307068,1
1238336809,1262259142,0.17275778949260712,1
1238489419,040118827,0.2694183588027954,1
1238489419,040203786,0.05247100070118904,1
1238489419,040577856,0.16402645409107208,1
1238496172,041292839,0.09530246257781982,1
1238517625,04185909X,0.19542427361011505,1
1238686427,040476898,0.6160832643508911,1
1238686427,040149633,0.5350592732429504,1
1238887325,040665623,0.13118673861026764,1
1238887325,950181994,0.6696317195892334,1
1238888003,041738500,0.6185869574546814,1
1238891977,118529579,0.6361057758331299,1
1238892191,983782784,0.6708952784538269,1
1238892191,041127749,0.4494244456291199,1
1238895077,993997112,0.18492932617664337,1
1238895077,041937546,0.587734580039978,1
1238895689,118608045,0.6113867163658142,1
1238896103,04164199X,0.6434921026229858,1
1239418825,040733025,0.6075959205627441,1
1239418825,040360504,0.09264963120222092,1
1239418825,041679717,0.1200462058186531,1
1239442572,040455157,0.03572046011686325,1
1239684347,1162356235,0.3555276095867157,1
1239684347,041277767,0.41462063789367676,1
1239684347,04157835X,0.1352023184299469,1
1239685068,118547739,0.5548915863037109,1
1239685068,040022307,0.41964852809906006,1
1239837844,040261816,0.6434921026229858,1
1239837844,041725174,0.48520341515541077,1
1239837844,040597989,0.06791158765554428,1
1239858078,967941407,0.08110158145427704,1
1239858078,040168670,0.5930071473121643,1
1239858078,967279453,0.4812375605106354,1
1239858078,040066673,0.07965583354234695,1
1240064012,040118827,0.08891619741916656,1
1240064012,040348784,0.14177890121936798,1
1240064012,041697936,0.29202890396118164,1
1240064012,041622448,0.08261629939079285,1
1240426518,990249689,0.6644947528839111,1
1240426518,1200878833,0.11047687381505966,1
1240426518,040564363,0.10281366109848022,1
124048142X,040455033,0.1938275545835495,1
124048142X,042783089,0.4003605544567108,1
1240482760,042402948,0.7355654835700989,1
1240482760,041908643,0.5326908826828003,1
1240482760,04326865X,0.6785076260566711,1
1240482760,041846907,0.13925881683826447,1
124049906X,04125385X,0.541389524936676,1
124049906X,04073756X,0.49999767541885376,1
124062820X,04156927X,0.5542542338371277,1
124062820X,040633519,0.4415505826473236,1
124062820X,041166140,0.16427527368068695,1
1240676557,040507335,0.6228241324424744,1
124084784X,041838815,0.16995379328727722,1
124084784X,041521773,0.5919960141181946,1
124084784X,04025092X,0.20797203481197357,1
1241019177,041239989,0.5409029722213745,1
1241246815,1214755968,0.4229367971420288,1
1241246815,041547500,0.28717896342277527,1
1242385606,040334473,0.3707422912120819,1
1242410430,040118827,0.08203497529029846,1
1242410430,041733002,0.569194495677948,1
1242410430,041239040,0.04941319674253464,1
1242476105,040118827,0.2674637734889984,1
1242476105,040630749,0.390228807926178,1
1242829113,040111199,0.3321308195590973,1
1243351241,040288595,0.5058841705322266,1
1243351241,040563669,0.079125314950943,1
1243351241,040436659,0.1952437162399292,1
1243351241,041906152,0.5338163375854492,1
1243433337,041488059,0.2567656636238098,1
124343967X,040734099,0.1143546849489212,1
124343967X,040289117,0.4033792018890381,1
1243482486,1253967660,0.6904202699661255,1
1243681039,040033600,0.3275068700313568,1
1243681039,040701778,0.5999895334243774,1
1244475076,041230655,0.4700608551502228,1
1244828254,1132829860,0.17505957186222076,1
1245017586,042034906,0.3082905113697052,1
1245432710,040118827,0.08891619741916656,1
1245432710,1206347392,0.48485174775123596,1
1245432710,040266567,0.21628338098526,1
1245432710,041137434,0.10784447193145752,1
1245532529,987032216,0.33682262897491455,1
1245532529,040197913,0.5644080638885498,1
124561987X,041798724,0.3035712242126465,1
1245622390,04003982X,0.5572677254676819,1
1245622390,944205399,0.12987041473388672,1
1245792008,118574892,0.36522534489631653,1
1245792008,040602079,0.20046839118003845,1
1245792008,040012646,0.14702115952968597,1
1245792008,040368246,0.1016862764954567,1
1246513935,139808264,0.19585485756397247,1
1246513935,041229266,0.2914675176143646,1
1247405702,040223493,0.5445593595504761,1
1247405702,040119750,0.1855219304561615,1
1247405702,040367746,0.1968555450439453,1
1247405702,041300157,0.17241723835468292,1
124742992X,967941407,0.5728061199188232,1
124742992X,1206347392,0.1864917278289795,1
124742992X,040487377,0.15438711643218994,1
1247525724,1161203737,0.20188625156879425,1
1248084470,963592858,0.6824162006378174,1
124869435X,1163689106,0.36381250619888306,1
124869435X,1314965875,0.10657165944576263,1
124869435X,040212165,0.0777505412697792,1
1249009448,040075494,0.14594019949436188,1
1249009448,041740130,0.08480790257453918,1
124922599X,118562002,0.7692217826843262,1
124922599X,118568507,0.3323657214641571,1
124922599X,040659720,0.3729034662246704,1
124922599X,042185785,0.39826658368110657,1
124922599X,040457915,0.4011206030845642,1
1249482232,041981596,0.5917971134185791,1
1249482232,040631532,0.6126530766487122,1
124999571X,040154289,0.4663548469543457,1
124999571X,040198529,0.554530143737793,1
124999571X,041229266,0.09530246257781982,1
124999571X,041136047,0.4219798743724823,1
1250171962,041419278,0.6892643570899963,1
1250450934,040739538,0.3153993487358093,1
1250451213,118592610,0.6286972165107727,1
1250451213,04067889X,0.08341003209352493,1
1250451213,040408027,0.13632914423942566,1
1250453798,041968387,0.24615024030208588,1
1250453798,040272389,0.30518805980682373,1
1250453798,040703347,0.3406068682670593,1
1250682118,04032009X,0.5727066993713379,1
1250734851,040460762,0.4419114887714386,1
1250747902,040207544,0.14156651496887207,1
1250747902,040456609,0.3282508850097656,1
1250914868,041323076,0.4224573075771332,1
125099540X,1187260916,0.07205331325531006,1
1251135684,1135933081,0.5542542338371277,1
1251135684,040467813,0.20188656449317932,1
1251137504,971576181,0.1702587753534317,1
125114196X,040264327,0.703701913356781,1
125114196X,041642554,0.25871315598487854,1
125114196X,040751287,0.15445606410503387,1
1251148883,040065685,0.1961136758327484,1
1251149855,040744256,0.5665335059165955,1
125115221X,040408027,0.2828100919723511,1
125115221X,04126097X,0.1587052345275879,1
125115221X,040254054,0.19478504359722137,1
1251153208,040170268,0.7377762198448181,1
1251154816,004789326,0.35794058442115784,1
1251154816,040272230,0.16599330306053162,1
1251155103,971576181,0.6591479182243347,1
1251155103,041453913,0.10724083334207535,1
1251162584,954874765,0.1679351031780243,1
125116370X,118632175,0.5672000646591187,1
125116370X,040643174,0.4663548469543457,1
1251169074,041354702,0.589880108833313,1
1251169074,040006263,0.08451566100120544,1
1251189180,040772160,0.6438936591148376,1
1251189180,04065835X,0.17963188886642456,1
1251189288,967941407,0.08110158145427704,1
1251189288,040563669,0.3522902727127075,1
125123903X,04064314X,0.09946560114622116,1
1251242464,118574957,0.3692280948162079,1
1251400655,040464962,0.6460714936256409,1
1251400655,040550877,0.4323553144931793,1
1251565034,040432718,0.26687368750572205,1
1251565034,040025810,0.17697860300540924,1
1251565034,040413160,0.18087650835514069,1
1251951422,1062915038,0.15857625007629395,1
1252063601,040759687,0.6087080240249634,1
1252063601,04053474X,0.1961136758327484,1
1252355815,040403572,0.3323657214641571,1
1252839618,118584596,0.6166535019874573,1
1252839618,040769828,0.32694393396377563,1
1252868006,040118827,0.397771954536438,1
1252868006,041450655,0.6166535019874573,1
1253011613,040367746,0.1353882998228073,1
1253011613,118557513,0.554544985294342,1
1253011613,040494225,0.6079024076461792,1
1253016747,040408434,0.054240088909864426,1
1253304939,974041238,0.6918543577194214,1
1253387818,11863562X,0.8582586646080017,1
1253523894,994520042,0.32256394624710083,1
1253745609,040356469,0.6209936141967773,1
1254029052,040006263,0.6572340130805969,1
1254029052,040531252,0.05160088837146759,1
1254029052,041358414,0.32467421889305115,1
1255276487,041248546,0.6811715960502625,1
1255276487,040346668,0.12779204547405243,1
1255365862,040081486,0.08904705941677094,1
1255604603,041529685,0.5186238288879395,1
1256171956,949077534,0.11638878285884857,1
1256552895,040412512,0.26697537302970886,1
1256677620,959038299,0.3758223056793213,1
1256677620,041823079,0.6169518828392029,1
1256774340,040332039,0.21394552290439606,1
1256774340,040336395,0.16346383094787598,1
1257430734,041704118,0.1122891753911972,1
1257430734,040608476,0.19470945000648499,1
1257430734,040631532,0.152395099401474,1
125778868X,04124995X,0.32256394624710083,1
125778868X,042017947,0.07496242225170135,1
1257963082,040756580,0.6185869574546814,1
1257963082,040746720,0.13926780223846436,1
1257963856,040009963,0.6080613136291504,1
125804417X,004789326,0.2522454261779785,1
125804417X,041703197,0.13950076699256897,1
125804417X,040039749,0.4741601347923279,1
1259047261,041173384,0.16350950300693512,1
1259349896,040768996,0.12359289824962616,1
1259349896,042720168,0.6753376722335815,1
1259349896,041818970,0.7252577543258667,1
1259697762,040732134,0.06503228098154068,1
1259697762,041215907,0.12933984398841858,1
1260365220,040734102,0.209872767329216,1
1261298772,963167847,0.19176645576953888,1
1261891635,041763777,0.14040960371494293,1
1262173531,041357167,0.32174426317214966,1
1262242681,1143710266,0.40031689405441284,1
1263752780,040759253,0.6098760962486267,1
1263755348,040408027,0.10570273548364639,1
1263755348,041933176,0.395881325006485,1
1263755348,040408434,0.054240088909864426,1
1264478828,972632697,0.5453445911407471,1
1264478828,041570103,0.32835742831230164,1
1264641990,945482485,0.028079316020011902,1
1264641990,040069028,0.12579700350761414,1
1264641990,040042960,0.5409029722213745,1
1264641990,04154580X,0.6325429677963257,1
1265212899,040359646,0.5423420667648315,1
1265828350,11899249X,0.4883635938167572,1
1265878935,041872673,0.6060335040092468,1
1265878935,040457915,0.3557595908641815,1
126629466X,04132417X,0.3177114427089691,1
1267387688,041256212,0.4209168255329132,1
1267571209,118632175,0.504481852054596,1
1267571209,118524534,0.5812816023826599,1
1267571209,042539196,0.30353033542633057,1
1267987456,040481980,0.70890873670578,1
1268264776,040081354,0.6330479979515076,1
1268264776,040231186,0.5771427154541016,1
1268264776,040788687,0.17386388778686523,1
1268429139,040608476,0.17584510147571564,1
1268429139,040631532,0.31570082902908325,1
1268512656,042100712,0.6216029524803162,1
1268712914,1206347392,0.2679046094417572,1
1268712914,967941407,0.17412081360816956,1
1268712914,040607429,0.5416393280029297,1
126891133X,118501844,0.055375754833221436,1
126891133X,040082407,0.09567394107580185,1
1269095153,04016005X,0.681359052658081,1
1269095153,041550463,0.1597415804862976,1
1269095153,956645356,0.5398768782615662,1
1269700278,040408027,0.08854931592941284,1
1269700278,041323300,0.3806615173816681,1
1269700278,940170442,0.1457681506872177,1
1269903535,977074862,0.16496233642101288,1
1270570927,041353684,0.869708240032196,1
1270606522,041737504,0.14282011985778809,1
1270633864,041549007,0.17167042195796967,1
1272915638,040360326,0.1149948462843895,1
127423736X,040738833,0.21572339534759521,1
127423736X,041874145,0.40510886907577515,1
127437524X,040791637,0.13869598507881165,1
127437524X,948411694,0.1727912425994873,1
1274435692,118524844,0.49237149953842163,1
1274435692,041482050,0.1763296276330948,1
1275253571,040381978,0.6055422425270081,1
1275253571,041143167,0.17311309278011322,1
1275253571,04079167X,0.6405901908874512,1
1275343864,041339657,0.5207447409629822,1
1275343864,04033628X,0.10575147718191147,1
1275343864,040118827,0.2674637734889984,1
127598312X,040046176,0.5884181261062622,1
127598312X,043012612,0.1479441076517105,1
1277531846,1035519526,0.26412466168403625,1
1277706638,040457915,0.30582693219184875,1
1278427368,04079167X,0.5798848271369934,1
1278427368,040261476,0.11983887106180191,1
1278917233,040128997,0.6550248861312866,1
1279661402,041289722,0.5588918328285217,1
1279661402,042612950,0.06932816654443741,1
1279661941,040464490,0.13609135150909424,1
1281175986,040306380,0.5152851939201355,1
1281175986,040734994,0.17963188886642456,1
1281175986,040305503,0.12847965955734253,1
1281175986,040039749,0.6278035640716553,1
1281578738,040787044,0.4663548469543457,1
1281578738,040267180,0.08858813345432281,1
1281578738,040792625,0.5520818829536438,1
1282130862,040014797,0.6708952784538269,1
1282728636,040118827,0.12074576318264008,1
1282728636,1190608006,0.1918475478887558,1
1282805851,040795535,0.4904792010784149,1
1282805851,040118827,0.17223022878170013,1
1283906910,040408434,0.6956265568733215,1
1283907402,100072185X,0.16562287509441376,1
1283907402,041615425,0.3806615173816681,1
1283907402,040569144,0.3083631098270416,1
1284678784,041820282,0.4885762631893158,1
1284678784,04077970X,0.25370368361473083,1
1284818675,040730913,0.09550356864929199,1
1286492475,040397920,0.4561210572719574,1
1286492475,040408027,0.47801434993743896,1
1286687284,041280962,0.15276619791984558,1
1286687284,040108759,0.08649847656488419,1
1286687284,041554000,0.11983887106180191,1
1287236057,94034792X,0.675454318523407,1
1287236057,041221664,0.10575147718191147,1
1287236057,993010180,0.5468596816062927,1
1287928234,118544489,0.09195747971534729,1
1287932630,040005674,0.1679351031780243,1
129056857X,040323862,0.11935245245695114,1
129056857X,041373049,0.3986393213272095,1
1292429518,040223515,0.1457681506872177,1
1292429518,040746607,0.38041654229164124,1
1292429518,040746593,0.10570273548364639,1
1293606456,041430492,0.17159126698970795,1
1293606456,042726794,0.4128444492816925,1
1293607169,041289609,0.15412653982639313,1
1293607266,041295013,0.6527500748634338,1
1294306634,041290305,0.43623214960098267,1
1294452517,040143058,0.20485849678516388,1
1294452517,041522222,0.6397343873977661,1
1294452517,946807434,0.18997080624103546,1
1294452517,04037940X,0.15846596658229828,1
129445370X,041523717,0.45626455545425415,1
1295517337,1163689106,0.36381250619888306,1
1295517337,040554295,0.2559337615966797,1
1295517337,04065835X,0.1962978094816208,1
1296020428,041816749,0.6146273016929626,1
1296020428,941291456,0.5873481035232544,1
1296020428,041321162,0.13703693449497223,1
1296547558,199265887,0.5520816445350647,1
1297033256,040408434,0.3774060904979706,1
1297033256,04132370X,0.13950076699256897,1
1297033256,040350932,0.09866088628768921,1
1298210046,040473767,0.22597603499889374,1
1298210046,040775135,0.6405898928642273,1
1298216176,040511588,0.5927844643592834,1
1298216176,040350932,0.36112019419670105,1
1298220475,967941407,0.29111573100090027,1
1298220475,040223493,0.4700232446193695,1
1298220475,967279453,0.1495155245065689,1
1298220475,040168670,0.06917426735162735,1
1299436544,1041864515,0.0900600254535675,1
1299436544,041489527,0.17952941358089447,1
1299453902,00507844X,0.13274314999580383,1
1299453902,041296257,0.20201566815376282,1
130027705X,041451597,0.7194270491600037,1
1301520152,042080495,0.022333145141601562,1
1302281348,040455394,0.25223231315612793,1
1302281348,959364080,0.26179635524749756,1
1302746383,040456609,0.6689148545265198,1
1307021786,040143058,0.0690823346376419,1
1307021786,946992495,0.6616154909133911,1
1307483860,955357837,0.5419049859046936,1
1307483860,041954610,0.2264861911535263,1
1307492436,040373436,0.17342635989189148,1
1310792542,04049828X,0.5058841705322266,1
1311805699,118579371,0.5914498567581177,1
1311805699,040036146,0.6114293932914734,1
1311805699,041143337,0.43589910864830017,1
1313502030,041891627,0.2676639258861542,1
1313502030,041461266,0.225211501121521,1
1313556424,040775488,0.2575972378253937,1
1313556424,040224066,0.5750755667686462,1
1314923978,040709590,0.6062123775482178,1
1314923978,041207297,0.050322018563747406,1
1314923978,041744594,0.5864764451980591,1
1315045737,041297288,0.3769986033439636,1
1315045737,118745743,0.8344044089317322,1
1316733521,042497779,0.18138568103313446,1
1316733521,042007194,0.5200223922729492,1
1316733521,040269442,0.25582459568977356,1
1318745128,041817028,0.7592177987098694,1
1322382921,040183262,0.15684759616851807,1
1322382921,040465624,0.3643023371696472,1
1322382921,04132367X,0.30714714527130127,1
1323511660,950849324,0.11390800029039383,1
1323511660,040473767,0.17602938413619995,1
1323512918,042954592,0.4747753441333771,1
1323512918,040543676,0.12882965803146362,1
1324638273,11862914X,0.9210323691368103,1
1324638273,116236116,0.2636212408542633,1
1325906336,040336379,0.5756758451461792,1
1325906336,123322929X,0.18582084774971008,1
1327706717,040470466,0.5326908826828003,1
1327706717,040377644,0.474311888217926,1
1333411022,981825109,0.45236915349960327,1
1333797346,118575449,0.5130026340484619,1
1333797346,040591506,0.6813924908638,1
1333797346,04059758X,0.1539413034915924,1
133618177X,040069494,0.533659040927887,1
133618177X,04030826X,0.10029230266809464,1
1336592192,940431181,0.34769201278686523,1
1336592192,1270556959,0.6511850357055664,1
1336592192,981714250,0.25688016414642334,1
1337639346,040336379,0.10871529579162598,1
1337639346,043128114,0.3323657214641571,1
1338379607,040427420,0.48704782128334045,1
1338379607,040784150,0.395881325006485,1
1338836293,041660854,0.523560106754303,1
1339140233,04069173X,0.6130115985870361,1
1340998009,04011077X,0.630806565284729,1
1340998009,041385357,0.3305908441543579,1
1341565319,118559796,0.6104052066802979,1
1341565319,040183262,0.358081579208374,1
1341565319,040457915,0.1831231713294983,1
1341601374,118735411,0.8466677665710449,1
1341601374,040082407,0.1509837955236435,1
1341693511,040787044,0.3062889873981476,1
1341693511,041143337,0.2943194508552551,1
1341830845,043264646,0.6550248861312866,1
1341830845,042024048,0.4365561604499817,1
1341959961,040653412,0.08304427564144135,1
1341974383,040763749,0.544501006603241,1
1341974383,041691873,0.06433802098035812,1
1341974383,04064314X,0.5115641355514526,1
1342400321,041419693,0.411415696144104,1
1342400321,041253337,0.13825979828834534,1
1348093560,118559796,0.6181829571723938,1
1348093560,040389367,0.6168221235275269,1
1348257830,040718670,0.24359585344791412,1
1348257830,040493962,0.1130312979221344,1
1348257830,04010074X,0.6130115985870361,1
1348257830,040158756,0.46467188000679016,1
1349717401,041750292,0.14040960371494293,1
1350832820,004696794,0.55557781457901,1
1351390635,040419193,0.20445546507835388,1
1351390635,040157016,0.14662419259548187,1
1351390635,041956400,0.30714574456214905,1
1351390635,040065685,0.1270771473646164,1
1122742851,041473590,0.4349006414413452,0.6666666666666666
1122742851,040382435,0.09181207418441772,0.3333333333333333
1122742851,040311929,0.0809771716594696,0.3333333333333333
1122742851,040099873,0.0372094102203846,0.3333333333333333
1122764111,040321258,0.6129685044288635,0.6666666666666666
1122764111,04248362X,0.16467903554439545,0.6666666666666666
1122764111,04066399X,0.11927510797977448,0.3333333333333333
1122764111,040473902,0.10255516320466995,0.3333333333333333
1122830890,040665593,0.2161770761013031,0.3333333333333333
1122830890,040457915,0.11768963187932968,0.3333333333333333
1122830890,040597989,0.10784447193145752,1
1122831242,040578089,0.6470972895622253,0.6666666666666666
1122831242,040541517,0.3637358844280243,0.3333333333333333
1122831242,040307026,0.16916361451148987,0.6666666666666666
1122831242,040716287,0.11152922362089157,0.6666666666666666
1122831560,040114139,0.10431268066167831,0.6666666666666666
1122831560,041376854,0.09893886744976044,0.6666666666666666
1122831560,040790096,0.0908420979976654,0.3333333333333333
1122831560,040205177,0.08827944099903107,0
1123071527,040456870,0.07477642595767975,0.3333333333333333
1123071527,040072754,0.05608273670077324,0.3333333333333333
1123071527,040599647,0.050114769488573074,0.3333333333333333
1123191123,040149579,0.12586762011051178,0
1123191123,040762297,0.08640646189451218,0.3333333333333333
1123323739,952638851,0.3032740354537964,0
1123323739,040553825,0.1267990916967392,0.3333333333333333
1123323739,040728064,0.11832956224679947,0.6666666666666666
1123323739,040269264,0.10674245655536652,0.6666666666666666
1123415145,040789624,0.4588390290737152,0.3333333333333333
1123415145,040771563,0.2110840231180191,0.6666666666666666
1123415145,040532844,0.19478504359722137,0.6666666666666666
1123415145,040223493,0.19166451692581177,0.3333333333333333
1123477523,041835077,0.6864625215530396,0.6666666666666666
1123477523,1237925754,0.22059652209281921,0.6666666666666666
1123477523,043163572,0.20208469033241272,0
1123477523,040069028,0.197330042719841,0.6666666666666666
1123692807,040328139,0.17311309278011322,0.6666666666666666
1123692807,04174084X,0.15311603248119354,0.6666666666666666
1123692807,040402223,0.14040960371494293,0.6666666666666666
1123692807,96406720X,0.13720306754112244,0.3333333333333333
1124131590,040339912,0.2783367931842804,0
1124131590,1042006857,0.12782903015613556,0.3333333333333333
1124131590,04016280X,0.10876183211803436,0.3333333333333333
112451287X,040340139,0.0766228511929512,0
112451287X,040199908,0.06632458418607712,0.3333333333333333
112451287X,040431819,0.06305453926324844,0
112454139X,041923529,0.13992324471473694,0.6666666666666666
112454139X,040120619,0.10255516320466995,0
112454139X,040493962,0.0542156845331192,0
1124680454,040563669,0.3522902727127075,0.3333333333333333
1124680454,040264823,0.30950605869293213,0.6666666666666666
1124680454,040288595,0.3001863658428192,0.6666666666666666
1124680454,040776247,0.15184135735034943,0
1124680454,040189686,0.08557672053575516,0.6666666666666666
1125065761,040382702,0.11768963187932968,0.6666666666666666
1125065761,041880242,0.0536932647228241,0.3333333333333333
1125065761,040382435,0.05021556839346886,0.3333333333333333
112534525X,040098338,0.38536351919174194,0.6666666666666666
112534525X,040432165,0.16496190428733826,0.6666666666666666
1125386886,040147002,0.13262683153152466,1
1125386886,042437857,0.06600252538919449,0
1125541121,04059758X,0.11043459177017212,0.6666666666666666
1125541121,040440877,0.1097463071346283,0
1125541121,040439127,0.09408647567033768,0.6666666666666666
1125911638,04123135X,0.48401615023612976,0.6666666666666666
1125911638,040555720,0.36293837428092957,0.6666666666666666
1125911638,997729538,0.17602938413619995,0.6666666666666666
1125947764,040154645,0.5091173648834229,0.6666666666666666
1125947764,040318834,0.09478207677602768,0.6666666666666666
1125947764,040776239,0.08567244559526443,0.6666666666666666
1125947764,041142837,0.07557423412799835,0.6666666666666666
1125947764,041143825,0.061799056828022,0.3333333333333333
1126086495,040455394,0.4700608551502228,0.6666666666666666
1126086495,993195350,0.07965583354234695,0.3333333333333333
1126086495,040432076,0.07124261558055878,0.6666666666666666
1126094269,040314839,0.3263823091983795,0
1126094269,04128271X,0.13076888024806976,0.3333333333333333
1126122483,041142837,0.12004970014095306,0.3333333333333333
1126122483,041651987,0.10681436210870743,0.6666666666666666
1126122483,040318834,0.09478207677602768,0.3333333333333333
1126129348,040559165,0.08343778550624847,0.3333333333333333
1126129348,041142594,0.06697539985179901,0.3333333333333333
1126129348,040666158,0.06230946630239487,0.3333333333333333
112641428X,04078181X,0.26162007451057434,0
112641428X,040646890,0.17311309278011322,0
112641428X,040208206,0.13973131775856018,0.3333333333333333
1126472964,040487377,0.12968209385871887,0
1126472964,041392477,0.08801022171974182,0
1126547492,041385470,0.2643115222454071,0.3333333333333333
1126547492,041219244,0.19717937707901,0.3333333333333333
1126547492,041407326,0.1504223644733429,0.3333333333333333
1126547492,040400980,0.06593722105026245,0
1126643068,040039358,0.5788246989250183,0.6666666666666666
1126643068,040042960,0.5409029722213745,0.6666666666666666
1126643068,040266370,0.1715516746044159,0
1126643068,041273877,0.09955146908760071,0.6666666666666666
1126645958,040367746,0.08343778550624847,0.3333333333333333
1126645958,042448913,0.06599720567464828,0
1126645958,040360342,0.06409962475299835,0
1126724599,040544125,0.14040857553482056,0.6666666666666666
1126724599,041264126,0.10235610604286194,0.6666666666666666
1126724599,041358899,0.08858813345432281,0.6666666666666666
1126844225,957319304,0.336314857006073,0
1126844225,041307933,0.09008073806762695,0
1126923443,040305503,0.2759040296077728,0.6666666666666666
1126923443,041291085,0.26754793524742126,0.6666666666666666
1126923443,040331148,0.1311122179031372,0.6666666666666666
1126923443,040393054,0.06751454621553421,0.6666666666666666
1127016571,041369092,0.12783172726631165,0.3333333333333333
1127016571,040268993,0.05836167931556702,0.6666666666666666
1127016571,041654412,0.05391380563378334,0.6666666666666666
1127147544,04239595X,0.4029531478881836,0
1127147544,040457915,0.11768963187932968,0.6666666666666666
1127147544,040156028,0.089466392993927,0.6666666666666666
112752819X,043085725,0.08525104820728302,0.3333333333333333
112752819X,041827414,0.08480790257453918,0.3333333333333333
112752819X,040063119,0.06476262956857681,0.3333333333333333
1127582399,04268210X,0.2731087803840637,0.6666666666666666
1127582399,041451457,0.12498855590820312,0.3333333333333333
1127701290,040137937,0.1765783131122589,0.6666666666666666
1127701290,040183262,0.16080793738365173,0.6666666666666666
1127701290,040199029,0.12973764538764954,0.6666666666666666
1127701290,040426696,0.058950189501047134,0.6666666666666666
1127801783,040360342,0.1518157571554184,0.6666666666666666
1127801783,040360318,0.11779850721359253,0.3333333333333333
1127801783,040360202,0.1002010628581047,0
1127801783,040118827,0.08891619741916656,0
1128205955,040350436,0.13992324471473694,0.6666666666666666
1128205955,040762297,0.08640646189451218,0.6666666666666666
1128556022,041380266,0.6160832643508911,0.3333333333333333
1128556022,041353544,0.2260497361421585,0
1128556022,041176650,0.1270771473646164,0.6666666666666666
1128556022,040457915,0.12485901266336441,0.6666666666666666
1128556022,040028275,0.08441189676523209,0
1128574136,041676025,0.1930067390203476,0.3333333333333333
1128574136,040392384,0.1702587753534317,0.6666666666666666
1128574136,040701778,0.10159888863563538,0
1128574136,040068919,0.10127322375774384,0.6666666666666666
1128594129,041762444,0.5421989560127258,0.6666666666666666
1128594129,04060294X,0.19063949584960938,0.6666666666666666
1128594129,040457915,0.11768963187932968,0.6666666666666666
1128728761,040197026,0.25659996271133423,0.6666666666666666
1128728761,041571134,0.23512765765190125,0.6666666666666666
1128728761,1142448436,0.08891619741916656,0.3333333333333333
1128728761,04135740X,0.06697539985179901,0.3333333333333333
1128819341,040626563,0.6469742059707642,0.3333333333333333
1128819341,042598990,0.1504293531179428,0.6666666666666666
1128819341,040569950,0.09106774628162384,0.3333333333333333
1128819341,041534409,0.06548452377319336,0.3333333333333333
1128898861,040197026,0.5313286781311035,0.3333333333333333
1128898861,043091326,0.16599330306053162,0
1128898861,041387570,0.05526293069124222,0.3333333333333333
1128898861,041562712,0.04803551360964775,0.3333333333333333
1128898861,042026466,0.037003304809331894,0.3333333333333333
1129046060,04131946X,0.3068372905254364,1
1129046060,04045956X,0.2533133029937744,0.6666666666666666
1129046060,04130084X,0.19684867560863495,1
1129046060,040350932,0.17031340301036835,0.3333333333333333
1129258556,960068600,0.3700576722621918,0.6666666666666666
1129258556,040399834,0.15852844715118408,0
1129258556,040717119,0.15197667479515076,0
1129258556,040763889,0.06639021635055542,0
1129487776,043043313,0.15921775996685028,0
1129487776,040680975,0.14581488072872162,0.3333333333333333
1129487776,040261395,0.1403546780347824,0.3333333333333333
1129487776,040386627,0.11043459177017212,0.6666666666666666
1129695395,956153186,0.3289654552936554,0.6666666666666666
1129695395,040183823,0.06937574595212936,0.3333333333333333
1130030415,040717224,0.42517632246017456,0.3333333333333333
1130030415,041566408,0.1668909788131714,0.3333333333333333
1130065057,04037873X,0.16562287509441376,0.6666666666666666
1130065057,041448634,0.16265970468521118,1
1130065057,040059960,0.1525481641292572,1
1130065057,040429083,0.09424889087677002,0.6666666666666666
1130065057,950989398,0.08480790257453918,0.6666666666666666
1130127311,041322916,0.5669063925743103,0
1130127311,040111342,0.3282508850097656,0.6666666666666666
1130127311,040118894,0.055074844509363174,0
1130455769,04033676X,0.4075425863265991,1
1130455769,041660765,0.1532311737537384,0.3333333333333333
1130455769,043264646,0.12779204547405243,0.3333333333333333
1130455769,040765733,0.11697529256343842,0.3333333333333333
1130455769,041143353,0.11251344531774521,0.3333333333333333
1130560554,1120620724,0.22949610650539398,0
1130560554,041143353,0.10282588750123978,0.6666666666666666
1130560554,042678005,0.040496423840522766,0
1130561771,953266389,0.1304190456867218,0
1130561771,990706060,0.11047687381505966,0.6666666666666666
113065673X,041635116,0.5131883025169373,0.3333333333333333
113065673X,041550463,0.08180983364582062,0.6666666666666666
113065673X,041837843,0.063359335064888,0.3333333333333333
1131313585,041923588,0.32855024933815,0.3333333333333333
1131313585,040501299,0.15854999423027039,0.3333333333333333
1131313585,041691873,0.08960486948490143,0.6666666666666666
1131313585,040104575,0.0680379718542099,0.6666666666666666
1131313585,964162512,0.055166829377412796,0
113135527X,040714977,0.17546822130680084,0.6666666666666666
1131755340,041481143,0.11768963187932968,0.6666666666666666
1131755340,040318834,0.09478207677602768,0.3333333333333333
1131755340,04055676X,0.08203497529029846,0.3333333333333333
1131755340,041142667,0.06658244878053665,0.3333333333333333
1131766423,041264576,0.13992324471473694,0.6666666666666666
1131766423,040756580,0.11437011510133743,0.6666666666666666
1131766423,041638328,0.09911440312862396,0.6666666666666666
1131766423,040382702,0.06982191652059555,0.6666666666666666
1132108462,041366077,0.6413611769676208,0
1132108462,041952839,0.36654818058013916,0.3333333333333333
1132108462,041760743,0.17686133086681366,0.6666666666666666
1132108462,942388445,0.1433255821466446,0.6666666666666666
1132113091,041300262,0.6369447112083435,0.6666666666666666
1132113091,040042960,0.26687368750572205,0.6666666666666666
1132113091,040399834,0.1080278754234314,0.3333333333333333
1132113091,042731569,0.0966515988111496,0
1132113091,040701778,0.065925702452659607,0.3333333333333333
1132286875,040767043,0.17602938413619995,0.3333333333333333
1132286875,041649583,0.16562287509441376,0.3333333333333333
1132286875,041142667,0.1471554934978485,0.3333333333333333
1132286875,040318834,0.07009474188089371,0.3333333333333333
1132288789,040544125,0.21934179961681366,0.3333333333333333
1132288789,040759954,0.1525481641292572,0.3333333333333333
1132288789,041244818,0.13992324471473694,0.3333333333333333
1132288789,041923677,0.1167549416422844,0.6666666666666666
1132318475,04113303X,0.3607484698295593,0
1132318475,040443027,0.1726064831018448,0
1132318475,040350932,0.1448199599981308,0.6666666666666666
1132318475,04160198X,0.084755539894104,0
113247258X,007356390,0.34366434812545776,0
113247258X,040465144,0.1726064831018448,0.3333333333333333
1132755158,04138606X,0.21934179961681366,0
1132755158,040149048,0.211491197347641,0
1132755158,041524136,0.1433255821466446,0.6666666666666666
1132755158,949224987,0.12779326736927032,0
1132756642,118565796,0.42065128684043884,0
1132756642,040732746,0.4116882383823395,0
1132756642,040058573,0.3323657214641571,0.3333333333333333
1132756642,11856370X,0.2403312623500824,0
1132945844,040544125,0.09264963120222092,0.3333333333333333
1132945844,041244818,0.08640646189451218,0.3333333333333333
1132945844,040213250,0.08179178088903427,0.3333333333333333
1132945844,040477045,0.06710242480039597,0.3333333333333333
1132995795,103387311X,0.14834514260292053,0
1132995795,041507088,0.0990004688501358,0.3333333333333333
1132995795,040418715,0.08672557026147842,0.3333333333333333
1133406351,041305876,0.26043593883514404,0.6666666666666666
1133406351,04139142X,0.075638547539711,0.3333333333333333
1133459749,040563669,0.527564287185669,0.6666666666666666
1133459749,041306155,0.08672557026147842,0.6666666666666666
1133479111,959344357,0.23423177003860474,0.6666666666666666
1133479111,100374446X,0.22697897255420685,0.6666666666666666
1133479111,963864831,0.1558668315410614,0
1133479111,04059596X,0.08981084823608398,0
1133479111,040375897,0.08250202238559723,0
113347926X,04045956X,0.089466392993927,0.3333333333333333
113347926X,040143902,0.08567244559526443,0
113347926X,040142167,0.08408123254776001,0.3333333333333333
113347926X,040707458,0.08179178088903427,0.6666666666666666
113347926X,040182258,0.07535915821790695,0
113359803X,040567540,0.10144402831792831,0
113359803X,040776247,0.08348143845796585,0
113359803X,040028518,0.06707827746868134,0
113359803X,040655415,0.06658244878053665,0
113359803X,040375897,0.04612142592668533,0.3333333333333333
1135339724,040124029,0.5506566762924194,0.3333333333333333
1135339724,041451988,0.18923185765743256,0.3333333333333333
1135339724,040318834,0.1406855434179306,0.6666666666666666
1135339724,041142667,0.09008073806762695,0.6666666666666666
1135382409,040137457,0.2269468605518341,0.6666666666666666
1135382409,040077209,0.18582582473754883,0
1135382409,040137465,0.13733772933483124,0.6666666666666666
1135382409,95164839X,0.120254285633564,0
1135382409,040705129,0.08960486948490143,0.6666666666666666
1135608164,041354249,0.5551063418388367,0
1135608164,040197026,0.3099701404571533,0
1135608164,040118827,0.15319178998470306,0
1135608164,040597024,0.11707758158445358,0
1135628793,041949013,0.2017740160226822,0.6666666666666666
1135628793,041172205,0.16086150705814362,0.6666666666666666
1135628793,040601315,0.1353882998228073,0.6666666666666666
1135670749,043064256,0.4080370366573334,0.6666666666666666
1135670749,041356616,0.33560875058174133,0.6666666666666666
1135670749,040408027,0.20460344851016998,0.3333333333333333
1135670749,007354029,0.15434245765209198,0
1135964084,040216624,0.24436259269714355,0.6666666666666666
1135964084,040494187,0.16562287509441376,0.6666666666666666
1135964084,041165683,0.1593189686536789,0.6666666666666666
1135964084,040493962,0.11191034317016602,0.3333333333333333
1136025286,946340692,0.2154516875743866,0.3333333333333333
1136025286,040068048,0.149935781955719,0.6666666666666666
1136134182,001167316,0.4442962408065796,0
1136134182,981037070,0.3492477834224701,0
1136134182,04012472X,0.32032015919685364,0.6666666666666666
1136134182,040747255,0.23318986594676971,0.6666666666666666
1136268685,041208064,0.602757453918457,0.6666666666666666
1136268685,040783154,0.14949241280555725,0.6666666666666666
1136290354,041322746,0.14047254621982574,0.6666666666666666
1136290354,040663639,0.08480790257453918,0.3333333333333333
1136290354,041439929,0.07925563305616379,0.3333333333333333
1136471138,040360342,0.1518157571554184,0
1136471138,040335976,0.09745071083307266,0
1136471138,04015114X,0.09473460912704468,0
1136967753,040533697,0.16722477972507477,0.6666666666666666
1136967753,040197026,0.060776516795158386,0.3333333333333333
1137206527,118532847,0.5958024859428406,0.6666666666666666
1137206527,040170470,0.43384090065956116,0
1137206527,04121935X,0.37526676058769226,0.3333333333333333
1137206527,040457915,0.09859702736139297,0.6666666666666666
1137210494,040465144,0.06399127840995789,0.3333333333333333
1137210494,041342623,0.05796284228563309,0
1137226226,041360834,0.2757057845592499,0
1137226226,953168573,0.16433119773864746,0
1137226226,04259233X,0.14028054475784302,0
1137359722,040465144,0.3362753093242645,0.3333333333333333
1137359722,040436497,0.3062382638454437,0
1137359722,040118827,0.17676109075546265,0.6666666666666666
1137359722,041026152,0.1592678725719452,0.6666666666666666
1137359722,040413160,0.1002010628581047,0.6666666666666666
1137366613,041140877,0.30640774965286255,0.6666666666666666
1137366613,041708059,0.12238447368144989,0.6666666666666666
1137366613,040239225,0.10944914817810059,0.6666666666666666
1137366613,040751287,0.06250785291194916,0.6666666666666666
1137447605,004730798,0.25541988015174866,0
1137447605,004815270,0.12586762011051178,0.3333333333333333
1137447605,041206320,0.08451566100120544,0.3333333333333333
1137494298,040675742,0.4766700863838196,0.6666666666666666
1137494298,040049450,0.30110469460487366,0.3333333333333333
1137494298,04131395X,0.18923185765743256,0.6666666666666666
1137494298,040550729,0.12621846795082092,0.6666666666666666
1137867515,041227956,0.20472759008407593,0.3333333333333333
1137867515,040428052,0.19595783948898315,0.3333333333333333
1137867515,04015999X,0.11653629690408707,0.3333333333333333
1137867515,04137374X,0.10501264780759811,0
1138234095,040598446,0.4332197308540344,0.6666666666666666
1138234095,948556781,0.3999960422515869,0.6666666666666666
1138234095,042192218,0.22538575530052185,0.6666666666666666
1138234095,042825253,0.14554722607135773,0.6666666666666666
1138234095,04079184X,0.1389973908662796,0.3333333333333333
1138234095,041343417,0.13259902596473694,1
1138282065,118559796,0.6181829571723938,0.6666666666666666
1138282065,043263976,0.22376203536987305,0
1138282065,04099256X,0.17024335265159607,0.6666666666666666
1138282065,040457915,0.08185425400733948,0.6666666666666666
1138282065,040709140,0.07913494110107422,0.6666666666666666
113828212X,040455874,0.5222842693328857,0.6666666666666666
113828212X,040432165,0.33558985590934753,0.3333333333333333
113828212X,981783511,0.11995653063058853,0
113828212X,041218132,0.065925702452659607,0.6666666666666666
1138359637,040952622,0.6542422771453857,0.3333333333333333
1138359637,04020216X,0.3009802997112274,0
1138359637,04024881X,0.15926280617713928,0.3333333333333333
1138359637,1008168602,0.15493421256542206,0
1138359637,041315499,0.12674306333065033,0
1138496081,040264823,0.2289113849401474,0.6666666666666666
1138496081,96910779X,0.14336632192134857,0.6666666666666666
1138496081,040465144,0.0814770832657814,0.6666666666666666
1138705357,041224116,0.15356948971748352,0.6666666666666666
1138705357,040172147,0.14879129827022552,0
1139170031,1132545560,0.4661950170993805,0
1139170031,957319304,0.06613897532224655,0
1139170031,041223268,0.06599720567464828,0.3333333333333333
1139170570,041143337,0.2926393747329712,0.3333333333333333
1139170570,1009564889,0.17275778949260712,0.3333333333333333
1139170570,040265358,0.1707550436258316,0.6666666666666666
1139170570,971576181,0.1702587753534317,0.6666666666666666
1139329987,040539997,0.2962930202484131,0.6666666666666666
1139329987,04049098X,0.22839319705963135,0.3333333333333333
1139329987,041702972,0.17412081360816956,1
1139709313,941917789,0.14365677535533905,0
1139709313,040476677,0.12004970014095306,0
1139709313,040477460,0.08803315460681915,0
1139709313,041217713,0.07014355808496475,0
1139709313,042946115,0.0629202127456665,0.3333333333333333
1139709313,040597989,0.03318655490875244,0
1139709445,040473767,0.42471423745155334,1
1139709445,949276324,0.17883412539958954,0
1139843575,041353390,0.3326895534992218,0.6666666666666666
1139843575,041305264,0.06110136955976486,0
1139891413,953546772,0.31620830297470093,0.6666666666666666
1139891413,040488292,0.09938140958547592,0.6666666666666666
1139891413,040481719,0.09571605920791626,0.3333333333333333
1139891413,040762297,0.06562510877847672,0.3333333333333333
1139891499,040118827,0.20623275637626648,1
1139891499,040762173,0.1908091902732849,0.6666666666666666
1139891499,040642925,0.12210966646671295,0
1139891499,04134121X,0.1200462058186531,0
1139977210,1023334607,0.5487663149833679,0
1139977210,041337360,0.1002010628581047,0
1139977210,040608107,0.09659112244844437,0.6666666666666666
1139977210,040707849,0.07156004756689072,0
1139977210,040164195,0.07094374299049377,0
1140268260,04030910X,0.3583309054374695,0.6666666666666666
1140268260,961167564,0.35566312074661255,0
1140268260,040067963,0.3305908441543579,1
1140586602,941420167,0.5682821869850159,1
1140586602,04033676X,0.12725608050823212,0.6666666666666666
1140586602,04218746X,0.027460265904664993,0
1140586602,940666553,0.016192955896258354,0
114087084X,041208064,0.602757453918457,0.3333333333333333
114087084X,040382435,0.1291169822216034,0.3333333333333333
114087084X,040066843,0.07112289220094681,0
114087084X,042612268,0.06789274513721466,0.6666666666666666
1141230585,041313135,0.6884735226631165,0.3333333333333333
1141230585,040655792,0.4782920777797699,0.6666666666666666
1141230585,04036934X,0.26648664474487305,0.3333333333333333
1141230585,04079184X,0.13836415112018585,0.6666666666666666
1141230585,940395630,0.0886288732290268,0.3333333333333333
1141381818,040155536,0.6069450378417969,0.6666666666666666
1141381818,118509179,0.3794594407081604,0.6666666666666666
1141381818,940336626,0.048468656837940216,0
1141577305,040577953,0.1353882998228073,0
1141577305,040413160,0.09498412907123566,0.6666666666666666
114179344X,968729525,0.39403796195983887,0.6666666666666666
114179344X,040435822,0.3650979995727539,0.6666666666666666
114179344X,040408744,0.16346383094787598,0.6666666666666666
114179344X,040559645,0.1358693689107895,0.6666666666666666
1141930714,040760006,0.08304427564144135,0
1141930714,949291803,0.0727301687002182,0
1142001385,040020304,0.22179485857486725,0.3333333333333333
1142003191,040547906,0.1394093930721283,0.6666666666666666
1142003191,040774236,0.1179162859916687,0.6666666666666666
1142003191,041326520,0.07205331325531006,0.3333333333333333
1142003191,041915690,0.06954450905323029,0.3333333333333333
1142003191,041873572,0.05526293069124222,0.6666666666666666
1142114651,040687546,0.24473822116851807,0.6666666666666666
1142114651,040858235,0.18344268202781677,0.3333333333333333
1142233944,040694917,0.2082555592060089,0.6666666666666666
1142233944,950411949,0.2017768770456314,0.6666666666666666
1142233944,041473574,0.09218429028987885,1
1142374378,040154696,0.10014305263757706,0.6666666666666666
1142374378,1243217294,0.08895248174667358,0.3333333333333333
1142374378,040056147,0.08672557026147842,0.3333333333333333
1142374378,040205177,0.07401501387357712,0.3333333333333333
114252874X,040559165,0.3282508850097656,0.3333333333333333
114252874X,041337360,0.0653422400355339,0.3333333333333333
1142648397,040066673,0.12659621238708496,0.6666666666666666
1142648397,94966166X,0.11812108755111694,0.6666666666666666
1142658651,04129047X,0.2015199214220047,0
1142658651,041806948,0.16048835217952728,0.3333333333333333
1142658651,040375897,0.11000018566846848,0
1142787311,040261816,0.5724344253540039,1
1142787311,040597989,0.27863219380378723,0.6666666666666666
1142787311,040783154,0.22028370201587677,0.3333333333333333
1142954714,041460790,0.40470027923583984,0
1142954714,040558924,0.20287474989891052,0
1142954714,041318897,0.09473460912704468,0.3333333333333333
1144011728,040000982,0.18247008323669434,0.6666666666666666
1144011728,040001075,0.06690646708011627,0.3333333333333333
1144177944,040399834,0.20081207156181335,0.3333333333333333
1144177944,041531744,0.13703693449497223,0.6666666666666666
1144177944,040705129,0.12648515403270721,0.3333333333333333
1144401305,040477045,0.08651761710643768,0.3333333333333333
1144401305,040349225,0.06710242480039597,0.6666666666666666
1144872871,041762444,0.6107524037361145,0.6666666666666666
1144872871,040737810,0.19694726169109344,0.3333333333333333
1144872871,041154908,0.0690823346376419,0
1144872871,041301757,0.06481226533651352,0.3333333333333333
1144872871,040449033,0.06464029848575592,0.3333333333333333
1145327907,946479526,0.6029003858566284,0.6666666666666666
1145327907,04062174X,0.37502455711364746,0.6666666666666666
1145327907,042005833,0.34926193952560425,0.6666666666666666
1146556632,04187837X,0.0629202127456665,0
1146556632,04061655X,0.060761258006095886,0.6666666666666666
1147383316,040470563,0.3855770230293274,0.6666666666666666
1147383316,956165834,0.20617391169071198,0
1147383316,04059758X,0.0629386231303215,0.6666666666666666
1147383316,041705408,0.04147346317768097,0
1148276777,040344029,0.5027881264686584,0.6666666666666666
1148276777,040776247,0.3318031132221222,0.3333333333333333
1148276777,042515173,0.29656529426574707,1
1148276777,947676724,0.09874261170625687,0.6666666666666666
1148277404,040481557,0.5527135729789734,0.6666666666666666
1148277404,04134992X,0.25617602467536926,0.6666666666666666
1148277404,040162974,0.09241503477096558,0.3333333333333333
114836417X,040031578,0.3378373384475708,0.6666666666666666
114836417X,041305132,0.10719984024763107,0
114836417X,040207757,0.09424889087677002,0.3333333333333333
114836417X,953102424,0.06433802098035812,0
114836417X,979230233,0.04074246808886528,0
1148366989,041140400,0.22697897255420685,0.6666666666666666
1148366989,04061963X,0.08033592253923416,0.3333333333333333
1148366989,040714977,0.07568291574716568,0
1148366989,040187764,0.06282107532024384,0
1148377174,041610342,0.49549373984336853,0
1148377174,040379442,0.14072789251804352,0
1148377174,040202364,0.11848992854356766,0
1148377174,040767043,0.020350992679595947,0.6666666666666666
1148377212,040118827,0.09264963120222092,0
1148377212,041947479,0.0726732537150383,0
1148377212,040777375,0.06899947673082352,0
1148377212,040028992,0.061446260660886765,0.6666666666666666
1148377212,040767043,0.058963626623153687,0.6666666666666666
114842492X,960877681,0.3529754877090454,0
114842492X,041252217,0.20797203481197357,0.6666666666666666
1148549420,97200923X,0.33313751220703125,0.6666666666666666
1148549420,040156028,0.18267787992954254,0.6666666666666666
1148549420,040402223,0.08672557026147842,0.6666666666666666
1148549420,04161187X,0.03203476220369339,0
1148653511,041264126,0.4506814777851105,0.6666666666666666
1148653511,040028054,0.3515235483646393,0.6666666666666666
1148653511,041953800,0.07965583354234695,0.3333333333333333
1148653511,040207544,0.0542156845331192,0.3333333333333333
1148653511,040580474,0.05384417995810509,0.6666666666666666
1148750460,040734099,0.13861806690692902,0.6666666666666666
1148750460,041701704,0.1200462058186531,0
1148750460,118613189,0.10617273300886154,0
1148750460,040541517,0.07623960077762604,0
1148751718,04128755X,0.4388361871242523,0.6666666666666666
1148751718,040456870,0.14704319834709167,0
1148751718,041707729,0.11529705673456192,0.3333333333333333
1148751718,040418715,0.08672557026147842,0.3333333333333333
1148878629,040781763,0.09893886744976044,0.3333333333333333
1148878629,042067820,0.024806365370750427,0
1148878920,040135853,0.22454966604709625,0.6666666666666666
1148878920,040005895,0.08567244559526443,0.3333333333333333
1148880178,040457915,0.04067956283688545,0
1148880178,041143337,0.025635963305830956,0
1148880178,040643174,0.023361962288618088,0.3333333333333333
1148880178,040006263,0.02297958731651306,0
1149278315,040559165,0.35923898220062256,0.3333333333333333
1149278315,040739880,0.15256920456886292,0
1149278315,040558797,0.1449546366930008,0.3333333333333333
1149278315,040344509,0.07507727295160294,0.6666666666666666
1149278315,040766055,0.07403610646724701,0.6666666666666666
1149324902,040528235,0.38191336393356323,0.3333333333333333
1149324902,04041888X,0.1702587753534317,0.3333333333333333
1149324902,041798007,0.09473460912704468,0.6666666666666666
1149324902,040490785,0.06230946630239487,0.3333333333333333
1149366575,040408027,0.22987964749336243,0.6666666666666666
1149366575,040147703,0.1856566220521927,0.3333333333333333
1149366575,118651471,0.10460943728685379,0
1149366575,040356698,0.07156004756689072,0.3333333333333333
1149408170,04017672X,0.37989556789398193,0.6666666666666666
1149408170,040365972,0.11174071580171585,0.3333333333333333
1149408170,041547829,0.06578675657510757,0.6666666666666666
1149507640,118580779,0.4659717381000519,0.6666666666666666
1149507640,040493962,0.20033831894397736,0
1149507640,040465144,0.1979677677154541,0.3333333333333333
1149507640,040550877,0.1592678725719452,0.6666666666666666
1149507640,040408027,0.1432086080312729,0
1149544511,949746983,0.4545736312866211,0
1149544511,040004937,0.2519199848175049,0
1149544511,040382702,0.11768963187932968,0.3333333333333333
1149550740,1044610913,0.39564621448516846,0
1149550740,04006851X,0.2688400149345398,0.3333333333333333
1149550740,042020220,0.1868838220834732,0
1149550740,040522385,0.16055329144001007,0.3333333333333333
1149550740,041648730,0.14040857553482056,0
1149639377,041207300,0.16496190428733826,0.3333333333333333
1149639377,040567303,0.08203497529029846,0.3333333333333333
1149639377,040114120,0.05846434459090233,0.3333333333333333
1149642009,040759954,0.1525481641292572,0.3333333333333333
1149642009,042650836,0.14066430926322937,0
1149642009,040086909,0.1167549416422844,0.3333333333333333
1149734655,040420116,0.3391696512699127,1
1149734655,000003336,0.1579032838344574,1
1149734655,040124029,0.15254251658916473,0.6666666666666666
1150192070,040783154,0.22028370201587677,0.6666666666666666
1150192070,040550729,0.20286428928375244,0.3333333333333333
1150327863,040484769,0.4704756438732147,0
1150327863,041408632,0.42128342390060425,0.3333333333333333
1150327863,040573990,0.4025167226791382,0.3333333333333333
1150327863,041166140,0.18990552425384521,0.3333333333333333
1150511109,967545854,0.45131418108940125,0
1150511109,041336828,0.11235390603542328,0
1150573384,040616436,0.30714714527130127,1
1150573384,940431181,0.10391131043434143,1
1150573384,040765709,0.10018597543239594,0
1150573384,040118827,0.08891619741916656,0.6666666666666666
115143356X,042675707,0.10201136767864227,0
115143356X,040039889,0.07267390936613083,0.3333333333333333
115143356X,040162842,0.065211720764637,0
115143356X,040502082,0.06491424888372421,0
115178091X,040563669,0.13321363925933838,0.3333333333333333
115178091X,040564207,0.08475739508867264,0.3333333333333333
115178091X,041824679,0.07025837898254395,0.3333333333333333
1151810509,949576816,0.5461757779121399,0.6666666666666666
1151810509,041877136,0.221840038895607,0.6666666666666666
1151810509,042991277,0.16467903554439545,0.3333333333333333
1151810509,041654412,0.15669888257980347,0.3333333333333333
1151810509,1042006857,0.1129990965127945,0.3333333333333333
1151878383,041229266,0.16496233642101288,0.3333333333333333
1151878383,040762297,0.13992324471473694,0.3333333333333333
1152005456,041229266,0.09530246257781982,0
1152005456,040443213,0.06499400734901428,0
1152005456,042531314,0.014232484623789787,0
1152081535,118543032,0.6347794532775879,0.6666666666666666
1152081535,041324838,0.16026616096496582,0.6666666666666666
1152081535,040607429,0.12096397578716278,0
1152081535,040045412,0.11312177777290344,0.6666666666666666
1152178431,040146065,0.11279673874378204,0.6666666666666666
1152179950,040732746,0.14704319834709167,0.6666666666666666
1152179950,041549430,0.08101163804531097,0.3333333333333333
1152188569,042614627,0.1205931231379509,0
1152188569,041293150,0.07894667237997055,0.3333333333333333
1152188569,040397858,0.019574737176299095,0.6666666666666666
1152267205,040029638,0.1760128289461136,0.6666666666666666
1152267205,040558797,0.07124261558055878,0.6666666666666666
1152267205,040147150,0.06908828020095825,0.6666666666666666
1152436937,040114139,0.4830312132835388,0.6666666666666666
1152436937,040447898,0.1794811189174652,0.3333333333333333
1152436937,041260147,0.09326095134019852,0.3333333333333333
1152436937,040762157,0.08233120292425156,0.3333333333333333
1152436937,041358856,0.07723802328109741,0.3333333333333333
1152436937,040447375,0.07714974135160446,0.6666666666666666
1152944762,040429660,0.589880108833313,0.6666666666666666
1152944762,040205177,0.34283703565597534,0
1152944762,040485617,0.1260453164577484,0.6666666666666666
1153005972,041691873,0.5721604228019714,1
1153005972,041310756,0.20978625118732452,0
1153005972,041691946,0.16181209683418274,0.6666666666666666
1153005972,040318834,0.15160518884658813,0.6666666666666666
115309326X,040360342,0.1518157571554184,0
115309326X,040335976,0.14597278833389282,0.3333333333333333
115309326X,041468198,0.10657718777656555,0
1153251264,041301757,0.11881019175052643,0.3333333333333333
1153251264,040558797,0.09530246257781982,0
1153251264,040680975,0.08712202310562134,0.6666666666666666
1153251264,040014797,0.08525104820728302,0
1153251264,040495078,0.07112289220094681,0
1153251264,040207757,0.06409962475299835,0.6666666666666666
1153346427,040665283,0.6087080240249634,0.6666666666666666
1153346427,040465152,0.3062382638454437,0.6666666666666666
1153346427,040703428,0.2711144685745239,0.3333333333333333
1153346427,040664937,0.22147980332374573,0.6666666666666666
1153401800,040067777,0.2904566526412964,0.3333333333333333
1153401800,040763889,0.13647574186325073,0.3333333333333333
1153401800,958977674,0.05030440539121628,0
1153408171,040068048,0.1275254786014557,0
1153408171,040440710,0.08604614436626434,0.6666666666666666
1153408171,041291085,0.06658244878053665,0.6666666666666666
1153408171,040246000,0.0645693689584732,0.6666666666666666
1153470802,041337220,0.5763296484947205,0.6666666666666666
1153470802,041337212,0.20151932537555695,0.6666666666666666
1153470802,041654412,0.11832956224679947,0.3333333333333333
1153473054,041456580,0.657805860042572,0.6666666666666666
1153473054,040566935,0.09099262952804565,0.6666666666666666
1153473054,040737543,0.08041827380657196,0.6666666666666666
115347414X,040208079,0.21572339534759521,0.6666666666666666
115347414X,041654412,0.15669888257980347,0.6666666666666666
115347414X,041654234,0.1122891753911972,0.6666666666666666
1153481480,04033676X,0.26967623829841614,0.3333333333333333
1153481480,041654412,0.15669888257980347,0
1153481480,041673336,0.06934560090303421,0
1153481480,041293150,0.0690823346376419,0
1153481480,041654234,0.06562510877847672,0
1153501686,040334473,0.0660507008433342,0.3333333333333333
1153501686,04187837X,0.0629202127456665,0.3333333333333333
1153501686,040629015,0.06166486442089081,0
1153502615,1023745712,0.35923898220062256,0.6666666666666666
1153502615,1042006857,0.2569434344768524,0.6666666666666666
1153503603,040297489,0.29910850524902344,0.6666666666666666
1153503603,040592766,0.13630156219005585,0.3333333333333333
1153503603,04032690X,0.10779982060194016,0.6666666666666666
1153503603,041281500,0.08179178088903427,0.6666666666666666
1153505142,040598446,0.648323655128479,1
1153505142,04160847X,0.1679351031780243,0.6666666666666666
1153505142,040626709,0.13658572733402252,0.6666666666666666
1153505142,041343417,0.0900600254535675,1
1153544288,040710343,0.24915167689323425,0.6666666666666666
1153544288,040685985,0.21709373593330383,0.6666666666666666
1153544288,043163572,0.14977245032787323,0
1153669102,118578537,0.542896568775177,0.6666666666666666
1153669102,040082407,0.5281929969787598,0.3333333333333333
1153669102,118595741,0.1843378245830536,0
1153669102,118879529,0.12805061042308807,0
1153669102,004691792,0.11047687381505966,0.3333333333333333
1153669102,04029577X,0.06653115898370743,0.6666666666666666
1153706334,040329038,0.31529638171195984,0.3333333333333333
1153706334,040477045,0.16053985059261322,0.3333333333333333
1153706334,040264823,0.10282588750123978,0.6666666666666666
1154335186,040614964,0.29359865188598633,0.6666666666666666
1154335186,040320812,0.219315767288208,0.6666666666666666
1154335186,040547906,0.09832997620105743,0.3333333333333333
1154335186,040768996,0.05517889931797981,0.6666666666666666
1154507513,041654412,0.13926780223846436,0.3333333333333333
1154507513,040316483,0.13702738285064697,0.3333333333333333
1154507513,04164199X,0.08891619741916656,0.3333333333333333
1154507513,040208079,0.06478719413280487,0.3333333333333333
1154785262,040793516,0.22620539367198944,0
1154785262,043156665,0.152395099401474,0.3333333333333333
1154785262,040118827,0.08891619741916656,0.6666666666666666
1154785971,040569950,0.1976020783185959,0.3333333333333333
1154785971,040118827,0.17223022878170013,0.6666666666666666
1154785971,042303966,0.1122204065322876,0.3333333333333333
1154785971,040389715,0.09874261170625687,0.3333333333333333
1154899241,04162677X,0.2606458365917206,0
1154899241,040118894,0.10469777137041092,0
1154899241,040487377,0.06591053307056427,0.6666666666666666
1154899241,040765709,0.06478719413280487,0
1154899241,000370703,0.05528333783149719,0
1154929515,971560498,0.29872697591781616,0
1154929515,042512573,0.20246484875679016,0
1154929515,004745132,0.06913310289382935,0
1154929515,1001634721,0.034320179373025894,0
1154930807,04061655X,0.20536978542804718,0.3333333333333333
1154930807,041308808,0.1767866462469101,0.6666666666666666
1154930807,951421433,0.15261207520961761,0
1154930807,041663594,0.12030459940433502,0.3333333333333333
1154931560,941420167,0.4233348071575165,0.3333333333333333
1154931560,041663535,0.16467903554439545,0.6666666666666666
1154931595,958393818,0.17653951048851013,0
1154931595,040477045,0.13322292268276215,0.3333333333333333
1154931595,042026466,0.08203497529029846,0.3333333333333333
1154931595,041762363,0.07294732332229614,0.3333333333333333
1154931595,040329038,0.06917426735162735,0.3333333333333333
1154931595,040197026,0.06409962475299835,0.6666666666666666
1154944409,040408027,0.19223828613758087,0.6666666666666666
1154944409,050917196,0.09658707678318024,0
1154944409,041305264,0.06110136955976486,0
1154944409,040006263,0.05797566846013069,0.6666666666666666
1155004787,04157835X,0.42784351110458374,0.6666666666666666
1155004787,040702855,0.2702609598636627,0.3333333333333333
1155004787,040136736,0.1952437162399292,0.3333333333333333
1155004787,040792625,0.12674306333065033,0.3333333333333333
115508358X,040429083,0.13376332819461823,0.3333333333333333
115508358X,941611205,0.11047687381505966,0.3333333333333333
1155084705,040388050,0.0940343514084816,0
1155084705,956108768,0.089466392993927,0
1155084705,042389127,0.014045937918126583,0
1155086015,950989398,0.1932465136051178,0.6666666666666666
1155086015,041143353,0.16467903554439545,0.3333333333333333
1155086015,040429083,0.08803315460681915,1
1155148797,041127110,0.43536511063575745,0.3333333333333333
1155148797,040055655,0.23318986594676971,0.3333333333333333
1155148797,040438694,0.17412081360816956,0
1155408586,043128114,0.6129685044288635,0.6666666666666666
1155408586,040187764,0.5090488791465759,0.6666666666666666
1155408586,040223787,0.1659163534641266,0
1155408586,042012759,0.11926253139972687,0
1155427645,040436659,0.2188621461391449,0.3333333333333333
1155427645,041691873,0.08960486948490143,0.6666666666666666
1155427645,040287793,0.06917426735162735,0
1155469895,040647846,0.1476781815290451,1
1155469895,1210494086,0.12915004789829254,0.6666666666666666
1155469895,040685985,0.11415351182222366,0.6666666666666666
115558774X,040473902,0.1266063004732132,0.6666666666666666
115558774X,040120406,0.058963626623153687,0.3333333333333333
115558774X,040382435,0.05021556839346886,0.3333333333333333
1155640667,040172333,0.1097463071346283,0.3333333333333333
1155640667,040322319,0.07156004756689072,0.6666666666666666
1155640667,041837878,0.06982191652059555,0.3333333333333333
115565532X,040432165,0.33558985590934753,0.6666666666666666
115565532X,041373642,0.0690358430147171,0.3333333333333333
1156169879,040343898,0.11040166020393372,0.6666666666666666
1156169879,946707650,0.09962960332632065,0
1156169879,042524148,0.07623960077762604,0.3333333333333333
1156178711,040580792,0.39826124906539917,0.3333333333333333
1156178711,040009882,0.17691849172115326,0.3333333333333333
1156460034,040603075,0.6954565048217773,0.6666666666666666
1156460034,040476898,0.31529638171195984,0.6666666666666666
1156460034,118535315,0.13268110156059265,0.6666666666666666
1156460034,040335976,0.12674306333065033,0.3333333333333333
1156460034,004278402,0.10141745209693909,0
1156460034,040608662,0.09714723378419876,0.6666666666666666
1156497272,040732746,0.4986124634742737,1
1156497272,040372782,0.3774060904979706,0
115660270X,040183262,0.5864764451980591,0.3333333333333333
115660270X,040547906,0.40653690695762634,0.6666666666666666
115660270X,041291956,0.14977310597896576,0
115660270X,04116489X,0.1167549416422844,0
115660270X,04059534X,0.06937574595212936,0
1156602815,041555376,0.26099222898483276,0
1156602815,040183262,0.16080793738365173,0.6666666666666666
1156602815,040118908,0.09998630732297897,0
1156602815,040118827,0.08891619741916656,0
1156602815,040703428,0.05897350236773491,0
115660284X,040441237,0.32374897599220276,0
115660284X,041252713,0.13950076699256897,0.6666666666666666
115660284X,04059789X,0.12674306333065033,0
115660284X,041165683,0.11252092570066452,0
115660284X,040022374,0.09571605920791626,0
115660284X,040457915,0.07401501387357712,0.6666666666666666
1157091407,041288238,0.12042877823114395,0
1157091407,041775589,0.08640646189451218,0
1157091407,040063402,0.0648384541273117,0
1157124240,040156028,0.35402122139930725,0.6666666666666666
1157124240,040320553,0.14365677535533905,0
1157124240,040557650,0.07492835074663162,0.3333333333333333
1158660367,040156028,0.1501268744468689,0.6666666666666666
1158660367,982577141,0.12668773531913757,0.6666666666666666
1158660367,978728637,0.09938140958547592,0.6666666666666666
1158660367,041233824,0.08480790257453918,0.6666666666666666
1159373892,957725957,0.39897996187210083,0
1159373892,040111342,0.09397277981042862,0
1159373892,040628019,0.07444121688604355,0
1159373892,040765709,0.07437645643949509,0
115975408X,1009506404,0.7727869153022766,0
115975408X,041229266,0.16496233642101288,0.6666666666666666
115975408X,952225611,0.16345413029193878,0.3333333333333333
1159977712,041332490,0.4211411476135254,0
1159977712,04145071X,0.3976184129714966,0
1159977712,040207544,0.2732607424259186,0.6666666666666666
1160186197,958232407,0.440216600894928,1
1160186197,041580478,0.24444441497325897,0.6666666666666666
1160186197,04024654X,0.1967506855726242,0.6666666666666666
1160350124,040270890,0.6394768953323364,0.3333333333333333
1160350124,041618173,0.23318545520305634,0.6666666666666666
1160350124,040641155,0.17086902260780334,0
1160350124,95572399X,0.14296741783618927,0
1160350124,040665275,0.13865751028060913,0
1160350442,040736792,0.21876361966133118,0.3333333333333333
1160350442,041532066,0.1911136358976364,0.6666666666666666
1160350442,041892143,0.1715652495622635,0.3333333333333333
1160361908,041535723,0.34059572219848633,0
1160361908,040550729,0.10655906796455383,1
1160361908,1251515770,0.08603128790855408,0
1160486336,118535455,0.26670438051223755,0.6666666666666666
1160486336,041600088,0.1814659684896469,0
1160486336,040665623,0.10669345408678055,0.6666666666666666
1160486336,040666026,0.09397277981042862,1
116052095X,040564150,0.17940664291381836,0.6666666666666666
116052095X,974077755,0.11447013914585114,0.6666666666666666
116052095X,040735869,0.09946560114622116,0.6666666666666666
1160593442,041358899,0.7333350777626038,0.6666666666666666
1160593442,042989663,0.3366912305355072,0
1160593442,040457915,0.17611326277256012,0.6666666666666666
1160593442,040039749,0.10006260871887207,0.6666666666666666
1160593442,040156028,0.089466392993927,0.6666666666666666
1160861730,040086194,0.542080283164978,0
1160861730,042047870,0.156505286693573,0.3333333333333333
1160861730,04032950X,0.1476781815290451,0.3333333333333333
1160861730,041135628,0.12757810950279236,0
116100758X,040198898,0.1523202657699585,0.6666666666666666
116100758X,996817972,0.1355368047952652,0.6666666666666666
116107662X,040118827,0.15319178998470306,0
116107662X,040181839,0.08640646189451218,0
116107662X,040205177,0.02764100208878517,0
1161298118,040511766,0.43116679787635803,0.3333333333333333
1161298118,041243862,0.08597669750452042,0
1161298118,041342127,0.06849014014005661,0
1161298355,040111342,0.19166451692581177,0.6666666666666666
1161298355,940431181,0.10391131043434143,0.6666666666666666
1161459057,040082407,0.19875715672969818,0.6666666666666666
1161459057,04129680X,0.17103378474712372,0.3333333333333333
1161498575,040457915,0.4567553400993347,0.6666666666666666
1161498575,041742885,0.14977940917015076,0
1161498575,040020282,0.0871022641658783,0
1161498575,040156028,0.05758453160524368,0.3333333333333333
1161498575,041176650,0.055166829377412796,0
1161832211,040329232,0.33797866106033325,0.3333333333333333
1161832211,041655796,0.209872767329216,0.6666666666666666
1161832211,040737888,0.09008073806762695,0.6666666666666666
1161849254,041256395,0.5427690744400024,0.6666666666666666
1161849254,1201140188,0.1518157571554184,0.6666666666666666
1161849254,040146928,0.12422481924295425,0.3333333333333333
1161849254,040685985,0.07649407535791397,0.6666666666666666
1161849254,041654544,0.07259032130241394,1
116191773X,040616932,0.15954820811748505,0.3333333333333333
116191773X,040629627,0.09938140958547592,0.6666666666666666
116191773X,040569950,0.09683048725128174,0.3333333333333333
1161943625,041812182,0.3450547456741333,0.3333333333333333
1161943625,041291085,0.31893157958984375,0.6666666666666666
1161943625,041219309,0.23165152966976166,0.3333333333333333
1161943625,041333195,0.21192573010921478,0.3333333333333333
1161943625,040760316,0.09412552416324615,0.3333333333333333
1162133953,041702972,0.41722482442855835,0.6666666666666666
1162133953,040598446,0.17396321892738342,0.6666666666666666
1162133953,965478939,0.10501717031002045,0
1162279753,040564207,0.08475739508867264,0.3333333333333333
1162279753,040039390,0.05284016951918602,0.3333333333333333
1162357371,040163970,0.2901889383792877,0.3333333333333333
1162357371,04072560X,0.1275254786014557,0.3333333333333333
1162357371,042215307,0.1002010628581047,0.6666666666666666
1162358874,040372782,0.11636534333229065,0.3333333333333333
1162358874,040344029,0.1149948462843895,0.3333333333333333
1162443847,040476898,0.5541197061538696,0.6666666666666666
1162443847,952888106,0.47124892473220825,0
1162443847,968292992,0.05562715604901314,0.3333333333333333
1162443847,040205177,0.0515526607632637,0.3333333333333333
1162451009,041547829,0.1528589129447937,0.6666666666666666
1162451009,041682440,0.14691321551799774,0.6666666666666666
1162451009,040063402,0.13018698990345,0.3333333333333333
1162451009,04017672X,0.09148501604795456,0.3333333333333333
1162683244,040305503,0.3136095702648163,0.3333333333333333
1162683244,040379442,0.15860192477703094,0.3333333333333333
1162683961,040264823,0.35219356417655945,0.6666666666666666
1162683961,040590283,0.26505139470100403,0.6666666666666666
1162683961,040205479,0.13401158154010773,0.3333333333333333
1162683961,041386167,0.09737914800643921,0.6666666666666666
1162840684,041401816,0.1149948462843895,0
1162840684,951340050,0.09306957572698593,0.6666666666666666
1162892226,040206432,0.09157741814851761,0.3333333333333333
1162892226,040205886,0.07786312699317932,0.3333333333333333
1162892226,040776247,0.06547088176012039,0.3333333333333333
1162897244,042666708,0.30491042137145996,0.3333333333333333
1162897244,041785762,0.2953282594680786,0.6666666666666666
1162897244,04045956X,0.1824662685394287,0.3333333333333333
1162897244,1240784643,0.17311309278011322,0.6666666666666666
1162926686,04182511X,0.3843929171562195,0
1162926686,944720374,0.14537137746810913,0
1162926686,040154645,0.06139259785413742,0.6666666666666666
1162988525,040316300,0.19338691234588623,0.6666666666666666
1162988525,040735869,0.17159126698970795,0.6666666666666666
1162988525,041306155,0.08672557026147842,0.6666666666666666
1163008990,040207757,0.060776516795158386,0.6666666666666666
116320188X,040408027,0.3271842896938324,0.6666666666666666
116320188X,040408698,0.09938140958547592,0
116320188X,041278178,0.08928222954273224,0
116320188X,040197026,0.0674627497792244,0
1163252565,04065835X,0.2786909341812134,0.3333333333333333
1163252565,040592766,0.20556645095348358,0.3333333333333333
1163252565,951994859,0.19571523368358612,0
1163252565,040147150,0.10871529579162598,0.3333333333333333
1163252565,040147436,0.09571605920791626,0.3333333333333333
1163274623,041384946,0.08988219499588013,0.3333333333333333
1163274623,040066673,0.058888502418994904,0.3333333333333333
1163391220,042439922,0.6485826969146729,0.6666666666666666
1163391220,948200391,0.24651187658309937,0.6666666666666666
1163391220,040042960,0.1122891753911972,0.3333333333333333
1163452181,959756442,0.4016181230545044,0
1163452181,1151401021,0.2337220013141632,0.6666666666666666
1163452181,99466592X,0.06230946630239487,0
1163529826,040343596,0.13637278974056244,1
1163720100,04014626X,0.6832340955734253,0.6666666666666666
1163720100,04003500X,0.35403987765312195,0.6666666666666666
1163720100,041521188,0.18859875202178955,0.3333333333333333
1163720100,040627810,0.11047687381505966,0.3333333333333333
1163720100,041338952,0.05897350236773491,0
1163756768,041207300,0.4003164768218994,0.3333333333333333
1163756768,040869822,0.10415047407150269,0.6666666666666666
1163756946,041242610,0.06687340140342712,0.3333333333333333
1163756946,040766055,0.06141243129968643,0.6666666666666666
1163756946,004148738,0.05921962857246399,0.3333333333333333
1163855103,040229939,0.544596791267395,0.6666666666666666
1163855103,040392074,0.17497411370277405,0.3333333333333333
1163855103,04151002X,0.13703693449497223,0.3333333333333333
1163855103,041356748,0.07403610646724701,0.3333333333333333
1163927503,040328449,0.05815228819847107,0.3333333333333333
1163927503,040207544,0.04171599820256233,0.3333333333333333
1163931985,040394573,0.1525481641292572,0
1163931985,043274706,0.1525481641292572,0.3333333333333333
1163931985,040202275,0.13223056495189667,0
1163931985,04079184X,0.11460164934396744,0
1163955884,042216516,0.11315896362066269,0
1163955884,040031152,0.08803315460681915,0.3333333333333333
1163955884,041309359,0.06448767334222794,0
1163955884,04172187X,0.050984937697649,0
1164001264,040302709,0.3232596218585968,0.6666666666666666
1164057170,964751038,0.3702608644962311,1
1164057170,04017719X,0.15684759616851807,0.6666666666666666
1164057170,040362108,0.14040857553482056,0.3333333333333333
1164076868,1210494086,0.37623846530914307,0.6666666666666666
1164076868,040067963,0.1702587753534317,0.6666666666666666
1164076868,040147304,0.10255516320466995,0.6666666666666666
1164156195,040067912,0.3060188591480255,0.6666666666666666
1164156195,119288966,0.30300819873809814,0.6666666666666666
1164156195,041529758,0.16834719479084015,0.3333333333333333
1164156195,040154645,0.09265634417533875,0.6666666666666666
1164295136,040205177,0.20066973567008972,0.6666666666666666
1164295136,040410706,0.10360778123140335,0
1164295136,040101789,0.06481226533651352,0
1164427970,041626540,0.2186829000711441,0
1164427970,040344029,0.17960874736309052,0
1164427970,040343995,0.1335434466600418,0
1164427970,040660974,0.08525104820728302,0
1164427970,040485900,0.07799167931079865,0
1165227614,04213109X,0.6002199649810791,0
1165227614,040061116,0.37000733613967896,0.6666666666666666
1165227614,041177355,0.17100906372070312,0
1165301741,041555376,0.5286140441894531,0
1165301741,118529390,0.3813984990119934,0.6666666666666666
1165301741,040367746,0.27703961730003357,0.6666666666666666
1165301741,118540238,0.27523860335350037,0.6666666666666666
1165301741,040359646,0.21879278123378754,0.3333333333333333
1165503158,04010074X,0.3651160001754761,0.6666666666666666
1165503158,040494063,0.1549864560365677,0
1165503158,043029760,0.12779326736927032,0
1165506998,04045956X,0.1824662685394287,0.3333333333333333
1165506998,040144143,0.11415351182222366,0.3333333333333333
1165506998,040623548,0.09264963120222092,0.6666666666666666
1165649365,040457915,0.3557595908641815,0.3333333333333333
1165649365,04150867X,0.3317352533340454,0.3333333333333333
1165649365,040389367,0.13376332819461823,0.3333333333333333
1165649365,040159728,0.08179178088903427,0.3333333333333333
1165649365,040756602,0.0653422400355339,0.3333333333333333
116586892X,041499204,0.18775679171085358,0
116586892X,961739223,0.16350950300693512,1
116586892X,1104968363,0.15158259868621826,1
116586892X,040465144,0.09100501984357834,0.3333333333333333
1166017176,041204409,0.07437645643949509,0
1166017176,04026923X,0.06110136955976486,0.6666666666666666
1166017176,040111520,0.04279822111129761,0.6666666666666666
116601990X,040027694,0.30714714527130127,0
116601990X,007641451,0.023410294204950333,0
116601990X,1019168552,0.013544706627726555,0.6666666666666666
1166044645,040302709,0.36976659297943115,0.6666666666666666
1166044645,1147707057,0.051937416195869446,0
1166053415,041506499,0.28561481833457947,0.6666666666666666
1166053415,040229939,0.2203499972820282,0.3333333333333333
1166053415,041347072,0.21075519919395447,0
1166068129,043142923,0.1695512980222702,0.6666666666666666
1166068129,040272389,0.0853513702750206,0.3333333333333333
1166091317,041793595,0.11634478718042374,0.6666666666666666
1166091317,040005895,0.09299168735742569,0.6666666666666666
1166380793,040457915,0.6343981027603149,0.6666666666666666
1166380793,040442837,0.28563743829727173,0.6666666666666666
1166380793,040457974,0.1533738076686859,0.6666666666666666
1166400263,041172027,0.36846262216567993,0.6666666666666666
1166400263,04045956X,0.20920845866203308,0.3333333333333333
1166400263,040379442,0.14691321551799774,0.3333333333333333
1166400263,041583868,0.11867784708738327,0.3333333333333333
1166547175,041297725,0.37034687399864197,0.3333333333333333
1166547175,043247326,0.1260986030101776,0
1166547175,959364080,0.11860088258981705,0
1166547175,947929525,0.04932701215147972,0
1166820645,040157016,0.23510026931762695,1
1166820645,940431181,0.19156236946582794,0.6666666666666666
1166820645,1023334607,0.12382592260837555,0.6666666666666666
1166820645,040710130,0.12004970014095306,0.6666666666666666
116685082X,040538486,0.5066434741020203,1
116685082X,040120406,0.11047687381505966,0.6666666666666666
116685082X,040783154,0.10657718777656555,0.6666666666666666
116685082X,041460642,0.08827944099903107,0.6666666666666666
1166923568,040737810,0.19694726169109344,0.3333333333333333
1166923568,1015781454,0.19324134290218353,0
1166923568,040407330,0.09530246257781982,0
116692808X,040362108,0.08203497529029846,0
116692808X,040365603,0.0638669952750206,0
116692808X,040378055,0.05913173034787178,0.3333333333333333
116692808X,040163210,0.05897350236773491,0.6666666666666666
1166950492,041406680,0.0924137532711029,0.3333333333333333
1166950492,04006851X,0.06476262956857681,0.3333333333333333
1167109201,041293959,0.3707422912120819,0.6666666666666666
1167109201,041970322,0.3112752139568329,0.3333333333333333
1167109201,040422704,0.2432534247636795,0.3333333333333333
1167595696,040694216,0.1900685727596283,0.6666666666666666
1167595696,040403858,0.1200462058186531,0.6666666666666666
1167664094,04059534X,0.35618269443511963,1
1167664094,040465659,0.27771565318107605,0
1167664094,040446603,0.15556159615516663,1
1167664094,040465144,0.12775000929832458,0.3333333333333333
1167664094,040181456,0.06187956780195236,1
1167682904,040018954,0.29364266991615295,0.6666666666666666
1167927613,003206211,0.5938184857368469,0
1167927613,041272897,0.209872767329216,0.3333333333333333
1167927613,04162677X,0.19428078830242157,0
1167927613,041490622,0.09664937108755112,0.3333333333333333
1167927613,040355829,0.07106047868728638,0.3333333333333333
1167939875,041849884,0.13950076699256897,0.6666666666666666
1168145929,040266559,0.17602938413619995,0.6666666666666666
1168145929,945441606,0.09411916136741638,0
1168380235,040760529,0.2015199214220047,0.3333333333333333
1168380235,040078426,0.17878206074237823,0
1168380235,040497224,0.163269504904747,0.6666666666666666
1168380235,040357112,0.1563553363084793,0
1168462762,041207300,0.5058841705322266,0.3333333333333333
1168462762,040272389,0.0606297142803669,0.6666666666666666
1168462762,040776247,0.05211599916219711,0.3333333333333333
1168462762,040349225,0.05013693869113922,0.3333333333333333
1168590914,041734637,0.583602786064148,0.6666666666666666
1168590914,040261816,0.20126350224018097,0.6666666666666666
1168590914,041820215,0.11473824083805084,0
1168590914,040783154,0.10657718777656555,0.3333333333333333
1168590914,040268799,0.060776516795158386,0.6666666666666666
1169131077,040664260,0.4713362157344818,0.3333333333333333
1169131077,040652874,0.3783401548862457,1
1169293360,040465144,0.15934251248836517,0.3333333333333333
1169293360,040205886,0.13867820799350739,0.3333333333333333
1169293360,041134508,0.09540756046772003,0.3333333333333333
1169293360,041898028,0.09323418885469437,0
1169293360,04066399X,0.07545968145132065,0.3333333333333333
1169513433,04128304X,0.2668839395046234,0
1169513433,1029148740,0.14922760426998138,0
1169513433,040331873,0.09530246257781982,0
1169513433,041657276,0.09473460912704468,0
1169513433,040559939,0.085384465754032135,0
1169568661,040006956,0.4264170229434967,1
1169568661,040157016,0.14662419259548187,1
1169568661,040149579,0.12586762011051178,0.6666666666666666
1169568661,041205030,0.09571605920791626,1
116965696X,041677617,0.213605135679245,0.6666666666666666
116965696X,041488679,0.09258847683668137,1
116965696X,040700836,0.06937574595212936,0.3333333333333333
116965696X,040152499,0.06428797543048859,0.6666666666666666
1170015522,04322766X,0.11782976239919662,0
1170015522,040207668,0.10027002543210983,0
1170015522,040206602,0.07444139569997787,0
1170355579,958201064,0.5630253553390503,0.6666666666666666
1170355579,040717119,0.07961268723011017,0
1170355579,960068600,0.07913494110107422,0
1170355579,04315879X,0.05490835756063461,0
1170396615,041417879,0.15844982862472534,0
1170396615,040775879,0.1510920524597168,0.6666666666666666
1170396615,957319304,0.10976219177246094,0.6666666666666666
1170399576,041590953,0.17686133086681366,0.6666666666666666
1170399576,041417445,0.13926780223846436,0.6666666666666666
1170399576,042451485,0.13864189386367798,0
1170399576,040323544,0.11047687381505966,0.3333333333333333
1170581978,040264823,0.35219356417655945,0.6666666666666666
1170581978,040775879,0.31773653626441956,0.3333333333333333
1170581978,040196143,0.1476367563009262,0.6666666666666666
117058280X,041232364,0.24408076703548431,0
117058280X,040783154,0.05053061619400978,0.3333333333333333
1170582885,040578496,0.22722214460372925,0.6666666666666666
1170582885,040717119,0.1002010628581047,0
1170780393,041291085,0.17514918744564056,0.6666666666666666
1170780393,000269913,0.003682814072817564,0
1170814646,041443225,0.148161843419075,0.6666666666666666
1170876811,040201368,0.28817838430404663,0.6666666666666666
1170876811,040354873,0.2082555592060089,0.6666666666666666
1170876811,040717119,0.1961136758327484,0
1170892159,118599631,0.6548093557357788,0.6666666666666666
1170892159,042914779,0.5812564492225647,0
1170892159,043066488,0.2529870271682739,0.6666666666666666
1170892159,040791637,0.21165640652179718,0
1170892159,040607488,0.1509837955236435,0
1170915175,040264823,0.6283559799194336,0
1170915175,040611639,0.5884058475494385,0
1170915175,041941969,0.279846727848053,0
1170915175,042319668,0.08625225722789764,0
1170915175,040360342,0.060776516795158386,0.3333333333333333
1170956599,04045956X,0.27523860335350037,0.3333333333333333
1170956599,041822153,0.22038917243480682,0.6666666666666666
1170956599,040379442,0.08925923705101013,0.3333333333333333
117121510X,040160912,0.4263121783733368,0.6666666666666666
117121510X,041293738,0.34007152915000916,0.6666666666666666
117121510X,040169219,0.16427527368068695,0.3333333333333333
117121510X,040479897,0.16086150705814362,0.3333333333333333
1171312806,040198383,0.1379886418581009,0.3333333333333333
1171490852,118730983,0.626340389251709,0
1171490852,118542192,0.5152313113212585,0.6666666666666666
1171490852,040359646,0.19531601667404175,0.3333333333333333
1171490852,04040949X,0.12134317308664322,0
1171490852,040136345,0.10197579115629196,0
1171591772,040558797,0.6730091571807861,0
1171591772,041397703,0.2337220013141632,0
1171591772,040557170,0.1449546366930008,0
1171591772,040762297,0.1200462058186531,0
1171591772,040118894,0.055074844509363174,0.3333333333333333
1171705476,041369637,0.16562287509441376,0.3333333333333333
1171705476,041378105,0.10374809801578522,0.3333333333333333
1172071586,040762297,0.1270771473646164,0.3333333333333333
1172071586,974209481,0.08312072604894638,0
1172071586,040465403,0.06460647284984589,0.6666666666666666
1172071586,040465632,0.0645693689584732,0.3333333333333333
1172488878,98564544X,0.4052325189113617,0.6666666666666666
1172488878,040350975,0.15638341009616852,0
1172488878,040184285,0.13542121648788452,0
1172717397,042666708,0.22483041882514954,0.3333333333333333
1172717397,040479897,0.16086150705814362,0.3333333333333333
1172717397,041321405,0.06305453926324844,0.6666666666666666
1172717397,041842006,0.05211599916219711,0.6666666666666666
1173087540,040528235,0.4640326201915741,0.6666666666666666
1173337873,040457915,0.26224103569984436,0.6666666666666666
1173337873,118559796,0.26103439927101135,0.6666666666666666
1173337873,11883276X,0.10546501725912094,0
1173338845,040587940,0.16476266086101532,0.6666666666666666
1173338845,040270688,0.06717327237129211,0
1173338845,040335429,0.05400459095835686,0.6666666666666666
1173390014,040343162,0.4707692861557007,0.6666666666666666
1173390014,949849634,0.2024211436510086,0.6666666666666666
1173390014,040377903,0.18383042514324188,0.3333333333333333
1173390014,040343898,0.13992324471473694,0.3333333333333333
1173395814,040760006,0.5727375745773315,0.6666666666666666
1173395814,040452697,0.15434245765209198,0.6666666666666666
1173395814,04121465X,0.13950076699256897,0.6666666666666666
1173395814,041739043,0.11043459177017212,0.6666666666666666
1173586520,04140095X,0.2767261862754822,0.6666666666666666
1173586520,041448634,0.15731684863567352,1
1173586520,040429083,0.13376332819461823,0.6666666666666666
1173586520,041403533,0.0940343514084816,0.6666666666666666
1173660275,04020832X,0.5244677066802979,0
1173660275,041884175,0.2686268985271454,0
1173660275,040759504,0.14544202387332916,0
1173898204,040618390,0.648323655128479,1
1173898204,04171069X,0.347419798374176,0.3333333333333333
1173898204,040455866,0.11006790399551392,0.6666666666666666
1173898204,1014385962,0.07608313858509064,0
1173898204,041138872,0.03379412740468979,0.6666666666666666
1174430184,041230655,0.544596791267395,0.6666666666666666
1174430184,040680975,0.10029230266809464,0.6666666666666666
1174430184,1061057097,0.05430074781179428,0.3333333333333333
1174430184,95572399X,0.05028882622718811,0.3333333333333333
1174439181,1009465953,0.3960159122943878,0.6666666666666666
1174439181,043010288,0.3040320873260498,0.6666666666666666
1174439181,042071887,0.09911440312862396,0.6666666666666666
1174439181,041824946,0.08827944099903107,0.6666666666666666
1174439181,118572903,0.041135940700769424,0.3333333333333333
1174667591,041125983,0.3049367070198059,0
1174667591,040487377,0.12968209385871887,0
1174667591,040049116,0.12211329489946365,0.6666666666666666
1174667591,041207904,0.06491424888372421,0
1174922133,040567540,0.09473460912704468,0.3333333333333333
1174922133,040087670,0.06798108667135239,0.6666666666666666
1174922133,04140386X,0.06305453926324844,0
1175311170,94652243X,0.31475937366485596,0.6666666666666666
1175311170,040205177,0.2048771232366562,0.3333333333333333
1175311170,040250989,0.13651397824287415,0.3333333333333333
1175311170,040307026,0.10750631988048553,0.3333333333333333
1175380725,041760727,0.5496248602867126,0.6666666666666666
1175380725,94244356X,0.17268940806388855,0
1175380725,04046699X,0.09913842380046844,0.6666666666666666
1175380725,040492508,0.053441330790519714,0.6666666666666666
1175575976,040099377,0.18829374015331268,0.3333333333333333
1175575976,041256980,0.18816888332366943,0.3333333333333333
1175575976,040564495,0.10882287472486496,0.3333333333333333
1175575976,040354083,0.06845622509717941,0.3333333333333333
1175575976,040264823,0.06653115898370743,0.6666666666666666
1175575976,040099466,0.06481226533651352,0.3333333333333333
1175879789,041810112,0.22608940303325653,0.3333333333333333
1175879789,040597873,0.10975131392478943,0.3333333333333333
1175879789,04138606X,0.08203497529029846,0.3333333333333333
1175879789,04113446X,0.06499400734901428,0.3333333333333333
1175879789,04121434X,0.06499400734901428,0
1176177257,040205177,0.5951940417289734,0
1176177257,040118908,0.1466645449399948,0.6666666666666666
1176177257,041139364,0.0864214226603508,0.3333333333333333
1176177400,042252997,0.13869598507881165,0
1176177400,041401816,0.07223838567733765,0.3333333333333333
1176409034,040611639,0.3497745990753174,1
1176409034,007084420,0.10995682328939438,0
1176409034,950963836,0.0924137532711029,1
1176806955,000351946,0.42717626690864563,0
1176806955,040425517,0.190811887383461,0
1176806955,957725957,0.15158259868621826,0
1176806955,04025254X,0.14040960371494293,1
1176913166,040542602,0.1219647228717804,0.3333333333333333
1176974599,041524403,0.1200462058186531,0.3333333333333333
1176974599,04006851X,0.11088617146015167,0
1176974599,041134508,0.0814770832657814,0.3333333333333333
1177149753,04212042X,0.5560232400894165,1
1177149753,983526508,0.17747198045253754,0.6666666666666666
1177149753,043264646,0.17496313154697418,0.6666666666666666
1177155346,042026466,0.397771954536438,0.3333333333333333
1177155346,040544125,0.14040857553482056,0.6666666666666666
1177155346,040477045,0.10661392658948898,0.3333333333333333
1177298783,040377903,0.6107524037361145,0.6666666666666666
1177298783,040582167,0.12633739411830902,0.3333333333333333
1177298783,966540042,0.11661721020936966,0.6666666666666666
1177380986,040041700,0.19189250469207764,0.6666666666666666
1177380986,040432718,0.10018597543239594,0.6666666666666666
1177380986,040118827,0.09270945191383362,0.6666666666666666
1177381877,040563979,0.3553994297981262,0.6666666666666666
1177381877,040350932,0.09866088628768921,0
1177381877,041824350,0.087288998067379,0.3333333333333333
1177382725,04005232X,0.21233323216438293,0.6666666666666666
1177382725,041202937,0.13213585317134857,0
1177382725,040412164,0.09424889087677002,0.6666666666666666
1177382725,040118827,0.08891619741916656,0.3333333333333333
1177600811,040418715,0.31046998500823975,0.3333333333333333
1177600811,042720222,0.17968705296516418,0.6666666666666666
1177600811,042454034,0.08451566100120544,0.3333333333333333
1177612054,041581199,0.2946130037307739,0.6666666666666666
1177612054,04045956X,0.21033455431461334,0.3333333333333333
1177612054,040436500,0.1668909788131714,0.3333333333333333
1177612054,040782999,0.09571605920791626,0.6666666666666666
1177622335,957124902,0.15581563115119934,0
1177622335,040027333,0.10575147718191147,0.3333333333333333
1177622335,040059790,0.08925923705101013,0.3333333333333333
1177625660,94966166X,0.1471554934978485,0.3333333333333333
1177626624,040118908,0.09627722203731537,1
1177626624,040465144,0.08032970130443573,0.3333333333333333
1177626624,040035549,0.05796284228563309,0.3333333333333333
1177626624,042578019,0.05188532546162605,0.6666666666666666
1177627248,040717224,0.11623750627040863,0.6666666666666666
1177627248,043115136,0.08363242447376251,0.3333333333333333
1177627248,947337806,0.004486110061407089,0.3333333333333333
1177639238,97087085X,0.583602786064148,0
1177639238,041642236,0.13164937496185303,0
1177639238,040349438,0.11907144635915756,0.6666666666666666
117811676X,040388247,0.1723426729440689,0.6666666666666666
117811676X,963170724,0.14040960371494293,0.6666666666666666
117811676X,041588142,0.12695686519145966,0.3333333333333333
117811676X,040592766,0.1122891753911972,0
1178147320,944767621,0.11919103562831879,0
1178147320,042907012,0.08640646189451218,0.6666666666666666
1178176606,040790096,0.11104074865579605,0.3333333333333333
1178176606,040495140,0.06415796279907227,0.6666666666666666
1178176606,04001469X,0.03844401240348816,0.6666666666666666
1178323803,946663459,0.0812404602766037,0
1179121724,940190044,0.34175634384155273,1
1179121724,041172205,0.07106047868728638,0
1179121724,040003132,0.05519070848822594,0
117977969X,042515734,0.40510886907577515,0.6666666666666666
117977969X,040382435,0.15254251658916473,0.3333333333333333
117977969X,967652170,0.10575147718191147,0
1180028058,952124351,0.34598401188850403,0
1180028058,040144143,0.2904566526412964,0.3333333333333333
1180028058,04045956X,0.13118673861026764,0.3333333333333333
1180028058,04015999X,0.07121101766824722,0.3333333333333333
1180028058,041694759,0.037957340478897095,0.6666666666666666
1180032381,954511689,0.3496088981628418,0
1180032381,1011989700,0.08258695900440216,0
1180198328,041231414,0.2603616714477539,0.6666666666666666
1180198328,04009832X,0.1149948462843895,0
1180198328,040354083,0.06845622509717941,0.3333333333333333
1180198328,940532018,0.04939094930887222,0.3333333333333333
1180501497,040175987,0.5042423605918884,0.6666666666666666
1180501497,040264823,0.27601173520088196,0.6666666666666666
1180501497,040633063,0.14746883511543274,0.6666666666666666
118061366X,040403858,0.190811887383461,0.3333333333333333
118061366X,041126963,0.12503524124622345,0.3333333333333333
1180727770,040508382,0.3742068111896515,0.6666666666666666
1180727770,968693695,0.20842041075229645,0.3333333333333333
1180727770,042766443,0.16301141679286957,0.3333333333333333
1180727770,040207544,0.14156651496887207,0.3333333333333333
1180727770,042946115,0.10669214278459549,0.3333333333333333
1181059275,040157016,0.2564713954925537,0.3333333333333333
1181059275,040674886,0.2291940152645111,0
1181059275,041965329,0.1679351031780243,0
1181059275,040118827,0.08891619741916656,0.3333333333333333
1181059275,040118894,0.0674627497792244,0.3333333333333333
1181096200,041550358,0.22407233715057373,0.3333333333333333
1181096200,041215605,0.21292316913604736,0.3333333333333333
1181096200,040178943,0.16496233642101288,0.3333333333333333
1181326133,040266370,0.2634403705596924,0.3333333333333333
1181326133,04063597X,0.16086150705814362,0.3333333333333333
1181326133,040266435,0.09473460912704468,0.6666666666666666
1181328845,040348733,0.2999594211578369,0.6666666666666666
1181328845,040098168,0.1322295218706131,0.3333333333333333
1181328845,040172694,0.12750230729579926,0.3333333333333333
1181328845,946376883,0.07130166888237,0
1181574633,040302709,0.3062889873981476,1
1181574633,040394573,0.1525481641292572,0
1181574633,041635833,0.15017111599445343,1
118168904X,1033525375,0.2157301902770996,0.6666666666666666
118168904X,040408027,0.08854931592941284,0
1181946409,118598546,0.8484723567962646,0.6666666666666666
1181946409,116362480,0.2235831916332245,0
1181946409,042135133,0.09326095134019852,0
1181946409,04059758X,0.084755539894104,0.6666666666666666
1182201490,040340368,0.08031869679689407,0
1182201490,040538702,0.02809460647404194,0
1182201490,041587073,0.023772025480866432,0.3333333333333333
1182201490,040740242,0.018909277394413948,0
1182422918,040397858,0.30563458800315857,0.3333333333333333
1182422918,040567540,0.29041576385498047,0.6666666666666666
1182422918,041337689,0.09221681207418442,0.3333333333333333
1182422918,957319304,0.07025837898254395,0.3333333333333333
1182422918,041400674,0.01599724590778351,0
1182423728,041812077,0.6890877485275269,0
1182423728,948877057,0.23560868203639984,0.6666666666666666
1182423728,041338952,0.1952437162399292,0
1182423728,040550729,0.12621846795082092,0.6666666666666666
1182682596,040465144,0.12097757309675217,0.3333333333333333
1182682596,040470202,0.06600252538919449,0.3333333333333333
1182682596,040490122,0.05160088837146759,0.3333333333333333
1183566417,040055655,0.15123917162418365,0.6666666666666666
1183566417,041481143,0.11768963187932968,0.3333333333333333
1183566417,967279453,0.08245670050382614,0
1183566417,040477045,0.053026240319013596,0.3333333333333333
1183878761,040399834,0.1080278754234314,0.3333333333333333
1183878761,040701778,0.10159888863563538,0.3333333333333333
1183915055,040488217,0.16086150705814362,0
1183915055,04126505X,0.09008073806762695,0
1183915055,040488373,0.08567244559526443,0
1183989822,040717453,0.2260071486234665,0.3333333333333333
1183989822,040099873,0.12915004789829254,0.6666666666666666
1183989822,040685969,0.05779552459716797,0
1184198756,041490320,0.1518157571554184,0
1184198756,1058890336,0.13213585317134857,0
1184198756,040332292,0.08597669750452042,0
1184198756,040736245,0.07597140967845917,0
1184198756,040708608,0.06433802098035812,0
1184198756,042451450,0.050221286714076996,0
1184280207,040642119,0.09571605920791626,1
1184280207,040626563,0.06363178044557571,0.3333333333333333
1184291772,040429083,0.19216683506965637,0
1184467196,042746035,0.5583155751228333,0
1184467196,040408027,0.2999594211578369,0.6666666666666666
1184467196,04056505X,0.26662376523017883,0.3333333333333333
1184467196,041603990,0.22727486491203308,0.6666666666666666
1184467196,040254054,0.1240319162607193,0
1184468095,941151697,0.0933443158864975,0
1184468095,041306953,0.07205331325531006,0
1184468095,040455874,0.06653115898370743,0.3333333333333333
1184468095,040455866,0.05758485570549965,0
1184476713,04003772X,0.11390800029039383,0.6666666666666666
1184476713,040038572,0.10501264780759811,0.6666666666666666
1184476713,040275566,0.09106774628162384,0.3333333333333333
1184754810,040413160,0.30307137966156006,0.6666666666666666
1184754810,040382435,0.1543508917093277,0.3333333333333333
1184754810,040118827,0.08891619741916656,0.6666666666666666
1184754810,040068048,0.08672557026147842,0.6666666666666666
1184754810,04012472X,0.08230333030223846,0.6666666666666666
1184754810,040448932,0.04974302649497986,0.6666666666666666
1184765391,040697193,0.21744488179683685,0
1184765391,040747816,0.1703132539987564,0.6666666666666666
1184765391,04190186X,0.06937574595212936,0.6666666666666666
1184797021,04132613X,0.42393141984939575,0
1184797021,040172147,0.2750382721424103,0
1184797021,040737888,0.1471554934978485,0.3333333333333333
1184797021,043004008,0.14040960371494293,0.3333333333333333
1184797021,041212738,0.1167549416422844,0
1184797021,041390113,0.09397643804550171,0.6666666666666666
1185175040,118691007,0.24485079944133759,0
1185175040,040334309,0.23318986594676971,0.3333333333333333
1185175040,040372235,0.17043600976467133,0.3333333333333333
1185175040,040714284,0.12019474804401398,0
1185175040,040160440,0.05608845502138138,0
1185486275,040459810,0.2171603888273239,0.3333333333333333
1185486275,040477045,0.18085864186286926,0.3333333333333333
118556392X,040633640,0.38219428062438965,0
118556392X,040050815,0.1389973908662796,0.3333333333333333
118556392X,040206602,0.09723794460296631,0.3333333333333333
1185761268,041655559,0.7748714685440063,0.6666666666666666
1185761268,04146446X,0.19848057627677917,0.3333333333333333
1185761268,040763587,0.06790687888860703,0.6666666666666666
1185761268,041618173,0.05464582517743111,0.3333333333333333
118581437X,040205177,0.11768963187932968,0
118581437X,040465179,0.09911440312862396,0
118581437X,040068048,0.08672557026147842,0
1185977422,040182029,0.1886250525712967,0
1185977422,040356469,0.0891510471701622,0
1185977422,042451450,0.08044911921024323,0
1185977422,040717763,0.06481226533651352,0
1185977422,040373630,0.027667120099067688,0
1186069929,118547739,0.5548915863037109,0.6666666666666666
1186069929,040457915,0.3341377079486847,0.6666666666666666
1186069929,040149862,0.19428078830242157,0
1186069929,004631846,0.06690636277198792,0
1186138920,040462838,0.7043725848197937,0.6666666666666666
1186138920,040066509,0.33352741599082947,0.6666666666666666
1186138920,040605957,0.1463690847158432,0.6666666666666666
1186143053,040457915,0.4011206030845642,0.6666666666666666
1186143053,041704533,0.39440640807151794,0.3333333333333333
1186143053,040198308,0.18411527574062347,0.6666666666666666
1186144157,040205479,0.3823462426662445,0.3333333333333333
1186144157,952619636,0.06478719413280487,0.6666666666666666
1186144157,040531252,0.06415796279907227,0.6666666666666666
1186310197,040763080,0.3707422912120819,0
1186310197,041450302,0.19428671896457672,0
1186310197,042946115,0.14250892400741577,0.6666666666666666
1186310197,040061388,0.09047011286020279,0.6666666666666666
1186331771,965002845,0.788131594657898,0
1186331771,1000723437,0.23318545520305634,0.6666666666666666
1186331771,040775704,0.09157741814851761,0.3333333333333333
1186331771,040118827,0.08891619741916656,0.3333333333333333
1186331771,1021432059,0.08640646189451218,0.6666666666666666
1186331771,040443027,0.055281344801187515,0
1186406135,040777324,0.5561839938163757,0.6666666666666666
1186406135,040176045,0.12933984398841858,0.6666666666666666
1186406135,042264049,0.0900600254535675,0.6666666666666666
1186410167,041229266,0.15957239270210266,0.6666666666666666
1186410167,000051578,0.13664937019348145,0
1186410167,040154319,0.09065716713666916,0.6666666666666666
1186410167,040066509,0.06788410991430283,0
1186410167,1300301244,0.00910747330635786,0
1186412631,040538818,0.3825187683105469,0.6666666666666666
1186412631,040781909,0.20304125547409058,0.6666666666666666
1186412631,040163970,0.2003927230834961,0.6666666666666666
1186590165,041466098,0.3146500289440155,0
1186590165,101728315X,0.308243066072464,0
1186590165,040408027,0.2999594211578369,0.3333333333333333
1186630892,040332292,0.5723325610160828,0
1186630892,040457915,0.11768963187932968,0.6666666666666666
1186630892,040156028,0.0638514831662178,0.6666666666666666
1186630892,041903269,0.054461441934108734,0.3333333333333333
1186643986,040149579,0.1864917278289795,0.6666666666666666
1186643986,041205030,0.16562287509441376,0.6666666666666666
1186643986,04014948X,0.10201136767864227,0.6666666666666666
118693235X,040776247,0.3318031132221222,0.6666666666666666
118693235X,040674614,0.09094204008579254,0.3333333333333333
118693235X,040674738,0.08480790257453918,0.3333333333333333
118693235X,041177053,0.06203032657504082,0.3333333333333333
1186939222,041339657,0.16506938636302948,0.3333333333333333
1187064742,948754176,0.6978721022605896,0
1187064742,040581977,0.18344490230083466,0.3333333333333333
1187064742,963128469,0.15980996191501617,0
1187065528,94262422X,0.2785615921020508,0
1187065528,040621103,0.10982007533311844,0.3333333333333333
1187065528,040567958,0.084755539894104,0.3333333333333333
1187065609,1023334607,0.5487663149833679,1
1187065609,040413004,0.22446098923683167,0.3333333333333333
1187065609,040413314,0.11593112349510193,0.6666666666666666
1187065609,040205355,0.09946560114622116,0.3333333333333333
1187066230,1042242879,0.1130375862121582,0
1187066230,952619636,0.09938140958547592,0.3333333333333333
1187066230,041402464,0.09152793139219284,0
1187096342,040413160,0.3650979995727539,0.6666666666666666
1187096342,040642860,0.0787297710776329,0.3333333333333333
1187096407,040465144,0.29068824648857117,0.3333333333333333
1187096407,948411694,0.16496233642101288,0.6666666666666666
1187096407,040642860,0.14368824660778046,0.3333333333333333
1187097934,040776247,0.3318031132221222,0.6666666666666666
1187097934,946340692,0.23241499066352844,0.6666666666666666
1187097934,041550463,0.1454392820596695,0.3333333333333333
1187114820,040367746,0.07401501387357712,0.3333333333333333
1187114820,042263670,0.057481907308101654,0
1187114820,042369495,0.0567040778696537,0
1187114820,1098433076,0.0449410043656826,0
1187144517,041291085,0.4049297869205475,0.6666666666666666
1187144517,004911474,0.33409425616264343,0.6666666666666666
1187144517,040767787,0.27132147550582886,0
1187144517,040118827,0.09086208790540695,0.6666666666666666
1187144967,040766055,0.09893886744976044,0.3333333333333333
1187144967,040205177,0.0522029735147953,0.3333333333333333
1187144967,041619196,0.030108656734228134,0
1187144967,041291085,0.026363233104348183,0.6666666666666666
1187265160,040488292,0.5042423605918884,0.6666666666666666
1187265160,952619636,0.17830967903137207,0.3333333333333333
1187265160,041552318,0.09424889087677002,0.6666666666666666
1187265160,040205479,0.09358648210763931,0.3333333333333333
1187265160,040182029,0.06159250810742378,0.3333333333333333
1187265160,042221269,0.01898183673620224,0.3333333333333333
1187272663,040557723,0.36112019419670105,0.6666666666666666
1187272663,041397169,0.11251344531774521,0.3333333333333333
1187523275,04072560X,0.33087649941444397,0.6666666666666666
1187523275,04160198X,0.09178853780031204,0.3333333333333333
1188242105,040638529,0.44119489192962646,0.6666666666666666
1188242105,042255724,0.16290906071662903,0
1188242105,04065348X,0.14755591750144958,0
1188242105,04127833X,0.11812108755111694,0
1188314912,041894170,0.6102620363235474,0.3333333333333333
1188314912,970914393,0.589880108833313,0
1188314912,041798333,0.5327985286712646,0.6666666666666666
1188314912,040663590,0.15193501114845276,0.3333333333333333
1188554824,041214625,0.085384465754032135,0.6666666666666666
1188554824,040452697,0.07507727295160294,0.3333333333333333
1188554824,1105568555,0.03373164311051369,0.6666666666666666
1188717863,040457915,0.11768963187932968,0.6666666666666666
1188717863,040558762,0.0924137532711029,0.3333333333333333
1188717863,040335720,0.05554768443107605,0.3333333333333333
1188731726,040561380,0.4289299249649048,1
1188731726,041520807,0.39875397086143494,0.6666666666666666
1188731726,041411293,0.1714576780796051,0.6666666666666666
1188883305,04126505X,0.13223056495189667,0
1188883305,040488217,0.10027002543210983,0
1188883305,041284127,0.08179178088903427,0
1188883305,040052486,0.07296678423881531,1
1188902008,040118894,0.13631702959537506,0.3333333333333333
1188902008,041699475,0.11832956224679947,0.6666666666666666
1189005794,119064332,0.6231642961502075,0
1189005794,040082407,0.18699315190315247,0.3333333333333333
1189005794,041359526,0.06026602163910866,0.6666666666666666
1189213842,958955069,0.11688166111707687,0.6666666666666666
1189213842,040408027,0.08854931592941284,0.3333333333333333
1189318229,040152243,0.209872767329216,0.6666666666666666
1189318229,040564150,0.12695686519145966,0.3333333333333333
1189318229,040776247,0.12179986387491226,0.6666666666666666
1189318229,040477045,0.05013693869113922,0.3333333333333333
1189428113,04045956X,0.4751186668872833,0
1189428113,041927230,0.37989556789398193,0.6666666666666666
1189428113,1098433076,0.1864917278289795,0.6666666666666666
1189428113,040359646,0.016723260283470154,0.3333333333333333
1189428113,042860822,0.00606676796451211,0
1189442809,040067777,0.16562287509441376,0.3333333333333333
1189442809,043163572,0.08597669750452042,0.3333333333333333
1189442809,040382648,0.08135993033647537,0.3333333333333333
1189584964,040783154,0.15319178998470306,0.3333333333333333
1189584964,041922093,0.15196110308170319,0
1189584964,041449002,0.08546099066734314,0.6666666666666666
1189654199,041780779,0.3467283546924591,0.3333333333333333
1189654199,041548183,0.1935845911502838,0.3333333333333333
1189654199,040399834,0.15852844715118408,0.3333333333333333
1189654199,04006851X,0.127264142036438,0
1189654199,041759877,0.10027002543210983,0
1189658593,040320812,0.5165223479270935,0.3333333333333333
1189658593,04047724X,0.509259045124054,0.3333333333333333
1189658593,04020832X,0.356941819190979,0.3333333333333333
1189658593,041878795,0.21450434625148773,0.3333333333333333
1189658593,040557596,0.11067195981740952,0.3333333333333333
1189658593,040607429,0.04830608516931534,0.6666666666666666
1189662531,040559165,0.3282508850097656,0.3333333333333333
1189662531,041550463,0.13425150513648987,0.3333333333333333
1189662531,040146065,0.1179162859916687,0.3333333333333333
1189662531,041176294,0.11274993419647217,0
1189696134,004675037,0.33530378341674805,0.6666666666666666
1189696134,040162222,0.1389973908662796,0
1189696134,040674886,0.07156004756689072,0
1189696134,040118827,0.03796255216002464,0
1189924668,040118827,0.2694183588027954,0.6666666666666666
1189924668,040465144,0.1726064831018448,0.3333333333333333
1189924668,040556956,0.09998630732297897,0
1189924668,004798139,0.07216846197843552,0
1189924668,041157168,0.06932816654443741,0
1189926326,041142667,0.16137613356113434,0.3333333333333333
1189926326,040320812,0.11286810040473938,1
1189926326,040206432,0.09157741814851761,0
1189926326,040465144,0.09100501984357834,0.3333333333333333
1189991640,04066399X,0.5099161863327026,0.6666666666666666
1189991640,040588122,0.2352098822593689,0
1189991640,041176634,0.17602938413619995,0.3333333333333333
1189991640,040473902,0.16427527368068695,0.3333333333333333
1189991640,040793516,0.09397277981042862,0.6666666666666666
1190123800,943519438,0.39658406376838684,0
1190123800,040408027,0.1239682212471962,0
1190123800,040154645,0.10653621703386307,0.3333333333333333
1190123800,964535378,0.07130166888237,0
1190123800,041248546,0.054240088909864426,0
1190251256,040552225,0.578301727771759,0.3333333333333333
1190251256,042441536,0.24839185178279877,0
1190251256,004316770,0.1864917278289795,0.6666666666666666
1190565579,040354083,0.09540756046772003,0.3333333333333333
1190565579,040694682,0.09264963120222092,0.3333333333333333
1190818981,957685416,0.21658667922019958,0.3333333333333333
1190818981,96521088X,0.15591077506542206,0
1190818981,040399834,0.13039101660251617,0.3333333333333333
1190884674,041218299,0.15785826742649078,1
1190884674,040665623,0.06459458917379379,0.6666666666666666
1190884674,040118894,0.055074844509363174,0
1190994291,041678702,0.24618692696094513,0
1190997541,041638166,0.6260438561439514,1
1191319059,040547906,0.0916147381067276,0.3333333333333333
1191414248,040264823,0.6283559799194336,0.6666666666666666
1191414248,040776247,0.41492292284965515,0.3333333333333333
1191414248,040055655,0.15123917162418365,0.6666666666666666
1191417131,040566935,0.43378567695617676,0.6666666666666666
1191417131,040006956,0.4264170229434967,1
1191417131,040194116,0.09911440312862396,0.6666666666666666
1191417131,041649648,0.089466392993927,0.3333333333333333
119142863X,040465144,0.1726064831018448,0.6666666666666666
119142863X,040006956,0.11179014295339584,0.3333333333333333
119142863X,040320812,0.1081429272890091,0.6666666666666666
1191441741,040182029,0.1886250525712967,0.3333333333333333
1191441741,985158018,0.18374094367027283,0.6666666666666666
1191441741,042221269,0.1579493135213852,0
1191441741,972106561,0.11529705673456192,0.3333333333333333
1191441741,040735788,0.10982007533311844,0
1191479811,041141148,0.1457681506872177,0.6666666666666666
1191479811,041703057,0.10945813357830048,0
119148145X,041323076,0.173543319106102,0.3333333333333333
119148145X,041529758,0.15663506090641022,0.3333333333333333
119148145X,004816633,0.0900111123919487,0
1191517756,040340368,0.3387582302093506,0.3333333333333333
1191517756,040762297,0.15365225076675415,0
119152681X,041889118,0.17296066880226135,0.6666666666666666
119152681X,04134121X,0.06305453926324844,0.6666666666666666
1191530221,041694325,0.5882250070571899,0.3333333333333333
1191530221,040747255,0.2868790626525879,0.3333333333333333
1191530221,000003336,0.09955146908760071,0
1191530221,041694333,0.09148501604795456,0
1191530221,968616070,0.01241826917976141,0
1191588475,042797055,0.14028196036815643,0.6666666666666666
1191588475,940986973,0.13064393401145935,0
1191588475,04155776X,0.11966214329004288,0
1191591778,040498506,0.5541197061538696,1
1191591778,040792374,0.08928222954273224,1
1191591778,941514676,0.0840199664235115,0.3333333333333333
1191591778,040465144,0.0814770832657814,0.3333333333333333
119163485X,040741117,0.1303052306175232,0.6666666666666666
119163485X,04006851X,0.11088617146015167,0.3333333333333333
1191663604,102777993X,0.74831390380859375,1
1191663604,040642860,0.6730273365974426,0.3333333333333333
1191663604,041280229,0.26492416858673096,0
1191663604,040569950,0.20025289058685303,0.3333333333333333
1191663604,040790096,0.17686133086681366,0.6666666666666666
1191664023,040465144,0.12775000929832458,0.3333333333333333
1191664023,041142667,0.09008073806762695,0.6666666666666666
1191666603,971874549,0.16957467794418335,0.3333333333333333
1191666603,042004950,0.14238427579402924,0
1191666603,04123037X,0.12782903015613556,0.3333333333333333
1191666603,040146065,0.08664087951183319,0.3333333333333333
1191688704,040219917,0.3019087314605713,0.6666666666666666
1191688704,040229939,0.1377348005771637,0.3333333333333333
1191688704,043274706,0.1118021011352539,0.6666666666666666
1191851613,040307026,0.6029003858566284,0.6666666666666666
1191851613,040493962,0.12314866483211517,0.3333333333333333
1191851613,951345478,0.12030459940433502,0
1191851613,040101096,0.11832956224679947,0
1191851613,040307204,0.11638878285884857,0
1191927490,040736482,0.08988219499588013,0.6666666666666666
1191927490,040087670,0.0638669952750206,0.6666666666666666
1191927490,040670295,0.057847049087285995,0.3333333333333333
1191929019,040465144,0.1726064831018448,0.6666666666666666
1191929019,041156110,0.04279822111129761,0.6666666666666666
1191935795,1104716577,0.11437011510133743,0.6666666666666666
1192053230,040264866,0.347419798374176,1
1192053230,040736792,0.31650131940841675,0.6666666666666666
1192103610,940431181,0.7896480560302734,1
1192103610,040465144,0.15934251248836517,0.6666666666666666
1192103610,041328779,0.11880174279212952,0.3333333333333333
1192136403,041626796,0.6006445288658142,0
1192136403,041778154,0.32313668727874756,0.6666666666666666
1192136403,041292014,0.14040960371494293,0
1192138090,040152243,0.35225334763526917,0
1192138090,04069402X,0.08664087951183319,0
1192139372,040776247,0.41492292284965515,0.3333333333333333
1192139372,042614627,0.08925923705101013,0.6666666666666666
1192141334,041229266,0.09530246257781982,0.3333333333333333
1192141334,040154289,0.08640646189451218,0.3333333333333333
1192141334,041176227,0.06751454621553421,0.3333333333333333
1192141334,952619636,0.013593699783086777,0.3333333333333333
1192192257,106969780X,0.3431108593940735,0.6666666666666666
119219733X,04020832X,0.28360095620155334,0.6666666666666666
119219733X,04064314X,0.22418010234832764,0.6666666666666666
119219733X,040487377,0.15425728261470795,0.6666666666666666
119219733X,040200469,0.1090947836637497,0.6666666666666666
119219845X,040306615,0.6096540689468384,0
119219845X,042090156,0.11179014295339584,1
119219845X,040289184,0.06448767334222794,0
119219960X,040542998,0.7037067413330078,0.6666666666666666
119219960X,040664937,0.1712428778409958,0.6666666666666666
1192212118,041414314,0.5544185042381287,0
1192212118,118500686,0.26591160893440247,0.6666666666666666
1192212118,040477460,0.16613639891147614,0.3333333333333333
1192212118,04047724X,0.13545405864715576,0.3333333333333333
119230523X,040022900,0.1840825378894806,0.6666666666666666
119230523X,040694917,0.1510920524597168,0.3333333333333333
119230523X,040763889,0.11436361819505692,0.3333333333333333
119230523X,04307166X,0.07720606029033661,0.3333333333333333
119230523X,040492508,0.06817888468503952,0.3333333333333333
119230523X,043067999,0.03591865301132202,0.3333333333333333
1192308794,040620050,0.280802458524704,0.3333333333333333
1192308794,041230655,0.11378120630979538,0.6666666666666666
1192308794,040350975,0.1022818461060524,0
1192308794,964162512,0.08612940460443497,0.6666666666666666
1192308794,040350932,0.064299575984478,0.6666666666666666
1192823397,118508288,0.3008691370487213,0.6666666666666666
1192823397,040550877,0.21632447838783264,0.3333333333333333
1192823397,041404459,0.15669888257980347,0.6666666666666666
1192834259,040607429,0.32817989587783813,0
1192834259,040532976,0.27927762269973755,0
1192834259,040408027,0.1674363613128662,0
1192834453,004549465,0.18198540806770325,0
1192834453,118535021,0.11867784708738327,0
1192834453,040360342,0.060776516795158386,0
1192834585,042043603,0.7244961261749268,0
1192834585,118509039,0.171138733625412,0.6666666666666666
1192834585,040457915,0.11768963187932968,0.3333333333333333
1192834585,040335720,0.08525104820728302,0
119308699X,04121708X,0.19524313509464264,0.6666666666666666
119308699X,04056486X,0.14691321551799774,0
119308699X,040024164,0.11447013914585114,0
1193125545,040664937,0.16142651438713074,0.6666666666666666
1193125545,040664759,0.089466392993927,0.6666666666666666
1193273730,040066045,0.31118056178092957,0.6666666666666666
1193273730,954874765,0.13880369067192078,0
1193273730,041529758,0.09745071083307266,0
1193273730,040575349,0.08109778165817261,0
1193549388,040564495,0.10882287472486496,0.6666666666666666
1193549388,041222024,0.08475739508867264,0.6666666666666666
1193549388,040307026,0.06917426735162735,0.3333333333333333
1193549388,041165683,0.06653578579425812,0
1194354327,040732746,0.2010011225938797,0.6666666666666666
1194354327,973074388,0.1395607441663742,0
1194354327,043249809,0.08408123254776001,0.6666666666666666
1194375138,041633288,0.24048027396202087,0
1194375138,040188019,0.17311309278011322,0
1194375138,040307263,0.058963626623153687,0
1194375138,04010074X,0.05429283156991005,0.3333333333333333
1194377521,041285069,0.15593594312667847,0.3333333333333333
1194461182,959046321,0.2103762924671173,0
1194461182,040717968,0.17387685179710388,0.6666666666666666
1194461182,041126068,0.08352019637823105,1
1194461182,041205502,0.07394993305206299,0.6666666666666666
1194646735,041215699,0.43313372135162354,0.6666666666666666
1194646735,041333160,0.2082555592060089,1
1194646735,040206467,0.13637278974056244,0.6666666666666666
1194646735,040785998,0.08640646189451218,0
1195598653,040408027,0.3431665599346161,0.6666666666666666
1195598653,040408418,0.09911440312862396,0.3333333333333333
1195598653,040261700,0.08664087951183319,0
1195599420,943100186,0.25896549224853516,0
1195599420,040643026,0.13137021660804749,0.6666666666666666
1195599420,041157168,0.12134317308664322,0.6666666666666666
1195807872,041851234,0.2500927448272705,0
1195807872,041207238,0.22597603499889374,0.6666666666666666
1195807872,953461858,0.15393120050430298,0
1195807872,041213564,0.11019478738307953,0.3333333333333333
1196086729,041392086,0.3829018771648407,0.3333333333333333
1196086729,040457915,0.3557595908641815,0.6666666666666666
1196086729,040389367,0.11615538597106934,0.6666666666666666
1196086729,943373409,0.0404883548617363,0
1196086729,041380266,0.030707448720932007,0.3333333333333333
1196096775,004676092,0.16467903554439545,0
1196096775,041800109,0.12265074253082275,0
1196096775,040360342,0.10322140902280807,0.6666666666666666
1196110875,04045956X,0.1824662685394287,0.3333333333333333
1196110875,040303403,0.17497411370277405,0.3333333333333333
1196110875,040144143,0.16562287509441376,0.3333333333333333
1196110875,040303438,0.0893087089061737,0
119632915X,967279453,0.16324235498905182,0.6666666666666666
119632915X,041264649,0.07205331325531006,0.3333333333333333
119632915X,956012000,0.017298951745033264,0.3333333333333333
1196346623,040872955,0.43369174003601074,0
1196346623,043283357,0.11052249372005463,0.6666666666666666
1196346623,000117900,0.06695472449064255,0
1196525714,040775135,0.14040960371494293,0
1196525714,041346815,0.13631702959537506,0.6666666666666666
1196525714,040066673,0.12659621238708496,0
1196525714,040692353,0.1045529842376709,0
1196526036,040694917,0.2082555592060089,0.3333333333333333
1196526036,94618058X,0.17043600976467133,0.3333333333333333
1196526036,040460762,0.13703693449497223,0.3333333333333333
1196699887,040325245,0.12586762011051178,0.6666666666666666
1196699887,041258320,0.10282588750123978,0.6666666666666666
1196699887,040189686,0.1010441705584526,0.6666666666666666
1196699887,004292952,0.10009878128767014,0.3333333333333333
1196700397,042093910,0.44061675667762756,0.3333333333333333
1196700397,040189759,0.11052249372005463,0.3333333333333333
1196700397,042764734,0.06591053307056427,0.3333333333333333
1196700397,041557360,0.05950533598661423,0.6666666666666666
1196806004,041759877,0.4985666275024414,0.3333333333333333
1196806004,042731275,0.10501264780759811,0.6666666666666666
1196806004,040399834,0.08850512653589249,0.3333333333333333
1196806004,040067777,0.07156004756689072,0.3333333333333333
1196806004,040701778,0.065925702452659607,0
1196806160,004278402,0.20714236795902252,0
1196806160,040360318,0.061799056828022,0.3333333333333333
1196860947,040118827,0.08891619741916656,0.6666666666666666
1196860947,040207757,0.06409962475299835,0
1196860947,041255259,0.05445760115981102,0
1196922500,1229475885,0.2122848629951477,0.3333333333333333
1196922500,1081489480,0.13703693449497223,0.6666666666666666
1196922500,041512782,0.0811699628829956,1
1196922500,040592766,0.06562510877847672,0
1197135227,040184218,0.14674149453639984,0.3333333333333333
1197135227,040272389,0.0606297142803669,0
1197135227,040335690,0.05562032759189606,0.3333333333333333
1197693661,040457915,0.11768963187932968,0.3333333333333333
1197693661,040477045,0.10661392658948898,0.6666666666666666
1197693661,040197026,0.07223838567733765,0.6666666666666666
1197725784,041136829,0.5495375990867615,1
1197749241,040350975,0.3533343970775604,0.6666666666666666
1197749241,041337646,0.10976219177246094,0
1197749241,040443027,0.08382585644721985,0
1198111410,041560469,0.13865751028060913,0.6666666666666666
1198111410,040783952,0.11759194731712341,0.6666666666666666
1198111410,040492508,0.11180655658245087,0.6666666666666666
1198403322,041272986,0.48423925042152405,0.6666666666666666
1198403322,041137825,0.20170147716999054,0.3333333333333333
1198403322,04006851X,0.17551682889461517,0.3333333333333333
1198403322,040752984,0.1679351031780243,0
1198403322,973309660,0.11759194731712341,0.6666666666666666
1198458305,040009882,0.5392900109291077,0.6666666666666666
1198692626,040307026,0.16498641669750214,0.3333333333333333
1198692626,042102308,0.07835718989372253,0
119887564X,041305876,0.40654534101486206,0.6666666666666666
119887564X,040027694,0.09412552416324615,0
119887564X,04062174X,0.0840199664235115,0.6666666666666666
1198966548,977659127,0.2024211436510086,0.6666666666666666
1198966548,040156028,0.14457841217517853,0.6666666666666666
1198966548,040457915,0.11768963187932968,0.3333333333333333
1199116084,040189686,0.2656286954879761,0.6666666666666666
1199116084,043008615,0.25168272852897644,0.6666666666666666
1199116084,04066399X,0.19625115394592285,0.3333333333333333
1199116084,04046539X,0.018626682460308075,0.3333333333333333
1199615668,040655350,0.11047687381505966,0.6666666666666666
1199615668,040494209,0.059532083570957184,0
1199615668,041651197,0.05188532546162605,0
1199816523,041613724,0.21182720363140106,0.6666666666666666
1199816523,040022900,0.19204145669937134,0.3333333333333333
1199816523,043163572,0.14405614137649536,0.3333333333333333
1199954748,040356469,0.4297935366630554,0
1199954748,042074258,0.4084307849407196,0
1199954748,040187764,0.26021745800971985,0.6666666666666666
1199954748,040152243,0.209872767329216,0
1199954748,040136272,0.12672272324562073,0.6666666666666666
1199954748,040372782,0.06245046481490135,0
1200099451,041509072,0.22383306920528412,0.6666666666666666
1200099451,041686845,0.17686133086681366,0
1200099451,04079184X,0.13836415112018585,0
1200109643,965002845,0.34959784150123596,0.6666666666666666
120011440X,040728854,0.12564027309417725,0.6666666666666666
120011440X,040465144,0.08032970130443573,0.3333333333333333
1200115082,040465144,0.10663236677646637,0.3333333333333333
1200115082,041134508,0.0814770832657814,0.3333333333333333
1200115082,040205886,0.07112289220094681,0.3333333333333333
1200115082,040490122,0.05160088837146759,0.3333333333333333
1200210026,040264823,0.2289113849401474,0.3333333333333333
1200210026,041256980,0.08449462056159973,0.3333333333333333
1200210026,040203832,0.06228991597890854,0
1200842529,988524880,0.1756533682346344,0
1200842529,04113303X,0.14405614137649536,0.3333333333333333
1201159458,040471500,0.30234649777412415,0
1201159458,040465144,0.25110653042793274,0
1201159458,040731367,0.13223056495189667,0.6666666666666666
1201159458,040431835,0.10107912868261337,0.6666666666666666
1201262445,042262542,0.795490562915802,0
1201262445,042252997,0.36389756202697754,0
1201262445,041389573,0.15623092651367188,0.3333333333333333
1201262445,950251194,0.08312072604894638,0.3333333333333333
1201272963,040457915,0.18662399053573608,0.6666666666666666
1201546427,040392384,0.10657718777656555,0.6666666666666666
1201546427,041156099,0.06849014014005661,0.6666666666666666
1201546427,040701778,0.05846434459090233,0.6666666666666666
1201549825,040020533,0.5736446380615234,0.6666666666666666
1201549825,040197026,0.12831908464431763,0.3333333333333333
1201600359,041213726,0.34921205043792725,0
1201600359,996431608,0.3062889873981476,0.6666666666666666
1201600359,042026466,0.17602938413619995,0.6666666666666666
1201600359,040028054,0.16115427017211914,0.6666666666666666
1201600359,043249809,0.08408123254776001,0.6666666666666666
1201683785,040043045,0.3090730309486389,0.3333333333333333
1201683785,04025092X,0.21524594724178314,0.3333333333333333
1201683785,04113303X,0.14582306146621704,0.3333333333333333
1201711061,04180712X,0.1775561273097992,0.6666666666666666
1201711061,040207544,0.06643497198820114,0.3333333333333333
1201711061,04160668X,0.0058973184786736965,0
1202044956,040072630,0.25223231315612793,0.3333333333333333
1202044956,04176336X,0.04000933840870857,0.3333333333333333
1202186300,041230655,0.544596791267395,0.6666666666666666
1202186300,1052163807,0.034458260983228683,0
1202186300,1187260916,0.02146860770881176,0
1202236960,04041888X,0.6068529486656189,0.6666666666666666
1202236960,040597989,0.3757322430610657,0.6666666666666666
1202236960,04113303X,0.3607484698295593,0.6666666666666666
1202271499,042074312,0.5423420667648315,0.6666666666666666
1202271499,1125463066,0.17638997733592987,0.3333333333333333
1202271898,040223507,0.09790455549955368,0.3333333333333333
1202271898,040118894,0.055074844509363174,0
1202295916,041685229,0.44814932346343994,0.6666666666666666
1202295916,940158248,0.06478719413280487,1
1202339905,041779622,0.11979358643293381,0
1202339905,040457915,0.11926253139972687,0.6666666666666666
1202339905,04049716X,0.11688166111707687,0.6666666666666666
1202339905,041901118,0.10759387165307999,0
120236490X,040457915,0.4011206030845642,0.6666666666666666
120236490X,040360326,0.0660458356142044,0.3333333333333333
120236490X,040156028,0.05758453160524368,0.6666666666666666
120236490X,041777077,0.00992270652204752,0
1202444814,040733319,0.15123917162418365,0.3333333333333333
1202444814,1017248184,0.14683067798614502,0
1203065736,004769899,0.24989406764507294,0
1203065736,04122499X,0.1254478543996811,0
1203065736,040475387,0.11969564855098724,0.3333333333333333
1203065736,040489469,0.11415351182222366,0.3333333333333333
120337223X,040473902,0.17465944588184357,0.6666666666666666
120337223X,040724662,0.09984708577394485,0.3333333333333333
120337223X,040382435,0.09077125042676926,0.3333333333333333
120337223X,041596617,0.07025837898254395,0.6666666666666666
120337223X,040246752,0.014180449768900871,0.3333333333333333
1203523084,040706699,0.2015698254108429,0.6666666666666666
1203523084,040269248,0.1654173582792282,0.3333333333333333
1203523084,040763080,0.10501264780759811,0.6666666666666666
1203523084,040320812,0.06653578579425812,0.3333333333333333
1203705387,041983327,0.1770833283662796,0.6666666666666666
1203705387,040605957,0.11965707689523697,0.6666666666666666
1203705387,040403645,0.1167549416422844,0.6666666666666666
1203705387,040477045,0.11343160271644592,0.3333333333333333
1203713290,041613805,0.20287474989891052,0.6666666666666666
1203713290,040012573,0.10988198965787888,0.6666666666666666
1203713290,041922093,0.027867605909705162,0
1203713290,040300536,0.01241826917976141,0.3333333333333333
1203854404,040573990,0.18667170405387878,0.3333333333333333
1203854404,041166140,0.15409591794013977,0.6666666666666666
1203874995,956142931,0.5361071228981018,0.6666666666666666
1203874995,040156028,0.3641846776008606,0.6666666666666666
1203874995,041933664,0.22084446251392365,0.6666666666666666
120409019X,1019316462,0.25793978571891785,0.6666666666666666
120409019X,942568583,0.2100723683834076,0
120409019X,04116489X,0.1171133741736412,1
120409019X,041567412,0.07484180480241776,0.6666666666666666
120409019X,041277937,0.07401762157678604,0.3333333333333333
120409019X,040728854,0.057663168758153915,0.6666666666666666
1204253307,118557513,0.20829306542873383,0.3333333333333333
1204253307,041165683,0.1593189686536789,0.3333333333333333
1204253307,04010074X,0.08451566100120544,0
1204253307,041656784,0.08304427564144135,0.6666666666666666
1204253307,040544125,0.08121681213378906,0.3333333333333333
1204334102,041257944,0.3141965866088867,0.3333333333333333
1204334102,041325923,0.24951748549938202,0.3333333333333333
1204334102,041140877,0.1081952378153801,0
1204334102,04127377X,0.06101313978433609,0
1204334102,041652118,0.057847049087285995,0
1204458456,040066509,0.15251408517360687,0.3333333333333333
1204458456,040066673,0.12659621238708496,0.3333333333333333
1204458456,040006956,0.11179014295339584,0
1204555486,04034343X,0.15476520359516144,0.6666666666666666
1204555486,040616444,0.10784447193145752,0.3333333333333333
1204635617,94925438X,0.6091175079345703,0
1204635617,040488217,0.07106047868728638,0
1204635617,041281365,0.06448767334222794,0
1204635617,040453014,0.05499724671244621,0
1204700605,1071440470,0.4645843803882599,0.6666666666666666
1204700605,040382435,0.14156651496887207,0
1204700605,040547906,0.1383751481771469,0
1204700605,041426770,0.06784366071224213,0.3333333333333333
1204700605,940566087,0.05779552459716797,0
1204926778,004278402,0.10141745209693909,0
1204928908,04045956X,0.1824662685394287,0.3333333333333333
1204928908,118827731,0.12464656680822372,0
1204928908,040665623,0.08595580607652664,0.3333333333333333
1205001875,040067807,0.16562287509441376,0.6666666666666666
1205001875,040694917,0.1510920524597168,0.3333333333333333
120501473X,040455033,0.4985666275024414,0.6666666666666666
120501473X,040455173,0.08408123254776001,0.6666666666666666
1205069135,040399834,0.34340858459472656,0.3333333333333333
1205069135,041207300,0.2530551254749298,0
1205156062,040197522,0.6708952784538269,0.6666666666666666
1205156062,982577141,0.20200280845165253,0.6666666666666666
1205156062,040643174,0.1961136758327484,0.3333333333333333
1205156062,040418715,0.14040960371494293,0.3333333333333333
1205156062,041233824,0.12041234970092773,0.3333333333333333
1205253718,040382435,0.14156651496887207,0.3333333333333333
1205253718,040031152,0.09989873319864273,0.3333333333333333
1205253718,1000014355,0.07608313858509064,0
1205253718,041356489,0.05429283156991005,0
1205260323,040147703,0.2991126775741577,0.6666666666666666
1205260323,040643174,0.08640646189451218,0
1205260323,040465144,0.08032970130443573,0.3333333333333333
1205370250,040503313,0.6680153012275696,0.6666666666666666
1205370250,040767876,0.1391811966896057,0
1205370250,041408209,0.1353882998228073,0.3333333333333333
1205370250,040561380,0.13330323994159698,0.3333333333333333
1205370250,041297288,0.10360778123140335,0.6666666666666666
1205370722,040550729,0.128317192196846,0.6666666666666666
1205370722,040147436,0.09571605920791626,0.3333333333333333
1205370722,040147223,0.09397277981042862,0.6666666666666666
1205370722,040685985,0.09008073806762695,0.6666666666666666
1205470727,040198790,0.16888535022735596,0
1205470727,040009963,0.15663506090641022,0
1205470727,040741184,0.14702115952968597,0
120547191X,040156028,0.39851847290992737,0.3333333333333333
120547191X,947676724,0.13064393401145935,1
120547191X,040783154,0.10657718777656555,0.6666666666666666
1205549501,040264823,0.30950605869293213,0.6666666666666666
1205549501,04034343X,0.30307137966156006,0.3333333333333333
1205549501,989134571,0.28919607400894165,0
1205549501,040766055,0.09893886744976044,0.6666666666666666
1205677984,953417034,0.27927762269973755,0.3333333333333333
1205677984,041308700,0.17402060329914093,0
1205677984,040599795,0.16548477113246918,0.3333333333333333
1205884963,042731275,0.6999605894088745,0.6666666666666666
1205884963,042118557,0.15015774965286255,0.6666666666666666
1205884963,040735869,0.09946560114622116,0.3333333333333333
1206077565,040223493,0.5445593595504761,0.6666666666666666
1206077565,040329038,0.17497411370277405,0.3333333333333333
1206077565,041156455,0.044729191809892654,0
1206077565,040306445,0.02546335570514202,0.3333333333333333
1206096276,040045412,0.17771151661872864,0
1206344245,040459772,0.5058841705322266,1
1206344245,041243064,0.09397277981042862,0.6666666666666666
1206344245,942376986,0.07097983360290527,0
1206352876,123561949,0.6421492695808411,0
1206352876,04045956X,0.06690646708011627,0.6666666666666666
1206352876,040465179,0.06460647284984589,0
1206352876,040785416,0.05794213339686394,0.3333333333333333
1206352876,041303067,0.05554768443107605,0
1206416076,041414543,0.3496471345424652,0.6666666666666666
1206416076,981714250,0.12779204547405243,0.6666666666666666
1206416076,994520042,0.09621402621269226,0.6666666666666666
1206537078,04187692X,0.31918901205062866,0
1206537078,041371763,0.3044939935207367,0.3333333333333333
1206588888,041765877,0.1871020793914795,0.3333333333333333
1206588888,040178943,0.10230063647031784,0.3333333333333333
120660400X,118834312,0.34171196818351746,0.6666666666666666
120660400X,040776247,0.15425728261470795,0.3333333333333333
120660400X,040762297,0.0840199664235115,0
1206635711,041392086,0.15160518884658813,0.6666666666666666
1206635711,040477460,0.13376332819461823,0
1206635711,040197026,0.0862819254398346,0.6666666666666666
1206731095,040653528,0.13268110156059265,0.6666666666666666
1206731095,040156028,0.12147004902362823,0.3333333333333333
1206731095,041383478,0.1200462058186531,0
1206731095,040264866,0.11043459177017212,0.3333333333333333
1206746947,948942304,0.37822040915489197,0.6666666666666666
1206746947,1124028595,0.11926253139972687,1
1206746947,1041888279,0.11017470806837082,0.6666666666666666
1206785667,040564223,0.35103583335876465,0.6666666666666666
1206785667,040563669,0.11191034317016602,0.3333333333333333
1206987286,040563669,0.23119224607944489,0.3333333333333333
1206987286,040398277,0.13965654373168945,0.6666666666666666
1206987286,040564207,0.08475739508867264,0.3333333333333333
1206987286,951652915,0.005432850681245327,0
1207152633,04132367X,0.5922544002532959,0
1207152633,040656543,0.4421031177043915,0
1207152633,040176045,0.2535122036933899,0.6666666666666666
1207187755,040600874,0.550910234451294,0.3333333333333333
1207187755,040155579,0.16711659729480743,0
1207187755,041408446,0.14368824660778046,0.3333333333333333
1207187755,041172302,0.135282501578331,0
1207187755,040517527,0.10014305263757706,0
1207236926,118594869,0.1544792652130127,0
1207236926,040687546,0.13064393401145935,0.3333333333333333
1207236926,040457915,0.12485901266336441,0.6666666666666666
1207236926,040220478,0.06707827746868134,0.3333333333333333
1207392995,041795172,0.2655831277370453,0
1207392995,042045304,0.17505957186222076,0.6666666666666666
1207542938,041127323,0.12125510722398758,0
1207542938,040538818,0.10858847945928574,0
120757452X,040475409,0.2503480315208435,0.3333333333333333
120757452X,041760077,0.1533738076686859,0.3333333333333333
120757452X,040439240,0.14145419001579285,0.3333333333333333
120757452X,040146677,0.07295382022857666,0.6666666666666666
120757452X,040260348,0.013226797804236412,0
1208033107,041659538,0.3131384551525116,0.6666666666666666
1208033107,04123006X,0.10976219177246094,0.6666666666666666
1208033107,041281004,0.09397277981042862,0.6666666666666666
1208164112,040783154,0.3305908441543579,0.6666666666666666
1208164112,040257835,0.2904566526412964,1
1208164112,041665015,0.16181209683418274,0.3333333333333333
1208164112,04122308X,0.06598298996686935,0.6666666666666666
1208164112,041566319,0.010910408571362495,0
1208164309,041213130,0.13950076699256897,0.6666666666666666
1208164309,040426769,0.10255516320466995,0.6666666666666666
1208164309,040382435,0.09077125042676926,0.3333333333333333
1208393146,040389367,0.209872767329216,0
1208393146,041317084,0.2068224549293518,0
1208393146,040457915,0.18662399053573608,0.6666666666666666
1208657267,040459454,0.4479898512363434,0.6666666666666666
1208657267,04129954X,0.25400787591934204,0.3333333333333333
1208657267,041974875,0.2331860214471817,0
1208657267,040474879,0.09424889087677002,0.6666666666666666
1208691260,040489469,0.589880108833313,0.6666666666666666
1208691260,041291085,0.2759040296077728,0
1208691260,041716787,0.2756228446960449,0
1208691260,040475387,0.10009878128767014,0.6666666666666666
1208691260,040566560,0.096870057284832,0
1208937006,041526945,0.7208132147789001,0.6666666666666666
1208937006,040151867,0.17677947878837585,0.6666666666666666
1208937006,040376214,0.12906527519226074,0.3333333333333333
1208937006,040147150,0.10871529579162598,0.6666666666666666
1209058251,041309316,0.6864625215530396,0.6666666666666666
1209058251,959384065,0.6818866729736328,0.6666666666666666
1209058251,042023513,0.3965437114238739,0.6666666666666666
1209058251,040275566,0.17542564868927002,0.3333333333333333
1209159759,040004643,0.2904566526412964,0.6666666666666666
1209159759,041215648,0.19438515603542328,0
1209159759,040285863,0.08908350020647049,0.3333333333333333
1209159759,040738027,0.05499724671244621,0.6666666666666666
1209257122,04026887X,0.25751373171806335,0.6666666666666666
1209257122,040664937,0.10724083334207535,0.6666666666666666
1209268558,040302709,0.1270771473646164,0.6666666666666666
1209268558,040694917,0.1122204065322876,0.3333333333333333
1209268558,040067777,0.09571605920791626,0
1209268558,040763889,0.056873030960559845,1
1209332620,041231767,0.36976659297943115,0.6666666666666666
1209332620,040350932,0.17031340301036835,0.3333333333333333
1209332620,040777049,0.0991574376821518,0.6666666666666666
1209472783,040739317,0.12756983935832977,1
1209472783,040072754,0.10871529579162598,0.6666666666666666
1209472783,040783154,0.10657718777656555,0.6666666666666666
1209472783,040132188,0.09998630732297897,0.6666666666666666
1209474573,042020220,0.524398148059845,0
1209474573,041206320,0.06101313978433609,0.3333333333333333
1209520915,04112510X,0.14040857553482056,0.3333333333333333
1209520915,041406680,0.059532083570957184,0.3333333333333333
1209676222,040027678,0.16467903554439545,0.3333333333333333
1209676222,040207544,0.09540756046772003,0.3333333333333333
1209795043,041464095,0.11857299506664276,0
1209795043,040375897,0.11000018566846848,0
1209795043,961739223,0.055315930396318436,0
1210038463,040783154,0.10657718777656555,0.3333333333333333
1210038463,040328449,0.04356756433844566,0.3333333333333333
1210038463,040146634,0.02606228180229664,0.3333333333333333
1210245132,040775135,0.5992915034294128,0.3333333333333333
1210245132,040350886,0.089989572763443,0.3333333333333333
1210328518,004896998,0.182967871427536,0
1210426285,042349877,0.22620539367198944,0.6666666666666666
1210426285,040066509,0.10853439569473267,0.3333333333333333
1210484803,04011144X,0.14548128843307495,0
1210484803,040111687,0.0786493569612503,0
1210484803,97221559X,0.07401501387357712,0.6666666666666666
1210643979,041461312,0.6231642961502075,0
1210643979,042033934,0.14581488072872162,0
1210643979,04066399X,0.059408314526081085,0.3333333333333333
1210644142,041370708,0.4127757251262665,0.6666666666666666
1210644142,042147085,0.21641699969768524,0
1210644142,040348733,0.15857365727424622,0.3333333333333333
1210647826,1026941148,0.16562287509441376,0.6666666666666666
1210647826,041824946,0.08827944099903107,0.3333333333333333
1210647826,940075199,0.060761258006095886,0.6666666666666666
1210647826,041373863,0.036113809794187546,0.3333333333333333
1210652838,040372782,0.5506998300552368,0
1210652838,04113446X,0.10871529579162598,0
1210652838,041555759,0.06917426735162735,0.3333333333333333
1210690705,040323935,0.600801408290863,0.6666666666666666
1210690705,040354083,0.2304137796163559,0.3333333333333333
1210690705,040403858,0.20742693543434143,0.3333333333333333
1210690705,041451457,0.16026616096496582,0.6666666666666666
1210690705,040564150,0.12004970014095306,0.3333333333333333
1210947420,040654680,0.4479433298110962,0.6666666666666666
1210947420,04066466X,0.3062889873981476,0.6666666666666666
1210947420,042763924,0.1541406810283661,0
1210947420,041779665,0.1310497671365738,0.6666666666666666
1211094758,041157168,0.13256891071796417,0.6666666666666666
1211094758,953521656,0.11285673826932907,0
1211094758,041134508,0.0814770832657814,0.3333333333333333
1211094758,040382435,0.06240936741232872,0.3333333333333333
1211094758,940431181,0.05764426290988922,0.3333333333333333
1211099032,041172043,0.3002312481403351,0
1211099032,040018334,0.1911330223083496,0.6666666666666666
1211099032,040246655,0.09955146908760071,0.3333333333333333
1211099032,041423216,0.09903068095445633,0.3333333333333333
1211238393,040547906,0.31452712416648865,0
1211238393,040557642,0.17759498953819275,0
1211238393,040437744,0.029345542192459106,0.3333333333333333
1211265528,041164180,0.3609406352043152,0
1211265528,041218574,0.18973563611507416,0.6666666666666666
1211265528,040484769,0.11415351182222366,0
1211265528,040630048,0.08597669750452042,0.3333333333333333
1211734609,04045956X,0.31535840034484863,0.6666666666666666
1211734609,040068048,0.23318545520305634,0.6666666666666666
1211734609,041822153,0.22881950438022614,0.6666666666666666
1211734609,040493636,0.18990552425384521,0.6666666666666666
1211793745,04120509X,0.3470184803009033,0
1211793745,040066673,0.058888502418994904,0.3333333333333333
1211793745,042718090,0.05726064369082451,0
1211793745,04053474X,0.053026240319013596,0.6666666666666666
1211796515,041176227,0.16142651438713074,0
1211796515,04072560X,0.1379886418581009,0
1211796515,040066673,0.12659621238708496,0.3333333333333333
1211796515,04160198X,0.10090567916631699,0.3333333333333333
1211836649,040348733,0.6205870509147644,0.3333333333333333
1211836649,041408446,0.11707758158445358,0
1211836649,041670329,0.11562436819076538,0
1211836649,040349012,0.06139259785413742,0
1211836649,979537312,0.037957340478897095,0
1212099117,041762266,0.07478100061416626,0
1212099117,042319137,0.06230946630239487,0.3333333333333333
1212099117,040477460,0.03506553918123245,0.6666666666666666
121244020X,040557626,0.07205331325531006,0.6666666666666666
121244020X,040559165,0.06310802698135376,0
121244020X,1233809237,0.04285816103219986,0.6666666666666666
121244020X,041698320,0.03428836539387703,0
1212440358,040163970,0.4766700863838196,0.3333333333333333
1212440358,040348644,0.25138530135154724,1
1212440358,041126289,0.09571605920791626,0.6666666666666666
1212589157,040122492,0.684958279132843,0.6666666666666666
1212589157,041328140,0.21073473989963531,0.3333333333333333
1212604768,040305503,0.2759040296077728,0.6666666666666666
1212604768,040288595,0.11104074865579605,0.6666666666666666
1212604768,040564207,0.08475739508867264,0.3333333333333333
1212604768,040563669,0.04356756433844566,0.3333333333333333
1212628020,041423526,0.1642232984304428,0.3333333333333333
1212628020,040763889,0.16240374743938446,0.3333333333333333
1212628020,040270076,0.1549864560365677,0.6666666666666666
1212628020,040357112,0.13665910065174103,0
1212631188,042001722,0.19387970864772797,0
1212631188,040688119,0.17497411370277405,0.3333333333333333
1212631188,040714977,0.13880369067192078,0.3333333333333333
1212631188,040477045,0.09161007404327393,0.3333333333333333
121269869X,040115364,0.4120924472808838,0.3333333333333333
121269869X,957562705,0.152395099401474,0.3333333333333333
121269869X,041303032,0.14977310597896576,0.6666666666666666
121269869X,041368118,0.12350752204656601,0
121269869X,004802349,0.1080278754234314,0
121269869X,040028518,0.10657718777656555,0.3333333333333333
1212858263,04036237X,0.19697774946689606,0.6666666666666666
1212858263,040212165,0.16055329144001007,0.6666666666666666
1212858263,040717763,0.06481226533651352,0.6666666666666666
1213025257,042056322,0.22449299693107605,0.6666666666666666
1213025257,040052710,0.049719080328941345,0
1213137403,957319304,0.24595637619495392,0.6666666666666666
1213137403,04066466X,0.1770498901605606,0.6666666666666666
1213137403,040654680,0.12041234970092773,0.6666666666666666
1213239265,040413160,0.3650979995727539,0.6666666666666666
1213239265,040432718,0.26687368750572205,0.6666666666666666
1213239265,040465144,0.2410629540681839,0.6666666666666666
1213245486,041356756,0.17534282803535461,0.6666666666666666
1213245486,041448634,0.11707758158445358,0.6666666666666666
1213445981,040582167,0.5172986388206482,0.6666666666666666
1213445981,040776247,0.08348143845796585,0
1213445981,040581977,0.07142721861600876,0.6666666666666666
1213511224,040782484,0.3062889873981476,0
1213511224,040443027,0.1726064831018448,0
1213511224,040775135,0.09874261170625687,0.6666666666666666
1213511224,041644735,0.07290409505367279,0
1213513227,042763924,0.21825799345970154,0
1213513227,041215176,0.1267990916967392,0
1213513227,040118827,0.08891619741916656,0.3333333333333333
1213514835,041229266,0.09530246257781982,0.3333333333333333
1213526817,040154289,0.5912794470787048,0.6666666666666666
1213526817,041386167,0.05053061619400978,0.6666666666666666
1213527066,040154289,0.3062889873981476,0.6666666666666666
1213527066,041384458,0.1310800313949585,0.6666666666666666
1213527066,040176045,0.0749044120311737,0
1213811309,040346102,0.5034615397453308,0.6666666666666666
1213811309,041491904,0.3897094130516052,0.6666666666666666
1213811309,041851242,0.19719132781028748,0.6666666666666666
1213811309,041348818,0.15482737123966217,0.3333333333333333
1213811309,040169219,0.14794513583183289,0.3333333333333333
1213811945,040462595,0.13926780223846436,0.6666666666666666
1213811945,040462498,0.1347407102584839,0.6666666666666666
1213811945,04045956X,0.13118673861026764,0.3333333333333333
1213811945,041308034,0.09874261170625687,0.3333333333333333
1213811945,042755379,0.027817627415060997,0
1214058019,041404599,0.6231642961502075,0
1214058019,040399834,0.15852844715118408,0.3333333333333333
1214058019,042618789,0.11867784708738327,0
1214058019,041503384,0.1185152530670166,0
1214060803,041285409,0.48828378319740295,0
1214060803,040465179,0.06460647284984589,0.6666666666666666
1214060803,952319721,0.05947386100888252,0
1214060803,040118894,0.055074844509363174,0.6666666666666666
1214179940,950504408,0.29826951026916504,0.6666666666666666
1214179940,040573109,0.29043692350387573,0.6666666666666666
1214179940,04060294X,0.18538914620876312,0.6666666666666666
1214246028,040189686,0.5384498834609985,0.6666666666666666
1214246028,041634454,0.07124261558055878,0.3333333333333333
1214246028,040264823,0.06653115898370743,0.3333333333333333
1214643558,041823389,0.38701003789901733,0.6666666666666666
1214643558,041259882,0.3868700861930847,0.3333333333333333
1214643558,040229939,0.2203499972820282,0.6666666666666666
1214643558,04045956X,0.14457841217517853,0.3333333333333333
121481381X,967371759,0.12722653150558472,0
1215037015,040166988,0.7229193449020386,0.6666666666666666
1215037015,04045956X,0.27523860335350037,0.3333333333333333
1215037015,946580332,0.20200280845165253,0
1215037015,040479846,0.1471554934978485,0.6666666666666666
1215037015,041172027,0.14691321551799774,0.3333333333333333
1215037090,040455807,0.2759040296077728,0.3333333333333333
1215037090,040078426,0.17878206074237823,0
1215037090,041363914,0.06982191652059555,0.3333333333333333
1215099576,040354083,0.18247008323669434,0.3333333333333333
1215099576,040786374,0.09478207677602768,0
1215150229,96554351X,0.4601319134235382,0.6666666666666666
1215150229,955915252,0.3318031132221222,0.3333333333333333
1215150229,040479897,0.16086150705814362,0.3333333333333333
121515982X,040269248,0.5548915863037109,0.3333333333333333
121515982X,04187126X,0.4762020707130432,0
121515982X,040136302,0.08125541359186172,0.3333333333333333
121515982X,041239164,0.05391380563378334,0.6666666666666666
1215169329,041293150,0.26185059547424316,0.6666666666666666
1215169329,040068048,0.14502815902233124,1
1215169329,040452425,0.03969961032271385,0.3333333333333333
1215169329,040205177,0.02764100208878517,1
1215293178,042082447,0.5818832516670227,0.6666666666666666
1215293178,040763889,0.1522819697856903,0.6666666666666666
1215293178,04063597X,0.14704319834709167,0
1215293178,040399834,0.08850512653589249,0.3333333333333333
1215322194,964162512,0.17653831839561462,0.6666666666666666
1215322194,040335690,0.1671610027551651,0.6666666666666666
1215322194,040581675,0.07205331325531006,0.3333333333333333
1215336896,040457915,0.4011206030845642,0.6666666666666666
1215336896,040114503,0.1280030906200409,0.3333333333333333
1215336896,042221269,0.0893087089061737,0.3333333333333333
1215365292,041531744,0.5715374946594238,0
1215365292,041550463,0.06481226533651352,0.6666666666666666
1215365292,041176650,0.055166829377412796,0.6666666666666666
1215365292,042490634,0.03284943103790283,0.3333333333333333
1215736940,040168255,0.2835002541542053,0.6666666666666666
1215736940,041660242,0.1450435072183609,0.3333333333333333
1215736940,041134184,0.09661698341369629,0.3333333333333333
1215736940,041451287,0.09148501604795456,0
1215736940,041143337,0.07858718186616898,0.3333333333333333
1215905122,040063402,0.21658053994178772,0.3333333333333333
1215905122,041451864,0.1597415804862976,0.3333333333333333
1215905122,041585739,0.1546979695558548,0
1215905122,041672712,0.10982007533311844,0
1215905122,041326083,0.07121101766824722,0
1216038546,041738616,0.11812108755111694,0.3333333333333333
1216038546,041326660,0.09888916462659836,0.3333333333333333
1216038546,040595498,0.03133587911725044,0.3333333333333333
1216038546,957127588,0.006745586637407541,0
1216245517,118559796,0.5316668152809143,0.6666666666666666
1216245517,040457915,0.4588390290737152,0.6666666666666666
1216245517,943373409,0.14035995304584503,0
121625785X,040537242,0.3147611916065216,0.3333333333333333
121625785X,040783154,0.22028370201587677,0.6666666666666666
121625785X,04016957X,0.1433255821466446,0.6666666666666666
1216332959,040018954,0.1532157063484192,0.3333333333333333
1216332959,04006851X,0.12591059505939484,0.3333333333333333
1216332959,04058724X,0.09706408530473709,0.3333333333333333
1216418470,040701778,0.10159888863563538,0.3333333333333333
1216418470,004492862,0.06734270602464676,0
1216564248,040665712,0.5413949489593506,0.6666666666666666
1216564248,04269003X,0.4185450077056885,0.3333333333333333
1216564248,04067889X,0.36824721097946167,0.3333333333333333
1216564248,041164180,0.11006790399551392,0
1216564248,040487806,0.015281341969966888,0
1216638306,040786412,0.10014305263757706,0
1216638306,1071012568,0.08355239033699036,0
1216638306,040494225,0.05464582517743111,0.6666666666666666
1216639477,041460200,0.13061539828777313,0
1216639477,040783154,0.11142285913228989,0.6666666666666666
1216639477,040764184,0.08850512653589249,0.3333333333333333
1216639477,04124897X,0.08762048929929733,0.6666666666666666
1216639477,040455033,0.07708882540464401,1
1216640556,041264576,0.08640646189451218,0.3333333333333333
1216640556,941482995,0.08640646189451218,0.6666666666666666
1216640556,041408446,0.05519070848822594,0.6666666666666666
1216703019,040126242,0.3824656009674072,0
1216703019,040765709,0.1714576780796051,0
1216703019,040164195,0.11104074865579605,0
1216703019,041874412,0.02875662036240101,0.6666666666666666
121670855X,041603907,0.19925671815872192,0
121670855X,040408698,0.09938140958547592,0.3333333333333333
121670855X,041278178,0.08928222954273224,0.6666666666666666
121670855X,040477045,0.06765750795602798,0.3333333333333333
1216709912,04059758X,0.09178853780031204,0.6666666666666666
1216709912,041532678,0.07018079608678818,0
1216710295,042946115,0.09745071083307266,0.6666666666666666
1216710295,040158330,0.060591913759708405,0.6666666666666666
1216710295,040154289,0.05449766293168068,0.6666666666666666
1216815267,040485072,0.5897384881973267,0.6666666666666666
1216815267,040457915,0.3557595908641815,0.6666666666666666
1216815267,040718670,0.08913400024175644,0.3333333333333333
1217194991,004088115,0.5903745889663696,0.3333333333333333
1217194991,040336379,0.11047687381505966,0.3333333333333333
1217194991,041143337,0.10018597543239594,0.6666666666666666
1217197850,040085287,0.652549147605896,1
1217197850,945479395,0.05297556519508362,0
1217197850,040737810,0.05032792314887047,0.3333333333333333
1217197850,040382435,0.05021556839346886,0.3333333333333333
1217197850,040031152,0.031074104830622673,0.3333333333333333
1217407456,041588630,0.2759822607040405,0.6666666666666666
1217407456,040399834,0.13039101660251617,0.3333333333333333
1217407456,04006851X,0.127264142036438,0
1217407456,043163572,0.11843255162239075,0.3333333333333333
1217778403,007586183,0.4327757656574249,0
1217778403,118529358,0.22426050901412964,0.6666666666666666
1217778403,118974580,0.10704854875802994,0
1217778403,040382435,0.09077125042676926,0.3333333333333333
1217899790,041142489,0.16439107060432434,0.6666666666666666
1217899790,952816024,0.0452544204890728,0.6666666666666666
1217938427,948282207,0.07965583354234695,0.6666666666666666
1218038608,042040272,0.13630156219005585,0
1218038608,040708152,0.13226445019245148,0
1218038608,040135853,0.09938140958547592,0
1218038608,04121434X,0.09469085931777954,0
1218038608,968337562,0.06796480715274811,0
1218075600,041441982,0.33558985590934753,0
1218075600,04128805X,0.20913584530353546,1
1218075600,040598446,0.1963687390089035,0.6666666666666666
1218075600,041343417,0.1597006767988205,0.6666666666666666
1218075600,040592057,0.10018597543239594,0.3333333333333333
1218076224,041165802,0.09874261170625687,0.3333333333333333
1218076224,040777448,0.07776907831430435,0.3333333333333333
1218396474,040457915,0.11768963187932968,0
1218396474,040762297,0.08640646189451218,0
1218396474,040245969,0.08480790257453918,0.6666666666666666
1218466359,041406443,0.1416231393814087,0.6666666666666666
1218466359,041873572,0.10779830813407898,0.3333333333333333
1218466359,041172205,0.10027002543210983,0.6666666666666666
1218466359,042742374,0.07327181100845337,0.6666666666666666
1218530030,040189686,0.4638981819152832,0.6666666666666666
1218530030,004222695,0.07164178043603897,0.6666666666666666
1218530030,04066399X,0.059408314526081085,0.3333333333333333
1218530030,943418704,0.03193017467856407,0
1218762454,040477045,0.06710242480039597,0.3333333333333333
1218762454,040205177,0.06183907389640808,0.3333333333333333
1218762454,104207256,0.05996889993548393,0
1218765909,040350932,0.21436013281345367,0.6666666666666666
1218765909,043004008,0.14040960371494293,0.6666666666666666
1218767227,1287078915,0.27737921476364136,0
1218767227,040275035,0.18509504199028015,0
1218767227,040665623,0.1824662685394287,0.3333333333333333
1218767227,1199322490,0.14674149453639984,0
121876998X,040254054,0.3702608644962311,0.6666666666666666
121876998X,041691083,0.16212593019008636,0
121876998X,041389050,0.15250137448310852,0.3333333333333333
121877200X,040152243,0.4962472915649414,0.3333333333333333
121877200X,040544125,0.14040857553482056,0
121877200X,040403645,0.10976219177246094,0
121877200X,043249809,0.08408123254776001,0.6666666666666666
1218782234,041914562,0.2323739379644394,0.6666666666666666
1218782234,040178943,0.1441604197025299,0
1218782234,041671910,0.13669981062412262,0
1218783435,1245660519,0.37834566831588745,0
1218783435,041757785,0.26781758666038513,0.3333333333333333
1218783435,040620050,0.12621846795082092,0.3333333333333333
1218783435,040786374,0.09478207677602768,0.6666666666666666
121886642X,040157016,0.2242441177368164,0.6666666666666666
121886642X,040710130,0.1900685727596283,0.6666666666666666
121886642X,040465144,0.12775000929832458,0.6666666666666666
1218867035,040457915,0.3557595908641815,0.6666666666666666
1218867035,041383478,0.14842386543750763,0
1218872667,040350932,0.6014262437820435,0.6666666666666666
1218872667,040443027,0.05028882622718811,0
1218872667,041229266,0.037870969623327255,0.6666666666666666
1218887141,040382435,0.09181207418441772,0.3333333333333333
1218887141,040760669,0.057461414486169815,1
1219099422,040137767,0.6216029524803162,0.6666666666666666
1219099422,040047040,0.1703132539987564,0.6666666666666666
1219099422,040171825,0.10657718777656555,0.6666666666666666
1219099422,04004811X,0.09323418885469437,0.6666666666666666
1219428914,041384229,0.09550356864929199,0.6666666666666666
1219428914,040205355,0.06448767334222794,0
1219428914,040205312,0.05447004362940788,0
121952980X,042524148,0.15039747953414917,0
121952980X,040628434,0.10201136767864227,0
121952980X,040318834,0.0786493569612503,0
1219582611,041892836,0.49198997020721436,1
1219582611,041281500,0.1707550436258316,0.6666666666666666
1219582611,040351653,0.07204955071210861,0.6666666666666666
1219910457,041291085,0.18578657507896423,0.3333333333333333
1219910457,951694855,0.0949416533112526,0
1219910457,040118827,0.08891619741916656,0.3333333333333333
1219910457,040004643,0.06230946630239487,0.3333333333333333
1219937185,040665054,0.17551682889461517,0.6666666666666666
1219937185,042003482,0.12761975824832916,0.6666666666666666
1219937185,947989234,0.09571605920791626,0.6666666666666666
1219963003,040205886,0.1171133741736412,0.6666666666666666
1219963003,041230655,0.11006790399551392,0.6666666666666666
1219963003,040183262,0.08179178088903427,0.6666666666666666
1219965405,960081070,0.1529962420463562,0.6666666666666666
1219965405,04148259X,0.13713084161281586,0.3333333333333333
122008218X,04045956X,0.2757476270198822,0.6666666666666666
122008218X,943048567,0.1552542895078659,0.3333333333333333
122008218X,040459772,0.11047687381505966,1
1220290084,041822153,0.23086410760879517,0.6666666666666666
1220290084,118529579,0.1763400137424469,0
1220290084,040493636,0.16427527368068695,0.3333333333333333
1220290084,04045956X,0.13137021660804749,0.3333333333333333
1220355933,040408027,0.2983385920524597,0.3333333333333333
1220355933,040776247,0.15425728261470795,0
1220419184,040452697,0.14709001779556274,0.6666666666666666
1220419184,040760006,0.08612940460443497,0.6666666666666666
1220419184,04121465X,0.08612940460443497,0.6666666666666666
1220419184,987610155,0.08399886637926102,0
1220488356,040408027,0.08854931592941284,0.3333333333333333
1220488356,040350932,0.07382235676050186,0.6666666666666666
1220537594,040694224,0.31203338503837585,0.6666666666666666
1220537594,040783154,0.14040857553482056,0.3333333333333333
1220537594,040439240,0.09639942646026611,0.6666666666666666
1220537594,04041888X,0.06707827746868134,0.6666666666666666
1220844063,041691873,0.5350592732429504,0.3333333333333333
1220844063,040305503,0.3016045093536377,0.6666666666666666
1220844063,040310817,0.19103294610977173,0.6666666666666666
1220844063,040746593,0.16855017840862274,0.3333333333333333
1220844063,041953258,0.13551199436187744,0.3333333333333333
1220852465,040189686,0.6079024076461792,0.6666666666666666
1220852465,041281284,0.23033000528812408,0.6666666666666666
1220852465,043105602,0.11235390603542328,0
1220852465,040352544,0.1002010628581047,0.6666666666666666
1220852465,040564428,0.06499400734901428,0.3333333333333333
1221062638,043148484,0.5744556188583374,0.6666666666666666
1221062638,040701778,0.10159888863563538,0
1221062638,040475344,0.10014305263757706,0
1221062638,040178943,0.09692218899726868,0
1221062638,040399834,0.08850512653589249,0.3333333333333333
1221062638,043158277,0.08047674596309662,0
1221062638,040763889,0.07977411895990372,0.6666666666666666
1221269828,041255747,0.25972601771354675,0
1221269828,040359646,0.24843798577785492,0.3333333333333333
1221269828,042381207,0.15684759616851807,0.6666666666666666
1221269828,042007933,0.09473460912704468,0
1221328247,040205177,0.02764100208878517,0
1221405888,040408027,0.1818966120481491,0.3333333333333333
1221405888,041708253,0.1597183346748352,0
1221405888,040408698,0.09938140958547592,0
1221405888,041869966,0.09649412333965302,0.3333333333333333
1221668943,040457915,0.17611326277256012,0.6666666666666666
1221668943,04048680X,0.12779204547405243,0.6666666666666666
1221668943,041397177,0.11283285170793533,0.6666666666666666
1221668943,04056486X,0.0949472039937973,0.6666666666666666
1221801279,040189686,0.25496357679367065,0
1221801279,043092055,0.2038222849369049,0
1221801279,040118827,0.08891619741916656,0
1221801279,040189759,0.07189472019672394,0
1221801279,959623620,0.06863708794116974,0
1221801503,041305280,0.3422534167766571,0.6666666666666666
1221801503,040426696,0.2260148972272873,0.6666666666666666
1221801503,040199029,0.17043600976467133,0.6666666666666666
1221801503,040664937,0.10724083334207535,0.6666666666666666
1222162679,040162788,0.09571605920791626,0.6666666666666666
1222162679,960767053,0.058566100895404816,0
1222162679,956513409,0.05471985042095184,0.3333333333333333
1222270099,04069674X,0.20905685424804688,0.6666666666666666
1222270099,041155467,0.15857365727424622,0.6666666666666666
1222270099,040455157,0.15416081249713898,0.3333333333333333
1222270099,040783154,0.1533738076686859,0.3333333333333333
122227034X,040783154,0.1702587753534317,0.3333333333333333
122227034X,041854829,0.12620095908641815,0.3333333333333333
122227034X,041443837,0.06129102781414986,0.3333333333333333
1222408961,043163572,0.1762561798095703,0.3333333333333333
1222408961,040701778,0.10159888863563538,0.3333333333333333
1222408961,040042960,0.08640646189451218,0.3333333333333333
1222502402,042692032,0.6320949792861938,0.6666666666666666
1222502402,040563669,0.2564713954925537,0.3333333333333333
1222502402,040118827,0.09264963120222092,0.3333333333333333
1222509857,040563669,0.4211411476135254,0.3333333333333333
1222509857,04072560X,0.30714714527130127,0.3333333333333333
1222509857,040066509,0.10575147718191147,0.3333333333333333
1222509857,040352366,0.10027002543210983,0.6666666666666666
1222509857,040582167,0.08672557026147842,0.3333333333333333
1223538281,993195350,0.21245157718658447,0.6666666666666666
1223538281,041702972,0.17234279215335846,0.6666666666666666
1223538281,041346939,0.1700030416250229,0.3333333333333333
1223538281,040473600,0.13376332819461823,0.6666666666666666
1223756432,040455866,0.0818730890750885,0.6666666666666666
1223756432,040511154,0.07294732332229614,1
1223800253,973074388,0.5228075385093689,0
1223800253,040061620,0.1908091902732849,0
1223800253,950251194,0.09187158942222595,0.3333333333333333
122385034X,041276744,0.13330323994159698,0.6666666666666666
122385034X,040665623,0.13118673861026764,0.6666666666666666
1223868443,040744450,0.4638981819152832,0.3333333333333333
1223868443,040153320,0.08319689333438873,1
1223868443,040120317,0.07965583354234695,0.6666666666666666
1223868443,040626768,0.06697539985179901,0.6666666666666666
1223868443,041928776,0.05782034993171692,0.3333333333333333
1223868680,041210050,0.1741485744714737,0.3333333333333333
1223868680,040783154,0.16048787534236908,0.6666666666666666
1223868680,041806077,0.14674149453639984,1
1223874281,967652170,0.3725724220275879,0
1223874281,040382435,0.09540756046772003,0.3333333333333333
1223874281,040704467,0.09478207677602768,0.3333333333333333
1223874281,041461010,0.031506866216659546,0.3333333333333333
1223989240,041305264,0.11907144635915756,0
1224193253,040493962,0.20033831894397736,0.6666666666666666
1224193253,040360342,0.13734276592731476,0
1224193253,041303946,0.135282501578331,0.6666666666666666
1224193253,040494152,0.06478719413280487,0
1224401638,040426769,0.22839319705963135,0.6666666666666666
1224401638,04041888X,0.10657718777656555,0.3333333333333333
1224401638,041798007,0.09473460912704468,0
1224748050,041656172,0.3149937391281128,0
1224748050,040426769,0.10255516320466995,0.3333333333333333
1224748050,04027263X,0.08567244559526443,0.3333333333333333
1224748050,040597989,0.06791158765554428,0.6666666666666666
1224750330,040783154,0.6926113367080688,0.6666666666666666
1224750330,947676724,0.15857365727424622,0.6666666666666666
1224750330,040500713,0.05950533598661423,0
1224750330,040455033,0.05247100070118904,0.3333333333333333
1224786661,041218086,0.4823401868343353,1
1224786661,041207300,0.4232387840747833,0.6666666666666666
1224786661,04071781X,0.21866224706172943,0
1224786661,040558983,0.10731115192174911,0.6666666666666666
1224786661,040557367,0.10082411766052246,1
1224970381,040266567,0.4927097260951996,1
1224970381,040783154,0.3305908441543579,0.6666666666666666
1224970381,041699165,0.05400459095835686,1
1225068193,04053474X,0.30329427123069763,0.6666666666666666
1225068193,040144577,0.12229868769645691,0.6666666666666666
1225291933,119023067,0.2892543375492096,0
1225291933,040589005,0.2343587726354599,0.6666666666666666
1225291933,040118827,0.09270945191383362,0.3333333333333333
1225291933,040039390,0.055074844509363174,0
1225401089,101099963X,0.158738374710083,0
1225401089,040098532,0.11047687381505966,0.6666666666666666
1225401089,04029921X,0.06899947673082352,0.3333333333333333
1225401089,041476360,0.06517277657985687,0.6666666666666666
1225478553,040028275,0.5416393280029297,0.3333333333333333
1225478553,040402894,0.20341439545154572,0.3333333333333333
1225478553,040335976,0.09745071083307266,0.3333333333333333
1225478553,041406966,0.079099141061306,0
1225478553,04124897X,0.06501206010580063,0
1225478553,041431146,0.05519070848822594,0
1225654106,04046699X,0.5751886963844299,0.6666666666666666
1225654106,040666476,0.09649412333965302,0.6666666666666666
1225654106,943033039,0.07473547756671906,0
1225860431,041356489,0.2499135434627533,0.6666666666666666
1225860431,040382702,0.037957340478897095,0.3333333333333333
1225860431,041968646,0.018601063638925552,0
1225932483,040643026,0.089466392993927,1
1225932483,040487377,0.08348143845796585,0
1225932483,040465144,0.08032970130443573,0
1225932483,951591916,0.07492024451494217,1
1225937817,042947510,0.34171196818351746,0.3333333333333333
1225937817,041506235,0.23442906141281128,0.6666666666666666
1225939275,041574206,0.46368250250816345,0
1226093590,946996768,0.6926113367080688,0
1226093590,041309316,0.2015199214220047,1
1226093590,041632583,0.08988219499588013,0.6666666666666666
1226093590,040592200,0.08318966627120972,0
1226222048,040067777,0.12080167979001999,0.3333333333333333
1226222048,040399834,0.08850512653589249,0.3333333333333333
1226222048,040763889,0.0884862169623375,0.3333333333333333
1226222048,1081522143,0.08557672053575516,0
1226662331,041808436,0.5506566762924194,0.6666666666666666
1226662331,040403645,0.24595637619495392,0.6666666666666666
1226662331,040477045,0.18085864186286926,0.6666666666666666
1226665195,04053474X,0.2499743402004242,0.6666666666666666
1226665195,040144577,0.12229868769645691,0.6666666666666666
1226758002,041259092,0.19323815405368805,0.6666666666666666
1226758002,041313364,0.17103378474712372,0.3333333333333333
1226758002,041431146,0.13953742384910583,0.6666666666666666
1226758002,1308455038,0.1210777685046196,0
1226758002,041269764,0.09408647567033768,0
1226784895,118595741,0.19925671815872192,0
1226784895,004691792,0.11047687381505966,0.6666666666666666
1226784895,041546806,0.09946560114622116,0.6666666666666666
1226888690,041887379,0.2003481239080429,0
1226888690,041808444,0.17599406838417053,0.6666666666666666
1226888690,042631106,0.16176636517047882,0
1226888690,040714616,0.14497829973697662,0
1226888690,040252264,0.11047687381505966,0.3333333333333333
1226902294,958507813,0.7331086993217468,0.6666666666666666
1226902294,043274706,0.10374809801578522,0.6666666666666666
1226902294,040641155,0.08267847448587418,0.6666666666666666
1226902294,041281608,0.06608515977859497,0
1226985238,040601439,0.5261109471321106,0.6666666666666666
1226985238,100936412X,0.5066556930541992,0.6666666666666666
1226985238,040179826,0.16898852586746216,0.6666666666666666
1226985238,04197011X,0.14932475984096527,0
1226994776,041942604,0.11707758158445358,0.3333333333333333
1226994776,040794547,0.052610885351896286,0.6666666666666666
1226994776,040783154,0.032701924443244934,0.6666666666666666
122703928X,968634753,0.644931435585022,0
122703928X,04062174X,0.25285741686820984,0.3333333333333333
122703928X,040731367,0.12096397578716278,0
122703928X,040118827,0.08891619741916656,0.6666666666666666
1227054971,04045956X,0.357898473739624,0.6666666666666666
1227054971,040459772,0.17602938413619995,1
1227054971,041143965,0.1389973908662796,0.6666666666666666
1227188048,041143353,0.16467903554439545,0.3333333333333333
1227188048,04033676X,0.15830743312835693,0.3333333333333333
1227188048,041156439,0.15474094450473785,0.6666666666666666
1227241860,040616444,0.31260108947753906,0.6666666666666666
1227241860,040098168,0.0674780085682869,0
1227311141,041525469,0.5156524181365967,0.6666666666666666
1227311141,041363396,0.192194864153862,0.6666666666666666
1227311141,043274706,0.1525481641292572,0.6666666666666666
1227312253,040141020,0.06088637933135033,0
1227312253,963628003,0.037957340478897095,0
1227447310,041535723,0.5707151889801025,0.6666666666666666
1227447310,946426457,0.4529236853122711,0.3333333333333333
1227447310,041915690,0.16473393142223358,0.3333333333333333
1227447310,041280067,0.15841366350650787,0.6666666666666666
1227447310,040550729,0.10655906796455383,0.6666666666666666
122770352X,041176227,0.1712428778409958,0
122770352X,041602218,0.16086150705814362,0.3333333333333333
122770352X,040066673,0.12659621238708496,0
1227704046,040538818,0.3825187683105469,1
1227704046,04053524X,0.1690330058336258,0.6666666666666666
1227704046,040066673,0.07965583354234695,0.3333333333333333
1227704089,040694674,0.3070370852947235,0.3333333333333333
1227704089,040066509,0.2924600839614868,0.3333333333333333
1227704089,967279453,0.19103294610977173,0.6666666666666666
1227704089,040066673,0.12659621238708496,0.3333333333333333
1227832508,040432076,0.10189589112997055,0.3333333333333333
1227832508,041396553,0.08617732673883438,0.3333333333333333
1227839227,040205177,0.6343981027603149,0.3333333333333333
1227839227,041876768,0.4992627203464508,0.3333333333333333
1227839227,040245969,0.3839375376701355,0.3333333333333333
1227840616,040264823,0.6869102716445923,0.3333333333333333
1227840616,040036987,0.2676639258861542,0.3333333333333333
1227840616,040457915,0.11768963187932968,0
1227840616,040544389,0.11047687381505966,0
1227840616,040776247,0.06141243129968643,0
1227987242,041760743,0.17686133086681366,0.6666666666666666
1227987242,949849634,0.1143546849489212,0.6666666666666666
1227987242,042190576,0.05536439269781113,0.6666666666666666
1228059748,040628019,0.5115641355514526,0.3333333333333333
1228059748,040027694,0.4673593044281006,0
1228059748,040297888,0.45905572175979614,0.3333333333333333
1228059748,943835720,0.268576443195343,0
1228269211,041512782,0.4893403947353363,0.3333333333333333
1228269211,041204786,0.018656594678759575,0
1228269300,040725405,0.4154900312423706,0.6666666666666666
1228269300,04004176X,0.397114634513855,0.6666666666666666
1228269300,943836476,0.17546632885932922,0.6666666666666666
1228269300,040205177,0.04834034666419029,0.3333333333333333
1228269300,040677923,0.027593623846769333,0
1228333750,983526508,0.3365188241004944,0.6666666666666666
1228333750,040573796,0.20683059096336365,1
1228333750,04061655X,0.17677947878837585,0.6666666666666666
1228333750,94618058X,0.17043600976467133,1
1228333750,040694917,0.10975131392478943,0.6666666666666666
1228692890,04053474X,0.21956086158752441,0
1228692890,041674057,0.11344055831432343,0.3333333333333333
1228788103,04006851X,0.2656286954879761,0.6666666666666666
1228788103,041127749,0.031265683472156525,0.6666666666666666
1228788103,040687546,0.01492971833795309,0.6666666666666666
1228788448,004691792,0.16496190428733826,0.3333333333333333
1228788448,040300056,0.10173116624355316,0.6666666666666666
1228788448,040136302,0.08125541359186172,0
1229087605,040098168,0.18383042514324188,0.3333333333333333
1229087605,042932300,0.1744367629289627,0.3333333333333333
1229191887,040747255,0.3424276113510132,0.6666666666666666
1229191887,040118827,0.08891619741916656,0.6666666666666666
1229575081,1072179776,0.17159126698970795,1
1229575081,04123037X,0.1277594268321991,0.3333333333333333
1229575081,040362108,0.08203497529029846,0
1230103554,04122308X,0.16346383094787598,0.3333333333333333
1230103554,040783154,0.16048787534236908,0.6666666666666666
1230103554,04003593X,0.1118021011352539,0.6666666666666666
123013588X,041155912,0.12191292643547058,0.3333333333333333
123013588X,040465950,0.10724083334207535,0.6666666666666666
123013588X,040547906,0.09832997620105743,0.6666666666666666
123013588X,040487377,0.06591053307056427,0
1230407278,041286367,0.22742824256420135,0.6666666666666666
1230407278,964381699,0.1122204065322876,0.6666666666666666
1230754792,040724662,0.1471554934978485,0.6666666666666666
1230755403,040443027,0.6060335040092468,0.6666666666666666
1230755403,040665712,0.390228807926178,0.6666666666666666
1230755403,041164180,0.11006790399551392,0
1230755403,040582167,0.08672557026147842,0
1230755403,041386612,0.056926943361759186,0
123075573X,980187729,0.019793307408690453,0
1230755837,041961080,0.0920918881893158,0
1230755837,041579879,0.03571776673197746,0
1230755837,041678389,0.03203476220369339,0
1230755837,041291085,0.025815600529313087,0
1230755837,118622110,0.0169379860162735,0
1230756124,040216624,0.18867914378643036,0.6666666666666666
1230756124,040531694,0.17043600976467133,0.3333333333333333
1230789510,1011207400,0.35702523589134216,0
1230789510,040372782,0.22413061559200287,0
1230789510,041555732,0.20200280845165253,0.3333333333333333
1230938427,040563669,0.1688094288110733,0.6666666666666666
1230938427,040154823,0.1283753365278244,0.3333333333333333
1230938427,040288927,0.10871529579162598,0.3333333333333333
1230938427,040558649,0.08672557026147842,0.6666666666666666
1230938427,040154939,0.08640646189451218,0.6666666666666666
1231081287,04031748X,0.10830768942832947,0.6666666666666666
1231081287,1250716667,0.08183252066373825,0
1231274913,04191824X,0.11321815103292465,0
1231274913,104207256,0.04701476916670799,0
1231274913,004736060,0.04288221895694733,0
1231274913,118531751,0.0038374876603484154,0
123136257X,040550729,0.24497731029987335,1
123136257X,040212629,0.12547297775745392,0.6666666666666666
123136257X,04046699X,0.05758485570549965,0.6666666666666666
123143578X,041953517,0.14597278833389282,0.6666666666666666
123143578X,040163202,0.12987041473388672,0.6666666666666666
123143578X,943571987,0.07786312699317932,0.6666666666666666
1231527188,043081592,0.126288503408432,0.3333333333333333
1231527188,040443027,0.11828826367855072,0
1231791128,04059758X,0.13078206777572632,0.6666666666666666
1231791128,040494268,0.09540610015392303,0
1231791500,040872955,0.3679681420326233,0
1231791500,040407950,0.2602704167366028,0.6666666666666666
1231791500,004647440,0.1538340151309967,0
1231791500,040118827,0.08891619741916656,0.3333333333333333
1231791640,04129954X,0.6041318774223328,0.3333333333333333
1231791640,040213919,0.34465712308883667,1
1231791640,041873459,0.32327282428741455,1
1232403938,041642554,0.3846615254878998,0
1232403938,1031114947,0.17711082100868225,0
1232403938,041219325,0.17159126698970795,0
1232403938,040178943,0.16496233642101288,0.6666666666666666
1232403938,040124789,0.16086150705814362,0.3333333333333333
1232488097,042763924,0.5336852669715881,0
1232488097,040372782,0.3774060904979706,0.3333333333333333
1232488097,1009502425,0.1860886961221695,0.3333333333333333
123291682X,041243277,0.5451922416687012,0.3333333333333333
123291682X,041703022,0.3401598036289215,0
123291682X,040352544,0.11938860267400742,0.3333333333333333
123291682X,040481557,0.09215784817934036,0.3333333333333333
123291682X,961410213,0.03796592354774475,0.3333333333333333
1233018388,040269248,0.3813984990119934,0.6666666666666666
1233018388,041912233,0.09745071083307266,0.6666666666666666
1233018388,1069611670,0.03934238478541374,0.3333333333333333
1233109995,041702972,0.41462063789367676,0.6666666666666666
1233109995,949009121,0.134780153632164,0
1233200615,041810147,0.3634874224662781,0.6666666666666666
1233200615,040268799,0.06182662025094032,0.6666666666666666
1233200615,04171444X,0.06110136955976486,0.3333333333333333
1233286293,040462498,0.38913387060165405,0.6666666666666666
1233286293,04045956X,0.1824662685394287,0.3333333333333333
1233286293,041239520,0.12191292643547058,0.6666666666666666
1233427873,040794547,0.3707422912120819,0.3333333333333333
1233427873,04062305X,0.2528629004955292,0.6666666666666666
1233427873,958794650,0.23012354969978333,0.6666666666666666
1233427873,041904869,0.1145198866724968,0.3333333333333333
1233678582,944112811,0.3308478891849518,0.6666666666666666
1233678582,040067777,0.20876173675060272,0.3333333333333333
1233678582,04006851X,0.06476262956857681,0.3333333333333333
1233791389,118544489,0.7129595279693604,0.6666666666666666
1233791389,118678752,0.19539636373519897,0
1233868977,041285204,0.4211411476135254,0
1233868977,041217616,0.09424889087677002,0
1233868977,040187764,0.08125541359186172,0
1233868977,040403645,0.06917426735162735,0
1233986716,040658376,0.33558985590934753,0.6666666666666666
123406670X,040403645,0.16855017840862274,0.3333333333333333
123406670X,040055418,0.06937574595212936,0.3333333333333333
1234244918,040759504,0.25747060775756836,0
1234244918,041339657,0.19336770474910736,0
1234244918,041883640,0.15680402517318726,0
1234389991,040203425,0.14116352796554565,0.6666666666666666
1234389991,040118827,0.08891619741916656,0.6666666666666666
1234389991,040307468,0.08451566100120544,0.6666666666666666
1234390078,004020766,0.5177357196807861,0.3333333333333333
1234390078,040488829,0.2983117401599884,0.6666666666666666
1234390078,118595741,0.19925671815872192,0
1234390078,004691792,0.17602938413619995,0.3333333333333333
1234390078,040765709,0.07437645643949509,0
1234500760,04016358X,0.13465380668640137,0
1234500760,040163555,0.03630559518933296,0
1234500760,946969809,0.020095812156796455,0
1234500760,04052678X,0.017772214487195015,0
123498380X,040432076,0.42326799035072327,0.3333333333333333
123498380X,040573990,0.21070538461208344,0.3333333333333333
1234988275,04066399X,0.1504964381456375,0.6666666666666666
1234988275,040687546,0.13064393401145935,0.6666666666666666
1234988275,118544489,0.09440949559211731,0
1235621081,041141660,0.1714576780796051,0.6666666666666666
1235621251,040746763,0.6163797378540039,1
1235621251,042089743,0.1167549416422844,0
1235621251,04066399X,0.07545968145132065,0
1235722007,040323684,0.6106334328651428,0.3333333333333333
1235722007,041277686,0.14746883511543274,0
1235722007,04010074X,0.09265634417533875,0
1235722007,040307204,0.08597669750452042,0
1236385659,040674738,0.1873737871646881,0
1236385659,040205177,0.161616712808609,0.6666666666666666
1236385659,04056486X,0.030817726626992226,0
1236385659,04190592X,0.017106255516409874,0.6666666666666666
123655082X,040025675,0.2468428909778595,0.6666666666666666
123655082X,042208246,0.07025837898254395,0
123655082X,040206432,0.0677177682518959,0
123655082X,040349225,0.06710242480039597,0
1236630475,040564207,0.17043600976467133,0.3333333333333333
1236630475,974372641,0.10552961379289627,0.6666666666666666
1236630475,04182475X,0.08714159578084946,0.3333333333333333
1236630475,041691873,0.08451566100120544,0.6666666666666666
1236692063,041703324,0.2387264519929886,0.3333333333333333
1236692063,040067777,0.20876173675060272,0.3333333333333333
1236692063,941779599,0.06791158765554428,0
1236692063,04006851X,0.06476262956857681,0.3333333333333333
1236694627,040419800,0.6784986257553101,0
1236694627,941420167,0.15858125686645508,0.3333333333333333
1236694627,1010046152,0.15138159692287445,0
1236694627,04154126X,0.13865751028060913,1
1236694627,04045956X,0.11437011510133743,0.3333333333333333
1236732618,040566560,0.46422988176345825,0.3333333333333333
1236732618,004816676,0.27677780389785767,0
1236732618,040352064,0.136312797665596,0
1236732618,951749293,0.07359844446182251,0
1236900618,041305876,0.5765296816825867,0.6666666666666666
1236900618,041135784,0.07058151811361313,0.6666666666666666
1236900618,040025675,0.065925702452659607,0.3333333333333333
1236900618,948983965,0.06415796279907227,0.6666666666666666
1236900618,040028143,0.060811325907707214,0.6666666666666666
123726863X,040457915,0.3557595908641815,0.6666666666666666
123726863X,040284956,0.2750318646430969,0.6666666666666666
123726863X,040156028,0.089466392993927,0.6666666666666666
123726863X,042285054,0.038897667080163956,0.6666666666666666
1237815622,1068661038,0.3841315507888794,0.3333333333333333
1237815622,041655559,0.19697774946689606,0.3333333333333333
1237815622,041655494,0.18250256776809692,0.6666666666666666
1237892139,042130905,0.11640454828739166,0.6666666666666666
1237892139,040664937,0.10724083334207535,1
1237892139,040581365,0.06378668546676636,0.6666666666666666
1237895820,040496805,0.33606186509132385,0.3333333333333333
1237895820,040118827,0.08891619741916656,0.3333333333333333
1237896665,040465144,0.2410629540681839,0.3333333333333333
1237896665,04066399X,0.1504964381456375,0.3333333333333333
1237958962,041219287,0.6325429677963257,0
1237958962,130713945,0.09240681678056717,0
1237958962,040487377,0.08348143845796585,0
123796542X,040431819,0.17878206074237823,0
123796542X,040628019,0.17412081360816956,0
123796542X,040137937,0.17402060329914093,1
123796542X,04047304X,0.1433221399784088,0
123796542X,041325095,0.13988596200942993,0
1237966981,040223442,0.22597603499889374,0.6666666666666666
1237969379,041219244,0.15663506090641022,0
1237969379,040044734,0.1525481641292572,0
1237969778,040633519,0.6800229549407959,0.6666666666666666
1237969778,041209419,0.17342635989189148,0
1238074537,041242653,0.3377115726470947,0.3333333333333333
1238074537,04031748X,0.3059682250022888,0
1238074537,041269748,0.11047687381505966,0.3333333333333333
1238336809,042295203,0.1448199599981308,0
1238336809,040249557,0.09649412333965302,0.6666666666666666
1238336809,040493962,0.09219260513782501,0.3333333333333333
1238430317,040360342,0.6107524037361145,0
1238430317,04162677X,0.3040320873260498,0
1238430317,040360202,0.17275778949260712,0
1238430317,040360318,0.13865751028060913,0.3333333333333333
1238430317,950345180,0.0908040776848793,0
1238437753,040457915,0.2981528341770172,0.6666666666666666
1238437753,041961080,0.2980368435382843,0.6666666666666666
1238437753,041380258,0.15479210019111633,0
1238437753,118578030,0.009737350046634674,0
1238437753,120885573,0.006437416188418865,0
123848719X,040360342,0.6107524037361145,0.3333333333333333
123848719X,04162677X,0.3040320873260498,0
123848719X,040360202,0.17275778949260712,0
123848719X,040360318,0.13865751028060913,0.3333333333333333
123848719X,950345180,0.0908040776848793,0
1238489419,040577953,0.2497473508119583,0
1238489419,041215648,0.19438515603542328,0
1238489419,040487377,0.12968209385871887,0.3333333333333333
1238496172,041886968,0.7957212328910828,0.6666666666666666
1238496172,040207757,0.1455812305212021,0.6666666666666666
1238496172,041309359,0.09893886744976044,0.6666666666666666
1238496172,041615433,0.06353281438350677,0.3333333333333333
1238517625,040614182,0.26163816452026367,0
1238517625,04006851X,0.06476262956857681,0.3333333333333333
1238517625,041780779,0.060761258006095886,0.6666666666666666
1238517625,040399834,0.056926943361759186,0.3333333333333333
1238654630,11862914X,0.8412250876426697,0.6666666666666666
1238654630,118569651,0.6373166441917419,0.3333333333333333
1238654630,042248353,0.20835426449775696,0
1238654630,040421856,0.15593594312667847,0.3333333333333333
1238654630,040645746,0.13074891269207,0
1238686427,940511592,0.31597137451171875,0.3333333333333333
1238686427,040685969,0.18807107210159302,0.6666666666666666
1238686427,040288595,0.1495155245065689,0.6666666666666666
1238887325,041143337,0.1523202657699585,0.3333333333333333
1238887325,040270890,0.15123917162418365,0
1238887325,040272745,0.1200462058186531,0.6666666666666666
1238888003,041395743,0.7949995398521423,0
1238888003,040205177,0.11768963187932968,1
1238888003,961175583,0.08498562127351761,0
1238891977,050361031,0.2965552508831024,0.6666666666666666
1238891977,000353531,0.29098013043403625,0.6666666666666666
1238891977,94775718X,0.2862226068973541,1
1238892132,042249112,0.47135093808174133,0.3333333333333333
1238892132,04052602X,0.03349822387099266,0
1238892191,040717119,0.0653422400355339,0.3333333333333333
1238892191,040457982,0.06491424888372421,0
1238895077,970914393,0.20876173675060272,0
1238895077,04123037X,0.20025289058685303,0.6666666666666666
1238895077,960068600,0.1751408874988556,0.6666666666666666
1238895689,040541517,0.716262698173523,0.6666666666666666
1238895689,970016034,0.2685246169567108,0.6666666666666666
1238895689,040118827,0.08891619741916656,0
1238895689,040872955,0.07293901592493057,0
1238896103,040335739,0.638914942741394,0.6666666666666666
1238896103,040192865,0.43869882822036743,0
1238896103,04064734X,0.34465712308883667,0.6666666666666666
1238896103,040073483,0.29518821835517883,0.6666666666666666
1239418825,040494128,0.19187282025814056,0.6666666666666666
1239418825,040118827,0.17223022878170013,0
1239418825,040118908,0.10157221555709839,0
1239442572,040783154,0.5935978293418884,0.6666666666666666
1239442572,947676724,0.0940343514084816,0.3333333333333333
1239442572,007063423,0.0032870471477508545,0
1239684347,040189686,0.2656286954879761,0.6666666666666666
1239684347,041310209,0.07023866474628448,0.3333333333333333
1239684347,04131123X,0.060761258006095886,0.6666666666666666
1239685068,943550300,0.22957897186279297,0.6666666666666666
1239685068,040457982,0.17402060329914093,0.6666666666666666
1239685068,040457915,0.16282148659229279,0.6666666666666666
1239685068,040149862,0.11159246414899826,0
1239746857,040104532,0.5505226850509644,0.3333333333333333
1239746857,040592766,0.5028855800628662,0.3333333333333333
1239746857,041672712,0.4889901280403137,0
1239746857,041230655,0.31597137451171875,0
1239746857,959790721,0.0924137532711029,0
1239837844,040783154,0.20623275637626648,0.3333333333333333
1239837844,041255143,0.052798304706811905,0.3333333333333333
1239858078,040066509,0.10853439569473267,0.3333333333333333
1239858078,041230655,0.06937574595212936,0.6666666666666666
1240064012,040348830,0.16048787534236908,0.3333333333333333
1240230583,040359646,0.3286680579185486,0.3333333333333333
1240230583,040398277,0.2882272005081177,0.3333333333333333
1240230583,040465144,0.2747143805027008,0
1240230583,040421228,0.1502230167388916,0
1240230583,040335976,0.06599720567464828,0
1240426518,040189686,0.2656286954879761,0.6666666666666666
1240426518,043022863,0.13659878075122833,0.3333333333333333
1240426518,041243978,0.08304427564144135,0.6666666666666666
124048142X,95333211X,0.12768439948558807,0.6666666666666666
124048142X,040701778,0.0849648043513298,0.3333333333333333
124048142X,963473204,0.07611493766307831,0.6666666666666666
1240482760,041347382,0.19323815405368805,0.6666666666666666
1240482760,041363396,0.192194864153862,0.6666666666666666
124049906X,95049349X,0.5318929553031921,0.6666666666666666
124049906X,040605957,0.06982365995645523,0.3333333333333333
124049906X,040564053,0.060776516795158386,0.3333333333333333
1240616058,041735439,0.47395020723342896,0.6666666666666666
1240616058,041155122,0.1465436816215515,0.6666666666666666
1240616058,043163572,0.13926780223846436,0.3333333333333333
1240616058,040701778,0.10159888863563538,0.3333333333333333
1240616058,040675378,0.07597140967845917,0.3333333333333333
124062820X,040706990,0.5977122187614441,1
124062820X,041325109,0.15892744064331055,0
1240676557,948411694,0.3523198664188385,0.6666666666666666
1240676557,040118827,0.08891619741916656,0.3333333333333333
1240676557,04079167X,0.07786312699317932,0.3333333333333333
1240676557,040118894,0.055074844509363174,0.3333333333333333
1240676557,041448510,0.03447967767715454,0.6666666666666666
124084784X,041854942,0.30658143758773804,0.6666666666666666
124084784X,040455033,0.2615987956523895,0.3333333333333333
1241019177,04006851X,0.127264142036438,0
1241019177,043163572,0.12647302448749542,0
1241019177,040694917,0.10255516320466995,0.6666666666666666
1241019177,040067777,0.09649412333965302,0
1241246815,041326105,0.41642674803733826,0.3333333333333333
1241246815,04017672X,0.2135026454925537,0.6666666666666666
1241246815,040046877,0.14990702271461487,0.6666666666666666
1242385606,1170617352,0.18485742807388306,0
1242385606,041230655,0.11006790399551392,0.3333333333333333
1242385606,040270890,0.08230333030223846,0.3333333333333333
1242385606,101046003X,0.08101163804531097,0.6666666666666666
1242385606,040375897,0.04612142592668533,0.6666666666666666
1242410430,040500616,0.4663548469543457,0.6666666666666666
1242410430,04122308X,0.14823226630687714,0.6666666666666666
1242410430,040783154,0.08891619741916656,0.6666666666666666
1242476105,04186834X,0.6383940577507019,0.6666666666666666
1242476105,041234162,0.12382592260837555,0.6666666666666666
1242476105,040118894,0.055074844509363174,0.3333333333333333
1242829113,040354083,0.23521196842193604,0
1242829113,042741769,0.1359560489654541,0
1242829113,041230655,0.053026240319013596,0.3333333333333333
1242829113,040693767,0.0480281338095665,0.3333333333333333
1243285958,040066509,0.4544079005718231,0.3333333333333333
1243285958,040485617,0.20682907104492188,0.3333333333333333
1243285958,04167412X,0.16562287509441376,0.3333333333333333
1243285958,040066673,0.13262683153152466,0
1243285958,040485900,0.0786493569612503,0
1243351241,041911253,0.08597669750452042,0.6666666666666666
1243433337,041322770,0.5077006220817566,0.6666666666666666
1243433337,043163572,0.11832956224679947,0.3333333333333333
1243433337,042059909,0.07106047868728638,0.6666666666666666
1243433337,040717224,0.0688575878739357,0.3333333333333333
124343967X,041678516,0.23481862246990204,0
124343967X,043164064,0.22597603499889374,0.6666666666666666
124343967X,040564495,0.20923395454883575,0.3333333333333333
1243482486,040307026,0.4658471941947937,0.6666666666666666
1243482486,04020832X,0.12933984398841858,0.6666666666666666
1243482486,041146077,0.09014548361301422,0.6666666666666666
1243482486,041314085,0.08101163804531097,0
1243681039,04113303X,0.09938140958547592,0.6666666666666666
1243681039,04036660X,0.0690358430147171,0.6666666666666666
1243681039,968824110,0.032371386885643005,0
1244230499,04045956X,0.6185869574546814,0.6666666666666666
1244230499,041583884,0.17024335265159607,0.3333333333333333
1244230499,040414213,0.11768963187932968,0.6666666666666666
1244230499,041317084,0.11159246414899826,0.6666666666666666
1244230499,041172027,0.10006260871887207,0.6666666666666666
1244475076,040397130,0.21670791506767273,0.3333333333333333
1244475076,040025675,0.1671610027551651,0.6666666666666666
1244475076,968771610,0.12963390350341797,0
1244475076,1072179776,0.09946560114622116,0
1244828254,040399877,0.534241259098053,0.3333333333333333
1244828254,040028275,0.17952941358089447,0
1244828254,040705129,0.1762998104095459,0.3333333333333333
1244828254,1186017988,0.1592678725719452,0.6666666666666666
1244828254,042451493,0.12518854439258575,0.6666666666666666
1245017586,040500616,0.1671610027551651,0.6666666666666666
1245017586,040783154,0.16048787534236908,0.6666666666666666
1245017586,947676724,0.09874261170625687,0.6666666666666666
1245017586,040500713,0.07492835074663162,0.6666666666666666
1245432710,040465144,0.08032970130443573,0.3333333333333333
1245532529,040408515,0.1735757440328598,0.6666666666666666
1245532529,040407950,0.17332591116428375,0.3333333333333333
1245532529,041708318,0.15197667479515076,0.6666666666666666
124561987X,040685969,0.24799536168575287,0.6666666666666666
124561987X,040564428,0.15846596658229828,0.3333333333333333
124561987X,040014460,0.13949362933635712,0.3333333333333333
124561987X,040403858,0.08640646189451218,0.6666666666666666
1245622390,040359646,0.21879278123378754,0.3333333333333333
1245622390,040533093,0.17402060329914093,0.3333333333333333
1245622390,041678826,0.06932816654443741,0.3333333333333333
1245622390,041164180,0.054461441934108734,0
1245792008,007352816,0.2931143045425415,0
1246513935,954691768,0.5123554468154907,0
1246513935,041230655,0.29257944226264954,0.3333333333333333
1246513935,040236323,0.17129603028297424,0
1247405702,95414466X,0.1495155245065689,0.6666666666666666
124742992X,040431819,0.37502455711364746,0.6666666666666666
124742992X,042763924,0.15382283926010132,0
1247444139,040396878,0.5812847018241882,0.6666666666666666
1247444139,041656482,0.5744556188583374,0.6666666666666666
1247444139,040717763,0.21534575521945953,0
1247444139,040118827,0.08891619741916656,0
1247444139,041390857,0.060776516795158386,0
1247525724,040634655,0.691352367401123,0.6666666666666666
1247525724,040171299,0.43628939986228943,0
1247525724,040408027,0.3431665599346161,0.3333333333333333
1247525724,040104575,0.19270184636116028,0.6666666666666666
1248084470,040408760,0.08597669750452042,0.3333333333333333
1248084470,041847032,0.07925563305616379,0.6666666666666666
1248084470,041708253,0.06323785334825516,0
1248084470,040408027,0.03529416024684906,0.3333333333333333
124869435X,040205487,0.06653578579425812,0.3333333333333333
124869435X,042436087,0.061315543949604034,0
1249009448,043262414,0.337159663438797,0
1249009448,041823915,0.22662635147571564,0
1249009448,040563669,0.04356756433844566,0.3333333333333333
1249478405,041859170,0.41797974705696106,0
1249478405,041276744,0.17386388778686523,0
1249478405,001259431,0.1154889315366745,0
1249478405,040633179,0.07931496948003769,0
1249478405,050607464,0.0730728954076767,0
1249482232,040592456,0.26257404685020447,0.3333333333333333
1249482232,04033774X,0.1767866462469101,0.6666666666666666
1249482232,040765946,0.17505957186222076,0.3333333333333333
124999571X,040068048,0.08449462056159973,0
1250171946,04045956X,0.27523860335350037,0.3333333333333333
1250171946,041259785,0.23486600816249847,0.6666666666666666
1250171946,040034232,0.16467903554439545,0
1250171946,040144135,0.15797746181488037,0
1250171946,040647846,0.08571901172399521,0.6666666666666666
1250171962,041212606,0.20111465454101562,0.6666666666666666
1250171962,040240525,0.14746883511543274,0.6666666666666666
1250171962,041176065,0.12833407521247864,0.6666666666666666
1250171962,040307026,0.10750631988048553,0.3333333333333333
1250450934,040124347,0.3704436123371124,0.6666666666666666
1250450934,134831810,0.2207348644733429,0
1250450934,040553027,0.17043600976467133,0.3333333333333333
1250450934,118817523,0.05396674573421478,0
1250451213,041333209,0.09264963120222092,0.6666666666666666
1250451213,1024920909,0.06989861279726028,0.3333333333333333
1250453798,041184475,0.5651093125343323,0.6666666666666666
1250453798,040118827,0.15319178998470306,0.3333333333333333
1250453798,040509397,0.11104074865579605,0.6666666666666666
1250682118,1286825091,0.4760218858718872,1
1250682118,040171299,0.17602938413619995,0
1250682118,040759504,0.13872328400611877,0
1250682118,04160024X,0.02551882155239582,0.6666666666666666
1250734851,041396553,0.11104074865579605,0.3333333333333333
1250734851,040694917,0.10255516320466995,0
1250734851,041297725,0.05846434459090233,0
1250734851,041981235,0.05227985978126526,0
1250734851,043163572,0.029552878811955452,0.3333333333333333
1250747902,040315754,0.10575147718191147,0.6666666666666666
1250747902,040351513,0.09008073806762695,0
1250747902,042483018,0.01968722976744175,0
1250914868,040118827,0.397771954536438,0
1250914868,041154568,0.1083761602640152,0.3333333333333333
1250914868,040154645,0.09989873319864273,0.6666666666666666
1250914868,040406008,0.08988219499588013,0.6666666666666666
1250914868,041529677,0.08672557026147842,0.6666666666666666
1250914868,040150259,0.0650121346116066,0.3333333333333333
125099540X,946663459,0.2489340603351593,0.3333333333333333
125099540X,04031748X,0.2242441177368164,0
125099540X,040759962,0.13061539828777313,0.3333333333333333
125099540X,040477045,0.11343160271644592,0.3333333333333333
125099540X,041684184,0.08928222954273224,0.6666666666666666
125099540X,04133261X,0.08498562127351761,0.6666666666666666
125099540X,041738632,0.058950189501047134,0.6666666666666666
1251135684,041339657,0.23648406565189362,0.6666666666666666
1251135684,121696730X,0.17542564868927002,0.6666666666666666
1251135684,041238095,0.13703693449497223,0
1251135684,040323544,0.11401062458753586,0
1251137504,041127587,0.44967302680015564,0
1251137504,1009564889,0.17275778949260712,0.6666666666666666
1251137504,004736060,0.11956419795751572,0
1251137504,040006263,0.07815142720937729,0.3333333333333333
125114196X,040674886,0.14554722607135773,0.6666666666666666
125114196X,041943678,0.14296741783618927,0.6666666666666666
125114196X,040143554,0.11363111436367035,0.3333333333333333
1251148883,041691873,0.1929784119129181,0.3333333333333333
1251148883,041143337,0.07858718186616898,0.3333333333333333
1251148883,04020832X,0.05088438093662262,0.3333333333333333
1251148883,040331784,0.033352769911289215,0
1251149855,040408027,0.5524966716766357,0.6666666666666666
1251149855,04127833X,0.14597278833389282,0
1251149855,040789314,0.05897350236773491,0
125115221X,041278178,0.08928222954273224,0
125115221X,041207394,0.0824616476893425,0
1251153208,040788954,0.47199612855911255,0.6666666666666666
1251153208,041869966,0.1668909788131714,0.6666666666666666
1251153208,040168255,0.1592496931552887,0
1251153208,040168379,0.1504223644733429,0
1251153208,040335720,0.05554768443107605,0.6666666666666666
1251154816,040435083,0.1479441076517105,0
1251154816,04060747X,0.14336632192134857,0.3333333333333333
1251154816,042071887,0.09911440312862396,0.3333333333333333
1251155103,040592766,0.1671610027551651,0.3333333333333333
1251155103,040389715,0.1350773274898529,0.3333333333333333
1251155103,040066843,0.11104074865579605,0.6666666666666666
1251162584,004088115,0.8418144583702087,0.6666666666666666
1251162584,041143337,0.3407071828842163,0.3333333333333333
1251162584,041256980,0.22940382361412048,0.3333333333333333
1251162584,1011095688,0.10677360743284225,0
1251162584,04129601X,0.079125314950943,0.3333333333333333
125116370X,040457915,0.2281249761581421,0.6666666666666666
125116370X,041897900,0.1760578453540802,0
125116370X,041841964,0.14969085156917572,0
1251169074,040643174,0.5409029722213745,0.3333333333333333
1251169074,040457915,0.30315956473350525,0.3333333333333333
1251169074,1009564889,0.14327028393745422,0.6666666666666666
1251189180,040533905,0.11047687381505966,0.6666666666666666
1251189180,040777049,0.0991574376821518,0.6666666666666666
1251189180,041306155,0.08672557026147842,0.6666666666666666
1251189180,040563669,0.04356756433844566,0.6666666666666666
1251189288,040305503,0.4766700863838196,0.6666666666666666
1251189288,040118827,0.40023115277290344,0.3333333333333333
1251189288,042763924,0.21825799345970154,0.6666666666666666
1251189288,040207544,0.19624730944633484,0.6666666666666666
125123903X,040367746,0.5903246402740479,0.3333333333333333
125123903X,04059758X,0.5500561594963074,0.6666666666666666
125123903X,042263670,0.2084687501192093,0
125123903X,040464490,0.059532083570957184,0
1251242464,041141237,0.5034921169281006,0.6666666666666666
1251242464,11872939X,0.39236587285995483,0
1251242464,040118827,0.15319178998470306,0.6666666666666666
1251242464,041291085,0.1471554934978485,0.6666666666666666
1251400655,952818140,0.25147947669029236,0
1251400655,040408027,0.1891811043024063,0.3333333333333333
1251400655,041328353,0.12448026984930038,0.6666666666666666
1251400655,041708253,0.0714678019285202,0
1251565034,043001254,0.46330347657203674,0.6666666666666666
1251565034,1250270871,0.09299168735742569,0.3333333333333333
1251951422,040197026,0.4121820032596588,0.6666666666666666
1251951422,040402223,0.2676639258861542,0.6666666666666666
1251951422,041315227,0.09866088628768921,0.6666666666666666
1251951422,040477045,0.06765750795602798,0.3333333333333333
1252063601,041386604,0.3082905113697052,0
1252063601,041454766,0.12350752204656601,0.6666666666666666
1252063601,040223787,0.11104074865579605,0
1252355815,040232875,0.164458766579628,0.6666666666666666
1252355815,040408027,0.10570273548364639,0.3333333333333333
1252355815,040758699,0.08858813345432281,0.6666666666666666
1252355815,041305264,0.05846434459090233,0
1252355815,041708253,0.013546866364777088,0
1252673612,041532694,0.6722445487976074,0.6666666666666666
1252673612,004815165,0.4778301417827606,1
1252673612,040082164,0.21658667922019958,0.3333333333333333
1252673612,040158756,0.1760128289461136,0.6666666666666666
1252673612,951749293,0.12517283856868744,0
1252673612,040475387,0.11969564855098724,0.3333333333333333
1252673612,04059758X,0.11401062458753586,0.3333333333333333
1252839618,040408027,0.20427779853343964,0.3333333333333333
1252839618,040307360,0.08343778550624847,0.3333333333333333
1252839618,004789687,0.071326345205307,0
1252868006,040221490,0.589880108833313,0.6666666666666666
1252868006,040558797,0.21524594724178314,0.6666666666666666
1252868006,041384946,0.2146335244178772,0.6666666666666666
1252967861,1105859770,0.6890111565589905,0.3333333333333333
1252967861,04180970X,0.6305010318756104,0.3333333333333333
1252967861,040124940,0.5991976857185364,0.3333333333333333
1252967861,040665712,0.390228807926178,0.6666666666666666
1252967861,1033938556,0.3634874224662781,0.3333333333333333
1253011613,042369495,0.11829632520675659,0
1253011613,040064069,0.10897599905729294,0
1253016747,04124933X,0.3282508850097656,0.3333333333333333
1253016747,040408027,0.19223828613758087,0.3333333333333333
1253016747,040211010,0.12793485820293427,0
1253016747,041143337,0.10018597543239594,0
1253016747,040408515,0.060226920992136,0.3333333333333333
1253016747,04040837X,0.01364434789866209,0.3333333333333333
1253134391,040068048,0.27224746346473694,0
1253134391,041380304,0.11418060958385468,0
1253134391,040408027,0.1029219999909401,0
1253134391,041240995,0.07492835074663162,0
1253134391,041157745,0.07437645643949509,0
1253304939,1012636720,0.12518854439258575,0
1253304939,041621565,0.079125314950943,0.6666666666666666
1253304939,040477045,0.06710242480039597,0.3333333333333333
1253304939,042026466,0.060776516795158386,0.6666666666666666
1253387818,041233840,0.20141594111919403,0.3333333333333333
1253387818,040477045,0.18326060473918915,0.6666666666666666
1253387818,040457915,0.14588169753551483,0.3333333333333333
1253387818,041901118,0.11835473775863647,0.3333333333333333
1253523894,040765946,0.17505957186222076,1
1253523894,040120406,0.16496190428733826,0
1253523894,041550536,0.06697539985179901,0.3333333333333333
1253523894,04048971X,0.06562510877847672,0.6666666666666666
1253745609,040477045,0.33067625761032104,0.6666666666666666
1253745609,040457915,0.11768963187932968,0.3333333333333333
1253745609,04157835X,0.07787147909402847,0.3333333333333333
1253745609,04123409X,0.06666802614927292,0.6666666666666666
1254029052,040367045,0.08408123254776001,0.3333333333333333
1254029052,040315754,0.06917426735162735,0.6666666666666666
1254029052,040146030,0.0688575878739357,0.6666666666666666
1254029052,040643174,0.055166829377412796,0.6666666666666666
1254307869,041229207,0.5524141788482666,0
1254307869,040178943,0.36526769399642944,0.6666666666666666
1254307869,040065375,0.282195121049881,0
1254307869,040178978,0.15254251658916473,0
1254307869,040694917,0.10255516320466995,0
1254307869,040080242,0.09299168735742569,0
1255276487,118518275,0.2984868884086609,0.6666666666666666
1255276487,041173015,0.18085864186286926,0.3333333333333333
1255276487,041469488,0.040482763200998306,0
1255365862,041654412,0.2439519464969635,0.3333333333333333
1255365862,040737578,0.2274419367313385,1
1255365862,040680975,0.15416081249713898,0.3333333333333333
1255365862,040178978,0.09723236411809921,0.3333333333333333
1255604603,041529758,0.5775624513626099,0.6666666666666666
1255604603,042496802,0.135282501578331,0.3333333333333333
1256171956,943445663,0.7231988310813904,0.6666666666666666
1256171956,04125208X,0.16451524198055267,0
1256171956,041143337,0.10285715013742447,0
1256171956,040408027,0.06503228098154068,0
1256552895,041279255,0.6244485974311829,0.3333333333333333
1256552895,041143337,0.1523202657699585,0.3333333333333333
1256552895,040557073,0.09911440312862396,0.3333333333333333
1256552895,040581713,0.09540756046772003,0.3333333333333333
1256677620,040160912,0.2595262825489044,1
1256677620,041661419,0.119774729013443,0.6666666666666666
1256677620,040169219,0.10255516320466995,0.3333333333333333
1256774340,041143337,0.42037609219551086,0.3333333333333333
1256774340,042763924,0.21825799345970154,0
1256774340,04033581X,0.1210777685046196,0.3333333333333333
1257430734,040771318,0.31486576795578003,0.6666666666666666
1257430734,951006177,0.2617093026638031,0
1257430734,961743727,0.19697774946689606,0.6666666666666666
125778868X,040318834,0.2718195915222168,0.6666666666666666
125778868X,041142667,0.06658244878053665,0.3333333333333333
125778868X,041136047,0.057663168758153915,0.6666666666666666
1257963082,040156028,0.39851847290992737,0.6666666666666666
1257963082,040737810,0.031506866216659546,0.6666666666666666
1257963082,007515529,0.006521248258650303,0
1257963856,041376706,0.10282588750123978,0
1257963856,04117366X,0.085384465754032135,0
1257963856,040465144,0.0814770832657814,0
1257963856,040558797,0.07124261558055878,0
125804417X,040563669,0.19404733180999756,0.3333333333333333
125804417X,040435083,0.10833287239074707,0
1259047261,04276243X,0.4962472915649414,0.6666666666666666
1259047261,04134944X,0.49313807487487793,0.6666666666666666
1259047261,040626385,0.14944471418857574,0
1259349896,040775488,0.18763388693332672,0.6666666666666666
1259349896,041256980,0.09926825761795044,0.6666666666666666
1259697762,040501299,0.3305494785308838,0.6666666666666666
1259697762,041632583,0.316476434469223,0.3333333333333333
1259697762,040275566,0.21815697848796844,0.6666666666666666
1259697762,042060184,0.10029230266809464,0.6666666666666666
1260365220,040149633,0.6073763370513916,0.6666666666666666
1260365220,04135740X,0.16346383094787598,0.3333333333333333
1260365220,040305503,0.14518487453460693,0.6666666666666666
1260365220,040288595,0.13583911955356598,0.6666666666666666
1261298772,041895479,0.2817515730857849,0.6666666666666666
1261298772,042666708,0.22483041882514954,0.3333333333333333
1261298772,040479897,0.16086150705814362,0.3333333333333333
1261298772,04045956X,0.089466392993927,0.3333333333333333
1261891635,959643257,0.5820541977882385,0.3333333333333333
1261891635,040142418,0.33606186509132385,0.3333333333333333
1261891635,04172660X,0.19980290532112122,0
1261891635,040389065,0.11415351182222366,0.6666666666666666
1262173531,041164180,0.5765296816825867,0
1262173531,040039390,0.1525481641292572,0.6666666666666666
1262173531,041164725,0.14066430926322937,0.3333333333333333
1262173531,04132370X,0.13950076699256897,0.6666666666666666
1262242681,042666708,0.36112019419670105,0.3333333333333333
1262242681,040479897,0.16086150705814362,0.3333333333333333
1262242681,040187403,0.12838199734687805,0
1262242681,041841328,0.07720606029033661,0.6666666666666666
1263752780,040307026,0.3062382638454437,0.3333333333333333
1263752780,04059758X,0.16181209683418274,0.3333333333333333
1263752780,040665623,0.15595439076423645,0
1263752780,040205886,0.11104074865579605,0.6666666666666666
1263752780,040470563,0.10006260871887207,0.3333333333333333
1263755348,040006263,0.302054226398468,0.6666666666666666
1263755348,946340684,0.26156261563301086,0
1263755348,1140508431,0.2599788010120392,0
1264478828,952619636,0.09938140958547592,0
1264478828,040205479,0.07381409406661987,0.6666666666666666
1264478828,040408027,0.060591913759708405,0
1264641990,040067777,0.20876173675060272,0.3333333333333333
1264641990,040149889,0.07094374299049377,0.3333333333333333
1265212899,040149862,0.6217148303985596,0.3333333333333333
1265212899,041901215,0.16086150705814362,0.6666666666666666
1265212899,040360342,0.1518157571554184,0
1265212899,040665593,0.12968209385871887,0.3333333333333333
1265828350,040022307,0.6730273365974426,0.6666666666666666
1265828350,1009530089,0.23382362723350525,0
1265828350,040457915,0.17611326277256012,0.6666666666666666
1265828350,040220478,0.06707827746868134,0.3333333333333333
1265878935,040200973,0.21195313334465027,0
1265878935,040992578,0.05376804992556572,0.6666666666666666
126629466X,004736060,0.11956419795751572,0
126629466X,041206320,0.08451566100120544,0.6666666666666666
126629466X,040205355,0.030661024153232574,0
126629466X,041139364,0.01432053092867136,0
1267387688,040129853,0.5897384881973267,0.6666666666666666
1267387688,040670295,0.30761563777923584,0.6666666666666666
1267387688,040060217,0.19041334092617035,0.6666666666666666
1267387688,040065545,0.10777877271175385,0.6666666666666666
1267387688,040344029,0.0531146414577961,0.6666666666666666
1267571209,040457915,0.4011206030845642,0.6666666666666666
1267571209,041897900,0.1760578453540802,0
1267987456,041901118,0.14974987506866455,0.6666666666666666
1267987456,04045956X,0.13925881683826447,0.3333333333333333
1267987456,041216016,0.11728542298078537,0
1268264776,040176045,0.4263121783733368,0.6666666666666666
1268264776,041296052,0.27772682905197144,0.6666666666666666
1268429139,043066410,0.6129685044288635,0.6666666666666666
1268429139,04012116X,0.08041827380657196,1
1268429139,040641635,0.0650121346116066,0.6666666666666666
1268512656,040402223,0.2676639258861542,0.6666666666666666
1268512656,040656543,0.10107912868261337,0.6666666666666666
1268512656,040156028,0.089466392993927,0.6666666666666666
1268512656,041720229,0.0786493569612503,0
1268712914,940511592,0.5183566808700562,0.3333333333333333
1268712914,040477045,0.11378120630979538,0.3333333333333333
1268843172,040129853,0.6532500982284546,0.6666666666666666
1268843172,128630736,0.38308170437812805,0
1268843172,040408027,0.34198233485221863,0
1268843172,118530666,0.015345773659646511,0
1268843172,940515733,0.010561455972492695,0
126891133X,040445615,0.134164959192276,0.3333333333333333
126891133X,040307204,0.06507224589586258,0
126891133X,118531328,0.03516574949026108,0
1269028103,04024105X,0.7098648548126221,0
1269028103,040264823,0.15146927535533905,0
1269028103,040118827,0.09264963120222092,0
1269028103,040335690,0.07681011408567429,0
1269028103,041207300,0.06918533146381378,0
1269095153,040477045,0.2203499972820282,0.3333333333333333
1269095153,04015999X,0.16836299002170563,0.6666666666666666
1269158430,041558286,0.3875528573989868,0
1269158430,040336476,0.19061487913131714,0.6666666666666666
1269158430,041206304,0.12933984398841858,0.3333333333333333
1269158430,041143337,0.10018597543239594,0.3333333333333333
1269158430,040058573,0.08712202310562134,0.6666666666666666
1269700278,041278178,0.1311122179031372,0
1269700278,041937805,0.07058151811361313,0
1269903535,040289664,0.5134478807449341,0.6666666666666666
1269903535,040331148,0.2499743402004242,0.3333333333333333
1269903535,041217497,0.2433236986398697,0
1269903535,040129950,0.0674574077129364,0
1269946102,04041003X,0.6129685044288635,0
1269946102,041165683,0.1690330058336258,0
1269946102,041670256,0.14746883511543274,0
1269946102,04188440X,0.13703693449497223,0
1269946102,040759954,0.06110136955976486,0
1270570927,040156028,0.25957968831062317,0.6666666666666666
1270570927,042989663,0.2560667395591736,0
1270570927,118650130,0.1779812127351761,0.6666666666666666
1270570927,041367103,0.14554902911186218,0
1270570927,040457915,0.10452957451343536,0.6666666666666666
1270606522,041672712,0.7473552227020264,0
1270606522,041143337,0.29444095492362976,0.3333333333333333
1270606522,041289625,0.11043459177017212,0
1270606522,040006263,0.09874261170625687,0.6666666666666666
1270633864,041319729,0.3806096017360687,0.3333333333333333
1270633864,040767698,0.18302786350250244,0.3333333333333333
1270633864,040493962,0.14662419259548187,0.3333333333333333
1270633864,040687546,0.13733772933483124,0.3333333333333333
1272915638,041927230,0.39060166478157043,0.6666666666666666
1272915638,04054365X,0.1707550436258316,0.3333333333333333
1272915638,040741680,0.11274993419647217,0
1272915638,041870743,0.09567394107580185,0
1273048571,040455998,0.16562287509441376,0.6666666666666666
1273048571,040262790,0.1570371687412262,0.3333333333333333
1273048571,041608496,0.12096397578716278,1
1273048571,040717119,0.1002010628581047,0.6666666666666666
1273048571,118580698,0.08498562127351761,1
127398112X,040370216,0.6951058506965637,0.3333333333333333
127398112X,04242058X,0.5222408175468445,0.6666666666666666
127398112X,04045956X,0.18267787992954254,0.3333333333333333
127398112X,041369203,0.17721624672412872,0
127398112X,043274706,0.1525481641292572,0.3333333333333333
127423736X,050356968,0.32952451705932617,0
127423736X,041242270,0.2854190170764923,0.6666666666666666
127423736X,040232999,0.17233477532863617,0.3333333333333333
127437524X,040331148,0.13902154564857483,0.3333333333333333
127437524X,040631419,0.09403359889984131,0.6666666666666666
127437524X,040465144,0.08032970130443573,0
127437524X,040631427,0.06504444777965546,0
127437524X,040205177,0.05444854125380516,0
1274435692,040382419,0.305351197719574,0
1274435692,040457915,0.2704405188560486,0.6666666666666666
1274435692,118739999,0.25073739886283875,0
1274839084,042474825,0.4632617235183716,0
1274839084,041143337,0.22454966604709625,0
1274839084,949582425,0.1504293531179428,0
1274839084,043170862,0.13064393401145935,0
1274839084,04137441X,0.11848992854356766,0
1275253571,040152723,0.1956014484167099,0.6666666666666666
1275253571,041332547,0.11043459177017212,0.6666666666666666
1275343864,04129601X,0.15021421015262604,0.6666666666666666
1275343864,040336670,0.1200462058186531,0.3333333333333333
1275641059,041230655,0.4700608551502228,0.6666666666666666
1275641059,040156028,0.3769986033439636,0.6666666666666666
1275641059,040656543,0.10107912868261337,0
1275641059,041140117,0.1002010628581047,0.3333333333333333
1275641059,040781763,0.09893886744976044,0.6666666666666666
127598312X,041294688,0.3062382638454437,0.6666666666666666
127598312X,041291085,0.1471554934978485,0.6666666666666666
127598312X,040205177,0.09100501984357834,0
1277143463,040782999,0.20876173675060272,0.6666666666666666
1277143463,040586510,0.16427527368068695,0.6666666666666666
1277143463,04165823X,0.15663506090641022,0.6666666666666666
1277143463,04015999X,0.11653629690408707,0.3333333333333333
1277143463,041841409,0.08640646189451218,0.3333333333333333
1277531846,042666708,0.23925195634365082,0.3333333333333333
1277531846,04045956X,0.1824662685394287,0.3333333333333333
1277531846,040169219,0.10255516320466995,0.3333333333333333
1277531846,04079184X,0.085384465754032135,0.3333333333333333
1277706638,040725936,0.32909855246543884,0
1277706638,041238095,0.1735522747039795,0
1277706638,1042957274,0.11848992854356766,0.6666666666666666
1277706638,040408086,0.09440949559211731,0.3333333333333333
1277706638,040408027,0.08854931592941284,0.3333333333333333
1277885567,040479897,0.6397563219070435,0.6666666666666666
1277885567,040479846,0.5544189214706421,0.6666666666666666
1277885567,040379523,0.20081207156181335,0.3333333333333333
1277885567,040379442,0.14608873426914215,0.3333333333333333
1277885567,040125149,0.1423705518245697,0
1278427368,040557596,0.1318734884262085,0.3333333333333333
1278427368,042007933,0.09473460912704468,0
1278427368,042966337,0.07205331325531006,0.3333333333333333
1278917233,040360342,0.39099976420402527,0.3333333333333333
1278917233,040705706,0.30332013964653015,0.6666666666666666
1278917233,041850580,0.209872767329216,0.3333333333333333
1278917233,040360318,0.13865751028060913,0
1279661402,118560093,0.23964767158031464,0.3333333333333333
1279661402,118539418,0.08331961184740067,0
1279661402,954766237,0.07023219764232635,0.3333333333333333
1279661828,040028275,0.27574706077575684,0
1279661828,040359646,0.1081429272890091,0.3333333333333333
1279661828,040118827,0.08891619741916656,0
1279661828,041125606,0.08870922774076462,0
1279661828,040360342,0.06409962475299835,0
1279661941,118519859,0.5761001706123352,0.6666666666666666
1279661941,040609979,0.3288781940937042,0
1279661941,040367746,0.1353882998228073,0.6666666666666666
1279661941,043234232,0.12684427201747894,0.3333333333333333
1281175986,953407497,0.11063981056213379,0.6666666666666666
1281578738,04187207X,0.36112019419670105,0.6666666666666666
1281578738,040205177,0.11768963187932968,0.3333333333333333
1281578738,040424839,0.10657718777656555,0.6666666666666666
1281578738,040736245,0.09571605920791626,0.6666666666666666
1282130862,040495078,0.11104074865579605,0.6666666666666666
1282130862,040656543,0.06600333005189896,0
1282130862,040172007,0.061799056828022,0.6666666666666666
1282130862,04062644X,0.05360895395278931,0.6666666666666666
1282728636,040467813,0.5520818829536438,0.6666666666666666
1282728636,946530823,0.16751524806022644,0.6666666666666666
1282728636,040118894,0.055074844509363174,0
1282805851,040792625,0.17649178206920624,0.6666666666666666
1282805851,04079167X,0.1715652495622635,0.3333333333333333
1282805851,040205355,0.15626384317874908,0
1282805851,040034518,0.116668201982975,0.6666666666666666
1283906910,040178943,0.21821697056293488,0.6666666666666666
1283906910,040118827,0.09270945191383362,0
1283906910,040118894,0.055074844509363174,0
1283906910,1036986756,0.052798304706811905,0
1283907402,1000723437,0.41723525524139404,0.6666666666666666
1283907402,040775135,0.09874261170625687,0.6666666666666666
1284678784,040550729,0.25688016414642334,0.6666666666666666
1284678784,04171654X,0.20150355994701385,0.6666666666666666
1284678784,040782999,0.16562287509441376,0.6666666666666666
1284818675,042014484,0.40670570731163025,0.6666666666666666
1284818675,040068048,0.25694575905799866,0.3333333333333333
1284818675,040413160,0.13869598507881165,0.6666666666666666
1284818675,040787044,0.1270771473646164,0.6666666666666666
1284818675,041261143,0.12425682693719864,0
1286492475,041563018,0.2710196375846863,0.6666666666666666
1286492475,040408698,0.09938140958547592,0.6666666666666666
1286492475,040408086,0.08612940460443497,0.6666666666666666
1286687284,040212629,0.5750755667686462,0.6666666666666666
1286687284,040608476,0.19470945000648499,0.6666666666666666
1286687284,041212924,0.12422481924295425,0.3333333333333333
1287236057,040767590,0.16498641669750214,0.3333333333333333
1287236057,040399834,0.08850512653589249,0
1287928234,102556601,0.4922124743461609,0
1287928234,988560917,0.13734276592731476,0
1287928234,041708253,0.0714678019285202,0
1287928234,040408027,0.06973141431808472,0.6666666666666666
1287932630,040208079,0.3607484698295593,0.6666666666666666
1287932630,960705457,0.2182684689760208,0.3333333333333333
1287932630,040381684,0.16562287509441376,0.6666666666666666
1287932630,041702972,0.15017111599445343,0.6666666666666666
129056857X,1012065561,0.32253098487854004,0.3333333333333333
129056857X,042155940,0.28459781408309937,0.3333333333333333
129056857X,04252279X,0.1504293531179428,0.3333333333333333
1292429518,964162512,0.12668773531913757,0.6666666666666666
1292429518,040350932,0.09866088628768921,0.6666666666666666
1292744588,1038323576,0.48793068528175354,0.3333333333333333
1292744588,041143337,0.44584426283836365,0.3333333333333333
1292744588,040432718,0.1961136758327484,0.3333333333333333
1292744588,040045412,0.1751408874988556,0.3333333333333333
1292744588,040407950,0.1353882998228073,0.3333333333333333
1293606456,040479897,0.3442819118499756,0.6666666666666666
1293606456,041251652,0.1579102873802185,0.6666666666666666
1293606456,040399796,0.09157741814851761,0.6666666666666666
1293607169,041367537,0.39352738857269287,1
1293607169,041476379,0.21364332735538483,0
1293607169,04045956X,0.13799968361854553,0.3333333333333333
1293607169,041616863,0.13645917177200317,1
1293607266,04045956X,0.06690646708011627,0.3333333333333333
1293607266,040594270,0.05836167931556702,0.6666666666666666
1293607266,040586510,0.03415999561548233,0
1293607266,040782999,0.02809460647404194,0
1294306634,040408760,0.1762561798095703,0
1294306634,041708253,0.01529524102807045,0
1294306634,953402576,0.005894479341804981,0
1294306634,118593927,0.005813619587570429,0
1294452517,040143066,0.18578657507896423,0.6666666666666666
129445370X,041703707,0.5073084831237793,0
129445370X,041657888,0.37634798884391785,1
129445370X,042071690,0.24373993277549744,0
129445370X,040598276,0.2148863971233368,0.3333333333333333
129445370X,041321405,0.13992324471473694,0.6666666666666666
1295517337,96227478X,0.26492416858673096,0.6666666666666666
1295517337,040557650,0.21877330541610718,0.6666666666666666
1296020428,04173291X,0.1583336591720581,0.3333333333333333
1296020428,040763889,0.10547243803739548,0.3333333333333333
1296020428,041417755,0.02984749712049961,0
1296547558,041291085,0.31893157958984375,0.3333333333333333
1296547558,041423860,0.31893157958984375,0.6666666666666666
1296547558,040265358,0.29726412892341614,0.3333333333333333
1296547558,040341178,0.13018698990345,0
1297033256,042081963,0.3346225321292877,0
1297033256,041347307,0.12522916495800018,0
1298210046,041415523,0.3829018771648407,0.3333333333333333
1298210046,040223892,0.19515655934810638,0.6666666666666666
1298210046,040772128,0.10090567916631699,0
1298216176,965002845,0.4402126669883728,0
1298216176,041671694,0.3417378067970276,0.3333333333333333
1298216176,04113303X,0.2991126775741577,0
1298220475,040354083,0.19624730944633484,0.3333333333333333
1298220475,041969103,0.1900685727596283,0.3333333333333333
1299436544,953578984,0.3062889873981476,0
1299436544,1309003718,0.2284652590751648,0
1299436544,040118827,0.15319178998470306,0.6666666666666666
1299436544,041166213,0.1495155245065689,0
1299453902,040413160,0.6055422425270081,0.6666666666666666
1299453902,040471683,0.2711227834224701,0.6666666666666666
1299453902,040471500,0.18583770096302032,0.3333333333333333
1299453902,041143337,0.1523202657699585,0.3333333333333333
1299453902,040336670,0.13992324471473694,0.6666666666666666
1299453902,040763749,0.11913777887821198,0.6666666666666666
130027705X,040542602,0.14040857553482056,0.3333333333333333
130027705X,040643174,0.08640646189451218,0.3333333333333333
130027705X,041451678,0.08567244559526443,0.6666666666666666
130027705X,040418979,0.08408123254776001,0.6666666666666666
1301520152,040305503,0.23798172175884247,0.6666666666666666
1301520152,118745743,0.2122848629951477,0.6666666666666666
1301520152,040640353,0.163269504904747,0.6666666666666666
1301520152,042026229,0.1122204065322876,0.6666666666666666
1301520152,040288595,0.06653115898370743,0.6666666666666666
1301520152,040178943,0.06203032657504082,0.6666666666666666
1301520152,040665623,0.05536439269781113,0.6666666666666666
1302281348,958232407,0.423017680644989,0.6666666666666666
1302281348,1156362113,0.3314894735813141,0
1302281348,040455807,0.1471554934978485,0.6666666666666666
1302746383,118555006,0.5186605453491211,0.6666666666666666
1302746383,007119089,0.33172333240509033,0.3333333333333333
1302746383,040457915,0.18662399053573608,0.6666666666666666
1302746383,041174054,0.18038731813430786,0.6666666666666666
1306903963,004911474,0.4586053788661957,0
1306903963,041291085,0.3913804888725281,0
1306903963,040205177,0.11828826367855072,0
1306903963,040118827,0.09264963120222092,0
1306903963,040536688,0.07492835074663162,0
1307021786,040142515,0.2667965888977051,0.6666666666666666
1307021786,04045956X,0.21033455431461334,0.3333333333333333
1307021786,040143066,0.09008073806762695,0.6666666666666666
1307483860,040154319,0.21780170500278473,0
1307483860,04053474X,0.1671610027551651,0
1307483860,040061388,0.12898871302604675,0.3333333333333333
1307492436,116797673,0.2670857906341553,0
1307492436,041380258,0.24095112085342407,0.3333333333333333
1307492436,119463288,0.08040589839220047,0
1307492436,004736060,0.061610590666532516,0
1310698570,118509179,0.7406761646270752,0
1310698570,041374533,0.1891104280948639,0
1310698570,040068048,0.17763864994049072,0.6666666666666666
1310698570,042578205,0.06523208320140839,0.6666666666666666
1310698570,042772559,0.012008956633508205,0
1310792542,965986985,0.16181209683418274,0
1310792542,041691873,0.12648515403270721,0
1310792542,041691946,0.10090567916631699,0
1310792542,041206274,0.09745071083307266,0.3333333333333333
1311805699,041141237,0.16345413029193878,0
1311805699,040494500,0.15684759616851807,0.6666666666666666
1313502030,040042960,0.1671610027551651,0.6666666666666666
1313502030,040204332,0.08750716596841812,0.6666666666666666
1313502030,040596354,0.064299575984478,0
1313556424,040413004,0.29444095492362976,0.6666666666666666
1313556424,1023334607,0.10282588750123978,0.6666666666666666
1313556424,04033581X,0.06230946630239487,0.3333333333333333
1314923978,040067777,0.10274115204811096,0
1314923978,04006851X,0.06476262956857681,0
1315045737,04045956X,0.31535840034484863,0.3333333333333333
1315045737,041783166,0.20151932537555695,0.6666666666666666
1315045737,041901118,0.14974987506866455,0
1316733521,040118827,0.15319178998470306,0.6666666666666666
1316733521,040757692,0.10365322232246399,0.3333333333333333
1316733521,041307933,0.08640646189451218,0.6666666666666666
1318745128,041631846,0.2746957838535309,0
1318745128,040303403,0.17497411370277405,0.6666666666666666
1318745128,042666708,0.17299164831638336,0.6666666666666666
1318745128,040479897,0.15432308614253998,0.3333333333333333
1322382921,040762262,0.06478719413280487,0.6666666666666666
1322382921,107904809X,0.06475246697664261,0
1323511660,040689999,0.3079148828983307,0
1323511660,040152170,0.10280345380306244,0.3333333333333333
1323511660,040470687,0.10173116624355316,0.3333333333333333
1323511660,04127380X,0.07568291574716568,0
1323512918,040114740,0.5885705947875977,0.6666666666666666
1323512918,040773477,0.273801326751709,0.6666666666666666
1323512918,980709423,0.2084234356880188,0
1324638273,123237521,0.6537644267082214,0
1324638273,040082407,0.20205679535865784,0.6666666666666666
1324638273,040645746,0.13074891269207,0
1325906336,965002845,0.1999690681695938,0.3333333333333333
1325906336,100072185X,0.11415351182222366,0.6666666666666666
1325906336,040775135,0.09874261170625687,0.3333333333333333
1327706717,040457915,0.11768963187932968,0.6666666666666666
1327706717,041961080,0.063359335064888,0
1327706717,040389367,0.02509981021285057,0.6666666666666666
1333188714,041217772,0.38782158493995667,0
1333188714,040759504,0.13872328400611877,0
1333188714,040118827,0.046050362288951874,0.6666666666666666
1333188714,040171027,0.028669077903032303,0
1333188714,040517527,0.0242912694811821,0
1333411022,958872570,0.31668388843536377,0.3333333333333333
1333411022,041143337,0.23895876109600067,0.3333333333333333
1333411022,040086488,0.07156004756689072,0
1333411022,042290538,0.059532083570957184,0.3333333333333333
1333797346,004769899,0.4392563998699188,0
1333797346,040489469,0.2958216965198517,0.3333333333333333
1333797346,040513424,0.07492835074663162,0.6666666666666666
1333797346,041335244,0.065925702452659607,1
1334710945,041212088,0.24877631664276123,0
1334710945,950251194,0.23422744870185852,0.3333333333333333
1334710945,040680975,0.175380140542984,0.3333333333333333
1334710945,040028518,0.1702587753534317,0.3333333333333333
1334710945,040567540,0.14014819264411926,0.3333333333333333
133618177X,040307026,0.17963188886642456,0.3333333333333333
133618177X,04059758X,0.10090567916631699,0.6666666666666666
133618177X,041639219,0.08567244559526443,0.3333333333333333
1336592192,040616444,0.31260108947753906,0.6666666666666666
1336592192,043264646,0.20019982755184174,0.6666666666666666
1337639346,041143337,0.2217942476272583,0.3333333333333333
1337639346,97847791X,0.20234529674053192,0
1337639346,965002845,0.06337904930114746,0.3333333333333333
1338379607,041861809,0.5936909317970276,0.6666666666666666
1338379607,041270312,0.28087592124938965,0.6666666666666666
1338379607,040012239,0.17602938413619995,0.3333333333333333
1338836293,041282698,0.14922328293323517,0
1338836293,951986910,0.13466700911521912,0
1338836293,041143337,0.10018597543239594,0.6666666666666666
1338836293,041206304,0.06707827746868134,0
1339140233,041691873,0.22604885697364807,0.6666666666666666
1339140233,040118827,0.08203497529029846,0.6666666666666666
1339140233,040763749,0.06937574595212936,0.3333333333333333
1339140233,040471500,0.06448767334222794,0.6666666666666666
1340998009,040766454,0.09989873319864273,0
1340998009,041776135,0.06478719413280487,0.6666666666666666
1340998009,950269492,0.033625125885009766,0
1341565319,040631060,0.36526769399642944,0.6666666666666666
1341565319,11883276X,0.3209753930568695,0
1341565319,041961080,0.2980368435382843,0
1341601374,040261409,0.3442819118499756,0.6666666666666666
1341601374,040216527,0.16415832936763763,0.3333333333333333
1341601374,040489469,0.09571605920791626,0.6666666666666666
1341693511,041766989,0.06992711126804352,0
1341693511,040336433,0.05796284228563309,0
1341693511,04033659X,0.05796284228563309,0.3333333333333333
1341830845,1125463066,0.1716434508562088,0.3333333333333333
1341830845,040664392,0.11779166758060455,0.6666666666666666
1341830845,953928268,0.10009878128767014,0
1341959961,040457915,0.3557595908641815,0.6666666666666666
1341959961,042559553,0.2528175711631775,0
1341959961,040386392,0.19575075805187225,0.3333333333333333
1341959961,040159728,0.08179178088903427,0.3333333333333333
1341974383,041256220,0.1814510077238083,0.6666666666666666
1341974383,040718670,0.08343778550624847,0.3333333333333333
1341974383,041140117,0.07500705868005753,0.6666666666666666
1342400321,042539250,0.3748365342617035,0
1342400321,04059758X,0.347419798374176,0.6666666666666666
1342400321,041579410,0.16230088472366333,0
1342400321,040216624,0.14364702999591827,1
1344907830,04145409X,0.22088713943958282,0
1344907830,041753615,0.13880369067192078,0
1344907830,040638510,0.064299575984478,0
1344907830,04188423X,0.06415796279907227,0.3333333333333333
1344907830,040638499,0.06182662025094032,0.3333333333333333
1348093560,04099256X,0.17024335265159607,0.6666666666666666
1348093560,041961080,0.13966058194637299,0
1348257830,04059758X,0.16230593621730804,0.3333333333333333
1349717401,041143337,0.42037609219551086,0.3333333333333333
1349717401,040465144,0.2871350049972534,0.6666666666666666
1349717401,04033581X,0.14040960371494293,0.6666666666666666
1349717401,041239628,0.13992324471473694,0.3333333333333333
1350832820,041665554,0.4312610626220703,0
1350832820,948411694,0.29684343934059143,0
1350832820,040307026,0.16498641669750214,0.3333333333333333
1350832820,040118908,0.1466645449399948,0.3333333333333333
1350832820,040307204,0.13926780223846436,0
1351390635,040335690,0.12004970014095306,0.6666666666666666
