doc_id,label_id
1122742851,952320045
1122742851,04201526X
1122742851,041737830
1122742851,040501310
1122764111,040118827
1122764111,041391195
1122830890,040652033
1122830890,040240878
1122830890,040746720
1122830890,040699943
1122831242,040716295
1122831242,004691792
1122831242,041165683
1122831242,041210948
1122831560,04134121X
1122831560,04120509X
1122831560,040642860
1122831560,042205549
1122831560,041342623
1122831560,041145704
1123071527,041359585
1123071527,042731275
1123071527,1366906624
1123071527,040760669
1123071527,958231893
1123071527,04318717X
1123191123,1090533586
1123191123,043287948
1123191123,040114139
1123191123,040350436
1123323739,004284224
1123323739,979945372
1123323739,040564428
1123323739,040352544
1123415145,041424069
1123415145,988219204
1123477523,041836685
1123477523,04126827X
1123477523,942632087
1123692807,040327868
1123692807,040156028
1123692807,040055655
1124131590,986822361
1124131590,041517954
1124131590,041654226
1124131590,1109064845
1124131590,1023745712
1124131590,1023747006
1124131590,962688320
112451287X,04049795X
112451287X,040318818
112454139X,040277437
112454139X,04010074X
112454139X,040300056
1124680454,040118827
1124680454,042908027
1124680454,981432670
1124680454,04274816X
1124680454,041616847
1124680454,944109977
1124680454,041386167
1124680454,04181116X
1125065761,040118894
1125065761,04180919X
1125065761,040120406
1125065761,973332336
112534525X,040175510
112534525X,041793110
112534525X,041626362
112534525X,979215455
112534525X,041370422
1125386886,041474546
1125386886,041698282
1125386886,040198685
1125386886,041907590
1125386886,994520042
1125386886,041760743
1125386886,041665856
1125386886,043090133
1125386886,041243293
1125386886,042140889
1125386886,042789257
1125541121,11854182X
1125541121,04049716X
1125541121,041728610
1125541121,04173128X
1125911638,041404963
1125911638,04183531X
1125911638,040255832
1125911638,041888804
1125911638,040662578
1125911638,96473222X
1125947764,041132920
1125947764,041323076
1125947764,04061588X
1125947764,040120619
1126086495,040335763
1126086495,041357108
1126086495,040455866
1126086495,04124348X
1126086495,04164199X
1126086495,041702972
1126086495,040550729
1126094269,004815750
1126094269,040350932
1126094269,040740986
1126094269,1251891020
1126094269,041264576
1126122483,040207137
1126122483,041927230
1126122483,040562182
1126129348,041142837
1126129348,040789314
1126129348,040272664
1126129348,042205549
1126129348,040665593
112641428X,040118827
112641428X,040746852
112641428X,041695364
112641428X,941399885
1126472964,040118827
1126472964,991869877
1126472964,969512805
1126472964,04045245X
1126472964,040111342
1126547492,040118827
1126547492,040297888
1126643068,992696054
1126643068,041241797
1126643068,04318717X
1126645958,041552369
1126645958,041291085
1126724599,040476677
1126724599,040039749
1126724599,04140257X
1126844225,040118827
1126844225,040538818
1126844225,040432718
1126844225,040490378
1126844225,041376854
1126923443,040713326
1126923443,040011119
1126923443,040290026
1126923443,042908027
1126923443,041233077
1126923443,040642283
1126923443,041656784
1127016571,960767053
1127016571,105926451X
1127016571,1054613230
1127147544,118555006
1127147544,040402223
1127147544,042349877
1127147544,040496732
1127147544,040485072
112752819X,004796454
112752819X,041750292
112752819X,1153427524
112752819X,040485617
112752819X,040006263
1127582399,041688457
1127582399,04050803X
1127582399,041451600
1127582399,100363964X
1127701290,040118827
1127701290,982398735
1127701290,042352754
1127701290,041272846
1127701290,042907039
1127701290,040137988
1127701290,947988491
1127801783,040203832
1128205955,042060907
1128205955,041143825
1128205955,041376854
1128205955,956305164
1128556022,04202787X
1128556022,040665623
1128574136,04193041X
1128574136,1266118357
1128574136,041287045
1128574136,040593177
1128574136,040649377
1128574136,042744733
1128574136,95023818X
1128594129,118547798
1128594129,041341902
1128594129,040573109
1128594129,040020533
1128594129,041289722
1128594129,949301329
1128594129,040198308
1128728761,04039395X
1128728761,041562674
1128728761,041336003
1128728761,04145961X
1128728761,041357485
1128819341,040194167
1128819341,041560272
1128819341,041377699
1128819341,041560523
1128819341,041230949
1128819341,973163119
1128898861,040026418
1128898861,1062915038
1128898861,04121465X
1128898861,040026922
1129046060,041746120
1129046060,040740986
1129046060,041231767
1129046060,041951417
1129046060,041769643
1129258556,042975255
1129258556,041926668
1129258556,950962252
1129258556,040011836
1129258556,041256778
1129487776,960767053
1129487776,041426460
1129487776,041321650
1129487776,1234001772
1129695395,040314839
1129695395,991105710
1129695395,040567230
1129695395,040567540
1129695395,04056424X
1130030415,040455998
1130030415,1116095971
1130030415,1116100770
1130065057,948237317
1130065057,040337006
1130065057,940565625
1130065057,041663500
1130065057,041243293
1130065057,941775380
1130065057,041760530
1130065057,040475948
1130127311,1105568555
1130127311,950251194
1130127311,1142573028
1130127311,1005978824
1130127311,043084168
1130127311,042242444
1130127311,041140168
1130455769,040336964
1130455769,040310035
1130455769,041879325
1130560554,040565610
1130560554,040479684
1130561771,989749401
1130561771,040537242
1130561771,1227961537
1130561771,041378105
113065673X,040477045
113065673X,041397169
113065673X,040301028
113065673X,04015999X
1131313585,042678412
1131313585,041977335
1131313585,96305628X
1131313585,97674614X
1131313585,966493974
1131313585,960767053
113135527X,040118827
113135527X,040098486
113135527X,04045696X
113135527X,041260147
113135527X,041205006
113135527X,040352633
113135527X,040063402
1131755340,040028054
1131755340,040349292
1131755340,040055655
1131755340,040477460
1131755340,953407497
1131766423,040305503
1131766423,040737810
1131766423,973332336
1131766423,043104169
1132108462,953309681
1132108462,948942304
1132108462,040701026
1132113091,041580206
1132113091,040043010
1132113091,041299833
1132113091,042131278
1132286875,945394624
1132288789,979984149
1132318475,040443108
1132318475,040740986
1132318475,041214447
113247258X,995800995
113247258X,040762157
113247258X,040557626
113247258X,040625478
1132755158,04113446X
1132756642,040028054
1132756642,040785149
1132945844,040205886
1132945844,040412482
1132945844,040110192
1132945844,040476898
1132995795,040781682
1132995795,041357477
1132995795,958231893
1132995795,04318717X
1133406351,040432718
1133406351,040208729
1133406351,040028127
1133406351,040028143
1133406351,040183823
1133406351,041680626
1133459749,956153186
1133459749,982637632
1133459749,040777049
1133459749,040223493
1133479111,04061963X
1133479111,040318834
1133479111,961739223
1133479111,041849450
113347926X,040586510
113347926X,04194061X
113359803X,040538818
113359803X,041513312
113359803X,04144955X
113359803X,040733319
113359803X,041693396
113359803X,041237137
1135339724,04124995X
1135339724,040776069
1135382409,041211642
1135382409,1366926021
1135382409,042266289
1135608164,041132920
1135608164,040128997
1135608164,042414199
1135628793,042868688
1135628793,040156028
1135670749,953145018
1135670749,040168255
1135670749,945178476
1135964084,040195147
1135964084,040197026
1135964084,040493865
1135964084,040742504
1135964084,040052273
1136025286,041323009
1136025286,040789314
1136025286,041142837
1136134182,108104206
1136134182,041283376
1136134182,04076527X
1136134182,1155206169
1136134182,040384632
1136134182,004048725
1136134182,954746910
1136268685,040261816
1136268685,040197522
1136268685,040150356
1136268685,1023709775
1136290354,040261816
1136290354,041439937
1136290354,041391586
1136290354,041208064
1136471138,040595552
1136471138,040359646
1136471138,947095667
1136471138,989951723
1136967753,040564150
1136967753,042913330
1136967753,041954610
1136967753,040777049
1136967753,040223493
1137206527,94201345X
1137206527,042896452
1137206527,041216539
1137206527,040470555
1137210494,940431181
1137210494,040723496
1137210494,041701747
1137210494,04072350X
1137210494,1109778066
1137210494,040221539
1137210494,041904788
1137210494,041772512
1137226226,040477045
1137226226,042358663
1137359722,118591649
1137359722,04135849X
1137359722,042690420
1137359722,041207440
1137359722,041879848
1137359722,041782755
1137366613,040118827
1137366613,040288080
1137366613,040408027
1137366613,04139304X
1137366613,040023338
1137366613,040605604
1137366613,040413004
1137366613,040408086
1137366613,04049716X
1137366613,959846352
1137366613,118581945
1137447605,007041454
1137447605,040413160
1137494298,041906918
1137494298,041753933
1137494298,041214609
1137494298,043001173
1137494298,041753704
1137494298,041310284
1137494298,040172333
1137867515,04193797X
1137867515,04128805X
1137867515,041522117
1137867515,041489950
1137867515,042579422
1137867515,040172333
1138234095,1138127957
1138234095,951396455
1138234095,04185151X
1138234095,041972953
1138234095,041760743
1138234095,042372038
1138234095,040172333
1138282065,944730175
1138282065,04132532X
1138282065,040362027
113828212X,042936632
113828212X,041739442
113828212X,979215455
113828212X,940493101
1138359637,041207300
1138359637,040557626
1138359637,041874617
1138359637,043264646
1138359637,040350932
1138359637,040202194
1138359637,042453984
1138496081,040690997
1138496081,040394093
1138496081,040564495
1138496081,040493962
1138496081,040335429
1138496081,04139304X
1138705357,040587088
1138705357,040181189
1138705357,957319304
1138705357,042364892
1138705357,1033604003
1138705357,040775747
1139170031,940855348
1139170031,041157109
1139170031,04059534X
1139170031,041127013
1139170031,042272335
1139170031,040488357
1139170570,11862914X
1139170570,040065685
1139170570,041877136
1139170570,940842424
1139170570,041325699
1139329987,040760014
1139329987,04189328X
1139329987,1151536040
1139329987,042439930
1139329987,040383903
1139329987,040550729
1139709313,1194595685
1139709313,042218713
1139709445,041730860
1139709445,946225249
1139709445,04055676X
1139709445,040059790
1139709445,128564378X
1139843575,041715683
1139843575,040700593
1139843575,1019842911
1139891413,040114139
1139891413,040052486
1139891413,041143825
1139891413,041295218
1139891413,040413004
1139891413,042320763
1139891499,040090167
1139891499,951591916
1139977210,040163970
1139977210,041912888
1139977210,041176723
1139977210,040264823
1139977210,04172027X
1140268260,04261449X
1140268260,040309134
1140268260,041727770
1140268260,041321510
1140268260,043132804
1140268260,968603785
1140268260,041456009
1140268260,040325806
1140586602,940664178
1140586602,970225792
1140586602,041645383
1140586602,040774473
1140586602,041855647
1140586602,04133759X
1140586602,940589761
1140586602,041969146
1140586602,040348709
1140586602,947029435
1140586602,042803454
114087084X,040422704
114087084X,1023709775
1141230585,04192147X
1141230585,040168999
1141230585,040568342
1141230585,040332098
1141230585,040350355
1141381818,1241987726
1141381818,988555794
1141577305,040118827
1141577305,041139402
1141577305,040118908
1141577305,040118894
1141577305,040130215
1141577305,040777790
1141577305,041399242
1141577305,040206459
114179344X,040181456
114179344X,04172609X
114179344X,041393317
114179344X,041390318
114179344X,042727162
114179344X,040355888
1141930714,041557360
1141930714,042074312
1141930714,040375897
1141930714,041364392
1141930714,041364406
1141930714,040152286
1142001385,040525880
1142001385,042541409
1142001385,042066913
1142001385,957612060
1142001385,041247884
1142001385,1366928938
1142001385,988135221
1142003191,040163210
1142003191,1006402748
1142003191,960767053
1142003191,040553825
1142003191,041264819
1142003191,040550729
1142003191,041943325
1142114651,041125444
1142114651,004789326
1142114651,041242270
1142233944,943819474
1142233944,950379182
1142233944,041596536
1142233944,041456106
1142233944,042305098
1142374378,04015467X
1142374378,041538757
1142374378,041529766
1142374378,042534380
1142374378,041685482
1142374378,042977967
114252874X,040118894
114252874X,041176367
114252874X,040163970
114252874X,040493962
1142648397,040006875
1142648397,040693422
1142648397,04198756X
1142648397,040710343
1142658651,041271173
1142658651,040376443
1142658651,042650763
1142658651,95465255X
1142658651,04316837X
1142787311,04026193X
1142787311,041734637
1142787311,973945575
1142787311,040022900
1142954714,040118827
1142954714,041213408
1142954714,042251958
1142954714,041205502
1142954714,041245849
1142954714,1033763179
1142954714,041881745
1142954714,041157109
1144011728,04166051X
1144011728,040765733
1144011728,041750934
1144011728,04003500X
1144011728,041306945
1144011728,040783952
1144011728,041610245
1144177944,041525736
1144177944,944032095
1144177944,975496530
1144401305,979984149
1144401305,041244818
1144401305,040213250
1144872871,040329135
1144872871,04142414X
1144872871,041156676
1145327907,040118827
1145327907,040120406
1145327907,041968212
1145327907,040166066
1145327907,042384672
1145327907,1021407062
1145327907,041157109
1146556632,040122115
1146556632,041960076
1146556632,954692667
1146556632,041702972
1146556632,040550729
1146556632,04113432X
1147383316,04047089X
1147383316,041222024
1147383316,040158756
1148276777,04076737X
1148276777,042520746
1148276777,040266567
1148276777,040343995
1148276777,040403645
1148276777,04128271X
1148277404,041252802
1148277404,041995988
1148277404,04148259X
114836417X,040031675
114836417X,1020952970
114836417X,040269442
114836417X,041343948
1148366989,040750922
1148366989,04124317X
1148366989,040037797
1148366989,041621069
1148366989,041211383
1148366989,041329635
1148377174,041610350
1148377212,041857070
114842492X,041340884
114842492X,041689852
114842492X,04059758X
1148549420,119489155
1148549420,040457915
1148653511,040026434
1148653511,041761847
1148653511,042026466
1148653511,040152618
1148750460,118130684
1148751718,041707737
1148751718,041419766
1148751718,041820819
1148878629,1006402748
1148878629,040334473
1148878629,041937546
1148878629,1294096656
1148878629,040111342
1148878629,04113446X
1148878629,040156028
1148878920,040163210
1148878920,041238575
1148878920,949105538
1148878920,040550729
1148878920,960767053
1148878920,041206126
1148878920,1042246734
1148880178,04167829X
1148880178,040742679
1148880178,04049716X
1149278315,040340260
1149278315,040349292
1149278315,040775879
1149324902,040525880
1149324902,041132262
1149366575,118505521
1149366575,040743357
1149366575,041333209
1149366575,040747980
1149366575,041315820
1149408170,975006851
1149408170,041682440
1149507640,30095736X
1149507640,300102194
1149507640,041712102
1149544511,040525279
1149544511,041300645
1149544511,987924621
1149550740,980459109
1149550740,042776635
1149550740,040741117
1149550740,040162168
1149639377,040118827
1149639377,040014460
1149639377,040509184
1149639377,041127684
1149639377,1028776632
1149639377,041252993
1149642009,042979293
1149642009,040382419
1149734655,000350745
1149734655,947138374
1149734655,1260683044
1150192070,040500616
1150192070,040182258
1150192070,041871049
1150192070,983662320
1150192070,040168956
1150192070,042803500
1150192070,947676724
1150327863,040118827
1150327863,041133919
1150327863,040778843
1150327863,040495140
1150327863,042250455
1150511109,118602551
1150511109,118834312
1150511109,042017947
1150511109,041342623
1150511109,040378772
1150573384,960470123
1150573384,950251194
1150573384,988099233
1150573384,04205608X
1150573384,04026923X
1150573384,040488357
115143356X,951140337
115143356X,956744397
115143356X,993176348
115143356X,1006402748
115143356X,041517954
115178091X,041306155
115178091X,040557375
1151810509,040737578
1151810509,04062661X
1151810509,041441265
1151810509,1176540750
1151810509,041975472
1151810509,041209974
1151878383,040154289
1151878383,040066673
1151878383,041376854
1152005456,040068552
1152005456,041231767
1152005456,04015999X
1152005456,041535219
1152005456,041889053
1152005456,949695505
1152081535,043167357
1152081535,040605914
1152081535,040742717
1152178431,040118827
1152178431,949276324
1152178431,040163970
1152178431,040558983
1152178431,042465990
1152179950,040563820
1152179950,040352544
1152179950,041127269
1152188569,954233654
1152188569,040567834
1152188569,041517954
1152188569,043268315
1152188569,1006402748
1152267205,040118827
1152267205,040147096
1152267205,042913780
1152267205,041988922
1152436937,004798139
1152436937,041288254
1152436937,041663063
1152436937,041643372
1152436937,041876806
1152436937,040495353
1152944762,040755614
1152944762,041665465
1152944762,041291085
1152944762,041659880
1152944762,992772478
1153005972,040378772
1153005972,040776247
115309326X,043102336
115309326X,040359646
115309326X,04051157X
1153251264,040382702
1153251264,040270890
1153251264,041911253
1153346427,040118827
1153346427,041389573
1153346427,042525799
1153346427,040473643
1153346427,040014797
1153346427,953340694
1153401800,041980948
1153401800,941779599
1153408171,11862167X
1153408171,04049716X
1153408171,963082795
1153470802,1044554460
1153470802,040760014
1153470802,040122115
1153470802,960456759
1153470802,957871945
1153470802,042048206
1153473054,963173561
1153473054,041427297
1153473054,942596528
1153473054,040122115
1153473054,042090377
115347414X,041608356
115347414X,99459285X
115347414X,041254678
115347414X,04113432X
115347414X,042048206
115347414X,041393120
1153481480,94017250X
1153481480,97218791X
1153481480,041324358
1153481480,953895068
1153481480,041760743
1153481480,040664244
1153501686,002775751
1153501686,1006402748
1153501686,960767053
1153501686,041915690
1153501686,040229939
1153501686,040592332
1153502615,041517954
1153502615,103887131X
1153502615,126360837X
1153502615,042262496
1153502615,041672658
1153503603,041263928
1153503603,040351653
1153503603,040336816
1153503603,950095265
1153503603,042367999
1153503603,041846907
1153503603,040546098
1153505142,960963405
1153505142,948556781
1153505142,04129193X
1153505142,041945050
1153505142,976280817
1153505142,041596536
1153505142,04192147X
1153544288,041456580
1153544288,041654544
1153544288,040459365
1153544288,950407178
1153544288,04136726X
1153544288,041142977
1153544288,040664244
1153669102,04010074X
1153669102,04066399X
1153669102,040029638
1153669102,040491854
1153669102,040377644
1153669102,040733157
1153706334,040005224
1153706334,944569722
1153706334,04112457X
1153706334,040184218
1153706334,943487382
1153706334,040476898
1154335186,106969780X
1154335186,040157016
1154335186,04116489X
1154507513,040760014
1154507513,99459285X
1154507513,042065992
1154507513,041645073
1154507513,041206126
1154785262,040792110
1154785262,041928466
1154785262,041514343
1154785262,040775755
1154785262,04248362X
1154785971,949276324
1154785971,04162159X
1154785971,042451744
1154785971,041228146
1154785971,040060926
1154899241,040118827
1154899241,04066399X
1154899241,041230655
1154899241,040269264
1154899241,04011144X
1154899241,040473759
1154899241,040111342
1154929515,118831429
1154929515,040533697
1154929515,040334236
1154929515,041715292
1154930807,994262493
1154930807,041867408
1154931560,940431181
1154931560,940589761
1154931560,954167910
1154931560,041489896
1154931560,04289686X
1154931595,040005860
1154931595,040020533
1154931595,1062915038
1154931595,041503082
1154931595,040595498
1154944409,041333209
1154944409,040261700
1154944409,040408086
1155004787,040425703
1155004787,040511812
1155004787,040431436
1155004787,041934687
1155004787,040087743
1155004787,04229763X
1155004787,041970349
115508358X,040211428
115508358X,041304624
115508358X,040310035
115508358X,941222357
115508358X,041812964
115508358X,040299198
115508358X,041253663
115508358X,040169162
115508358X,041230418
115508358X,959577718
1155084705,040310035
1155084705,041640772
1155084705,041304624
1155086015,041509080
1155086015,041304624
1155086015,041214013
1155086015,041748328
1155086015,042686172
1155086015,953546527
1155086015,04077449X
1155148797,04192083X
1155148797,040059634
1155148797,041808126
1155148797,041294068
1155408586,041269748
1155408586,988641232
1155408586,041970349
1155427645,040223787
1155427645,041819446
1155427645,040773493
1155427645,041332717
1155427645,948897244
1155427645,040378772
1155427645,040057097
1155469895,041892712
1155469895,040646890
1155469895,040142884
1155469895,041219058
1155469895,1047563150
115558774X,041875885
115558774X,041683625
115558774X,1366930606
115558774X,041467604
115558774X,040313204
115558774X,041265742
115558774X,041236017
1155640667,041165772
1155640667,040163199
1155640667,040351653
1155640667,950095265
1155640667,041131967
1155640667,040553825
1155640667,04148259X
115565532X,040584518
115565532X,042590469
115565532X,043279066
115565532X,042936632
115565532X,040175510
1156169879,040511766
1156169879,040344029
1156169879,040179664
1156169879,041230655
1156169879,972192700
1156178711,04154773X
1156178711,940639114
1156178711,041292928
1156178711,040768554
1156178711,955955947
1156178711,953050343
1156460034,042033845
1156497272,040028054
1156497272,041230655
1156497272,040714977
1156497272,041294068
115660270X,040398277
115660270X,040179850
115660270X,042349877
115660270X,041811585
1156602815,040276538
1156602815,040277437
1156602815,040465845
1156602815,04229763X
115660284X,11855574X
1157091407,040310310
1157091407,041230655
1157091407,1017203326
1157124240,987895397
1157124240,040710343
1157124240,040746720
1158660367,1175227862
1159373892,040118827
1159373892,040052982
1159373892,041408446
1159373892,040664090
1159373892,041140168
1159373892,041876806
1159373892,04160329X
115975408X,040408434
115975408X,041351754
115975408X,041397169
1159977712,041655168
1159977712,1005891907
1159977712,040580474
1159977712,041264126
1159977712,040352366
1160186197,1186662409
1160186197,041716736
1160186197,959364080
1160186197,040378829
1160350124,041271173
1160350124,042368650
1160350124,041140400
1160350124,041230655
1160350442,940431181
1160350442,041378148
1160350442,040592200
1160350442,040592332
1160350442,04189216X
1160350442,94217061X
1160361908,975819119
1160361908,043211437
1160361908,040142388
1160361908,041369092
1160361908,040162788
1160361908,040129322
1160361908,1084802287
1160361908,04148259X
1160486336,970957920
1160486336,972554203
116052095X,040189686
116052095X,130707112
116052095X,040495345
116052095X,040007324
1160593442,041402650
1160861730,04112667X
1160861730,040044645
1160861730,952983974
116100758X,118547364
116100758X,041218914
116100758X,040471268
116100758X,043224075
116100758X,969068123
116107662X,118557211
116107662X,118590804
1161298118,040118827
1161298118,04061963X
1161298118,041739086
1161298118,040111342
1161298118,041488776
1161298118,041126319
1161298118,043042422
1161298355,1105568555
1161298355,041212088
1161298355,969512805
1161459057,040118827
1161459057,040554090
1161459057,04079167X
1161459057,04072431X
1161459057,041539400
1161498575,040457974
1161832211,982398735
1161832211,04004436X
1161832211,041321596
1161849254,041892836
1161849254,1365571084
1161849254,040737543
1161849254,041832884
116191773X,040760014
116191773X,960767053
116191773X,1006402748
116191773X,04057931X
116191773X,040617068
1161943625,040454282
1161943625,041546296
1161943625,040302709
1161943625,040715078
1161943625,040548589
1162133953,960963405
1162133953,042069025
1162133953,041366077
1162133953,042372038
1162279753,043018203
1162279753,042805317
1162279753,040773493
1162279753,041272404
1162279753,040378772
1162357371,004629620
1162357371,040783154
1162357371,040582167
1162357371,1044874414
1162357371,041230655
1162357371,041520548
1162357371,1009242296
1162358874,040422267
1162358874,041699165
1162358874,041676424
1162358874,042220750
1162358874,947676724
1162358874,041365844
1162443847,990047008
1162451009,1104961199
1162451009,043280943
1162451009,041547608
1162451009,042676509
1162451009,041702972
1162683244,04282012X
1162683244,040379493
1162683244,040777227
1162683244,041353315
1162683244,041132920
1162683244,040184242
1162683961,043035175
1162683961,949322091
1162683961,04071781X
1162683961,040408434
1162840684,040118827
1162840684,040038467
1162840684,040465152
1162892226,04183903X
1162892226,040232778
1162892226,040120589
1162892226,040604918
1162892226,040023338
1162892226,040558762
1162897244,041578198
1162897244,041369254
1162897244,041785770
1162897244,041790960
1162897244,967941008
1162897244,041722515
1162926686,041323076
1162926686,040564584
1162926686,040564495
1162926686,040318834
1162926686,040272664
1162988525,040777049
1162988525,040495345
1162988525,04145166X
1163008990,040118827
1163008990,040031578
1163008990,041284089
1163008990,041206134
116320188X,040619168
116320188X,042021812
116320188X,041374924
116320188X,041900219
1163252565,040737578
1163252565,040441962
1163252565,040122115
1163252565,041517954
1163252565,1262258251
1163252565,041793129
1163252565,040629376
1163274623,040118908
1163274623,043241263
1163274623,040066509
1163391220,041418069
1163391220,04240505X
1163391220,040694917
1163391220,040756955
1163391220,040316483
1163391220,041456106
1163391220,941370445
1163452181,040694917
1163452181,04049716X
1163452181,041143337
1163452181,042038324
1163452181,041134184
1163529826,040118827
1163529826,041288394
1163529826,041137027
1163529826,041666410
1163529826,041157133
1163529826,040426238
1163529826,040139522
1163720100,042125863
1163720100,042852722
1163720100,040432254
1163720100,940164604
1163720100,040783952
1163720100,954511735
1163720100,042679869
1163756768,041179765
1163756768,040219933
1163756768,041546806
1163756768,041996763
1163756768,040176045
1163756768,040272389
1163756768,040766055
1163756946,940431181
1163756946,040490432
1163756946,972628037
1163756946,040567230
1163756946,041943635
1163756946,040710130
1163756946,041277937
1163756946,040736482
1163855103,040737578
1163855103,040142388
1163855103,042738024
1163855103,041331877
1163855103,040592332
1163927503,964528924
1163927503,040746763
1163927503,040207757
1163927503,041230655
1163927503,981171052
1163931985,041856872
1163931985,940589761
1163931985,041310284
1163931985,04192147X
1163931985,041635817
1163955884,040767086
1163955884,1366933702
1163955884,1361894563
1164001264,040081672
1164001264,960160299
1164001264,994520042
1164001264,041760743
1164001264,040159558
1164001264,04134359X
1164001264,955982642
1164001264,041851455
1164001264,1048078523
1164057170,043138128
1164057170,960767053
1164057170,997240334
1164057170,041969782
1164057170,040688178
1164076868,040118827
1164076868,04134703X
1164076868,1047563150
1164076868,040178978
1164156195,987895397
1164156195,040449033
1164156195,041323076
1164156195,199265267
1164156195,040746720
1164295136,040118827
1164295136,040432718
1164295136,040538818
1164295136,040776247
1164427970,963684892
1164427970,949386057
1164427970,042368650
1164427970,04078620X
1165227614,042131073
1165227614,041312988
1165227614,040675742
1165227614,042081823
1165227614,041931254
1165301741,1132090652
1165301741,1219938165
1165503158,040369153
1165503158,040489469
1165503158,040197107
1165503158,041363434
1165506998,04178250X
1165506998,041280822
1165506998,962975109
1165506998,043116620
1165649365,041962354
1165649365,041295064
116586892X,041132920
116586892X,040424596
116586892X,040669572
116586892X,994554338
116586892X,041342623
116586892X,1164034995
1166017176,040118827
1166017176,041739086
1166017176,1027978401
1166017176,04003724X
1166017176,040111342
116601990X,040118827
116601990X,040452506
116601990X,041410742
116601990X,041680235
116601990X,040027996
116601990X,041302389
116601990X,041157109
1166044645,040302717
1166044645,946126321
1166044645,945798784
1166044645,940589761
1166044645,1032223197
1166053415,944368581
1166053415,040191559
1166053415,042107334
1166053415,040077098
1166053415,041256395
1166053415,969784155
1166068129,040118827
1166068129,040232999
1166068129,041514343
1166068129,954231902
1166068129,040693325
1166068129,041590708
1166068129,041298756
1166091317,041288394
1166091317,042866529
1166091317,948001070
1166091317,041166450
1166091317,041793714
1166091317,96473222X
1166380793,000648574
1166380793,040350932
1166380793,1112571264
1166380793,945262779
1166400263,040381684
1166547175,040763889
1166547175,041492250
1166547175,042766028
1166547175,041837886
1166547175,040378829
1166820645,040710262
1166820645,040264823
116685082X,041690710
116685082X,04185506X
116685082X,040580474
116685082X,041365836
116685082X,947676724
1166923568,041678087
1166923568,041748867
1166923568,041683706
116692808X,040737578
116692808X,040162788
116692808X,04278476X
116692808X,945945027
116692808X,994520042
1166950492,040723232
1166950492,042745209
1166950492,1366936264
1166950492,040201368
1166950492,040781313
1166950492,041406605
1166950492,041691482
1167109201,040753999
1167109201,040066177
1167109201,040305945
1167595696,041279360
1167595696,040564428
1167595696,970714106
1167664094,940431181
1167664094,041701747
1167664094,975729446
1167664094,041288602
1167664094,964348306
1167664094,04162078X
1167664094,1286227941
1167682904,040455033
1167682904,041141687
1167682904,041556828
1167682904,040068803
1167682904,1132686660
1167682904,042193370
1167682904,04025092X
1167927613,040118827
1167939875,040398277
1167939875,04060294X
1167939875,040573109
1167939875,951145304
1168145929,041863488
1168145929,042082447
1168145929,041562534
1168145929,040266567
1168145929,94603575X
1168380235,985957824
1168380235,041411064
1168380235,972453075
1168380235,959847510
1168380235,042115388
1168462762,042437180
1168462762,041514343
1168462762,041291867
1168462762,041244818
1168590914,04026193X
1168590914,042705843
1168590914,042193397
1169131077,040079554
1169131077,040652882
1169131077,041555147
1169131077,040455866
1169131077,040664244
1169131077,040344347
1169293360,040099377
1169293360,040665275
1169293360,040664937
1169513433,040732134
1169513433,041140478
1169513433,040494594
1169568661,940431181
1169568661,96506395X
1169568661,04240956X
1169568661,040682978
1169568661,041619196
116965696X,041314247
116965696X,041257642
116965696X,041772245
116965696X,040055418
1170015522,040118827
1170015522,040240797
1170015522,041447409
1170015522,042003768
1170015522,04152795X
1170015522,041524608
1170015522,041136810
1170015522,040052982
1170015522,041378717
1170015522,041157109
1170355579,1365506169
1170355579,942582101
1170355579,1116095971
1170396615,040276538
1170396615,041207556
1170396615,040205886
1170396615,041134508
1170396615,041448707
1170399576,041737504
1170399576,040126560
1170399576,04049716X
1170581978,040144267
1170581978,040144577
1170581978,041403495
1170581978,042007933
1170581978,040736245
1170581978,040139433
1170581978,040114139
1170581978,943077338
1170581978,041207556
117058280X,041699165
117058280X,04141246X
117058280X,04146088X
117058280X,1137293195
117058280X,040392643
117058280X,041617347
117058280X,041354117
117058280X,947676724
117058280X,041974298
1170582885,041503503
1170582885,040578259
1170582885,040276333
1170582885,041503473
1170582885,040101525
1170780393,040382176
1170814646,040455033
1170814646,972120998
1170814646,041729218
1170814646,945256310
1170814646,042193397
1170876811,042455235
1170876811,040313328
1170876811,95333211X
1170876811,1350641928
1170876811,042018943
1170892159,042553296
1170892159,041895940
1170892159,958375372
1170915175,1364622009
1170915175,043111017
1170915175,041334264
1170956599,041567072
1170956599,962781800
117121510X,959038299
117121510X,968434746
117121510X,041998596
1171312806,040157016
1171312806,040332039
1171312806,040264823
1171312806,040710262
1171312806,040124754
1171312806,041691873
1171312806,040359646
1171490852,129199494
1171490852,042804418
1171490852,04049716X
1171490852,104761782X
1171591772,00773221X
1171591772,041428889
1171591772,040746720
1171591772,040487377
1171591772,040205177
1171705476,040776247
1171705476,040022307
1171705476,040694917
1171705476,040382435
1171705476,040747220
1172071586,041295218
1172488878,100473185X
1172488878,040350932
1172488878,040473767
1172488878,040202194
1172717397,041607139
1172717397,946952590
1172717397,1188049933
1173087540,040766640
1173087540,040636739
1173087540,040172694
1173087540,040783154
1173087540,041798007
1173087540,040018474
1173337873,041986946
1173337873,041403916
1173337873,040156028
1173338845,040118827
1173338845,040378772
1173338845,040057097
1173338845,04057329X
1173338845,041064682
1173338845,040119750
1173338845,04139304X
1173390014,040526739
1173390014,041575709
1173390014,987311735
1173390014,952019515
1173390014,040015734
1173390014,040074188
1173395814,041655796
1173395814,041214668
1173395814,042021715
1173395814,97269093X
1173395814,04123037X
1173395814,040011836
1173586520,04033676X
1173586520,040429075
1173586520,042793238
1173586520,1007272821
1173660275,041137485
1173660275,1059126001
1173660275,040359646
1173660275,040171027
1173660275,040597024
1173898204,041395115
1173898204,041740688
1174057947,040665283
1174057947,041869575
1174057947,041327845
1174057947,1209785226
1174057947,968608493
1174057947,041165799
1174057947,041941969
1174057947,041845463
1174057947,04120588X
1174057947,041230655
1174430184,1019842695
1174430184,043264646
1174439181,040352544
1174439181,040602303
1174439181,040288226
1174439181,041243277
1174439181,040215695
1174439181,040372782
1174439181,04137679X
1174667591,040118827
1174667591,040051048
1174667591,041885988
1174667591,041357337
1174667591,040183688
1174667591,041157109
1174922133,961739223
1174922133,040485900
1175311170,040307204
1175380725,04033676X
1175380725,040710890
1175380725,041618327
1175380725,040436802
1175380725,040555100
1175380725,042042437
1175380725,1152270176
1175575976,040118827
1175575976,947984917
1175575976,040305503
1175575976,94967365X
1175575976,041530969
1175575976,040775704
1175575976,956144497
1175575976,041132149
1175575976,040184285
1175879789,122956400
1175879789,040793206
1175879789,041387686
1175879789,040661857
1175879789,040232778
1176177257,042252997
1176177257,04072560X
1176177257,970902867
1176177257,04061672X
1176177400,040118908
1176177400,040118894
1176177400,040250989
1176177400,042350344
1176177400,040205355
1176409034,969970897
1176409034,041296117
1176409034,041295218
1176409034,040114139
1176409034,1182267297
1176806955,040118827
1176806955,040382915
1176806955,041838408
1176806955,041991915
1176806955,041319524
1176806955,946216533
1176806955,04160329X
1176913166,040118827
1176913166,041644395
1176913166,040533697
1176913166,041164660
1176974599,040538486
1176974599,040110613
1176974599,042327288
1176974599,1010292242
1176974599,963752707
1176974599,04318717X
1177149753,041676602
1177149753,042060214
1177149753,041435184
1177149753,041609115
1177149753,041233778
1177149753,040098338
1177149753,041596536
1177149753,041654544
1177155346,041371984
1177155346,041818555
1177155346,040020533
1177298783,007722036
1177298783,040377970
1177298783,970714106
1177298783,041760964
1177380986,040690652
1177380986,040124029
1177381877,041306155
1177381877,041332628
1177381877,040563863
1177382644,041581334
1177382644,040573109
1177382644,04060294X
1177382644,040139433
1177382644,040452425
1177382644,040494284
1177382644,040207544
1177382725,119165198
1177382725,040511766
1177600811,042808138
1177600811,041214919
1177600811,040597989
1177612054,958233810
1177612054,04134801X
1177612054,040774457
1177612054,042794692
1177622335,040599795
1177622335,040026418
1177625660,94618609X
1177625660,040310310
1177625660,041343735
1177625660,040452697
1177625660,941744655
1177625660,041127617
1177626624,041812093
1177627248,040371352
1177627248,040511154
1177627248,040455475
1177627248,942462076
1177627248,040399834
1177627248,042002303
1177639238,986020567
1177639238,041338812
1177639238,1366942132
1177639238,041670744
1177639238,041866096
117811676X,041867335
117811676X,04136936X
117811676X,040550095
1178147320,007722036
1178147320,041127366
1178147320,974675598
1178147320,041760964
1178176606,040118827
1178176606,040014460
1178176606,041342623
1178176606,04120719X
1178176606,043084168
1178176606,040762157
1178176606,968312543
1178323803,040446832
1178323803,041958985
1178323803,040490785
1178323803,959420991
1179121724,040176258
1179121724,041364473
1179121724,040782158
1179121724,041340817
1179121724,041520122
1179121724,041818652
1179121724,041558030
1179121724,041972953
1179121724,041456009
117977969X,970016034
117977969X,042381185
117977969X,961349700
1180028058,041745345
1180028058,041747186
1180028058,042609984
1180028058,1221989960
1180032381,040537242
1180032381,040580474
1180032381,04051255X
1180032381,042367085
1180032381,040470024
1180198328,040459772
1180198328,040561380
1180198328,040700879
1180501497,040118827
1180501497,041947479
1180501497,040632997
1180501497,042007933
1180501497,004664108
118061366X,040563669
118061366X,040750043
118061366X,041251776
118061366X,040305503
118061366X,041346815
1180727770,1228149534
1180727770,042395216
1181059275,041256980
1181059275,981714250
1181059275,04029577X
1181096200,1033938556
1181096200,041849450
1181096200,040665712
1181326133,041525736
1181326133,041273877
1181326133,041338413
1181328845,04138041X
1181328845,040186415
1181328845,042799597
1181328845,042124344
1181328845,1365870154
1181328845,1365872343
1181328845,1365873307
1181328845,041670329
1181574633,040118827
1181574633,040302717
1181574633,041435184
1181574633,040504190
1181574633,94239724X
118168904X,040143554
118168904X,040467813
118168904X,954763998
118168904X,041939859
118168904X,042134854
118168904X,040124754
118168904X,1364082780
1181946409,98566388X
1181946409,118557513
1181946409,040205258
1182201490,042972302
1182201490,040455874
1182201490,949169153
1182201490,040133443
1182201490,041763394
1182201490,040479684
1182422918,040099296
1182422918,040567303
1182422918,043264646
1182422918,040087670
1182422918,040750922
1182422918,1335228187
1182423728,041811933
1182423728,040309576
1182423728,041899547
1182423728,941424448
1182423728,958289344
1182423728,042090377
1182682596,13936367X
1182682596,040780120
1182682596,00115480X
1182682596,042320763
1182682596,040114139
1183566417,040586405
1183566417,956012000
1183878761,041478215
1183878761,041759877
1183878761,040459365
1183915055,040118827
1183915055,040487652
1183915055,040487377
1183915055,040203107
1183915055,04064314X
1183915055,040206602
1183915055,040690083
1183989822,040014460
1183989822,04307863X
1183989822,041260732
1184198756,041256557
1184198756,953416844
1184198756,042600243
1184198756,040359646
1184280207,04062661X
1184280207,041273478
1184280207,946491399
1184280207,041888804
1184280207,040645169
1184280207,040663876
1184291772,041663500
1184291772,041366077
1184291772,041760743
1184291772,040339718
1184291772,040479668
1184291772,042645212
1184291772,042100429
1184467196,041132920
1184467196,041263464
1184467196,04059596X
1184467196,040467813
1184467196,040119750
1184467196,040037258
1184468095,94102279X
1184468095,041379489
1184468095,042784670
1184468095,940683423
1184468095,04185795X
1184476713,040099377
1184476713,040704963
1184476713,1177403080
1184754810,1211840379
1184754810,041364619
1184754810,041155815
1184754810,041369599
1184765391,040118827
1184765391,041829476
1184765391,042196825
1184765391,04195601X
1184765391,1021406953
1184765391,041157109
1184797021,041947266
1184797021,041909232
1185175040,123584205
1185175040,040336379
1185175040,041842200
1185486275,040580474
1185486275,041385659
1185486275,04071781X
118556392X,04049795X
118556392X,040050785
1185761268,040329038
118581437X,119045796
118581437X,040154289
118581437X,041361512
118581437X,04049716X
118581437X,040432718
1185977422,041256557
1185977422,042594189
1185977422,042093902
1185977422,041402200
1186069929,943550300
1186069929,004816730
1186138920,97711144X
1186138920,949798681
1186138920,040066347
1186143053,118547739
1186143053,040362027
1186143053,040152863
1186143053,941704661
1186143053,118559796
1186143053,04049716X
1186144157,041245792
1186144157,04071781X
1186144157,041284100
1186144157,041377184
1186144157,040773493
1186310197,04061963X
1186310197,043223125
1186310197,040037436
1186310197,040207595
1186310197,041365844
1186331771,100072185X
1186331771,042033985
1186331771,040443000
1186406135,040432718
1186406135,041277465
1186406135,04157835X
1186406135,041996763
1186406135,040272389
1186406135,040777227
1186410167,040118827
1186410167,04128271X
1186410167,041756770
1186412631,040703525
1186412631,040373630
1186412631,1103153382
1186412631,041874412
1186412631,040059642
1186412631,1009242296
1186590165,118611666
1186590165,006007813
1186630892,041387686
1186643986,040118827
1186643986,04198756X
1186643986,040592278
1186643986,040710343
118693235X,041563018
118693235X,949998931
1186939222,041132920
1186939222,040359646
1186939222,04025142X
1186939222,040398277
1186939222,041323076
1186939222,041480082
1187064742,040305503
1187064742,041216849
1187064742,041127625
1187064742,041241495
1187064742,040145166
1187064742,94967365X
1187064742,956144497
1187064742,040557367
1187065528,1065269277
1187065528,942788141
1187065528,993735495
1187065528,040412512
1187065609,040432718
1187065609,041826833
1187065609,040412822
1187065609,04076219X
1187065609,042007933
1187066230,040118827
1187066230,040288595
1187066230,042221269
1187066230,040762297
1187066230,972287116
1187096342,040118827
1187096342,041313356
1187096342,040790096
1187096342,004071204
1187096342,040397130
1187096342,040687996
1187096407,040118827
1187096407,040090167
1187096407,040790096
1187096407,040747980
1187096407,040320650
1187096407,040642925
1187097934,041133013
1187097934,040227243
1187097934,040666158
1187097934,040558797
1187097934,040178943
1187114820,041401492
1187144517,040157016
1187144967,118616951
1187144967,040278336
1187144967,040270890
1187265160,040432718
1187265160,04048744X
1187265160,040264866
1187265160,040205487
1187265160,04076527X
1187265160,040062953
1187272663,041207300
1187272663,041139240
1187272663,950181994
1187523275,040581675
1187523275,041655508
1187523275,041849450
1188242105,040055035
1188242105,04187207X
1188242105,950850071
1188242105,040356698
1188242105,040406008
1188314912,1365612236
1188314912,042002303
1188314912,041319125
1188456369,040350932
1188456369,041231414
1188456369,945262779
1188456369,040252264
1188456369,040473767
1188554824,040118827
1188554824,041155327
1188554824,041739086
1188554824,946216533
1188554824,041239288
1188554824,04123037X
1188554824,040011836
1188554824,040111342
1188717863,040179850
1188717863,040756602
1188731726,041903730
1188731726,041873378
1188731726,040459225
1188731726,946952590
1188731726,041392523
1188883305,041215648
1188883305,040389715
1188883305,040205312
1188883305,040564495
1188883305,040663809
1188902008,040118827
1188902008,040787044
1188902008,040632555
1188902008,000003778
1188902008,04116489X
1188902008,041343654
1189005794,118577867
1189005794,040432718
1189213842,040143554
1189213842,040687546
1189213842,040028275
1189213842,040309339
1189213842,040408086
1189213842,1036986756
1189318229,040189686
1189318229,041286596
1189318229,041738632
1189318229,040732746
1189428113,041132920
1189428113,040504794
1189428113,958924260
1189442809,043184766
1189442809,042327903
1189442809,040266583
1189442809,042059909
1189584964,040118827
1189584964,041141598
1189584964,040266567
1189584964,04185473X
1189584964,041134486
1189654199,040042960
1189654199,041277317
1189654199,041548299
1189654199,040067998
1189654199,940507757
1189658593,041375688
1189658593,043042457
1189658593,04142414X
1189658593,041401999
1189662531,040485900
1189662531,041165462
1189662531,971874549
1189696134,040776247
1189924668,98810184X
1189924668,040710130
1189926326,040332039
1189926326,042573114
1189926326,040205886
1189926326,040465403
1189926326,042015197
1189991640,040321347
1189991640,041391195
1190123800,118637479
1190123800,97557079X
1190251256,940431181
1190251256,040762289
1190251256,041134826
1190251256,954202481
1190565579,1297239261
1190565579,041777077
1190565579,040494128
1190818981,040371352
1190818981,040452190
1190818981,941370445
1190818981,041331664
1190884674,040118827
1190884674,041176332
1190884674,041290607
1190884674,040178943
1190884674,040621278
1190994291,041165225
1190994291,041217616
1190994291,041275829
1190994291,978834275
1190994291,98885919X
1190994291,041828887
1190997541,040432718
1190997541,956104274
1190997541,1009242296
1190997541,040163970
1190997541,040164187
1191319059,040118827
1191319059,040038467
1191319059,040294137
1191319059,1099996589
1191319059,04059534X
1191319059,04116489X
1191414248,041762630
1191414248,041127110
1191414248,041142284
1191414248,04123409X
1191417131,96506395X
1191417131,007005733
1191417131,050846205
1191417131,04137830X
1191417131,041701747
1191417131,041284976
1191417131,04116489X
119142863X,040091813
119142863X,040176045
119142863X,040508633
119142863X,042590469
119142863X,041649583
119142863X,041684257
119142863X,1268481068
1191441741,041552482
1191441741,040124754
1191441741,042626528
1191441741,951960199
1191441741,948143819
1191441741,041284100
1191479811,043035175
1191479811,040583260
1191479811,040397920
1191479811,04062644X
1191479811,040789314
1191479811,041334310
119148145X,041248546
119148145X,042000149
1191517756,040118827
1191517756,040052273
1191517756,040790096
1191517756,941475050
119152681X,04004176X
119152681X,040090167
119152681X,041889096
119152681X,040790096
119152681X,040205479
119152681X,040348342
1191530221,1035258307
1191530221,040118827
1191530221,041972856
1191588475,040118827
1191588475,040027333
1191588475,040027082
1191588475,041943325
1191591778,11878529X
1191591778,040490122
1191591778,940431181
1191591778,040787044
1191591778,04137830X
119163485X,040172694
119163485X,040068552
119163485X,04054365X
119163485X,982637632
119163485X,041231767
1191663604,040118827
1191663604,04134121X
1191664023,040087840
1191664023,948411694
1191664023,042468833
1191664023,987943170
1191664023,041649583
1191666603,040052273
1191666603,041731719
1191666603,042451744
1191666603,041786475
1191688704,041745728
1191688704,042744733
1191688704,041727800
1191688704,041356527
1191688704,041513444
1191688704,042734320
1191688704,041517334
1191851613,040158330
1191851613,040718670
1191851613,040205886
1191851613,041615425
1191851613,040437744
1191927490,040651827
1191927490,040052273
1191929019,1197925309
1191929019,040096963
1191929019,040470202
1191929019,041142667
1191929019,040781437
1191929019,041699998
1191929019,041249410
1191935795,040780295
1191935795,040693422
1191935795,040066673
1191935795,04198756X
1191935795,040783847
1192053230,041499204
1192053230,04065348X
1192053230,041143825
1192053230,041234219
1192053230,040245969
1192103610,040118827
1192103610,040710130
1192136403,964799324
1192138090,040118827
1192138090,04061963X
1192138090,040452697
1192138090,041320638
1192138090,042571952
1192138090,040340368
1192139372,041259092
1192139372,040272664
1192139372,040710343
1192139372,1227263368
1192141334,040118827
1192141334,040052273
1192141334,040154319
1192141334,041535219
1192192257,040768996
1192192257,041360109
1192192257,040331660
1192192257,042665590
1192192257,041340787
1192192257,1268481068
119219733X,040768996
119219733X,04076219X
119219733X,041326954
119219733X,040762173
119219733X,040205266
119219733X,040465403
119219733X,040728854
119219845X,043044174
119219845X,950251194
119219845X,041341759
119219845X,040305503
119219845X,040747255
119219845X,04198756X
119219960X,040267229
119219960X,040038467
119219960X,040584062
119219960X,941288579
119219960X,040118827
119219960X,040099377
119219960X,1177403080
1192212118,040267458
119230523X,040266265
119230523X,041596536
119230523X,040709590
119230523X,942462076
119230523X,941370445
1192308794,040746593
1192308794,041969103
1192308794,041870859
1192308794,040350967
1192823397,300016425
1192823397,04052020X
1192823397,1050439163
1192823397,943427568
1192834259,118509039
1192834259,040555550
1192834259,136176380
1192834259,959790721
1192834453,118596756
1192834453,118559230
1192834453,040758559
1192834585,040991342
1192834585,042042429
119308699X,988555794
119308699X,040564495
1193125545,040757536
1193125545,962672645
1193125545,040557227
1193125545,040606333
1193125545,041154614
1193273730,941684199
1193273730,961958707
1193273730,041248546
1193549388,04047089X
1193549388,04020717X
1193549388,040318834
1193549388,040197026
1194354327,041294068
1194354327,1123527725
1194354327,040025675
1194354327,041230655
1194375138,1081206853
1194375138,040360504
1194375138,041583450
1194375138,94518963X
1194375138,041806859
1194377521,040216713
1194377521,04010074X
1194377521,040360504
1194377521,041140877
1194377521,040335356
1194461182,040118827
1194461182,040207668
1194646735,040118827
1194646735,040704963
1194646735,041232836
1194646735,043033814
1194646735,040127443
1194646735,041165489
1195598653,040751287
1195598653,041423992
1195599420,040118827
1195599420,041889320
1195599420,041693000
1195599420,946293856
1195599420,041283376
1195807872,040652874
1195807872,041144910
1195807872,041827937
1195807872,041490673
1195807872,040763889
1195807872,042995396
1195807872,041895347
1195807872,041438582
1195807872,943590191
1196009465,040050440
1196009465,041629795
1196009465,040022579
1196009465,041431804
1196009465,040783154
1196009465,042090156
1196086729,118519522
1196086729,118569678
1196086729,040421228
1196086729,041256980
1196096775,041896025
1196096775,040628434
1196110875,04171671X
1196110875,04182332X
1196110875,043097502
119632915X,04160198X
119632915X,107372798X
119632915X,101046003X
1196346623,123372399
1196346623,1134976313
1196346623,041143337
1196346623,041288440
1196346623,041352319
1196346623,041470044
1196525714,965002845
1196526036,040778215
1196526036,040540456
1196526036,95650681X
1196526036,1011064278
1196526036,04183724X
1196526036,04212042X
1196526036,041609182
1196526036,040149889
1196699887,042074282
1196699887,041364406
1196699887,002100967
1196700397,042074282
1196700397,989065375
1196700397,040189686
1196806004,042735777
1196806004,1365619168
1196806004,040270076
1196806160,040359646
1196806160,04049716X
1196806160,118535315
1196806160,040476898
1196860947,041204352
1196860947,040031675
1196860947,040655415
1196922500,1124028595
1197135227,041207300
1197135227,040264823
1197693661,040139212
1197693661,040385159
1197725784,04156250X
1197725784,040709590
1197725784,040022579
1197725784,041431804
1197725784,041255089
1197725784,1070945714
1197725784,947676724
1197749241,040350886
1197749241,040354210
1197749241,040166066
1197749241,040443213
1198111410,040151433
1198111410,04003500X
1198111410,041251652
1198111410,040005364
1198111410,040594270
1198111410,041972953
1198403322,041229304
1198403322,965500586
1198403322,04067486X
1198458305,04072560X
1198458305,042412919
1198458305,1003557597
1198458305,041264649
1198458305,973088753
1198458305,967279453
1198692626,104933289X
1198692626,004693922
1198692626,041230655
1198692626,040111342
1198692626,040718670
1198692626,040349292
119887564X,1132545560
119887564X,041157109
119887564X,043147690
119887564X,041125827
1198966548,040601315
1198966548,041949013
1199116084,041447794
1199116084,041557425
1199116084,940762439
1199116084,040786056
1199615668,040655415
1199615668,040493962
1199615668,041933826
1199816523,041829123
1199816523,967402662
1199816523,040400948
1199816523,042909589
1199954748,04131218X
1199954748,041412834
1199954748,041269748
1200099451,040708918
1200099451,04067259X
1200099451,042995396
1200099451,041124510
1200099451,04146026X
1200099451,04175168X
1200107756,040780295
1200107756,040038467
1200109643,040058956
1200109643,041951069
1200109643,1314965875
1200109643,04036237X
1200109643,040208729
1200109643,043155014
1200111524,940431181
1200111524,040780295
1200111524,040793443
1200111524,954614925
120011440X,040787044
120011440X,040780295
120011440X,040697150
120011440X,04116489X
1200115082,040780295
1200115082,040270580
1200210026,118594117
1200210026,1245160273
1200842529,042327679
1200842529,958955336
1200842529,040039579
1200842529,972755365
1201159458,040118827
1201159458,041772539
1201159458,04186820X
1201159458,947905391
1201262445,042525799
1201262445,040766012
1201262445,040473643
1201262445,040027082
1201262445,040664937
1201272963,118664123
1201272963,042995159
1201272963,040597873
1201272963,040349292
1201272963,040456609
1201546427,040783154
1201546427,04025092X
1201549825,041488563
1201549825,040659720
1201549825,041354702
1201549825,040476898
1201549825,040006263
1201600359,041953800
1201683785,041810147
1201683785,958793751
1201683785,040375889
1201683785,041798783
1201711061,041606663
1201711061,041509625
1201711061,04128271X
1201711061,042136288
1202044956,1289544506
1202044956,940997215
1202044956,041763505
1202044956,947292012
1202044956,041717406
1202186300,041481143
1202186300,1242484655
1202186300,956012000
1202236960,1068493003
1202236960,04180919X
1202236960,994559119
1202271499,040780120
1202271499,042074282
1202271499,040557375
1202271499,007591705
1202271499,1001443063
1202271898,040118827
1202271898,040223493
1202271898,041802349
1202271898,040066673
1202271898,040557367
1202295916,040758478
1202295916,040675548
1202295916,041434188
1202295916,041685385
1202295916,042513448
1202295916,042055490
1202339905,118571249
120236490X,040289117
120236490X,040457974
1202444814,043084168
1202444814,042153999
1202444814,943099234
1202444814,04039798X
1203065736,118575449
1203065736,04049716X
1203065736,041683463
120337223X,990470938
120337223X,041138988
120337223X,041208064
1203523084,041912233
1203523084,041291867
1203523084,040566935
1203523084,041239164
1203523084,040272664
1203705387,040564150
1203713290,041141598
1203713290,040386392
1203713290,940038838
1203713290,040300463
1203713290,040266400
1203854404,04061963X
1203854404,947013733
1203854404,959934766
1203854404,040274519
1203874995,987895397
1203874995,040746720
120409019X,1183144717
1204253307,041631676
1204253307,040389359
1204253307,040348644
1204253307,04075166X
1204253307,04069996X
1204334102,104941995
1204458456,040781496
1204458456,040252590
1204458456,041454626
1204458456,040097366
1204458456,041127625
1204555486,040118827
1204555486,041288394
1204555486,040053059
1204555486,042999839
1204555486,040343596
1204555486,040114570
1204555486,041157109
1204635617,041436830
1204635617,040677079
1204700605,1366430328
1204700605,040760669
1204926778,118535315
1204926778,041868358
1204926778,951588052
1204926778,040476898
1204928908,118723146
1205001875,041745434
1205001875,040322319
1205001875,04058500X
1205001875,940029154
1205001875,950407178
1205001875,951675575
1205001875,953396517
1205001875,041972953
120501473X,041549473
120501473X,04027263X
120501473X,041300254
120501473X,040352366
1205069135,04165479X
1205069135,953747093
1205069135,952006928
1205069135,043141358
1205069135,1344559182
1205156062,041215567
1205156062,040789217
1205253718,042337984
1205253718,136643210X
1205253718,040760669
1205260323,041232976
1205260323,04049716X
1205260323,040181456
1205370250,041359925
1205370250,041913914
1205370250,041580672
1205370250,041842359
1205370722,040231186
1205370722,1047563150
1205370722,041892712
1205370722,040647846
1205370722,970978340
1205370722,969519753
1205370722,043049168
1205370722,041391225
1205370722,04148259X
1205470727,040351777
1205470727,040457915
1205470727,040477045
120547191X,041204328
120547191X,040459608
120547191X,041949013
1205549501,1154511421
1205549501,042527066
1205549501,94572201X
1205677984,11892978X
1205677984,040216527
1205677984,040651053
1205884963,040232077
1205884963,042036127
1205884963,042540879
1206077565,04205320X
1206077565,040336379
1206096276,040050440
1206096276,11857941X
1206096276,040255204
1206096276,040435822
1206096276,040355888
1206344245,041746120
1206344245,043186726
1206344245,953407497
1206344245,04062305X
1206352876,117511072
1206416076,040316483
1206416076,040005364
1206416076,041308875
1206416076,040641996
1206416076,990722651
1206416076,131754322X
1206537078,11853453X
1206537078,041750268
1206537078,97200923X
1206537078,04073840X
1206588888,994866240
1206588888,040252264
1206588888,042412919
1206588888,94248486X
120660400X,040787044
120660400X,040470202
120660400X,040790096
120660400X,043233457
120660400X,041530950
120660400X,954371690
120660400X,040138879
120660400X,041454820
120660400X,042936578
1206635711,041481143
1206635711,041354702
1206635711,041562992
1206731095,04065348X
1206731095,040457915
1206746947,1081489480
1206746947,041303768
1206785667,041481143
1206785667,965002845
1206785667,955353793
1206785667,04005277X
1206987286,040352544
1206987286,040059405
1207152633,940431181
1207152633,041546806
1207152633,040747255
1207152633,040033384
1207152633,950492906
1207152633,040611639
1207187755,945850352
1207187755,04125824X
1207187755,041163893
1207236926,041225228
1207236926,04127959X
1207236926,04199289X
1207236926,04056486X
1207392995,040015734
1207392995,040015904
1207392995,042443474
1207392995,040143279
1207542938,040118827
1207542938,040181456
1207542938,040221539
1207542938,043274706
1207542938,041845870
1207542938,961720069
1207542938,040087670
1207542938,04120509X
120757452X,042192943
120757452X,041431324
120757452X,041564464
1208033107,04054723X
1208033107,041373782
1208164112,040261816
1208164112,040446352
1208164112,040446387
1208164112,041222032
1208164309,040261816
1208164309,040300463
1208164309,040744450
1208164309,042744156
1208164309,040120406
1208164309,040194043
1208393146,040756602
1208657267,041704975
1208691260,118632299
1208691260,118554948
1208691260,118575449
1208691260,118637533
1208691260,040307026
1208691260,040566188
1208691260,041723260
1208691260,040245969
1208937006,042032512
1208937006,041783557
1208937006,041368312
1208937006,041248473
1209058251,040732134
1209058251,040630749
1209159759,04028588X
1209159759,04033077X
1209159759,040245969
1209159759,040487377
1209257122,954405110
1209257122,040199029
1209257122,984430695
1209257122,040486982
1209257122,968865615
1209268558,041683293
1209268558,042515270
1209268558,041609182
1209268558,040475344
1209268558,041524802
1209268558,041632494
1209268558,946126321
1209268558,040451259
1209268558,041455894
1209268558,04250287X
1209268558,043102026
1209268558,042919940
1209332620,040563979
1209332620,041306155
1209332620,041295072
1209472783,040500616
1209472783,041967070
1209472783,041560655
1209472783,954076389
1209472783,04113303X
1209474573,040620050
1209474573,040336379
1209474573,945130562
1209474573,041253213
1209474573,040729052
1209474573,041933176
1209474573,041231767
1209520915,04011404X
1209520915,041296516
1209520915,040525848
1209676222,040026418
1209676222,040580474
1209676222,041264126
1209676222,041244818
1209676222,95572399X
1209795043,041446798
1209795043,041364392
1209795043,042017947
1209795043,1164030825
1209795043,041206975
1210038463,040261816
1210038463,041398483
1210038463,040597989
1210245132,040350932
1210245132,100072185X
1210245132,041242106
1210245132,040323862
1210245132,041176227
1210328518,042007925
1210328518,972487697
1210328518,040246663
1210328518,040501310
1210328518,040760669
1210426285,040118827
1210426285,042961785
1210426285,969737734
1210426285,040494225
1210426285,041649486
1210426285,041157168
1210484803,987431781
1210484803,042131324
1210484803,1036653315
1210484803,040701026
1210643979,1206347392
1210643979,967941407
1210643979,040118827
1210643979,043146139
1210643979,04065365X
1210643979,04066466X
1210644142,1366214773
1210644142,951481770
1210644142,041302370
1210644142,944103782
1210644142,041670329
1210644142,950272728
1210644142,040545628
1210647826,042071887
1210647826,040375897
1210652838,040714977
1210652838,04131218X
1210652838,04230931X
1210652838,04062871X
1210690705,041652568
1210690705,04170603X
1210947420,1206347392
1210947420,967941407
1210947420,040654710
1211094758,040118827
1211094758,041287746
1211094758,041208420
1211094758,041208218
1211099032,040412318
1211099032,041404017
1211099032,041709349
1211099032,040763080
1211238393,04061963X
1211238393,1075612675
1211238393,042743249
1211238393,041819977
1211238393,041259092
1211265528,041297202
1211265528,041849450
1211734609,118529579
1211793745,040118827
1211793745,040340139
1211793745,040465268
1211793745,04054365X
1211793745,04187093X
1211796515,042581044
1211796515,040107817
1211836649,040348709
1211836649,040651339
1211836649,041369653
1211836649,041302370
1211836649,959960996
1211836649,041557050
1211836649,041596536
1211836649,040694917
1211836649,041165608
1211836649,041524802
1212099117,040476898
1212099117,041126289
121244020X,980953987
121244020X,041912888
121244020X,040397858
1212440358,041912888
1212440358,040397858
1212440358,040582167
1212440358,04174084X
1212440358,040145166
1212440358,040485900
1212440358,043147267
1212589157,041591283
1212589157,040653153
1212589157,042872030
1212589157,041172027
1212604768,040352544
1212604768,040306356
1212604768,040443027
1212628020,04255487X
1212628020,968687350
1212631188,040452697
1212631188,042849926
1212631188,041738632
1212631188,971609888
121269869X,1162146354
1212858263,040182029
1212858263,040059642
1212858263,041570103
1212858263,1314965875
1213025257,100374446X
1213025257,040788954
1213025257,963864831
1213025257,973083778
1213137403,1206347392
1213137403,967941407
1213137403,040654710
1213137403,041779665
1213137403,041391195
1213239265,040769828
1213239265,041278887
1213239265,975149644
1213245486,041308808
1213245486,041365135
1213245486,040339718
1213245486,042179610
1213245486,041260562
1213245486,1242209417
1213445981,04160198X
1213445981,041216849
1213445981,040557367
1213445981,04055743X
1213445981,973036613
1213511224,040555429
1213511224,041628667
1213511224,100072185X
1213511224,953770958
1213511224,041762665
1213513227,1206347392
1213513227,967941407
1213513227,040533697
1213513227,040168670
1213513227,041786475
1213514835,040118827
1213514835,964119226
1213514835,042399432
1213514835,040763587
1213514835,1277966036
1213526817,040154319
1213526817,041216539
1213526817,040759954
1213526817,040354083
1213526817,041211383
1213527066,041923529
1213527066,968611338
1213527066,041639006
1213811309,041645219
1213811309,041731395
1213811309,041513444
1213811309,961370742
1213811309,041776976
1213811945,042755352
1214058019,041277317
1214058019,041759877
1214058019,043112552
1214060803,132194058
1214179940,040118827
1214179940,040130215
1214179940,040554090
1214179940,040468402
1214179940,04279448X
1214179940,953416844
1214179940,040763749
1214179940,040413160
1214246028,04131123X
1214246028,041403495
1214246028,041447794
1214246028,041273249
1214246028,040727122
1214246028,041557425
1214246028,1013094433
1214643558,040774457
1214643558,041513444
1214643558,040373150
1214643558,041356446
1214643558,1014244218
121481381X,040310310
121481381X,042743249
121481381X,041215907
121481381X,949746983
121481381X,948282207
1215037015,041513037
1215037015,04153946X
1215037090,041412893
1215037090,041903439
1215037090,041694554
1215037090,043206654
1215037090,941311406
1215037090,040578178
1215037090,041906683
1215037090,040101630
1215099576,040511588
1215099576,041231414
1215099576,04252086X
1215150229,1211521885
1215150229,041616782
1215150229,042261279
121515982X,041912233
121515982X,041291867
121515982X,041991982
121515982X,04071781X
1215169329,04032690X
1215169329,040404080
1215169329,041165772
1215293178,1326349392
1215293178,942129342
1215293178,041744160
1215293178,042598338
1215322194,04072560X
1215322194,042412919
1215322194,963600990
1215322194,967279453
1215322194,042453984
1215322194,040746593
1215336896,118666932
1215336896,131370952
1215336896,1351017144
1215336896,040709140
1215365292,040477045
1215365292,040178943
1215365292,958794650
1215736940,941868346
1215736940,1064946224
1215736940,040168425
1215736940,043084168
1215736940,041298950
1215905122,040118827
1215905122,040090167
1215905122,041889320
1215905122,041889193
1215905122,041428242
1216038546,04155275X
1216245517,04099256X
1216245517,040421228
1216245517,040756602
1216245517,040607194
121625785X,040519902
121625785X,040682714
121625785X,041858093
121625785X,041576756
121625785X,040272214
121625785X,04146088X
121625785X,040145557
121625785X,040205479
1216332959,042118549
1216332959,945450508
1216332959,980147638
1216332959,041406605
1216418470,040455394
1216418470,040675505
1216418470,041300262
1216418470,040475344
1216418470,1353043355
1216564248,041996798
1216564248,041849450
1216564248,040665968
1216638306,1019842695
1216638306,041969103
1216638306,946663459
1216638306,041237315
1216638306,040494128
1216639477,041240502
1216639477,040063186
1216639477,041974298
1216639477,04113303X
1216640556,961000937
1216640556,042220033
1216640556,042791553
1216640556,043075819
1216640556,041617347
1216640556,040479668
1216640556,040063402
1216640556,041670329
1216703019,040118827
1216703019,041411374
1216703019,040052486
1216703019,041411382
121670855X,041708059
121670855X,040197026
121670855X,040408434
1216709912,040207544
1216709912,041244818
1216709912,04069996X
1216709912,041165683
1216709912,040158756
1216710295,041244818
1216710295,041165683
1216710295,041532546
1216815267,119115166
1216815267,118559796
1216815267,041869184
1216815267,04064314X
1216815267,040156028
1217194991,963226312
1217194991,945130562
1217194991,041659848
1217197850,1367551692
1217197850,1367553873
1217197850,041945344
1217197850,042846862
1217197850,1361894563
1217407456,945504519
1217407456,042008042
1217407456,968687350
1217778403,040756580
1217778403,994559119
1217778403,041146204
1217899790,040455033
1217899790,982268742
1217899790,041481143
1217899790,041331958
1217899790,040544419
1217938427,041294726
1217938427,040201600
1217938427,040785963
1217938427,040272087
1218038608,040154289
1218038608,041343735
1218038608,041276787
1218075600,1235824438
1218075600,040054616
1218075600,043112692
1218075600,042797438
1218075600,042899613
1218075600,040169162
1218075600,041344286
1218075600,040172333
1218076224,041986059
1218076224,04047500X
1218076224,040197026
1218396474,040566188
1218396474,040368246
1218396474,040039900
1218396474,004691792
1218396474,040439127
1218466359,04156250X
1218466359,990645436
1218466359,040725324
1218466359,041451864
1218466359,947676724
1218530030,042071887
1218530030,041447794
1218530030,04065835X
1218762454,11863562X
1218762454,040494187
1218762454,041884787
1218765909,04131946X
1218765909,040443027
1218765909,041231767
1218765909,041229266
1218767227,040154289
1218767227,041293568
1218767227,040052486
1218767227,040066673
121876998X,040223493
121876998X,040408434
121876998X,040751279
121876998X,963493469
121877200X,040207544
121877200X,040544346
121877200X,041383540
121877200X,040402223
121877200X,041651197
1218782234,952225611
1218782234,040788954
1218782234,040055604
1218783435,040379493
1218783435,040223493
1218783435,041757769
1218783435,040788954
1218783435,040055604
121886642X,940431181
121886642X,040680975
1218867035,118606964
1218867035,118601717
1218867035,118601024
1218867035,040329038
1218867035,040457982
1218872667,04131946X
1218872667,041231767
1218872667,040704637
1218872667,041264576
1218887141,042131286
1218887141,041945344
1219099422,040118827
1219099422,040691772
1219099422,04125998X
1219428914,040791637
1219428914,041389212
121952980X,041323076
121952980X,041877136
121952980X,041248546
1219582611,040762416
1219582611,041645405
1219582611,040565610
1219582611,040130878
1219582611,041660560
1219582611,952328860
1219582611,041596536
1219910457,963531107
1219910457,040245969
1219910457,041538277
1219937185,041900693
1219937185,041215907
1219963003,040465144
1219963003,040011836
1219963003,040334473
1219963003,040473902
1219963003,041332717
1219963003,040114139
1219963003,040762289
1219965405,041727738
1219965405,041136780
1219965405,040774236
1219965405,040160122
1219965405,1366377087
1219965405,042284643
1219965405,96473222X
122008218X,000263753
122008218X,965844773
122008218X,041231767
122008218X,040146928
1220290084,041866789
1220355933,118500775
1220355933,040408698
1220355933,948065370
1220355933,04052020X
1220355933,042358507
1220419184,041214625
1220419184,041387678
1220488356,040408434
1220488356,040350886
1220488356,040581675
1220488356,043186726
1220488356,040154343
1220537594,040261816
1220537594,041304802
1220537594,041974298
1220537594,04113303X
1220844063,042063604
1220844063,04120719X
1220844063,041264126
1220844063,040354083
1220852465,041447794
1220852465,042216125
1220852465,948999403
1221062638,1018872345
1221062638,946517134
1221062638,042769337
1221269828,118572326
1221269828,962235563
1221269828,119204290
1221269828,118502549
1221269828,961152540
1221269828,118646176
1221269828,042775108
1221269828,041142659
1221269828,041436830
1221328247,118736159
1221328247,040426408
1221328247,04052258X
1221328247,040307468
1221405888,040118827
1221405888,040619168
1221405888,041143337
1221668943,118503596
1221668943,041331540
1221668943,040663809
1221668943,96872969X
1221668943,040632415
1221668943,041307933
1221668943,042250226
1221668943,118544209
1221668943,04049716X
1221801279,040432718
1221801279,04059534X
1221801279,041127013
1221801279,041136810
1221801279,040763080
1221801279,04117402X
1221801279,041341759
1221801279,041876806
1221801503,954405110
1221801503,04026887X
1221801503,040388522
1221801503,041968107
1221801503,984430695
1222162679,041654234
1222162679,041535723
1222162679,949105538
1222162679,041448707
1222162679,041451678
1222162679,040011836
1222270099,040455033
1222270099,040033600
1222270099,956298788
1222270099,040597989
122227034X,040261816
122227034X,041903250
122227034X,040597989
1222408961,042424658
1222408961,041824156
1222408961,942412664
1222502402,040873374
1222502402,040318826
1222502402,040081184
1222502402,040563820
1222509857,040581977
1222509857,041310810
1223538281,04003559X
1223538281,041227514
1223538281,042613418
1223538281,040595048
1223538281,040356809
1223756432,040371352
1223756432,041787978
1223756432,041138872
1223756432,041385799
1223756432,040576965
1223756432,040618390
1223800253,04061963X
1223800253,041268873
1223800253,988072351
1223800253,1123527725
122385034X,040118827
122385034X,041234715
122385034X,040621278
122385034X,041290607
122385034X,041219333
122385034X,979466288
1223868443,040261816
1223868443,04114483X
1223868443,040600955
1223868443,042189748
1223868680,040261816
1223868680,040756645
1223868680,040412318
1223868680,042055539
1223874281,041948769
1223874281,041940814
1223874281,041611209
1223989240,118592610
1223989240,040408086
1223989240,040318834
1223989240,041143825
1224193253,040359646
1224193253,042075602
1224193253,040494225
1224401638,040324168
1224401638,04131705X
1224401638,042839912
1224401638,040120406
1224748050,041810147
1224748050,041656156
1224748050,041547233
1224748050,040760669
1224750330,040428397
1224750330,042120225
1224750330,040311740
1224786661,040118827
1224786661,040139433
1224786661,041868846
1224786661,040630862
1224786661,043128114
1224786661,040139603
1224970381,041604938
1224970381,042515173
1224970381,94603575X
1224970381,040022900
1224970381,04169919X
1224970381,947676724
1225068193,040189686
1225068193,040772160
1225068193,040352544
1225068193,041843797
1225068193,040580474
1225291933,116083514
1225291933,040314936
1225401089,041696786
1225401089,041124510
1225401089,041560272
1225401089,040626563
1225401089,949900184
1225401089,040707628
1225401089,040486559
1225401089,041771230
1225401089,040147304
1225401089,041281306
1225478553,040939766
1225478553,040767787
1225478553,040264750
1225478553,04049716X
1225478553,04125693X
1225478553,041660439
1225478553,040152863
1225654106,04033676X
1225654106,041545575
1225654106,042450748
1225654106,041545567
1225654106,041206533
1225654106,041420632
1225860431,041204344
1225860431,040031675
1225860431,041230655
1225860431,953102424
1225932483,000254096
1225932483,041157109
1225932483,040343863
1225932483,960489290
1225932483,041209974
1225937817,040478432
1225937817,04026288X
1225937817,952965526
1225937817,040574725
1225937817,994520042
1225937817,043152228
1225937817,041702972
1225939275,040061116
1225939275,040325229
1225939275,040211428
1225939275,041545583
1225939275,042090377
1225939275,040039579
1225939275,040268616
1225939275,95346069X
1225939275,041802802
1225939275,040501345
1225939275,042600146
1225939275,04302968X
1226093590,040118827
1226093590,042741688
1226093590,040732134
1226093590,04214003X
1226222048,041255089
1226222048,04168396X
1226222048,963154362
1226222048,040490750
1226662331,041385977
1226662331,040793206
1226662331,041899180
1226662331,041911830
1226662331,040457915
1226665195,040189686
1226665195,040772160
1226665195,040352544
1226665195,041843797
1226665195,040580474
1226758002,040118827
1226758002,040143465
1226758002,95439836X
1226758002,040467813
1226758002,041911032
1226758002,041256980
1226784895,1032307897
1226784895,041207300
1226784895,041237617
1226784895,040733157
1226784895,040630013
1226784895,04030745X
1226888690,041996798
1226888690,041849450
1226888690,040055655
1226888690,1027874134
1226902294,1085167224
1226902294,041256395
1226902294,041306724
1226902294,041235797
1226902294,040299198
1226902294,042192218
1226985238,040118827
1226985238,040432718
1226985238,040538818
1226985238,041664914
1226985238,04141991X
1226985238,041172205
1226985238,042120225
1226985238,042190576
1226994776,040455033
1226994776,040685969
1226994776,041904877
1226994776,040349225
122703928X,040651053
122703928X,041423046
122703928X,041157109
122703928X,1206347392
122703928X,967941407
122703928X,960168400
122703928X,041876806
1227054971,041746120
1227054971,041173015
1227054971,040740986
1227054971,041966805
1227188048,040598446
1227188048,040565610
1227188048,957069502
1227188048,040337006
1227188048,040479668
1227188048,041252152
1227188048,041937546
1227241860,041422058
1227241860,041596536
1227241860,043103863
1227241860,040003132
1227241860,043136877
1227241860,041248422
1227241860,041517873
1227241860,042789257
1227241860,1044477261
1227241860,042792177
1227241860,042792193
1227311141,041403797
1227311141,041369254
1227311141,949671606
1227312253,041290038
1227312253,004691792
1227312253,042007933
1227447310,040163210
1227447310,040737578
1227447310,04148259X
1227447310,964766485
1227447310,1151838586
1227447310,04062661X
122770352X,042581044
122770352X,04072560X
122770352X,040473767
1227704046,04053474X
1227704046,041279484
1227704046,04126892X
1227704046,041230655
1227704089,04053474X
1227704089,041230655
1227704089,041216849
1227704089,040097366
1227832508,965067343
1227832508,956022820
1227832508,041907523
1227832508,041791045
1227832508,04069495X
1227832508,040460762
1227832508,04173016X
1227839227,040118827
1227839227,04062787X
1227839227,041291085
1227839227,040780228
1227839227,041665465
1227840616,04053474X
1227840616,040336379
1227840616,041660439
1227840616,04123409X
1227840616,041386167
1227840616,041223497
1227840616,1058748688
1227987242,040027627
1227987242,043008402
1228059748,040118827
1228059748,040665216
1228059748,040026205
1228059748,041629248
1228059748,041358856
1228059748,041269640
1228059748,041385470
1228059748,041876806
1228269211,973719419
1228269211,041665465
1228269211,040382176
1228269300,129728217
1228269300,004043294
1228333750,041314077
1228333750,959744118
1228333750,043063942
1228333750,041596536
1228333750,041456106
1228333750,1367006163
1228692890,04049795X
1228692890,040223493
1228692890,041257537
1228692890,040772012
1228692890,041216849
1228788103,118650130
1228788103,040198308
1228788103,040414086
1228788448,1102921998
1228788448,041440552
1228788448,041525094
1228788448,041987454
1229087605,945665989
1229087605,949900184
1229087605,04163425X
1229087605,041696727
1229087605,043081304
1229087605,041873750
1229087605,040299198
1229087605,041771230
1229087605,041769163
1229191887,004022084
1229191887,041157109
1229191887,972501428
1229191887,040743659
1229191887,978728033
1229191887,04135981X
1229191887,041209419
1229575081,964381699
1229575081,042131324
1229575081,041977300
1229575081,040334473
1230103554,040118827
1230103554,040261816
1230103554,04160668X
1230103554,042211034
123013588X,1241154031
123013588X,042028515
123013588X,953354431
123013588X,041509013
123013588X,040548058
123013588X,041335503
123013588X,041934687
123013588X,041171810
123013588X,042005795
1230407278,042234204
1230407278,041362314
1230407278,040708640
1230407278,042021715
1230754792,04135432X
1230754792,042304903
1230754792,042789664
1230754792,042059925
1230755403,041996798
1230755403,041849450
1230755403,040665968
123075573X,118598546
123075573X,040155080
1230755837,118541137
1230756124,11874044X
1230756124,118622110
1230756124,118528165
1230756124,041304896
1230756124,040793206
1230789510,04139075X
1230789510,041230655
1230789510,1123527725
1230789510,043264646
1230789510,97269093X
1230789510,041859170
1230789510,988072351
1230789510,040187764
1230938427,041306155
1230938427,041386167
1230938427,040773493
1231081287,989466795
1231081287,1277966036
1231081287,041347307
1231081287,964127970
1231081287,04225938X
1231274913,118792237
1231274913,040732746
1231274913,040336433
1231274913,040413160
123136257X,041767829
123136257X,040568342
123136257X,041343417
123136257X,043273173
123136257X,947461299
123136257X,041302702
123136257X,954819764
123136257X,040172333
123136257X,04148259X
123143578X,1006402748
123143578X,978757335
123143578X,984112391
123143578X,040414574
123143578X,040298035
123143578X,960767053
1231527188,040611639
1231527188,040223493
1231527188,041157192
1231527188,040335690
1231527188,040118827
1231791128,118803751
1231791128,040213919
1231791128,041873459
1231791128,041873467
1231791500,040057283
1231791500,041660412
1231791500,964675765
1231791500,004093836
1231791500,041388038
1231791500,040252434
1231791500,040336433
1231791500,041283376
1231791500,041947479
1231791640,118803751
1231791640,041873467
1231791640,041355903
1231791640,04207262X
1232403938,040428397
1232403938,040446387
1232403938,04219802X
1232403938,041431804
1232403938,040459985
1232488097,1206347392
1232488097,967941407
1232488097,04066466X
1232488097,041273745
1232488097,040187764
123291682X,041252802
123291682X,040605957
123291682X,041995988
1233018388,041280695
1233018388,040145166
1233018388,041401999
1233018388,04204779X
1233109995,040332152
1233109995,043275214
1233109995,941040860
1233109995,041730062
1233109995,04320175X
1233109995,041235797
1233109995,040486559
1233109995,042372038
1233109995,041760778
1233109995,042409454
1233200615,041136446
1233200615,043031455
1233200615,1367554705
1233200615,040501310
1233286293,041912713
1233286293,987853317
1233286293,99555420X
1233286293,041260562
1233427873,041261836
1233427873,040296695
1233427873,041211405
1233427873,040309584
1233678582,04132286X
1233678582,041744594
1233678582,1052207359
1233791389,300064233
1233791389,041290852
1233791389,040435822
1233791389,041315839
1233791389,040408027
1233868977,1187260916
1233868977,041207440
1233868977,043253830
1233868977,040027198
1233868977,041125320
1233868977,041680898
1233868977,041444477
1233986716,040099377
1233986716,040787044
1233986716,040232484
1233986716,040273865
1233986716,040682978
123406670X,1003483682
123406670X,1232346071
123406670X,041364112
123406670X,04128271X
1234244918,118626116
1234244918,119081113
1234244918,040408027
1234244918,040171027
1234389991,004010604
1234389991,041639537
1234389991,040111342
1234389991,040731995
1234389991,040566560
1234389991,041881257
1234390078,1032307897
1234390078,040733025
1234390078,1052291503
1234390078,118596632
1234390078,040136302
1234390078,040158128
1234500760,118969722
1234500760,04009104X
1234500760,040004643
1234500760,041213203
123498380X,040384160
123498380X,041355458
123498380X,042398797
123498380X,959706763
123498380X,040616444
123498380X,943756294
1234988275,040767787
1234988275,040665089
1234988275,042527139
1234988275,040793478
1235621081,040365603
1235621081,040681033
1235621081,950945897
1235621081,041993128
1235621251,948180250
1235621251,04139402X
1235621251,957571917
1235621251,042555736
1235722007,97502096X
1235722007,1205026401
1235722007,04059758X
1235722007,040714659
1235722007,04063213X
1236385659,040674614
1236385659,040457915
1236385659,040379442
1236385659,04045956X
123655082X,118604287
123655082X,118594303
123655082X,041708725
123655082X,040457915
123655082X,118650130
123655082X,04049716X
1236630475,1024265765
1236630475,040272230
1236692063,041924819
1236692063,043101062
1236692063,967247721
1236692063,041372042
1236692063,041331664
1236694627,943953189
1236694627,991995287
1236694627,041541219
1236694627,041716302
1236694627,041703707
1236732618,040566188
1236732618,040307026
123681424X,040118827
123681424X,041306155
123681424X,040564428
1236900618,040118827
1236900618,041966589
1236900618,040027996
1236900618,040028127
123726863X,118897748
123726863X,041399110
123726863X,95598971X
123726863X,954459814
123726863X,040320898
123726863X,040465632
123726863X,041699777
1237815622,040334228
1237815622,041621565
1237815622,040437744
1237815622,040270890
1237815622,040329038
1237892139,040149544
1237892139,04026887X
1237892139,041295048
1237895820,040050440
1237895820,040791637
1237895820,041279913
1237896665,041155866
1237896665,040664937
1237958962,040118827
1237958962,041205006
1237958962,040272869
1237958962,040665216
1237958962,041317017
1237958962,040360970
1237958962,041826612
123796542X,040118827
123796542X,040148432
123796542X,040149005
123796542X,040137988
123796542X,041434080
1237966981,040118827
1237966981,040471608
1237966981,040059146
1237966981,041133889
1237966981,043278612
1237969379,040118827
1237969379,04004436X
1237969379,040715213
1237969379,040297888
1237969778,040118827
1237969778,041173686
1237969778,04178846X
1237969778,040063313
1238074537,041674014
1238074537,1277966036
1238074537,040403645
1238074537,040197026
1238336809,040267229
1238336809,040066673
1238336809,1262259142
1238430317,040359646
1238437753,040389367
123848719X,040359646
1238489419,040118827
1238489419,040203786
1238489419,04155454X
1238489419,040577856
1238489419,041566149
1238496172,1335332510
1238496172,041292839
1238496172,040746720
1238517625,040709590
1238517625,041277317
1238517625,043246257
1238517625,1366089006
1238517625,04185909X
1238654630,042624088
1238654630,987128736
1238654630,04049716X
1238654630,040101096
1238654630,1078684375
1238686427,040476898
1238686427,040149633
1238887325,040334228
1238887325,040665623
1238887325,950181994
1238888003,041738500
1238891977,118529579
1238892132,983782784
1238892191,983782784
1238892191,041127749
1238895077,993997112
1238895077,042002303
1238895077,970894651
1238895077,97269093X
1238895077,041937546
1238895077,1135597375
1238895689,118608045
1238895689,000367680
1238895689,04073773X
1238895689,04047089X
1238896103,041128214
1238896103,973265892
1238896103,040074218
1238896103,043111513
1238896103,040343480
1238896103,040073653
1238896103,04164199X
1239418825,004040600
1239418825,040733025
1239418825,040360504
1239418825,041679717
1239442572,040455157
1239442572,043207596
1239684347,1162356235
1239684347,041277767
1239684347,04157835X
1239685068,118547739
1239685068,042427746
1239685068,041328523
1239685068,040022307
1239685068,040205290
1239746857,041737504
1239746857,964195720
1239746857,042185785
1239746857,041298950
1239837844,040261816
1239837844,041725174
1239837844,040597989
1239858078,1206347392
1239858078,967941407
1239858078,040168670
1239858078,967279453
1239858078,040066673
1240064012,040118827
1240064012,040348784
1240064012,042031664
1240064012,041950062
1240064012,041697936
1240064012,041622448
1240064012,040163385
1240230583,040993965
1240230583,040993035
1240230583,1019088141
1240230583,1255815167
1240230583,041708733
1240230583,041706943
1240230583,041537939
1240426518,990249689
1240426518,1200878833
1240426518,040564363
124048142X,040455033
124048142X,04184713X
124048142X,041450930
124048142X,042783089
124048142X,1036626768
1240482760,042402948
1240482760,041908643
1240482760,04326865X
1240482760,041938127
1240482760,041846907
124049906X,04125385X
124049906X,041581318
124049906X,04073756X
1240616058,040448908
1240616058,042325919
1240616058,041259696
124062820X,040118827
124062820X,04156927X
124062820X,040633519
124062820X,041166140
1240676557,040507335
1240676557,040060209
124084784X,041838815
124084784X,041561260
124084784X,041521773
124084784X,040068943
124084784X,04025092X
1241019177,041239989
1241019177,942462076
1241019177,041788184
1241246815,1214755968
1241246815,041547500
1241246815,042086310
1241246815,041293592
1241246815,994520042
1241246815,040436640
1241246815,041702972
1241246815,040550729
1242385606,04316837X
1242385606,040334473
1242410430,040118827
1242410430,04076737X
1242410430,041733002
1242410430,041239040
1242410430,040446387
1242410430,961349700
1242476105,040118827
1242476105,040630749
1242476105,041204743
1242476105,040630862
1242829113,040111199
1242829113,040693775
1242829113,964127970
1242829113,040009963
1243285958,040694682
1243285958,992772478
1243351241,040288595
1243351241,040563669
1243351241,040759954
1243351241,040436659
1243351241,041906152
1243433337,040538486
1243433337,041488059
1243433337,1160786313
1243433337,041323742
1243433337,040706362
124343967X,041132920
124343967X,040734099
124343967X,040289117
124343967X,040360326
1243482486,1253967660
1243482486,041268652
1243482486,041684265
1243482486,041639499
1243482486,040470563
1243482486,040763080
1243482486,040272745
1243681039,040455033
1243681039,040033600
1243681039,042146402
1243681039,042953073
1243681039,040701778
1244230499,965844773
1244475076,040310310
1244475076,041230655
1244475076,041245636
1244475076,041259262
1244475076,040583236
1244828254,040767787
1244828254,041884825
1244828254,04181634X
1244828254,971950318
1244828254,1132829860
1244828254,041241177
1244828254,042002303
1245017586,041699165
1245017586,042034906
1245017586,04113303X
1245432710,040118827
1245432710,1206347392
1245432710,040266567
1245432710,961478187
1245432710,04153414X
1245432710,040717968
1245432710,951096222
1245432710,041137434
1245532529,987032216
1245532529,040197913
1245532529,040126560
1245532529,041227956
124561987X,041798724
124561987X,040348342
1245622390,041996798
1245622390,041849450
1245622390,040727076
1245622390,04003982X
1245622390,944205399
1245622390,041305450
1245792008,118574892
1245792008,040602079
1245792008,040012646
1245792008,040368246
1246513935,139808264
1246513935,041229266
1246513935,041786475
1247405702,040223493
1247405702,040119750
1247405702,040367746
1247405702,041300157
1247405702,040564592
124742992X,040118827
124742992X,967941407
124742992X,1206347392
124742992X,040487377
1247444139,118693549
1247444139,118501631
1247444139,040395014
1247444139,042325854
1247444139,040002187
1247444139,042221064
1247525724,1161203737
1248084470,963592858
124869435X,1163689106
124869435X,1314965875
124869435X,040212165
1249009448,040075494
1249009448,996013938
1249009448,041740130
124922599X,118650130
124922599X,118562002
124922599X,118568507
124922599X,040659720
124922599X,042185785
124922599X,040457915
124922599X,040476898
1249478405,1280315296
1249478405,041570944
1249482232,041277988
1249482232,94910938X
1249482232,041981596
1249482232,040631532
1249482232,041721977
1249482232,04203793X
1249482232,041702972
1249482232,042409454
124999571X,040154289
124999571X,040198529
124999571X,041229266
124999571X,041136047
1250171946,042528666
1250171962,041419278
1250450934,119221144
1250450934,040739538
1250450934,040323595
1250451213,118592610
1250451213,04067889X
1250451213,040408027
1250453798,043236138
1250453798,041968387
1250453798,040272389
1250453798,040703347
1250682118,04032009X
1250682118,040171027
1250734851,041288726
1250734851,040460762
1250734851,042801710
1250734851,040068625
1250747902,119137194
1250747902,040207544
1250747902,041328523
1250747902,040456609
1250914868,041132920
1250914868,041323076
125099540X,1205119698
125099540X,041269748
125099540X,1187260916
1251135684,1135933081
1251135684,040467813
1251137504,041388038
1251137504,040389715
1251137504,949849758
1251137504,971576181
1251137504,041947479
125114196X,040264327
125114196X,041642554
125114196X,041285433
125114196X,040751287
125114196X,1033525375
1251148883,1009564889
1251148883,041522060
1251148883,040065685
1251148883,94311361X
1251148883,993106455
1251149855,040744256
1251149855,042845122
125115221X,040408027
125115221X,04126097X
125115221X,040254054
1251153208,320507343
1251153208,953145018
1251153208,040189686
1251153208,04049716X
1251153208,040118827
1251153208,040170268
1251154816,004789326
1251154816,041691873
1251154816,040272230
1251154816,040197026
1251155103,971576181
1251155103,955981131
1251155103,041453913
1251155103,953374238
1251162584,040298698
1251162584,04003366X
1251162584,1105406547
1251162584,040335429
1251162584,954874765
1251162584,964675765
125116370X,118632175
125116370X,040643174
125116370X,040065685
125116370X,042539196
1251169074,040065685
1251169074,041354702
1251169074,040006263
1251169074,041660242
1251169074,040197026
1251169074,041298950
1251189180,040772160
1251189180,04065835X
1251189288,1206347392
1251189288,967941407
1251189288,040563669
1251189288,040306534
125123903X,040493865
125123903X,04064314X
125123903X,040359646
125123903X,040494128
1251242464,118574957
1251242464,040368246
1251242464,041143825
1251400655,040464962
1251400655,040550877
1251400655,040412822
1251400655,04186820X
1251565034,040432718
1251565034,007761201
1251565034,040025810
1251565034,040413160
1251951422,04053460X
1251951422,041223438
1251951422,1062915038
1251951422,04113446X
1252063601,040759687
1252063601,04053474X
1252063601,041216849
1252063601,040252590
1252355815,004167295
1252355815,040408477
1252355815,04172075X
1252355815,040403572
1252673612,050038125
1252839618,118584596
1252839618,040769828
1252839618,041333209
1252839618,040605604
1252868006,040118827
1252868006,041450655
1252967861,040665968
1253011613,041132920
1253011613,040367746
1253011613,118557513
1253011613,040494225
1253016747,040104575
1253016747,040408434
1253016747,040777049
1253134391,118519433
1253304939,974041238
1253304939,1264095317
1253387818,11863562X
1253387818,04049716X
1253523894,040329798
1253523894,041264886
1253523894,943818761
1253523894,994520042
1253523894,040763706
1253523894,1003483682
1253523894,97674614X
1253745609,040356469
1253745609,963690280
1254029052,118559796
1254029052,040006263
1254029052,040531252
1254029052,041358414
1254307869,041788125
1254307869,1028601360
1254307869,041317084
1255276487,042012600
1255276487,041248546
1255276487,040346668
1255365862,96984350X
1255365862,042090377
1255365862,040081486
1255365862,041517954
1255365862,041288114
1255604603,041420659
1255604603,040360342
1255604603,041529685
1256171956,135257476
1256171956,949077534
1256171956,04033628X
1256171956,04126097X
1256552895,040775879
1256552895,040412512
1256552895,04049716X
1256552895,041750292
1256677620,959038299
1256677620,952964805
1256677620,041988779
1256677620,041823079
1256774340,1206347392
1256774340,967941407
1256774340,040332039
1256774340,040340139
1256774340,040336395
1257430734,040340716
1257430734,041541979
1257430734,041704118
1257430734,043251692
1257430734,041156730
1257430734,040608476
1257430734,040631532
1257430734,042409454
125778868X,04124995X
125778868X,042017947
1257963082,040756580
1257963082,1206288906
1257963082,967941407
1257963082,040746720
1257963856,125190954X
1257963856,041876806
1257963856,041288394
1257963856,040009963
1257963856,040087670
1257963856,04160329X
125804417X,004789326
125804417X,041703197
125804417X,040039749
125804417X,042998026
1259047261,040118827
1259047261,1019270519
1259047261,041880897
1259047261,040092186
1259047261,040060705
1259047261,041173384
1259349896,040768996
1259349896,04033581X
1259349896,040334228
1259349896,042720168
1259349896,041818970
1259697762,040732134
1259697762,040468348
1259697762,041215907
1260365220,040734102
1260365220,040731103
1261298772,041607139
1261298772,041208889
1261298772,963167847
1261298772,040623548
1261891635,041852672
1261891635,041763777
1261891635,040606465
1261891635,04133759X
1261891635,043160913
1261891635,040436756
1262173531,040476960
1262173531,041655508
1262173531,041357167
1262242681,1143710266
1263752780,040431835
1263752780,040318834
1263752780,040759253
1263752780,040158756
1263755348,1003483682
1263755348,040408027
1263755348,041933176
1263755348,040408434
1264478828,972632697
1264478828,041570103
1264478828,040408434
1264641990,945482485
1264641990,040069028
1264641990,040042960
1264641990,04154580X
1265212899,040359646
1265212899,960988297
1265212899,1189168855
1265828350,11899249X
1265828350,040457982
1265878935,041872673
1265878935,041134508
1265878935,040254534
1265878935,040775712
1265878935,040697223
1265878935,040457915
126629466X,040703703
126629466X,041388038
126629466X,940011581
126629466X,04132417X
1267387688,963991906
1267387688,951133969
1267387688,041256212
1267571209,118632175
1267571209,118524534
1267571209,040389367
1267571209,042539196
1267987456,118750488
1267987456,040481980
1268264776,040081354
1268264776,040231186
1268264776,040788687
1268264776,040272389
1268429139,041219139
1268429139,1132592771
1268429139,040141624
1268429139,041244494
1268429139,040655792
1268429139,040771318
1268429139,040608476
1268429139,040631532
1268512656,042100712
1268712914,985587709
1268712914,1206347392
1268712914,967941407
1268712914,040607429
1268712914,04204779X
1268843172,1364055996
126891133X,118501844
126891133X,040082407
1269028103,119118602
1269028103,040307360
1269028103,040074676
1269028103,041359526
1269095153,04016005X
1269095153,041550463
1269095153,956645356
1269158430,041660307
1269158430,949514942
1269158430,040059642
1269158430,040544389
1269158430,041127269
1269700278,040408027
1269700278,041323300
1269700278,040544907
1269700278,940170442
1269700278,04126097X
1269903535,977074862
1269903535,041554418
1269903535,04116489X
1269946102,118835394
1269946102,119172313
1269946102,11890860X
1269946102,040367746
1269946102,951480138
1270570927,041353684
1270606522,041737504
1270606522,959134883
1270606522,040126560
1270606522,041126262
1270606522,041956419
1270633864,040767787
1270633864,041143337
1270633864,041549007
1272915638,041132920
1272915638,040359646
1272915638,041258940
1272915638,040729052
1272915638,040119750
1272915638,040360326
1273048571,1205950184
127398112X,1137028114
127398112X,041307224
127423736X,041143337
127423736X,040738833
127423736X,041596536
127423736X,948181400
127423736X,040569144
127423736X,041874145
127437524X,040157016
127437524X,040791637
127437524X,041554299
127437524X,041126467
127437524X,948411694
1274435692,118524844
1274435692,041482050
1274435692,041211316
1274839084,300126751
1274839084,041414640
1275253571,040381978
1275253571,041143167
1275253571,040175987
1275253571,043146309
1275253571,04079167X
1275343864,040768996
1275343864,041143337
1275343864,041339657
1275343864,04033628X
1275343864,040118827
1275343864,118573470
1275343864,118741667
1275343864,041750292
1275641059,981171052
1275641059,040746720
127598312X,040046176
127598312X,118548255
127598312X,040245969
127598312X,043012612
1277143463,040593185
1277143463,04183741X
1277143463,040479870
1277531846,04298744X
1277531846,042308569
1277531846,041701127
1277531846,1035519526
1277531846,041439945
1277531846,042529956
1277706638,041263464
1277706638,040457915
1277885567,040705056
1277885567,040479927
1278427368,949910252
1278427368,042736218
1278427368,04079167X
1278427368,041143167
1278427368,040261476
1278917233,040128997
1279661402,12096967X
1279661402,041289722
1279661402,04020832X
1279661402,040205355
1279661402,042612950
1279661828,1232037893
1279661941,042397936
1279661941,040464490
1281175986,040306380
1281175986,040734994
1281175986,040305503
1281175986,040039749
1281175986,041229266
1281578738,040787044
1281578738,040267180
1281578738,040792625
1281578738,040543900
1282130862,040014797
1282130862,040349284
1282728636,040118827
1282728636,041263464
1282728636,1190608006
1282805851,040795535
1282805851,041126467
1282805851,040118827
1282805851,042007933
1282805851,04061672X
1283906910,040408434
1283906910,041305264
1283907402,040118827
1283907402,100072185X
1283907402,041615425
1283907402,040569144
1283907402,041674200
1284678784,041820282
1284678784,965655326
1284678784,041703146
1284678784,040647846
1284678784,04134801X
1284678784,04077970X
1284678784,96473222X
1284678784,040592332
1284678784,040130878
1284678784,040054616
1284678784,040015866
1284678784,042069076
1284818675,1284194973
1284818675,040730913
1284818675,041367960
1286492475,040397920
1286492475,040408027
1286492475,041298489
1286492475,040674770
1286492475,040006263
1286687284,940627213
1286687284,041798139
1286687284,041280962
1286687284,040108759
1286687284,041404750
1286687284,041554000
1286687284,041702972
1287236057,94034792X
1287236057,041221664
1287236057,993010180
1287928234,118544489
1287932630,040199282
1287932630,042179610
1287932630,96927517X
1287932630,040005674
1287932630,042103533
129056857X,041849450
129056857X,040323862
129056857X,041373049
1292429518,040223515
1292429518,040740986
1292429518,040746607
1292429518,040746593
1292744588,951132717
1293606456,041430492
1293606456,042726794
1293606456,04041115X
1293607169,041471350
1293607169,041354117
1293607169,041289609
1293607266,041295013
1293607266,041265947
1293607266,970409036
1293607266,949675415
1293607266,941406016
1294306634,118777238
1294306634,041290305
1294452517,040143058
1294452517,041522222
1294452517,946807434
1294452517,04037940X
129445370X,041657853
129445370X,041912713
129445370X,041523717
1295517337,1163689106
1295517337,040205886
1295517337,040554295
1295517337,040200469
1295517337,04065835X
1295517337,040733157
1296020428,041816749
1296020428,941291456
1296020428,041321162
1296020428,042028345
1296547558,199265887
1296547558,041143337
1297033256,040408434
1297033256,04132370X
1297033256,04078634X
1297033256,040350932
1298210046,040350932
1298210046,040473767
1298210046,040775135
1298210046,040223922
1298216176,100072185X
1298216176,040511588
1298216176,040350932
1298216176,041214447
1298220475,967941407
1298220475,1206347392
1298220475,040223493
1298220475,942054261
1298220475,967279453
1298220475,040168670
1299436544,11877185X
1299436544,040148432
1299436544,040775488
1299436544,040149005
1299436544,1041864515
1299436544,041489527
1299436544,118552856
1299436544,040651096
1299436544,040413160
1299453902,00507844X
1299453902,041296257
1299453902,040057097
1299453902,04033581X
130027705X,040781682
130027705X,041451597
130027705X,040416380
1301520152,041297288
1301520152,042080495
1301520152,947332820
1302281348,040455394
1302281348,041903919
1302281348,959364080
1302746383,040456609
1306903963,1016191278
1307021786,040143058
1307021786,948794992
1307021786,946992495
1307021786,041505727
1307483860,962799866
1307483860,955357837
1307483860,040226484
1307483860,040059359
1307483860,041954610
1307492436,11869345X
1307492436,041388038
1307492436,040373436
1310698570,1271258145
1310792542,041797159
1310792542,04049828X
1310792542,04202787X
1311805699,118579371
1311805699,040036146
1311805699,041143337
1311805699,040744426
1313502030,041891627
1313502030,042327903
1313502030,041461266
1313556424,040775488
1313556424,040224066
1313556424,040412822
1313556424,040717690
1313556424,040335429
1313556424,040124754
1314923978,040709590
1314923978,041207297
1314923978,041804198
1314923978,041744594
1315045737,041297288
1315045737,118745743
1316733521,042497779
1316733521,042007194
1316733521,040269442
1316733521,040482782
1318745128,041817028
1322382921,040307026
1322382921,040566188
1322382921,040183262
1322382921,040465624
1322382921,040493962
1322382921,040465144
1322382921,040398277
1322382921,04051238X
1322382921,04132367X
1322382921,040039749
1323511660,040350932
1323511660,041621069
1323511660,950849324
1323511660,040473767
1323511660,004815297
1323512918,042954592
1323512918,04054365X
1323512918,041802144
1323512918,040543676
1323512918,100072185X
1324638273,11862914X
1324638273,116236116
1325906336,040336379
1325906336,123322929X
1325906336,040569144
1327706717,040470466
1327706717,040377644
1333188714,042350344
1333188714,041911253
1333188714,042007933
1333411022,136025838
1333411022,993098126
1333411022,981825109
1333797346,118575449
1333797346,040591506
1333797346,04059758X
1334710945,040334228
1334710945,041561279
1334710945,040428400
1334710945,983728607
1334710945,1008538736
133618177X,040069494
133618177X,04030826X
133618177X,040300056
1336592192,940431181
1336592192,1270556959
1336592192,981714250
1337639346,040336379
1337639346,043128114
1337639346,123322929X
1337639346,041231767
1338379607,040427420
1338379607,041143337
1338379607,956909329
1338379607,968439772
1338379607,041749758
1338379607,040784150
1338379607,1228835209
1338836293,040118827
1338836293,041660854
1338836293,965209172
1338836293,040336395
1338836293,040101096
1338836293,041415396
1339140233,04069173X
1339140233,040272230
1339140233,041931793
1340998009,04011077X
1340998009,041385357
1340998009,041204409
1340998009,04139030X
1341565319,118559796
1341565319,040183262
1341565319,04049716X
1341565319,040457915
1341601374,118735411
1341601374,040082407
1341601374,042400732
1341693511,040787044
1341693511,041143337
1341830845,043264646
1341830845,1001443063
1341830845,042075378
1341830845,042024048
1341959961,947975535
1341959961,040653412
1341959961,040413586
1341959961,040359646
1341959961,040456609
1341974383,040763749
1341974383,042520932
1341974383,041691873
1341974383,042943086
1341974383,04064314X
1341974383,040373487
1342400321,040064069
1342400321,041419693
1342400321,041253337
1342400321,947275134
1342400321,041628128
1342400321,042195446
1344907830,040065685
1344907830,041258584
1344907830,041753666
1348093560,118559796
1348093560,040389367
1348257830,040718670
1348257830,040493962
1348257830,04010074X
1348257830,040052486
1348257830,040158756
1349717401,041750292
1349717401,041723856
1349717401,040334333
1350832820,004696794
1351390635,040419193
1351390635,040157016
1351390635,041956400
1351390635,954874765
1351390635,040065685
