doc_id,label_id,score,relevance
112254572X,040586715,0.0722268596291542,1
112254572X,040676870,0.06374979764223099,1
112254572X,042314186,0.06058242917060852,1
112254572X,041305736,0.06720004230737686,1
112254572X,041428935,0.066145159304142,1
112254572X,040676757,0.051141202449798584,1
1122621744,040476898,0.1169702485203743,1
1122621744,040274896,0.09705319255590439,1
1122743416,118616951,0.09473711997270584,1
1122743416,040767264,0.07998178154230118,1
1123071578,041412990,0.016614703461527824,1
112312177X,1001443063,0.11288538575172424,1
112312177X,041935659,0.0881081148982048,1
112312177X,04131817X,0.046929340809583664,1
1123282862,12044898X,0.0504525862634182,1
1123414971,040336379,0.06292182207107544,1
1123414971,041660439,0.047437380999326706,1
1123414971,040329038,0.11637904495000839,1
1123414971,118510460,0.046528011560440063,1
1123414971,040006263,0.07104656100273132,1
1123421218,041132920,0.04898785427212715,1
1123421218,040540219,0.11560088396072388,1
1123476829,040118827,0.1185864508152008,1
1123476829,040694674,0.07660531997680664,1
1123476829,041947479,0.05365012586116791,1
1123478449,118810758,0.11972828954458237,1
1123478449,040227243,0.030816832557320595,1
1123480451,040763587,0.056685954332351685,1
1123480451,1062915038,0.05745731294155121,1
1123481539,041471172,0.053099457174539566,1
1123483213,040179664,0.03310650959610939,1
1123483213,043264646,0.08904234319925308,1
1123483213,040793516,0.050455477088689804,1
1123643881,040182029,0.04602329432964325,1
1123833753,040465144,0.08924170583486557,1
1123833753,040579522,0.05150556564331055,1
1123833753,1036296504,0.0592355914413929,1
1123833753,1072331047,0.0592355914413929,1
1124007601,040086194,0.12470969557762146,1
1124202889,040581977,0.05755932256579399,1
1124202889,040459772,0.04934946075081825,1
1124403396,040355136,0.06939167529344559,1
1124403396,040563669,0.06883911788463593,1
1124539719,040181189,0.10093166679143906,1
1124539719,940431181,0.051118072122335434,1
1124539719,991483006,0.04728712514042854,1
1124541241,040445615,0.05579487606883049,1
1125113618,040118827,0.051749590784311295,1
1125113618,041335848,0.052509624511003494,1
1125113618,041157109,0.04969654604792595,1
1125331801,040564428,0.07232888787984848,1
1125331801,04139691X,0.06585497409105301,1
1125331801,040563669,0.048517901450395584,1
1125331801,042946115,0.04883259907364845,1
112539501X,040455033,0.07615894824266434,1
112539501X,042100860,0.05527890846133232,1
1125885491,040992225,0.10504523664712906,1
1125885491,042451469,0.057843465358018875,1
1125885491,040402223,0.07196318358182907,1
1125885491,040493962,0.07927887886762619,1
1125906057,041401778,0.05018765851855278,1
112594773X,041132920,0.049073848873376846,1
1125947861,04182749X,0.049533650279045105,1
1125947861,040776239,0.08128691464662552,1
112611572X,041321405,0.03329625353217125,1
112611572X,041741463,0.05018800124526024,1
1126128236,040197026,0.10155855864286423,1
1126247766,118573527,0.12230613827705383,1
1126254169,040511588,0.11324340105056763,1
1126254169,957627521,0.028218230232596397,1
1126254169,040717763,0.0964757427573204,1
1126254274,040272230,0.05029243603348732,1
1126300144,040777049,0.0322352834045887,1
1126300144,04054365X,0.09631367772817612,1
1126300144,100072185X,0.04964946210384369,1
1126463752,041155122,0.05112355947494507,1
1126538124,041221664,0.01629914529621601,1
112659542X,040118827,0.12457524985074997,1
112659542X,041171683,0.030635898932814598,1
1126644242,042773539,0.04867904260754585,1
1126685356,994554338,0.04998409375548363,1
1126685356,040318834,0.03298734501004219,1
1126773514,041509072,0.0564262680709362,1
1127139940,041431804,0.048795536160469055,1
1127235834,040654680,0.04692184552550316,1
1127235834,040664384,0.05889503285288811,1
1127235834,040664937,0.06777634471654892,1
1127338048,040118827,0.06431413441896439,1
1127338048,041700082,0.12234289199113846,1
1127453149,043249809,0.05534517392516136,1
1127453149,041953800,0.07950346916913986,1
1127553550,040118827,0.09737050533294678,1
1127553550,041700082,0.11626467853784561,1
1127611437,040563979,0.048512402921915054,1
1127611437,040473767,0.04950150474905968,1
1127611437,040350932,0.07705353945493698,1
1127622692,040710505,0.11741373687982559,1
1127681249,040740323,0.10585398226976395,1
1127681249,04187207X,0.048890430480241776,1
1127681249,040710343,0.047290027141571045,1
1127801619,041926749,0.04974263533949852,1
1127927981,042256984,0.05001305043697357,1
1128158639,041378105,0.060660820454359055,1
1128158639,040558797,0.016605686396360397,1
1128554747,040118827,0.07812906056642532,1
1128554747,041407059,0.052011698484420776,1
1128554747,041277473,0.04945176839828491,1
1128649667,040118827,0.08687067031860352,1
1128649667,041372654,0.09426826238632202,1
1128649667,040027376,0.09074550122022629,1
1128650495,000354392,0.08790743350982666,1
1128650495,040149544,0.06556142121553421,1
1128650495,040149579,0.11489442735910416,1
1128650495,041277910,0.04413864016532898,1
112869834X,041176227,0.11854755878448486,1
112869834X,040059103,0.049112264066934586,1
112869834X,040693775,0.029136652126908302,1
112869834X,040786374,0.08365827053785324,1
1128734443,041381823,0.06328727304935455,1
1128818574,040207137,0.049593035131692886,1
1128818574,040028992,0.05869555473327637,1
1129174506,040455033,0.09813183546066284,1
1129174506,95705002X,0.049819108098745346,1
1129310426,04045956X,0.1251090168952942,1
112979198X,964751038,0.05796419084072113,1
112979198X,040386627,0.0497845895588398,1
1129875873,042069920,0.05011630058288574,1
113001388X,040775100,0.060370415449142456,1
113001388X,040537706,0.04711843654513359,1
1130544117,040118827,0.12494335323572159,1
1130544117,040327868,0.015335705131292343,1
1131007328,118575449,0.12502296268939972,1
113125306X,040118827,0.04946069419384003,1
113125306X,041514343,0.1073850616812706,1
1131707931,041542339,0.05042736604809761,1
1131707931,041524802,0.057003166526556015,1
1132232031,04047089X,0.10252872854471207,1
1132232031,040158330,0.10427132993936539,1
1132232031,041239784,0.10825858265161514,1
1132288916,040767043,0.10110721737146378,1
1132288916,041887379,0.05377250909805298,1
113229133X,1031293639,0.1127559170126915,1
113229195X,041174062,0.12507650256156921,1
1132751322,040118827,0.11542904376983643,1
1132751322,040574555,0.11542904376983643,1
1132774764,041648145,0.11518385261297226,1
1132774764,041332628,0.11518385261297226,1
1132774764,04127802X,0.048006732016801834,1
1132946638,040410714,0.10616036504507065,1
1132946638,040711846,0.08997132629156113,1
1132948169,040137465,0.05698056146502495,1
1132948169,042015103,0.07240334898233414,1
1133074545,041132408,0.06717575341463089,1
1133074545,041297997,0.12011748552322388,1
1133078257,040011550,0.07507986575365067,1
1133078257,040645320,0.10981633514165878,1
1133262090,041916646,0.05098317191004753,1
1133262090,040059626,0.05277930572628975,1
1133262090,041401247,0.03303278982639313,1
1133479227,041173015,0.05482499673962593,1
1133479227,042011957,0.051023125648498535,1
113349336X,041753194,0.08010775595903397,1
1133500366,040663809,0.04876946285367012,1
1133500366,040665593,0.0481557697057724,1
1133500366,040709140,0.06584107130765915,1
1133568998,041727118,0.10495921969413757,1
1133568998,040318834,0.088386170566082,1
1133568998,041795024,0.09807455539703369,1
1133576532,041849450,0.04707946255803108,1
1133576532,040055655,0.07211338728666306,1
1134958862,041557417,0.10813067108392715,1
1134958862,040189759,0.05423295497894287,1
1134958862,040318834,0.041375819593667984,1
1135452946,04072560X,0.05182806774973869,1
1135452946,042412919,0.0497259646654129,1
1135452946,041310144,0.053564440459012985,1
113545339X,04072560X,0.11894208937883377,1
113545339X,104776640X,0.07049968838691711,1
113545339X,042412919,0.0489824078977108,1
113545339X,04160198X,0.04895539954304695,1
1135661154,040468437,0.1251053810119629,1
113566160X,04122065X,0.04801441356539726,1
113566160X,041196457,0.06294482946395874,1
1135663467,041679288,0.12139827013015747,1
1135668868,041520890,0.05182477459311485,1
1135668868,040264823,0.04799149930477142,1
1135668868,041297210,0.04741358384490013,1
1135670722,040014460,0.05159953236579895,1
113605474X,97269093X,0.11120442301034927,1
113605474X,041311930,0.06468888372182846,1
113605474X,041140125,0.11032470315694809,1
1136079866,118570285,0.12422209978103638,1
1136134107,940431181,0.12117230892181396,1
1136134107,041546806,0.030009964480996132,1
1136134107,040176045,0.04846913740038872,1
1136134107,041285018,0.06834277510643005,1
1136142770,041230655,0.1105123832821846,1
1136142770,040270890,0.03107461892068386,1
1136142770,04120509X,0.031047826632857323,1
1136327843,041624564,0.046280618757009506,1
1136327843,041671112,0.06717380881309509,1
1136393110,946008183,0.07236004620790482,1
1136393110,041232755,0.057463858276605606,1
1136393110,040391973,0.04934549331665039,1
1136627200,940431181,0.10889878123998642,1
1136792295,043220797,0.05059744790196419,1
1136946616,041165152,0.11428272724151611,1
1137210184,040611639,0.10337492823600769,1
1137210184,040645320,0.07989262789487839,1
113721144X,040118827,0.059134528040885925,1
113721144X,041230655,0.04786691069602966,1
113721144X,040223442,0.057099323719739914,1
1137300175,12290592X,0.048635873943567276,1
1137555270,958507813,0.050274819135665894,1
1137555270,970225792,0.05004985257983208,1
1137834862,041471172,0.05518771708011627,1
1137834862,042443474,0.05229415372014046,1
1137920874,041762657,0.05018390715122223,1
1137920874,040477460,0.05126197263598442,1
1138283037,041225228,0.06431084126234055,1
1138283037,041713036,0.04937181994318962,1
1138283037,040544907,0.055546145886182785,1
1138332151,040701026,0.1236712709069252,1
1138600482,04004176X,0.07002567499876022,1
1138600482,981714250,0.055065859109163284,1
1138837547,041412990,0.12453923374414444,1
1138934267,04049716X,0.12050101906061172,1
1138934267,041358597,0.046346958726644516,1
1139048899,04029367X,0.061862099915742874,1
1139048899,043217214,0.04950907453894615,1
1139170546,11862914X,0.06203726306557655,1
1139170546,971576181,0.03289519622921944,1
1139604783,041663500,0.05358266830444336,1
1139604783,040622665,0.05823558196425438,1
1139679759,040526925,0.12496750801801682,1
1139679759,040340260,0.015380137600004673,1
113982404X,041887379,0.0506557859480381,1
1139978071,940431181,0.12492229789495468,1
1139978071,040465314,0.015340412966907024,1
1140245325,040567303,0.06606674939393997,1
1140245325,043264646,0.016200652346014977,1
1140641816,040118827,0.057950764894485474,1
1140641816,041876806,0.03281237185001373,1
1140735799,041647386,0.05061258003115654,1
1140778595,040619532,0.12274599820375443,1
114083472X,04009832X,0.07158711552619934,1
114083472X,040535347,0.060798559337854385,1
114083472X,04015999X,0.059293005615472794,1
114083472X,040740986,0.05045438930392265,1
114083472X,04316613X,0.049037158489227295,1
1140946595,040118827,0.0765821561217308,1
1140946595,040725197,0.06071624159812927,1
1140946595,040528286,0.07665284723043442,1
1141230690,041788125,0.1237947940826416,1
1141230690,040675505,0.047273606061935425,1
114137918X,040220478,0.11564785987138748,1
114137918X,04066466X,0.0771958976984024,1
1141552108,040546888,0.10599300265312195,1
114157649X,041252802,0.061694126576185226,1
114164035X,041272250,0.05857177451252937,1
1141680173,04117707X,0.12499336153268814,1
1141680173,043249809,0.046039849519729614,1
1141792869,040118827,0.07045096904039383,1
1141792869,041219244,0.07339310646057129,1
1141856050,1049169247,0.03284696862101555,1
1141907585,041705378,0.0328579843044281,1
1141907585,040164098,0.03384893760085106,1
1141907585,041896998,0.049309615045785904,1
1141907585,041326733,0.049704208970069885,1
1141930749,042074282,0.049984436482191086,1
1142548929,040118827,0.10750409215688705,1
1142548929,040157946,0.10181238502264023,1
1142548929,041331567,0.05094294622540474,1
1142548929,040787044,0.039685770869255066,1
1142548929,040431835,0.04811631143093109,1
1142548929,04049716X,0.09638533741235733,1
1142658058,042368650,0.016528340056538582,1
1142658058,040310310,0.03320663049817085,1
1142659550,04131123X,0.05928494408726692,1
1142659550,945348118,0.0633668377995491,1
114325600X,041286707,0.0840652585029602,1
114325600X,041645405,0.1012258529663086,1
1143284119,040616444,0.058440789580345154,1
1143694465,040118827,0.058085694909095764,1
1144081254,042262542,0.05701154097914696,1
1144401100,040118827,0.048885393887758255,1
1144401100,040762173,0.05030990019440651,1
1144401100,985576723,0.057809483259916306,1
1144621186,040246558,0.07386767119169235,1
1144621186,042789664,0.050544917583465576,1
1144738520,040664937,0.05709129571914673,1
1144738520,974041238,0.094202421605587,1
1144744288,041214315,0.07102084904909134,1
1144869994,040557367,0.03373594209551811,1
1144869994,041216849,0.05000538006424904,1
1144869994,041127625,0.05199115350842476,1
1144869994,041241495,0.050238367170095444,1
1145035019,040118827,0.050031062215566635,1
1145035019,04126228X,0.050389792770147324,1
1145035019,040278336,0.03402623534202576,1
1146465467,040118827,0.10628291964530945,1
1146465467,040538818,0.03158130124211311,1
1146932871,041214013,0.05020986869931221,1
1146932871,040565610,0.055155109614133835,1
1147543089,12066190X,0.04966646805405617,1
1147543089,118584014,0.05470562353730202,1
1147543089,040476960,0.05018634721636772,1
1147543089,040349225,0.06044573709368706,1
114762593X,041269144,0.07037989050149918,1
114762593X,04126830X,0.05145351216197014,1
1147681457,949181234,0.051626160740852356,1
1147681457,041580095,0.016503622755408287,1
1147927308,041952839,0.046081844717264175,1
1147927308,04121465X,0.11989729851484299,1
1147927308,040714977,0.04476252198219299,1
1147930341,007704976,0.03373551741242409,1
1148426272,041513444,0.1044129729270935,1
1148426272,040005364,0.06317207962274551,1
1148426272,042529956,0.04717214033007622,1
1148617094,041618173,0.0490444041788578,1
1148617094,04138198X,0.05407877638936043,1
1148617094,041970349,0.0647938922047615,1
114894009X,040336379,0.12459588050842285,1
114894009X,04053474X,0.04871247336268425,1
1150059338,041230655,0.02983793616294861,1
1150124415,040035247,0.01654754765331745,1
1150124415,040300277,0.05055692791938782,1
1151201839,041727800,0.05084956809878349,1
1151201839,040561380,0.05931857228279114,1
1151810487,041238575,0.08463532477617264,1
1151810487,040122115,0.047001615166664124,1
1151810487,041410408,0.04442233964800835,1
1151810487,043186920,0.047932107001543045,1
1151818003,041384458,0.07382844388484955,1
1151991333,040015386,0.1223803237080574,1
1152002007,041226062,0.05034403130412102,1
1152002007,040547906,0.05186666175723076,1
1152002007,04116489X,0.054802488535642624,1
1152140191,040118827,0.1087859645485878,1
1152140191,949276324,0.05184769630432129,1
1152140191,042465990,0.04730619490146637,1
1152178997,949276324,0.05069819465279579,1
1152178997,040288595,0.050015609711408615,1
1152178997,042465990,0.05110691860318184,1
1152303481,040665380,0.050092995166778564,1
1152303481,040793516,0.03157392144203186,1
1152303481,041550463,0.04680213704705238,1
1152913794,040992160,0.016550401225686073,1
1152913794,041604008,0.04949898645281792,1
1153087111,040118827,0.07507140189409256,1
1153087111,040199029,0.032100144773721695,1
1153106477,041138635,0.11678562313318253,1
1153262983,040685985,0.11483263969421387,1
1153262983,040147258,0.10812319070100784,1
1153324849,04061963X,0.05160781368613243,1
1153324849,1009723804,0.11383912712335587,1
1153337851,04205303X,0.05192261561751366,1
1153337851,041338413,0.033033762127161026,1
1153337851,041273877,0.03413413092494011,1
1153337851,962106437,0.05392749235033989,1
1153409798,940431181,0.11381679773330688,1
1153409798,1109778066,0.07304535061120987,1
1153409798,958127263,0.10038823634386063,1
1153474107,040441962,0.09584429115056992,1
1153474107,040122115,0.05241158977150917,1
1153482649,041166450,0.05131913349032402,1
115348370X,041238575,0.12450941652059555,1
115348921X,043125360,0.05003969743847847,1
115348921X,04148259X,0.05089740455150604,1
1153489775,040142388,0.0831243023276329,1
1153499649,040592332,0.049996841698884964,1
1153611082,1109778066,0.08261937648057938,1
1153611082,040664384,0.05460653826594353,1
1153687534,040467554,0.09890647977590561,1
1153687534,04049716X,0.04639136418700218,1
1153687607,040467813,0.12492194026708603,1
1153772809,040118827,0.05299384891986847,1
1153772809,040176045,0.10592196136713028,1
1154307468,947676724,0.049636829644441605,1
115443396X,040147703,0.0881277546286583,1
1154764710,040118827,0.11137878149747849,1
1154764710,04127377X,0.055924560874700546,1
1154764710,04010074X,0.04742462560534477,1
1154764958,040189686,0.09063375741243362,1
1154764958,965002845,0.05472775921225548,1
1154764958,040777049,0.05332627892494202,1
1154929930,041426886,0.05328992381691933,1
1154929930,04046699X,0.05012459680438042,1
1154932230,041284550,0.0536445789039135,1
1154932230,041259262,0.051071226596832275,1
1154944700,040059960,0.04915565252304077,1
1154944700,041802802,0.05050022900104523,1
1154988694,040412792,0.06052248552441597,1
1154988694,040413314,0.056634146720170975,1
1155098021,961537361,0.050050947815179825,1
1155576721,040310035,0.03359226882457733,1
1155587278,040789217,0.05137189105153084,1
1155690885,040118827,0.0698327049612999,1
1155690885,040176045,0.0706992968916893,1
1155690885,040693325,0.04917982593178749,1
1155690885,041535219,0.04804357886314392,1
1156181542,041229207,0.016445083543658257,1
1156181542,041302370,0.04989057406783104,1
1156264618,040146928,0.0514720194041729,1
1156346541,1118660242,0.10229185968637466,1
1156346541,04130442X,0.08269420266151428,1
1156346541,040616886,0.0752163827419281,1
1156346541,040228983,0.04816795885562897,1
1156444683,040557367,0.11360448598861694,1
1156444683,041270975,0.05466723442077637,1
1156444772,040185222,0.10417581349611282,1
1156462126,960767053,0.05750511214137077,1
1156462126,994520042,0.06771302223205566,1
1156602211,040350886,0.07144854962825775,1
1156602750,040118827,0.050012409687042236,1
115667980X,040171825,0.0464957170188427,1
115667980X,1081489480,0.06643184274435043,1
115667980X,1124028595,0.12147101014852524,1
1156687055,041689852,0.08067024499177933,1
1156687055,04059758X,0.0520811565220356,1
1156687055,04010074X,0.10279176384210587,1
1156687055,040277437,0.08920224756002426,1
1156687055,043052967,0.046141624450683594,1
1156687055,940741164,0.044204533100128174,1
1156993997,041514343,0.09018263220787048,1
1156993997,040114139,0.06904920190572739,1
1158598181,040189686,0.08955061435699463,1
1158693079,944850383,0.05654633045196533,1
1159754071,04004176X,0.05382559075951576,1
1159754071,040533697,0.06474579870700836,1
1159754071,040408434,0.08891436457633972,1
1160304033,04010074X,0.11268430203199387,1
1160324158,040118827,0.0535627156496048,1
1160324158,959116044,0.055076975375413895,1
1160324158,042465877,0.0518258772790432,1
1160363102,040663876,0.12477567046880722,1
1160381194,040550729,0.052734825760126114,1
1160381194,041838114,0.059645816683769226,1
1160381194,040172333,0.05252046510577202,1
1160381194,945798784,0.09267458319664001,1
1160488134,040118827,0.09656646847724915,1
1160488134,040617785,0.08793330937623978,1
1160488134,04160220X,0.05865819379687309,1
1160488134,040252558,0.07384537905454636,1
1160488134,040725634,0.0522259958088398,1
1160550506,04032690X,0.12463390082120895,1
1160550506,040592529,0.030620640143752098,1
1161235337,040305503,0.052674565464258194,1
1161299041,04127833X,0.051207348704338074,1
1161334300,043144403,0.045747291296720505,1
1161334300,040334473,0.12102198600769043,1
1161341498,041456009,0.05024607479572296,1
1161341498,041727878,0.01659226231276989,1
1161410538,949276324,0.051635127514600754,1
1161410538,042465990,0.05044754222035408,1
1161412603,041288394,0.09415657073259354,1
1161412603,040768554,0.030988583341240883,1
1161412603,040598225,0.0699797198176384,1
1161458174,040477045,0.08856239169836044,1
1161479872,040675475,0.055640917271375656,1
1161730044,041524802,0.04990975931286812,1
116183186X,040118827,0.049693603068590164,1
116183186X,041282698,0.049695100635290146,1
1161942130,041747186,0.03332127630710602,1
1162134836,040558916,0.12127844244241714,1
1162134836,040776247,0.066400445997715,1
1162279680,040189686,0.09761742502450943,1
1162279680,041857399,0.05966790392994881,1
1162279680,041143930,0.04726370796561241,1
1162370734,041271173,0.048996102064847946,1
1162559071,040697940,0.048681240528821945,1
1162684062,040408434,0.10547182708978653,1
1162684062,040335976,0.0618637315928936,1
1162684313,040408434,0.10577111691236496,1
1162684313,041408802,0.04599221423268318,1
1162684313,040403645,0.049263354390859604,1
1162894296,979308658,0.07438147813081741,1
1163236330,043001823,0.04865710809826851,1
1163236330,041406605,0.11183791607618332,1
1163236330,041691482,0.05339713767170906,1
1163236683,964162512,0.045438092201948166,1
1163236683,043084168,0.05243384838104248,1
1163236683,040305503,0.07630185782909393,1
1163236683,040288595,0.11559275537729263,1
1163301280,040611639,0.12045868486166,1
1163439622,995800995,0.06249032914638519,1
1163439622,040114139,0.0507751889526844,1
1163628654,042026555,0.05644208565354347,1
116365034X,041143957,0.05851946398615837,1
1163703559,040631583,0.049965400248765945,1
1163927805,042368650,0.06519126892089844,1
1163927805,040553825,0.04918428137898445,1
1163927805,042195306,0.04937766119837761,1
1163931497,040677265,0.05204106494784355,1
116393173X,040302717,0.050378113985061646,1
116393173X,041635833,0.0498967282474041,1
1164001477,041596536,0.05407010018825531,1
1164001477,041509072,0.049588318914175034,1
1164001477,040565610,0.08543920516967773,1
1164001639,940589761,0.08873867243528366,1
1164017934,951510223,0.04804477095603943,1
1164017934,042218500,0.04769429191946983,1
1164017934,946952590,0.09581474214792252,1
1164057391,040381684,0.05797845125198364,1
1164085646,040118827,0.048346877098083496,1
1164085646,040344029,0.06811695545911789,1
1164085646,043264646,0.11750847846269608,1
1164498142,040762157,0.04858605936169624,1
1164498142,963763229,0.05534985661506653,1
1164589148,040791637,0.10764944553375244,1
1164589148,949863971,0.059831853955984116,1
1164589148,040650758,0.06988281011581421,1
1164605445,041221923,0.046194445341825485,1
1164605445,042256984,0.03044617734849453,1
1164768468,041352726,0.03312179818749428,1
1164768468,042317274,0.05145503580570221,1
1165302012,040154289,0.07455752044916153,1
1165302012,041173015,0.05163115635514259,1
1165390868,042093287,0.05490332469344139,1
1165390868,946570965,0.10447733849287033,1
1165576910,119046997,0.0318492166697979,1
1165576910,040476898,0.10115683823823929,1
1165576910,040197026,0.03159923106431961,1
1165683431,040118827,0.04830889776349068,1
1165683431,040199622,0.03082484006881714,1
1166122050,974041238,0.11885514110326767,1
1166305414,040288595,0.047747522592544556,1
1166305414,040557839,0.04958782717585564,1
1166305414,040163970,0.064155213534832,1
1166315274,040068773,0.03305685520172119,1
1166315274,040763889,0.056262362748384476,1
1166315274,040432254,0.04951782524585724,1
1166420272,040272214,0.059057220816612244,1
1167232127,040118827,0.04861275851726532,1
1167232127,041933710,0.07218075543642044,1
1167365410,040065685,0.10241037607192993,1
1167365410,041901215,0.08437325805425644,1
1167415558,940431181,0.07006888836622238,1
1167415558,991483006,0.050746411085128784,1
1167415558,04200280X,0.09895497560501099,1
1167415558,040788075,0.04722819849848747,1
1167508351,040477045,0.11341831088066101,1
1167508351,041289463,0.0880565270781517,1
1167508351,041294068,0.08086226135492325,1
1168229707,042388120,0.014432634226977825,1
1168229707,040592456,0.11687245219945908,1
1168571901,040118827,0.06340428441762924,1
1168571901,04033581X,0.12091823667287827,1
1168571901,04069027X,0.045154642313718796,1
1168571901,957319304,0.0517735481262207,1
1168728843,040118827,0.10874032974243164,1
1168728843,040780295,0.08997496217489243,1
1168728843,040408434,0.0746791884303093,1
1168728843,040305813,0.05698665976524353,1
1169840329,040181189,0.1250533014535904,1
1169840329,1115819186,0.015351112931966782,1
1169873502,041205065,0.046856846660375595,1
1169873502,991483006,0.11895802617073059,1
1169905617,040564339,0.10807037353515625,1
1169905617,040136736,0.08851233869791031,1
1169905617,040776182,0.0662645474076271,1
1170108334,040118827,0.11962634325027466,1
1170108334,040098486,0.0822070837020874,1
1170360823,040420086,0.0772240161895752,1
1170360823,978287363,0.04930469021201134,1
1170360823,941012123,0.04787635803222656,1
1170399371,041142500,0.06850618124008179,1
1170399371,1050859766,0.0796678364276886,1
1170955525,940431181,0.07433200627565384,1
1170955525,040038467,0.09834950417280197,1
1170955525,040768996,0.11104479432106018,1
1170958273,040379493,0.07678771764039993,1
1170958273,041231767,0.04830821231007576,1
117106652X,040118827,0.05042095482349396,1
117112953X,041645405,0.10220732539892197,1
1171425511,041849507,0.050248514860868454,1
1171425511,040172333,0.050112176686525345,1
1171425511,041760778,0.050222691148519516,1
117179908X,040762297,0.09172002226114273,1
117179908X,04072560X,0.04856269434094429,1
1172288453,1236293711,0.05041001737117767,1
1172288453,041271653,0.05315033718943596,1
1172414335,042601037,0.09370590001344681,1
1172414335,040746313,0.06483656913042068,1
1172414424,040011739,0.05403987690806389,1
1172414424,041769163,0.05019892752170563,1
1172668639,041333438,0.05047796294093132,1
1172668639,040350282,0.051778580993413925,1
1172716382,040408027,0.08020436018705368,1
1172717370,942373596,0.05671791732311249,1
1172796920,040425703,0.1098458394408226,1
1172796920,962793566,0.062052030116319656,1
1172796920,042026466,0.029533788561820984,1
1172807914,040470563,0.0642775297164917,1
1172807914,040605604,0.04907361790537834,1
1172875235,04129047X,0.12468650192022324,1
1173086781,041456106,0.04929288104176521,1
1173086781,041524802,0.03294810652732849,1
1173249087,040762297,0.12212616205215454,1
1173249087,04155051X,0.05095444992184639,1
1173337660,04060294X,0.032234229147434235,1
1173337660,040159728,0.05847512558102608,1
1173337660,040136272,0.049260590225458145,1
1173337660,041292812,0.054606154561042786,1
1173565779,040027309,0.11449244618415833,1
1173565779,041228278,0.04323774576187134,1
1173700188,041578198,0.05531184747815132,1
1173700188,042045304,0.01662857085466385,1
1173791078,041383788,0.0536247193813324,1
1173791078,040576965,0.05089336633682251,1
1174349891,040163970,0.04949614778161049,1
1174349891,04120719X,0.047276388853788376,1
117495812X,040183262,0.12053809314966202,1
117495812X,042465850,0.06328349560499191,1
117495812X,040566188,0.057273443788290024,1
1175091936,04224496X,0.05023851990699768,1
1175091936,042717353,0.0497218556702137,1
1175512826,042633966,0.10845568776130676,1
1175770914,040232077,0.05208978056907654,1
1175878243,041305450,0.051473647356033325,1
1176106856,040284956,0.12255050987005234,1
1176106856,041556003,0.045495688915252686,1
1176372548,04061963X,0.029158467426896095,1
1176372548,99018773X,0.11840516328811646,1
1176372548,041140125,0.02920944057404995,1
1176372548,04011144X,0.061116475611925125,1
1176372548,042743249,0.061883192509412766,1
1176522264,1046235370,0.1011490598320961,1
1176522264,040488292,0.11580988019704819,1
1176807463,040563820,0.0531432144343853,1
1176807463,040200116,0.04683985933661461,1
1176971735,040294862,0.05069857835769653,1
1176971735,040349373,0.07788257300853729,1
1176971735,04113303X,0.03080395795404911,1
117759708X,040599795,0.12335851043462753,1
117759708X,040664384,0.04587830230593681,1
1177612879,040118827,0.10650509595870972,1
1177612879,040151107,0.11524035781621933,1
117762351X,04061655X,0.09785718470811844,1
1177628139,040288145,0.05114884302020073,1
1177634651,040645320,0.06377138942480087,1
1177874830,040118827,0.11267923563718796,1
1177874830,041584120,0.08978430181741714,1
1177874830,041887468,0.09198375791311264,1
1177874946,040575837,0.05077896639704704,1
1177874946,041887379,0.016606375575065613,1
1178124290,007722036,0.0438268780708313,1
1178124290,944805965,0.0439138300716877,1
1178124290,974675598,0.07445872575044632,1
1178124290,042907012,0.07052711397409439,1
1178147460,974675598,0.04544052854180336,1
1178147460,040147258,0.10017655044794083,1
1178147460,040685985,0.10093621164560318,1
1178147460,042907012,0.029753556475043297,1
1178760456,040692272,0.11552464216947556,1
1178760456,04053474X,0.06245812401175499,1
1178760456,040786374,0.04704190418124199,1
1178760456,040305503,0.06251013278961182,1
1178760456,043128114,0.07323940843343735,1
1179108310,04256591X,0.0636274442076683,1
1179200195,040118827,0.11483532190322876,1
1179200195,040027333,0.09711166471242905,1
1179200195,040182029,0.06327902525663376,1
1179200195,040693325,0.04357565566897392,1
1179451902,040118827,0.10316453129053116,1
1179451902,040447472,0.06487519294023514,1
1179451902,041157168,0.04664741829037666,1
117951744X,040660095,0.12102276086807251,1
117951744X,041514343,0.04972920939326286,1
117951744X,040397130,0.06590525060892105,1
1179875931,040780295,0.11460178345441818,1
1179875931,040754685,0.02984062395989895,1
1179875931,040038467,0.04459920898079872,1
1179912071,040068552,0.03575560823082924,1
1179919955,040189686,0.10878311842679977,1
1179919955,040023338,0.10994730144739151,1
1179924436,118554735,0.11327246576547623,1
1179924436,040457915,0.09500394016504288,1
1179963725,040299198,0.054110441356897354,1
1179963725,041866029,0.052863407880067825,1
1179963725,041361733,0.05229562520980835,1
1180281780,948202491,0.05498935654759407,1
1180281780,1019257644,0.04848943650722504,1
1180281780,042242444,0.050009679049253464,1
1180499557,04045312X,0.12310091406106949,1
1180499557,004047621,0.036832939833402634,1
1180499557,040395677,0.04751342162489891,1
118050013X,040705129,0.08437880128622055,1
1180526643,040359646,0.06193624809384346,1
1180840739,994088124,0.09452533721923828,1
1180840739,041453794,0.06348858028650284,1
1180840739,040232492,0.08913910388946533,1
1180840739,041166140,0.04888399317860603,1
1180985311,040118894,0.07828857749700546,1
1180985311,041659732,0.04507473111152649,1
1180985311,040336395,0.014810970984399319,1
1181310148,040088278,0.0830116868019104,1
1181310148,041230655,0.11269303411245346,1
1181441536,040992225,0.049350541085004807,1
1181441536,040063496,0.05982184782624245,1
1181441536,040120589,0.05216580629348755,1
1181441536,04055225X,0.01442799810320139,1
1181574544,040302822,0.053573038429021835,1
1181852625,040674614,0.06160147488117218,1
1181852625,040674738,0.06912405043840408,1
1181852625,040470563,0.06874649971723557,1
1181852625,040300056,0.10617019981145859,1
1181853931,040476898,0.12507383525371552,1
1181853931,040709140,0.04619835689663887,1
1182070914,040187764,0.12434200197458267,1
1182155723,040352544,0.053221579641103745,1
1182155723,040403645,0.05284271016716957,1
1182354424,041492188,0.05035703256726265,1
118247702X,040718670,0.1170014962553978,1
118247702X,040677087,0.06122041866183281,1
118247702X,040472337,0.048529475927352905,1
118247702X,004691792,0.05646352842450142,1
1182536298,043251218,0.016461176797747612,1
1182536298,042623162,0.05897142365574837,1
1182682669,040274845,0.052193816751241684,1
1182682669,040145166,0.05072474479675293,1
1182816541,940431181,0.12291478365659714,1
1182816541,041143825,0.046670299023389816,1
1182816541,040665593,0.04687778279185295,1
1182816541,040465144,0.050619062036275864,1
1183043112,04046587X,0.07781410962343216,1
1183523408,040350967,0.05423770472407341,1
1183523408,041424069,0.052563562989234924,1
1183523408,040223493,0.04947120323777199,1
1183523408,041294920,0.059649866074323654,1
1183879172,118544381,0.1020728126168251,1
1184276730,1006402748,0.09870987385511398,1
118479393X,041223284,0.053985435515642166,1
1185283064,041922166,0.05271412059664726,1
1185538089,040103196,0.05567161366343498,1
1185653880,040457915,0.06045388802886009,1
1185653880,040205886,0.04958657547831535,1
1185775277,04128805X,0.03323240950703621,1
1185775277,042980925,0.01662510633468628,1
1185919651,041517954,0.11370593309402466,1
1185983147,041810147,0.09360804408788681,1
1185983147,043141358,0.04544578120112419,1
1186143673,040198308,0.080877386033535,1
1186267739,040360318,0.0667291060090065,1
1186308249,040300676,0.05404917895793915,1
1186308249,041205553,0.05735621973872185,1
1186308249,041447786,0.03314778953790665,1
118631382X,040268284,0.08690450340509415,1
118631382X,040025675,0.05462825670838356,1
1186508345,041207300,0.07368653267621994,1
1186508345,040775704,0.09813395887613297,1
1186509430,040340139,0.04656365513801575,1
1186509430,940431181,0.11316574364900589,1
1186509430,040343839,0.04695507884025574,1
1186510072,040356469,0.124300517141819,1
1186510072,041912233,0.0500209741294384,1
1186522283,040118827,0.05901305004954338,1
1186522283,04268059X,0.09309879690408707,1
1186522283,041621069,0.04557056725025177,1
1186522283,04069027X,0.04631415382027626,1
1186653701,940431181,0.12389258295297623,1
1186653701,041280806,0.04613535478711128,1
1186794038,118557106,0.11782189458608627,1
1186794038,040665623,0.08350050449371338,1
1186794038,040457915,0.0492541640996933,1
1186794674,040006875,0.10463714599609375,1
1186794674,040758125,0.09346801042556763,1
1186794674,041841034,0.04617263004183769,1
1186928174,040179850,0.04732292890548706,1
1186928174,040465632,0.04763764142990112,1
1186931744,040789438,0.049017760902643204,1
1186931744,040227243,0.03262318670749664,1
1186931744,041996569,0.016065893694758415,1
1186931744,118810758,0.07037624716758728,1
1186939508,118664123,0.07532299309968948,1
1187056669,04071781X,0.055518511682748795,1
1187057207,118575147,0.12279386073350906,1
1187057207,040588122,0.04705895110964775,1
1187057207,990706060,0.04791693761944771,1
118705769X,041559479,0.07065785676240921,1
118705769X,042767075,0.047910142689943314,1
1187058262,040223493,0.07324115186929703,1
1187062413,040118827,0.0772961750626564,1
1187062413,04040921X,0.08235663920640945,1
1187062413,040013073,0.04700136184692383,1
1187062413,040557367,0.07060696929693222,1
1187062898,041957423,0.046930551528930664,1
1187062898,042012759,0.04747920110821724,1
1187065250,042525799,0.0517006516456604,1
1187065250,041285972,0.04985480010509491,1
1187065250,040732746,0.03359763324260712,1
1187065250,040348695,0.03314537927508354,1
1187065692,040118827,0.05872983857989311,1
1187065692,041394399,0.06630191206932068,1
1187065692,04061672X,0.04736253246665001,1
1187065692,041154568,0.06859385967254639,1
1187065692,042007933,0.1153821274638176,1
1187065722,040732746,0.04922032728791237,1
1187065722,040651096,0.05320051684975624,1
1187066583,040791637,0.05141143128275871,1
1187067091,040090167,0.10575473308563232,1
1187067091,040432718,0.08447030931711197,1
1187067091,040790096,0.044765595346689224,1
1187103594,040118827,0.12071884423494339,1
1187193542,040118827,0.11696643382310867,1
1187193542,040447375,0.06481418013572693,1
1187193542,040288595,0.07399984449148178,1
1187193542,040762157,0.046546321362257004,1
1187194492,118559796,0.12319300323724747,1
1187266922,040118827,0.04527410492300987,1
1187266922,041514343,0.047088056802749634,1
1187266922,040775704,0.014815536327660084,1
1187266922,040485900,0.014623607508838177,1
1187267031,1193111315,0.06787718087434769,1
1187267031,040118827,0.014973189681768417,1
1187267031,04069027X,0.07948711514472961,1
1187267031,040066673,0.08336424827575684,1
1187271268,040118827,0.06728512048721313,1
1187271268,944104320,0.05559161305427551,1
1187271268,040288080,0.09194320440292358,1
1187271268,040775704,0.030222877860069275,1
1187273244,040219933,0.04995150491595268,1
1187273244,042756715,0.033020008355379105,1
1187273244,042882974,0.052298013120889664,1
1187275050,041342623,0.12133494764566422,1
118727836X,040118827,0.10074397176504135,1
118727836X,041339746,0.04808913543820381,1
1187280852,040118827,0.05011589452624321,1
1187335614,041788125,0.12369736284017563,1
118752042X,040118827,0.09034369140863419,1
118752042X,1109778066,0.05504118278622627,1
118752042X,040037894,0.04755232855677605,1
118752042X,040274519,0.04744533821940422,1
1187658391,040413160,0.049446601420640945,1
1188026623,041447794,0.06732265651226044,1
1188026623,040564363,0.03315384313464165,1
1188118927,040091813,0.05950034037232399,1
1188118927,040118827,0.016605418175458908,1
1188427873,041517954,0.12145217508077621,1
1188427873,04048971X,0.02986716479063034,1
1188427873,040162788,0.04729275405406952,1
1188427873,040550729,0.05495654046535492,1
1189005433,040275809,0.12410786747932434,1
1189146487,042792177,0.05077901482582092,1
1189537753,982398735,0.050164032727479935,1
1189537753,991483006,0.09444373846054077,1
1189537753,946387400,0.05917110666632652,1
1189537753,040664937,0.015609807334840298,1
1189537753,04064152X,0.04653419181704521,1
1189580179,040118827,0.1201663613319397,1
1189582880,041812166,0.05854889750480652,1
1189582880,041294645,0.0711565613746643,1
1189582880,040715078,0.05223238095641136,1
1189691620,960252967,0.09436765313148499,1
1189691620,040196224,0.09380606561899185,1
1190022087,040607429,0.0914837047457695,1
1190022087,041916786,0.07156283408403397,1
1190022087,040114740,0.09873531013727188,1
1190022087,04204779X,0.10003062337636948,1
1190022087,041384369,0.08530977368354797,1
1190087847,040006263,0.05886474624276161,1
1190087847,041490320,0.04973422363400459,1
119024103X,041253523,0.0500853955745697,1
119024103X,040205487,0.05083318054676056,1
1190285126,040118827,0.05047374963760376,1
1190285126,040607496,0.014719814993441105,1
1190285126,040787044,0.07683709263801575,1
1190352494,040150259,0.053606290370225906,1
1190352494,041927230,0.06569626927375793,1
1190640635,040261816,0.11869457364082336,1
1190679930,040584127,0.049977127462625504,1
1190679930,040099377,0.05099936202168465,1
1190679930,041327888,0.050476789474487305,1
119068005X,040118827,0.05783940851688385,1
119068005X,040145166,0.052223432809114456,1
119068005X,1009242296,0.04971851408481598,1
119068005X,040164187,0.04989295080304146,1
1190995506,040118827,0.06180425360798836,1
1190995506,040307026,0.04960675165057182,1
1190995506,040569950,0.05601589009165764,1
1190995670,040181456,0.07629013806581497,1
1190995670,040464962,0.08590508252382278,1
1190995670,040220478,0.054825201630592346,1
1190995670,040118827,0.10469401627779007,1
1190995670,040038467,0.04379381611943245,1
1190995670,040710130,0.028642555698752403,1
119106932X,04004176X,0.10483938455581665,1
119106932X,040029638,0.0476890467107296,1
1191424634,04008003X,0.116004079580307,1
1191424634,041249410,0.04617752507328987,1
1191424634,042264049,0.05533301830291748,1
1191430634,940855348,0.11156535893678665,1
1191430634,04127136X,0.09917906671762466,1
1191430634,940431181,0.06602270156145096,1
1191430634,041701747,0.05014408752322197,1
1191436284,040726134,0.049433689564466476,1
1191664872,940431181,0.12311861664056778,1
1191664872,040710130,0.04959694668650627,1
1191664872,1109778066,0.05631432309746742,1
119169190X,040500616,0.050900738686323166,1
119169190X,041124790,0.054823290556669235,1
119169190X,041866096,0.05185933783650398,1
1191753409,040368246,0.05675647035241127,1
1191767302,041812093,0.06775359809398651,1
1191828743,040118827,0.11601831763982773,1
1191828743,042660580,0.11512323468923569,1
1191831310,040435822,0.12446731328964233,1
1191934381,040118827,0.11635064333677292,1
1191934381,042084113,0.053807009011507034,1
1191934381,040737888,0.04779455065727234,1
1191934381,040581365,0.04798148199915886,1
1191937011,043033814,0.12232262641191483,1
1191937011,040465144,0.06461290270090103,1
1191994031,041892712,0.05169178172945976,1
119204990X,040332039,0.050006166100502014,1
119204990X,040763080,0.07191704213619232,1
119204990X,040718182,0.04937856271862984,1
1192054822,040306380,0.05200423672795296,1
1192054822,040465268,0.05357247591018677,1
1192054822,040747255,0.05175085738301277,1
1192054822,040734994,0.049956414848566055,1
1192193105,041293215,0.12422183156013489,1
1192193105,954874765,0.047307927161455154,1
1192193105,040124754,0.015275213867425919,1
1192194195,040194116,0.04990089312195778,1
119219781X,944495419,0.04661117121577263,1
1192215435,040050882,0.12269469350576401,1
1192215567,041501160,0.055217910557985306,1
1192215567,04129534X,0.06235451623797417,1
1192215567,041483480,0.08090401440858841,1
1192216482,040431525,0.08268032222986221,1
1192216482,040710130,0.05309185013175011,1
1192305663,040020533,0.08329622447490692,1
1192371372,040777049,0.11041220277547836,1
1192371372,042946115,0.052540671080350876,1
119260573X,041517954,0.05596311762928963,1
119260573X,1213471362,0.049810465425252914,1
119266521X,04064460X,0.08396807312965393,1
119266521X,041218809,0.05617554113268852,1
119266521X,040265749,0.050680410116910934,1
119266521X,041446798,0.07146807760000229,1
1192974646,042118115,0.07321175932884216,1
1192974646,041902963,0.05369872972369194,1
1193050618,041412990,0.12349202483892441,1
1193994322,040475344,0.051842644810676575,1
1194002285,041762517,0.07239235192537308,1
1194002285,041550463,0.048493560403585434,1
119416174X,040352544,0.05007294937968254,1
119416174X,041164660,0.016629092395305634,1
1194197396,042261279,0.05016377568244934,1
1194197396,041760743,0.033200979232788086,1
1194376010,040456609,0.049460265785455704,1
1194376010,040360504,0.06459132581949234,1
1194376843,041220005,0.04993743821978569,1
1194376843,040216713,0.06956899911165237,1
1194376843,040360504,0.07315825670957565,1
1194376843,004691792,0.06557295471429825,1
1194376959,1080677399,0.08177798241376877,1
1194376959,041325923,0.03228602558374405,1
1194377092,04069996X,0.058029089123010635,1
1194377092,04075166X,0.05641763284802437,1
1194377637,04010074X,0.0444539375603199,1
1194377637,041140877,0.04742555692791939,1
1194377637,040216713,0.08975406736135483,1
1194377637,040360504,0.07467352598905563,1
1194377637,041285069,0.049627915024757385,1
1194536174,118557513,0.12063195556402206,1
1194536174,04049408X,0.07804391533136368,1
1194667279,040156028,0.060347843915224075,1
1195055986,040216713,0.10888001322746277,1
1195055986,040597024,0.06314083933830261,1
1195055986,040360504,0.10506293922662735,1
1195055986,040300056,0.013998541049659252,1
1195056842,004691792,0.03220658376812935,1
1195056842,040216713,0.07081955671310425,1
1195056842,040360504,0.032341573387384415,1
1195225628,041155327,0.03327259048819542,1
1195225628,040334473,0.06577944755554199,1
1195530048,040118827,0.050192128866910934,1
1195530048,040329348,0.04927114024758339,1
1195530048,975578375,0.06969958543777466,1
1196041261,955632358,0.05016838386654854,1
119663226X,041172655,0.050590094178915024,1
119663226X,041324595,0.05617016926407814,1
1196632383,042015065,0.08041414618492126,1
1196632383,041369254,0.050241854041814804,1
119670032X,042074282,0.12307588011026382,1
119670032X,040375897,0.015409874729812145,1
1196861730,041577558,0.033542733639478683,1
1197374957,040103846,0.056288812309503555,1
1197610804,040459748,0.030846357345581055,1
1197693653,040385159,0.0584385059773922,1
1197693653,040437442,0.05107921361923218,1
1197694463,042795648,0.0495997816324234,1
1197694463,041406605,0.055553942918777466,1
1197801197,041722825,0.04990202188491821,1
1197801197,955693128,0.0687636137008667,1
1198056711,041456106,0.031258489936590195,1
1198056711,040675475,0.031171195209026337,1
1198056711,041930169,0.06772370636463165,1
1198311002,04037940X,0.08319627493619919,1
1198311002,040198308,0.06740912050008774,1
1198412704,041294424,0.03186257556080818,1
1198412704,040710343,0.08053203672170639,1
1198412941,040118827,0.121432363986969,1
1198412941,961349700,0.07004981487989426,1
1198456442,04068041X,0.04203614965081215,1
1198456442,1000723437,0.1010342463850975,1
1198456442,041269748,0.0919371172785759,1
1198479523,040182029,0.09073549509048462,1
1198479523,040023338,0.10491225868463516,1
1199462934,041132408,0.12047412246465683,1
1199462934,040501310,0.0585840679705143,1
1199624896,041250370,0.04985976591706276,1
1200017943,000261599,0.07641711831092834,1
1200017943,04079167X,0.03133028373122215,1
1200017943,040738175,0.06324880570173264,1
1200210891,041858174,0.04756907746195793,1
120034717X,040198898,0.05680634453892708,1
120034717X,04062644X,0.049647632986307144,1
120034717X,040348644,0.03332045301795006,1
1200410637,041257537,0.04334235191345215,1
1200410637,104487452X,0.09850475192070007,1
1200410637,040459772,0.11625295132398605,1
1200623274,040665593,0.01518777385354042,1
1200623274,041933176,0.05257056653499603,1
1200623274,040336379,0.03107312135398388,1
1201272890,118595164,0.06254694610834122,1
1201272939,118528823,0.12322015315294266,1
1201275431,974675598,0.049716416746377945,1
1201275431,040147258,0.08917349576950073,1
1201275431,040685985,0.10185589641332626,1
1201275431,042907012,0.048444703221321106,1
1201595452,041838815,0.07395810633897781,1
1201645050,041887379,0.016607308760285378,1
1201645050,040767043,0.056884873658418655,1
1201645050,040414256,0.05033345893025398,1
1201820782,042789257,0.056058868765830994,1
1202067964,040734994,0.04800431802868843,1
1202071457,040471942,0.05840711295604706,1
1202071457,040004643,0.0717603787779808,1
1202071457,040433757,0.04652434214949608,1
1202085210,040523330,0.05118836089968681,1
1202113109,041295374,0.0485374815762043,1
1202113109,041409507,0.07324492186307907,1
1202246249,042017947,0.046797607094049454,1
1202246249,041342623,0.06391432136297226,1
1202364942,040655415,0.07961287349462509,1
1202364942,041691873,0.029953762888908386,1
1202364942,040156028,0.10420643538236618,1
1202364942,040746593,0.04633672907948494,1
1202515142,040189686,0.04054557904601097,1
1202515142,041710738,0.04946897551417351,1
1202803229,040992713,0.06884653121232986,1
1202803229,041854640,0.049027469009160995,1
1202803229,042025443,0.04889696463942528,1
1203068433,041472446,0.10180260986089706,1
1203068433,042771676,0.031117664650082588,1
1203352220,040118827,0.05697395280003548,1
1203540892,118587943,0.10870497673749924,1
1203540892,04049716X,0.05861567333340645,1
1203540892,118547798,0.10875677317380905,1
1203540892,040389367,0.042745377868413925,1
1203540892,041249216,0.05236481502652168,1
1203540892,042420423,0.06293436139822006,1
1203622910,040446832,0.07572109252214432,1
1203938659,040118827,0.05094387009739876,1
1203938659,040664384,0.0489390529692173,1
1204004722,040118827,0.06608832627534866,1
1204004722,04004436X,0.051244497299194336,1
1204004722,040020940,0.06047354266047478,1
1204004722,946374112,0.015932317823171616,1
1204060746,118551264,0.12049538642168045,1
1204199981,04057833X,0.0554676353931427,1
1204199981,041138376,0.051410574465990067,1
1204199981,041320840,0.05289996787905693,1
1204373701,041910060,0.078784942626953125,1
1204373701,042147085,0.05346729978919029,1
1204478147,119073102,0.12245302647352219,1
1204574111,042743249,0.11497140675783157,1
1204706840,041795407,0.09818127751350403,1
1204706840,041572378,0.05040021240711212,1
1205010882,040403645,0.05094800889492035,1
1205248102,040163172,0.04775838553905487,1
1205463844,040300463,0.06333974003791809,1
1205463844,041807189,0.05385490134358406,1
1205463844,042056950,0.05330762267112732,1
1205477403,041155467,0.08978144079446793,1
120587075X,941285278,0.09509777277708054,1
120587075X,043162797,0.08718641847372055,1
120587075X,041230655,0.0479537658393383,1
1205946241,040368777,0.0449899323284626,1
1205946241,041609409,0.06775964051485062,1
1205946241,040054616,0.0841025710105896,1
1205977139,11854893X,0.12220984697341919,1
1205977414,040680509,0.06620661914348602,1
1205977414,040665623,0.05234258994460106,1
1205977414,040334228,0.08060533553361893,1
1205977414,040457915,0.015513687394559383,1
1206185678,040525880,0.12420602887868881,1
1206185678,042789664,0.015322777442634106,1
1206252677,040118827,0.11579350382089615,1
1206252677,040038467,0.11543386429548264,1
1206252677,040554295,0.04400451481342316,1
1206335173,041377184,0.01680120639503002,1
1206335173,040727300,0.049934763461351395,1
1206344261,040740986,0.06943745166063309,1
1206344261,040459772,0.057136520743370056,1
1206538368,04133549X,0.059699688106775284,1
1206542780,118575449,0.08027241379022598,1
1206542780,040489469,0.04727092757821083,1
1206543140,040305503,0.11529044061899185,1
1206543140,041333276,0.04262297973036766,1
1206604220,040118827,0.05922505632042885,1
1207320692,040599795,0.06124250590801239,1
1207536296,040114139,0.10094098001718521,1
1207536296,041285972,0.04734037443995476,1
120753658X,1200506871,0.07497133314609528,1
120753658X,040284956,0.10666909068822861,1
120753658X,040006263,0.10303455591201782,1
1207542482,1206347392,0.10483836382627487,1
1207542482,967941407,0.09796740859746933,1
1207616516,042525799,0.11644674092531204,1
1207830941,04164199X,0.055600956082344055,1
1207830941,04136709X,0.05494634434580803,1
1207831719,040284956,0.12413177639245987,1
1207831719,040087670,0.015214218758046627,1
1207831719,963763229,0.04948529228568077,1
1207922285,000350745,0.03841440752148628,1
1207922285,04131946X,0.03640173375606537,1
1207922285,040068552,0.036392733454704285,1
1208141961,946186219,0.10405993461608887,1
1208141961,041205677,0.10917644947767258,1
1208141961,041408594,0.07243596017360687,1
1208163299,04011628X,0.05016127601265907,1
1208163299,040099873,0.050931114703416824,1
1208163299,042154286,0.05049976706504822,1
1208163981,040313204,0.05010727047920227,1
1208164201,040261816,0.11941669136285782,1
1208164201,042954592,0.030299432575702667,1
120860922X,04008003X,0.12163674086332321,1
120860922X,040465403,0.03071081079542637,1
1209058553,041294068,0.05000610649585724,1
1209058553,040059626,0.050938162952661514,1
1209058553,041127269,0.04988275095820427,1
1209058553,040027643,0.016632206737995148,1
1209174944,041779045,0.050008952617645264,1
1209271036,040118827,0.10785678774118423,1
1209271036,040780120,0.07710561156272888,1
1209271036,04129601X,0.044394612312316895,1
1209667517,041654234,0.015725363045930862,1
1209673932,041634225,0.06954225152730942,1
1209673932,041858174,0.047092143446207047,1
1209673932,041731395,0.047572482377290726,1
1209833239,041528263,0.0461498498916626,1
1209887398,964162512,0.09754511713981628,1
1209887398,041969103,0.049312055110931396,1
1210046199,940540916,0.1070077046751976,1
1210110776,040392260,0.06887569278478622,1
1210110776,041694996,0.046712059527635574,1
1210246465,040786374,0.049159567803144455,1
1210426269,04128593X,0.04632722958922386,1
1210426269,041896998,0.05093279480934143,1
1210426269,040047709,0.11278059333562851,1
1210445972,040775704,0.08600571006536484,1
1210705494,1006402748,0.03348648548126221,1
1210705494,040397858,0.049894023686647415,1
1210729571,965403718,0.05112692713737488,1
1210729571,040371352,0.051017340272665024,1
1210952408,04072560X,0.029592743143439293,1
1210952408,04167412X,0.014726544730365276,1
1211094677,040300463,0.05786672234535217,1
1211178587,040028992,0.04766419902443886,1
1211178587,041849450,0.05869099870324135,1
1211178587,041132920,0.06638998538255692,1
1211290204,041447794,0.04622606933116913,1
1211327523,040140024,0.09194833040237427,1
1211327523,041306724,0.10421868413686752,1
1211327647,961786418,0.0954638347029686,1
1211327647,040085988,0.10149908810853958,1
1211327647,1004507216,0.07504939287900925,1
1211481042,04061963X,0.05901439115405083,1
1211481042,041230655,0.11559049040079117,1
1211481042,040334473,0.06670603901147842,1
1211699145,040153320,0.06980525702238083,1
1211987841,041156455,0.04986555874347687,1
1211990702,040118827,0.04963965713977814,1
1211990702,040058719,0.05187022686004639,1
1211990702,040059103,0.07616862654685974,1
1211990702,040059243,0.04843563959002495,1
1212421957,04077628X,0.05046937242150307,1
1212423666,041204743,0.05085116624832153,1
121250061X,11852786X,0.12477350234985352,1
1212595351,040118827,0.09446561336517334,1
1212595351,040577953,0.09774512052536011,1
121279866X,04149458X,0.05020448565483093,1
121279866X,041337646,0.050101276487112045,1
1212800192,040223493,0.1231236532330513,1
1212800192,040119750,0.04642285034060478,1
1212855310,041843797,0.05005379393696785,1
1212855310,040352544,0.06582681089639664,1
1213037751,040300463,0.07844521850347519,1
1213096898,041373464,0.06466323882341385,1
1213096898,040178943,0.053574997931718826,1
1213096898,040477045,0.10813834518194199,1
1213232724,041295218,0.11253165453672409,1
1213232724,040413004,0.014264640398323536,1
1213232724,040114139,0.11219944804906845,1
1213232724,040465632,0.048183318227529526,1
1213659035,042041309,0.05019417405128479,1
1213659035,040601315,0.05001595616340637,1
1213797136,11853078X,0.12217269092798233,1
1213797136,040476898,0.030851880088448524,1
1213810698,041235797,0.05003523826599121,1
1213814790,040590232,0.04763355851173401,1
1213814790,041306724,0.08011490851640701,1
1213814790,041855493,0.07091185450553894,1
1213814790,960436065,0.049399372190237045,1
1213980216,041217616,0.08237459510564804,1
1214058035,040151697,0.05155867338180542,1
1214422543,040142388,0.04976092651486397,1
1214422543,04139402X,0.03343217447400093,1
1214640818,04062305X,0.05178195610642433,1
1214812120,040138747,0.07026579231023788,1
1214812120,949116173,0.0448625423014164,1
1214812120,041230655,0.0785316452383995,1
1214812120,1072179776,0.031948935240507126,1
1214821707,043079644,0.050209615379571915,1
1215037155,040744507,0.049883242696523666,1
1215321651,04053474X,0.06175927817821503,1
1215321880,040267229,0.08890751004219055,1
1215321880,040118827,0.06963152438402176,1
1215321880,040288714,0.11364404112100601,1
1215339909,040588122,0.12221626192331314,1
1215358407,04073756X,0.10403517633676529,1
1215733992,041996798,0.04433272406458855,1
1215733992,041849450,0.047362785786390305,1
1215733992,040583236,0.04775329306721687,1
1215905424,040118827,0.09027718752622604,1
1215905424,04069349X,0.05330311134457588,1
1215905424,04078570X,0.06942922621965408,1
1215905424,041157168,0.04692481458187103,1
1215905424,042783577,0.0866042748093605,1
1215905424,041172930,0.0930624008178711,1
1215908245,041254813,0.05284161865711212,1
1215908245,040175197,0.0807817205786705,1
1215908245,041406184,0.09897208213806152,1
1215908245,042339472,0.09036555141210556,1
1216103801,041339657,0.05622127652168274,1
1216143064,000361542,0.08661052584648132,1
1216201544,04006798X,0.03360703960061073,1
1216647860,041219120,0.05122313275933266,1
1216647860,040172333,0.05392332002520561,1
1216691339,041216849,0.06175778806209564,1
1216691339,041127625,0.01634150557219982,1
1216696306,041566386,0.055672500282526016,1
1216708886,040315754,0.0628763884305954,1
1216708886,041377184,0.016476185992360115,1
1216708886,043249809,0.05324317142367363,1
1216708886,041673069,0.049647267907857895,1
1216708886,041284100,0.032786380499601364,1
1216709017,040432718,0.12383928894996643,1
1216709017,040136736,0.048442233353853226,1
1216713103,041619196,0.04832179471850395,1
1216713103,040664104,0.08037415891885757,1
1216825505,040632903,0.059470903128385544,1
1216864829,04020832X,0.03197680786252022,1
1216864829,04123037X,0.04954558238387108,1
1216864829,041550463,0.01628253608942032,1
1216864829,1264956134,0.05589376017451286,1
1216864829,97269093X,0.06922996789216995,1
1217059733,100072185X,0.11559047549962997,1
1217059733,040059359,0.05072901025414467,1
1217179852,1006402748,0.0652531310915947,1
1217179852,041165225,0.01610601507127285,1
121732822X,04049716X,0.10153774172067642,1
121740452X,040767418,0.0725785419344902,1
121740452X,040553043,0.05401691421866417,1
1217595589,040457982,0.05930144712328911,1
1217775587,043249809,0.0333014614880085,1
1217775587,04117707X,0.033500898629426956,1
1217845518,04067536X,0.04733814671635628,1
1217845518,043033504,0.08927784115076065,1
1217873422,041212088,0.0581602044403553,1
1217938575,041842219,0.016653208062052727,1
1217938575,040360504,0.050334662199020386,1
1217938575,040028518,0.050210800021886826,1
1218037504,041708180,0.05815144255757332,1
1218037504,040717763,0.06935759633779526,1
1218037539,040717763,0.06034237518906593,1
1218037539,04071781X,0.04901004955172539,1
1218039760,040154289,0.11349768191576004,1
1218039760,041343735,0.10478425025939941,1
1218395737,040252264,0.032086554914712906,1
1218395737,042412919,0.04828783869743347,1
121839711X,040288080,0.08673274517059326,1
1218404191,040775704,0.08393960446119308,1
1218404191,040762157,0.10911965370178223,1
1218404191,040114139,0.06968715041875839,1
1218466707,041549473,0.06054142117500305,1
1218466707,041386485,0.05140231177210808,1
1218530383,04008065X,0.11991807818412781,1
1218530383,042937299,0.0489591546356678,1
1218530383,041368126,0.056565478444099426,1
1218702419,043224415,0.0990837886929512,1
1218770023,040408434,0.12497689574956894,1
1218770023,041231767,0.04631679132580757,1
1218792108,040223493,0.06470059603452682,1
1218792108,040119750,0.09966198354959488,1
1218792108,040564592,0.046029169112443924,1
1218861088,040436497,0.09266559034585953,1
1218861088,042565219,0.051190685480833054,1
1218861398,040767043,0.048094604164361954,1
1218861398,040335429,0.07323730736970901,1
1218864095,040006263,0.09614881128072739,1
1218864095,040197026,0.07127243280410767,1
1218867698,04127380X,0.05793100595474243,1
1218869232,040223493,0.1024591252207756,1
1218869232,040408434,0.06790981441736221,1
1218869232,043164064,0.07493612170219421,1
121886950X,040189686,0.09881532192230225,1
121886950X,041256980,0.046531837433576584,1
1218872187,040128490,0.12490999698638916,1
1218872829,118554700,0.0709996297955513,1
1218872977,041214447,0.07079286128282547,1
1218876328,04072560X,0.05167701840400696,1
1218876328,042412919,0.05049950256943703,1
1218876328,040252264,0.05143164470791817,1
1218876867,00765099X,0.06238662078976631,1
1218876867,040038467,0.04851723834872246,1
1218972041,041215842,0.052513688802719116,1
1218972041,040494128,0.049147576093673706,1
121906937X,04049795X,0.11638673394918442,1
121906937X,041361512,0.054671864956617355,1
121906937X,041230655,0.0978027805685997,1
121906937X,1206347392,0.028731301426887512,1
121906937X,967941407,0.04467718303203583,1
1219247294,041206320,0.04963861033320427,1
1219578940,1098579690,0.05284925177693367,1
1219665371,040058573,0.05037510022521019,1
1219665371,040264823,0.053387973457574844,1
1219665371,040759954,0.052487801760435104,1
1219719439,040118827,0.05036387965083122,1
1219719439,041342623,0.045901764184236526,1
1219719439,041230655,0.060503724962472916,1
1219729469,040559939,0.04980957508087158,1
1219755907,040118827,0.03429821878671646,1
1219755907,04021852X,0.04869470000267029,1
1219755907,041230655,0.0739455297589302,1
1219755907,040581365,0.05041852220892906,1
1219755907,041237137,0.03248501941561699,1
1219955213,041242610,0.12505686283111572,1
1220225452,041406605,0.05003736540675163,1
1220289825,040284956,0.12321707606315613,1
1220289825,968865615,0.04616798460483551,1
1220296848,040559645,0.11456763744354248,1
1220425176,04066399X,0.09801354259252548,1
1220425176,040664392,0.03152884170413017,1
1220488224,040408434,0.09211114794015884,1
1220488224,100072185X,0.1000652015209198,1
1220488224,041708385,0.04524587467312813,1
1220488615,040408434,0.12484881281852722,1
1220531839,040300463,0.09011995047330856,1
1220531839,040006379,0.05183236673474312,1
1220531839,041264843,0.03179251775145531,1
122085137X,041699165,0.08275619149208069,1
122085137X,040711846,0.05069895088672638,1
1221131508,040485900,0.10357838124036789,1
1221132490,041715292,0.051308128982782364,1
1221132490,040557626,0.06697697937488556,1
1221132490,042059755,0.03281088545918465,1
1221341103,04054284X,0.04813222214579582,1
1221341103,040024164,0.08703335374593735,1
1221341103,040324168,0.05152684822678566,1
1221526111,04059758X,0.05076242610812187,1
1221597086,040350932,0.05585944280028343,1
1221597086,040777049,0.11648079007863998,1
1222013886,041214447,0.04945794865489006,1
1222395622,040213250,0.06133003160357475,1
1222395622,040348644,0.05223938450217247,1
1222408996,041300262,0.05489356443285942,1
1222502372,041306155,0.08346888422966003,1
1222502372,041946499,0.04826068505644798,1
1222751488,041974298,0.051402732729911804,1
1223111865,040497887,0.07608252763748169,1
1223111865,040335682,0.07313776016235352,1
1223111865,040311473,0.09551095962524414,1
1223111865,040578038,0.0922718271613121,1
1223111865,043017266,0.0559098906815052,1
1223458377,040776247,0.1231904849410057,1
1223459217,040118827,0.06713301688432693,1
1223459217,040176045,0.07359573245048523,1
1223459217,040775704,0.11785385012626648,1
1223481662,040785998,0.08237995207309723,1
1223696286,1206347392,0.11516866832971573,1
1223787443,04010074X,0.01548612117767334,1
1223787443,040305503,0.05344955250620842,1
1223787443,040494187,0.04711708799004555,1
122386474X,041365844,0.05472544953227043,1
122386474X,040476863,0.054729338735342026,1
122386474X,043249809,0.05006920173764229,1
122386474X,041268873,0.052654117345809937,1
1224232097,040226484,0.05653074011206627,1
1224232097,100072185X,0.060054898262023926,1
1224269586,040118827,0.0986892357468605,1
1224269586,040554090,0.05693655088543892,1
1224269586,040791637,0.0757804661989212,1
1224269586,041539400,0.04276789352297783,1
1224334329,041750934,0.07302525639533997,1
1224334329,040467244,0.01539720967411995,1
1224334329,041555856,0.04704466462135315,1
1224334329,954915186,0.07902858406305313,1
1224334329,042743524,0.05211113020777702,1
1224345266,954405110,0.10925024002790451,1
1224345266,040199029,0.04725247621536255,1
1224465598,041557360,0.014096456579864025,1
1224465598,1206347392,0.11143887788057327,1
122462789X,040785173,0.033347923308610916,1
122462789X,04062871X,0.033312972635030746,1
1224739426,042372038,0.03330963850021362,1
1224854977,968788955,0.0520276241004467,1
1224854977,041596536,0.0165261123329401,1
1224964888,12066190X,0.04958513751626015,1
1224964888,040120589,0.05178205668926239,1
1224964888,040272184,0.05777130648493767,1
1224964888,040408434,0.01654740609228611,1
1225068010,040220478,0.11043981462717056,1
1225068010,040060209,0.056329336017370224,1
1225068010,042007933,0.05457088723778725,1
1225068010,04061672X,0.02799001894891262,1
1225068150,040184803,0.03143521770834923,1
1225182107,944366368,0.08045322448015213,1
1225354560,040118827,0.09763777256011963,1
1225354560,041141237,0.1150774285197258,1
1225546478,040350932,0.06921517103910446,1
1225546478,100072185X,0.04892931506037712,1
1225546478,040223493,0.04937024787068367,1
1225547792,040120619,0.015368614345788956,1
1225549442,041652452,0.10080105066299438,1
1225549442,041808347,0.049034684896469116,1
1225549442,04072560X,0.04748781397938728,1
1225684374,04010074X,0.10731357336044312,1
1225684374,963446827,0.07156891375780106,1
1225684374,040494128,0.05015230551362038,1
122586464X,04149007X,0.03327099606394768,1
122586464X,041231899,0.05057568475604057,1
1226335462,1206347392,0.08754295855760574,1
1226335462,967941407,0.08020749688148499,1
1226335462,041761847,0.046028751879930496,1
1226984975,040056945,0.07722348719835281,1
1226994156,040261816,0.03179554268717766,1
1226994156,040628604,0.048956695944070816,1
1227323832,040767043,0.07228922843933105,1
1227323832,041887379,0.11540886014699936,1
122755365X,040085244,0.0676238164305687,1
122755365X,040266583,0.060042474418878555,1
122755365X,041208064,0.03143388405442238,1
122770304X,040118827,0.08752414584159851,1
122770304X,040741222,0.050145555287599564,1
122770304X,04128237X,0.047966793179512024,1
1228627258,041808029,0.05447356030344963,1
1228627258,042090377,0.016385376453399658,1
1228627258,96473222X,0.05137470364570618,1
1228859574,041995856,0.05215506628155708,1
1229728023,040398277,0.06583360582590103,1
1229728023,040025675,0.049518536776304245,1
1229728023,040332039,0.0584082156419754,1
1230103481,041242335,0.054594576358795166,1
1230103570,04026193X,0.01532550435513258,1
1230323619,040309967,0.07768086344003677,1
1230661506,040114503,0.05257381126284599,1
1230661506,040354083,0.050951045006513596,1
1230661506,04141943X,0.06520851701498032,1
1230756051,042506662,0.046150822192430496,1
1230797068,119215365,0.06521826982498169,1
1231066733,1012815048,0.05372554063796997,1
1231066733,042797128,0.05708932504057884,1
1231066733,041214609,0.016204072162508965,1
1231455829,1024265765,0.07158156484365463,1
1231455829,945348118,0.04889631271362305,1
1231713003,041156455,0.032724473625421524,1
1231714174,04125385X,0.05302577093243599,1
1232413623,943818761,0.049988001585006714,1
1232488313,040373630,0.09050170332193375,1
1232488313,040717763,0.04871039092540741,1
1232488313,041874404,0.015461746603250504,1
1232488704,1206347392,0.05260879173874855,1
1232488704,967941407,0.05309710279107094,1
1232488704,04047089X,0.046642858535051346,1
1232488704,004691792,0.09940490126609802,1
1232488704,040332039,0.07137516885995865,1
1232488704,040158128,0.05136727914214134,1
1232496596,041694996,0.04757244884967804,1
1232496596,942129342,0.04766213521361351,1
1232534870,040517527,0.054364439100027084,1
1232534870,041795024,0.0491110123693943,1
1232534870,040276767,0.06687244772911072,1
1232646075,1019007982,0.015805544331669807,1
1232646075,040028992,0.05100272223353386,1
1232646075,041702808,0.04954138398170471,1
1232646075,040717224,0.0937158465385437,1
1232646075,041947479,0.04709671065211296,1
1232811629,04004176X,0.1186731830239296,1
1232811629,040050785,0.09448019415140152,1
1232816698,04068430X,0.10983309149742126,1
1232816698,04053460X,0.046847596764564514,1
1232816698,040584879,0.053256407380104065,1
123289480X,041421477,0.015491207130253315,1
123289480X,041306600,0.046926457434892654,1
123289480X,040765733,0.11479993909597397,1
123301286X,040401073,0.12462059408426285,1
123327421X,040166198,0.049872636795043945,1
123327421X,04183903X,0.049641236662864685,1
1233336320,041172167,0.04853067919611931,1
1233336320,040600874,0.09350582957267761,1
1233336320,040386392,0.05113641545176506,1
1233336320,040065685,0.04773760959506035,1
1233418912,040714977,0.11129462718963623,1
1233418912,042039665,0.042797863483428955,1
1233967401,04131218X,0.04617234691977501,1
1233967401,041555759,0.050481636077165604,1
1234015838,041240502,0.12183784693479538,1
1234015838,040063186,0.05318878963589668,1
123406667X,04139402X,0.12258937954902649,1
123406667X,957571917,0.055029381066560745,1
123406667X,042012759,0.05404113605618477,1
123406667X,040592626,0.015208802185952663,1
1234243679,118739018,0.08897030353546143,1
1234391503,118507109,0.07638316601514816,1
1234391503,041881664,0.05113175883889198,1
1234391503,041281098,0.04985380172729492,1
1234391503,040300056,0.07779968529939651,1
1234392542,961739223,0.04987550899386406,1
1234392542,041354702,0.051277268677949905,1
1234395096,04037940X,0.053733717650175095,1
1234395096,040457915,0.03336288407444954,1
1234563797,040538818,0.12325835227966309,1
1234912406,041412990,0.11864034086465836,1
1234912406,04318717X,0.07297027111053467,1
1234912406,041232755,0.04463045671582222,1
1235019098,040477045,0.11788570880889893,1
1235019098,040476863,0.030371079221367836,1
1235019098,040477460,0.05609166622161865,1
1235148335,040382702,0.049709200859069824,1
1235148335,951549650,0.05530371144413948,1
1235148335,041260732,0.04935752972960472,1
1235152871,041447794,0.11703557521104813,1
1235152871,97269093X,0.10249028354883194,1
1235152871,04123037X,0.04331270977854729,1
1235720969,040435822,0.05180692672729492,1
1235720969,040278336,0.061924174427986145,1
1236776747,040036146,0.10557353496551514,1
1236776747,040335607,0.04462629556655884,1
1236776747,040335429,0.02830973081290722,1
1236776747,041939859,0.05174718424677849,1
1236900030,040315754,0.03334565833210945,1
1236900030,040592057,0.055235911160707474,1
1236901002,040128148,0.06891592592000961,1
1236901002,040778142,0.015270772390067577,1
1236901002,04274816X,0.047100070863962173,1
1236901002,040775704,0.09351790696382523,1
1237107989,042131286,0.12263762205839157,1
1237221757,041891236,0.04799333214759827,1
1237221757,040230953,0.0521247498691082,1
1237221757,041391586,0.0905437245965004,1
123768482X,040318834,0.05212801694869995,1
123768482X,040736555,0.07083144038915634,1
1237895073,040099296,0.05284777283668518,1
1237895073,040220478,0.04486765339970589,1
1237895073,040432718,0.11088109016418457,1
1237895073,040577953,0.1007433757185936,1
1237896533,040180557,0.06988806277513504,1
1237896533,040487377,0.047945696860551834,1
1237898390,118555359,0.10799429565668106,1
1237898390,041409418,0.03147470951080322,1
1237937671,954679504,0.05531705543398857,1
1237937671,040318834,0.08363941311836243,1
1237937671,04062644X,0.015776222571730614,1
1237958989,040118827,0.07614497095346451,1
123796282X,118561219,0.12208234518766403,1
1237964490,040721337,0.09194549918174744,1
1237964490,041999126,0.04816339537501335,1
1237967066,040118827,0.11281473189592361,1
1237967066,041173686,0.10051023215055466,1
1237967562,040118827,0.05423204228281975,1
1237967562,041154606,0.05180426314473152,1
1237968941,040118827,0.04711322486400604,1
1237968941,040632709,0.046713948249816895,1
1237968941,041222172,0.11632359027862549,1
1237968941,04001276X,0.06775786727666855,1
1238222269,040118827,0.09737477451562881,1
1238222269,04072560X,0.10375987738370895,1
1238222269,040455998,0.07478958368301392,1
1238336957,040154289,0.1137419044971466,1
1238336957,042221269,0.07002875953912735,1
1238367402,040300463,0.05965231731534004,1
1238367402,041636570,0.05054667592048645,1
1238394590,118525069,0.11748641729354858,1
1238394590,040457982,0.046287599951028824,1
1238438857,040375897,0.12466755509376526,1
1238438857,04062644X,0.04749282822012901,1
1238496466,040310310,0.11618208885192871,1
1238496466,041259602,0.11381778866052628,1
1238496512,04074745X,0.04568864777684212,1
1238496512,940754541,0.12196003645658493,1
1238655297,943006449,0.05138632282614708,1
1238887627,953456439,0.048912420868873596,1
1238887627,954874765,0.049889449030160904,1
1238894690,040408027,0.11381786316633224,1
1238894690,040504913,0.08052916079759598,1
1238894690,041402650,0.046121884137392044,1
1239422075,040457915,0.09165219217538834,1
1239422075,040597873,0.04821522533893585,1
1239442521,040455033,0.10306886583566666,1
1239442521,042789664,0.06476806849241257,1
1239561563,04074972X,0.11624500155448914,1
1239561563,041926749,0.04981759190559387,1
1239837879,04154224X,0.016666939482092857,1
1239919131,042979293,0.01663866825401783,1
1240317476,1253972168,0.1119573637843132,1
1240317476,042261074,0.045430731028318405,1
1240317476,041294068,0.041227471083402634,1
1240487541,040118827,0.06563802063465118,1
1240487541,040261816,0.051974084228277206,1
1240487800,040455033,0.07163313776254654,1
1240487800,041842170,0.03260022774338722,1
1240495560,040139212,0.054732829332351685,1
1240540469,040118827,0.046874869614839554,1
1240540469,040114139,0.09911936521530151,1
1241064660,040118827,0.12379216402769089,1
1241064660,041287746,0.046406496316194534,1
1241064660,040693406,0.04627210274338722,1
1241064660,040059642,0.04632847383618355,1
1241537658,042256984,0.047840848565101624,1
1241537658,040504794,0.05216890946030617,1
1241667888,040456609,0.12173566967248917,1
1241811490,041481143,0.12478866428136826,1
1242026134,1206347392,0.10113328695297241,1
1242026134,967941407,0.08211517333984375,1
1242026134,041126467,0.05653303489089012,1
1242385274,042153999,0.10693962126970291,1
1242385274,040334473,0.056944459676742554,1
1242385525,04061963X,0.05545416101813316,1
1242385525,04011144X,0.01598593406379223,1
1242385525,042743249,0.016019990667700768,1
1242385525,040334473,0.06833504885435104,1
1242810226,040118827,0.05923103913664818,1
1242810226,040667944,0.1226668730378151,1
1242810226,040667960,0.03222551569342613,1
1242860320,041596536,0.09699646383523941,1
1242973605,041135857,0.08314358443021774,1
1242973605,041396472,0.01639804057776928,1
1243351179,040288633,0.1095084622502327,1
1243351179,1206347392,0.06626888364553452,1
1243351179,967941407,0.062254320830106735,1
1243714271,041231767,0.05328284576535225,1
1243714271,041808347,0.050146352499723434,1
1244282340,100072185X,0.0519413948059082,1
1244282340,041584066,0.06038990244269371,1
1244476870,040620115,0.08138448745012283,1
1244476870,040354083,0.01570204831659794,1
1245003038,040455033,0.05093040689826012,1
1245563238,948601884,0.05460691824555397,1
1245563238,041142276,0.04922233894467354,1
1245622080,040354083,0.05051608011126518,1
1245791761,040334473,0.1247025728225708,1
1245864378,040118827,0.033311598002910614,1
1245864378,963483927,0.05049264430999756,1
1246274523,041412788,0.08055567741394043,1
1246745143,943590191,0.05381999537348747,1
1247606392,040535347,0.12197480350732803,1
1247606392,040272664,0.04698089882731438,1
1247606392,040740986,0.046672288328409195,1
1247606392,041694430,0.015268421731889248,1
1247606392,041358899,0.04829898476600647,1
1248285611,040564339,0.0478423647582531,1
1248285611,1206347392,0.06471060961484909,1
1248285611,967941407,0.06333053857088089,1
1248365933,041305094,0.0763549953699112,1
1248365933,040564363,0.049023035913705826,1
1248384989,040336379,0.12022582441568375,1
1248384989,040479668,0.05389079079031944,1
124913952X,040743357,0.07589017599821091,1
124913952X,040057283,0.1004122719168663,1
1249663997,041289722,0.10638368129730225,1
1249663997,041257413,0.04767259955406189,1
1249724619,040334228,0.05326063558459282,1
1249724619,040659720,0.05445697531104088,1
1249724619,040006263,0.049717843532562256,1
1249761875,040710815,0.050429727882146835,1
1250328209,04061963X,0.027639439329504967,1
1250328209,041230655,0.09643957763910294,1
1250328209,040187764,0.09939923137426376,1
1250451620,040082164,0.05798253417015076,1
1250451620,040288080,0.06733904033899307,1
1250451620,040039390,0.03245888650417328,1
125114473X,041143337,0.050116196274757385,1
1251150667,040065685,0.050288159400224686,1
1251150667,040544982,0.05040556192398071,1
1251153852,040143554,0.050225332379341125,1
1251161618,04020832X,0.04607999324798584,1
1251189164,041306155,0.0572192408144474,1
1251189296,040564339,0.06292381882667542,1
1251189296,040750043,0.07229846715927124,1
1251239080,04074972X,0.07878843694925308,1
1251312144,040269914,0.05089275911450386,1
1251498868,041240502,0.049244970083236694,1
1251561772,040457915,0.06859148293733597,1
1251561772,04049716X,0.051946502178907394,1
1251561772,004802349,0.06013089045882225,1
1252063792,040001547,0.08783843368291855,1
1252063792,040061418,0.09631559997797012,1
1252063792,040701573,0.08730921149253845,1
1252244762,040149633,0.05196737125515938,1
1252320442,040494152,0.08114155381917953,1
1253105812,04123412X,0.03333991765975952,1
1253222894,04068430X,0.08995433896780014,1
1253222894,04053460X,0.047899533063173294,1
125336561X,1206347392,0.0570063479244709,1
125336561X,967941407,0.05685795471072197,1
1253513414,040145166,0.10296451300382614,1
1253513414,042021057,0.08721351623535156,1
1253513414,041326954,0.014727192930877209,1
1253520283,040156850,0.060654863715171814,1
1253520283,040006956,0.06248210370540619,1
1253520283,040493962,0.07994759827852249,1
1253520283,041923529,0.07529003173112869,1
125375313X,041287746,0.04934583231806755,1
125375313X,040238199,0.05114971101284027,1
1254906053,040424987,0.08947873115539551,1
1254906053,040255786,0.059416625648736954,1
1254906053,040764885,0.07577156275510788,1
1254906053,954069838,0.04620914161205292,1
1255278064,040272079,0.04994018003344536,1
1255278064,040183262,0.10207811743021011,1
1255278064,040782492,0.05110017955303192,1
1255278064,123138647,0.05923466011881828,1
1255278064,041285204,0.045667678117752075,1
1255278064,040558762,0.05013120546936989,1
1255383755,040300463,0.0574134923517704,1
1255684143,040423069,0.12191736698150635,1
1255750758,040079554,0.10793071985244751,1
1255750758,118650661,0.031276341527700424,1
1256179299,118590502,0.05123355984687805,1
1256346810,041386493,0.1250903606414795,1
1256429074,987973851,0.055197328329086304,1
1256429074,040154289,0.0496213436126709,1
1256431974,041447794,0.03270076587796211,1
1256829269,04060294X,0.05051296576857567,1
1256829269,040607429,0.11079725623130798,1
1256829269,04204779X,0.11219299584627151,1
1256876690,040348709,0.061206161975860596,1
1256876690,040207676,0.05792931839823723,1
1256876690,040718085,0.052979495376348495,1
1257220527,041248546,0.04937083646655083,1
1257229672,042090377,0.016577353700995445,1
1257421328,11862721X,0.058862362056970596,1
1257421328,040006263,0.0819682851433754,1
125834968X,040494225,0.10921008139848709,1
125834968X,042961785,0.047785479575395584,1
125834968X,041649486,0.015459813177585602,1
1258350459,041132920,0.07616862654685974,1
1258350459,040517527,0.11267167329788208,1
1258854309,04069304X,0.09225746244192123,1
1258854309,041249410,0.053309082984924316,1
1258854309,040757706,0.053107451647520065,1
1258854309,040787044,0.052412960678339005,1
1259192415,040476898,0.1250821202993393,1
1259506304,100072185X,0.049104005098342896,1
1259506304,04200053X,0.05944821238517761,1
125969402X,040305503,0.05053671821951866,1
1259731456,04049716X,0.04960751533508301,1
1259731456,040359646,0.05160301923751831,1
1260724212,04174084X,0.10229164361953735,1
1260724212,040156028,0.10587223619222641,1
1260749525,040216624,0.06871649622917175,1
1260749525,041407164,0.059276241809129715,1
1260749525,040717690,0.054353103041648865,1
1260749525,040205320,0.0647444799542427,1
1260749525,040465624,0.04796970263123512,1
1261095162,040118827,0.1146949902176857,1
1261095162,041305604,0.08615291118621826,1
1261095162,042026229,0.07418981194496155,1
1261095162,041759214,0.04248743876814842,1
1261284844,040215695,0.1244191899895668,1
1261849043,041132920,0.07333652675151825,1
1261849043,040504794,0.09217554330825806,1
1261849043,042075696,0.04744110628962517,1
1261978897,040118827,0.06943731755018234,1
1261978897,040334236,0.015897689387202263,1
1261978897,961739223,0.06512626260519028,1
1263780709,040452425,0.07150689512491226,1
1264304889,040533697,0.08373698592185974,1
1264304889,040628728,0.04783998802304268,1
1264304889,040350886,0.04913093522191048,1
1264641850,041249399,0.12254190444946289,1
1264754671,040767043,0.089681476354599,1
1264754671,040360318,0.04873962327837944,1
1265009473,040140245,0.058943480253219604,1
1265009473,1009974173,0.04968079552054405,1
1265173605,041235924,0.03099353052675724,1
1265173605,040052486,0.11607068032026291,1
1265754292,040064069,0.06770337373018265,1
1265754292,040414213,0.10378319770097733,1
1265801215,040408027,0.05554892495274544,1
1266293957,041746120,0.04995153471827507,1
1266293957,040350932,0.01628076285123825,1
1266293957,041951417,0.05071838200092316,1
1267033908,040408027,0.08264025300741196,1
1267033908,041923588,0.050709258764982224,1
1268712566,118547739,0.08299228549003601,1
1268712566,118532758,0.013806797564029694,1
1268712566,040457915,0.09655332565307617,1
1268712566,118629743,0.09180581569671631,1
1269028049,040511766,0.06928432732820511,1
1269028049,040744329,0.050724487751722336,1
1269028049,040074676,0.05037205293774605,1
1269028049,118539841,0.05573282763361931,1
1269028049,04049716X,0.04944676533341408,1
1269264389,04004176X,0.11340700834989548,1
1269264389,040751287,0.062085557729005814,1
1269394517,040272516,0.049986641854047775,1
1269394517,040272540,0.04973047971725464,1
1269394878,040757390,0.05989985540509224,1
1269394878,040118827,0.03237510845065117,1
1269394878,040205339,0.05247589945793152,1
1270005146,040154645,0.05494707450270653,1
1270005146,041248546,0.052950769662857056,1
1270005146,041529677,0.049437183886766434,1
1270005448,118616277,0.049574192613363266,1
1270005448,040360202,0.07670563459396362,1
1270565648,040939766,0.11513151973485947,1
1270565648,041143337,0.11599209904670715,1
1271218348,040476820,0.05393983796238899,1
1271218348,040476863,0.050544317811727524,1
1271218348,042526078,0.05938643217086792,1
1272949273,040334236,0.06298014521598816,1
1272949273,041659848,0.07845120877027512,1
1272952657,041674820,0.11145130544900894,1
1273046412,040392260,0.05022748187184334,1
1273046412,040022579,0.05124598741531372,1
1273438280,04113446X,0.057140544056892395,1
1273438280,043232744,0.0163962971419096,1
127344342X,040665968,0.05410812422633171,1
127344342X,041849450,0.05311717465519905,1
1274228204,118552465,0.11450493335723877,1
1274228204,040435822,0.10986312478780746,1
1274228204,041333209,0.057116422802209854,1
1274667755,041280660,0.033345550298690796,1
1274667755,041585828,0.01670178771018982,1
127483905X,118598988,0.06482579559087753,1
127547585X,007679246,0.05974044278264046,1
127547585X,040408434,0.05267614498734474,1
127547585X,041408802,0.05160681903362274,1
127547585X,041969103,0.04967949166893959,1
1276088256,040074676,0.07148533314466476,1
1276088256,040429423,0.10812735557556152,1
1276088256,040660834,0.08697229623794556,1
1276239041,000361755,0.07901815325021744,1
1276592396,040459772,0.09595903754234314,1
1276592396,040533697,0.05146847665309906,1
1276592396,040640329,0.05587077513337135,1
1276739753,040408027,0.12440112978219986,1
1276739753,954874765,0.047501709312200546,1
1277009996,040157016,0.06483343988656998,1
1277270902,118508288,0.06899809092283249,1
1278021019,041132920,0.049050796777009964,1
1278021019,040734099,0.07317320257425308,1
1278021019,040289117,0.0738365426659584,1
1278156518,040118827,0.05364922061562538,1
1278156518,106969780X,0.01648070476949215,1
1278246428,964013711,0.12466863542795181,1
1278869638,040768996,0.11574666947126389,1
1279021233,118597442,0.10570669174194336,1
1279021233,041248546,0.1069406047463417,1
1279021233,043013066,0.08551665395498276,1
1279274808,118535315,0.10158136487007141,1
1279274808,040476898,0.048413485288619995,1
1279595736,040367746,0.05132412537932396,1
1279661682,04099192X,0.08679302781820297,1
1279661682,041611837,0.047966670244932175,1
1279693738,041341775,0.05062637850642204,1
1279693738,041698088,0.050082843750715256,1
1280506237,1006402748,0.058429498225450516,1
1280506237,040567834,0.05147744342684746,1
1280506237,042676282,0.05075041577219963,1
1281295736,042012783,0.09614422917366028,1
1282856170,040013286,0.03153427317738533,1
1282856170,000261599,0.09930554777383804,1
1282856170,04137732X,0.06309613585472107,1
128392420X,11850553X,0.11367729306221008,1
1285157796,040359646,0.04839140549302101,1
1285434978,040118827,0.11750829964876175,1
1285434978,040254534,0.09683225303888321,1
1285869400,040118827,0.054014187306165695,1
1285869400,040413160,0.11450926214456558,1
1285869400,040792625,0.11450926214456558,1
1285869400,040795535,0.013967604376375675,1
1285869400,042007933,0.042176470160484314,1
1286208327,041132920,0.0502825491130352,1
1286208327,958514097,0.04999640956521034,1
1286208327,994554338,0.03358070179820061,1
1286493439,040791637,0.03445388376712799,1
1287019889,041381424,0.05505635216832161,1
1287137156,040118827,0.06747404485940933,1
1287137156,040323528,0.060453008860349655,1
1287585671,040763889,0.05966093763709068,1
129014530X,040050440,0.03356669470667839,1
129014530X,04018093X,0.04893314465880394,1
129014530X,040536688,0.04940157011151314,1
1291223681,040389367,0.07581883668899536,1
1292662409,040336379,0.12135627120733261,1
1292662409,041231767,0.030957400798797607,1
1293606871,041356446,0.10866943001747131,1
1293606871,040378829,0.10770409554243088,1
1294746324,043264646,0.12486988306045532,1
1294746324,040785203,0.030649324879050255,1
1295190230,041353838,0.050061147660017014,1
1295799502,041613406,0.04669681191444397,1
1296020045,040143279,0.05581193044781685,1
1297154878,040125718,0.051016852259635925,1
1297154878,040703347,0.050001177936792374,1
1297154878,040616142,0.057919058948755264,1
1299353487,04131946X,0.11091464757919312,1
1299353487,041231414,0.09430340677499771,1
1300736984,040396770,0.09073081612586975,1
1300736984,041143337,0.06440982222557068,1
1300736984,041339657,0.06544801592826843,1
1300956240,040459772,0.016380691900849342,1
1300956240,042103746,0.06724327802658081,1
1302127268,041227514,0.030429622158408165,1
1302127268,042468663,0.04566291347146034,1
1302127268,948942304,0.051458925008773804,1
1302127268,040550729,0.10415715724229813,1
1303500418,040716538,0.05233575776219368,1
1303500418,040264866,0.06020990386605263,1
1303500418,040457915,0.04922797158360481,1
130381949X,040334473,0.05057772621512413,1
1304585700,040459772,0.06847686320543289,1
1304585700,041746120,0.08833938837051392,1
1306465354,04061963X,0.077449701726436615,1
1306465354,988072351,0.11922568082809448,1
1307071538,942821580,0.05398951470851898,1
1307173322,040062953,0.08342611789703369,1
1307492460,04049716X,0.01574346423149109,1
1309752761,040780228,0.1150333359837532,1
1309752761,041288440,0.11124196648597717,1
131072590X,041294645,0.04760228097438812,1
131072590X,040548589,0.07448085397481918,1
131072590X,040715078,0.07656291127204895,1
1310982384,040611639,0.11096218228340149,1
1310982384,94891565X,0.04384132847189903,1
1310982384,04049716X,0.04567135497927666,1
1310982384,041659929,0.04386018589138985,1
1311381147,04045956X,0.016661198809742928,1
1312786256,040334228,0.07852300256490707,1
1313280313,040118908,0.03312833234667778,1
1314381776,118578537,0.053875792771577835,1
1314381776,040413586,0.05512446165084839,1
1314381776,04049716X,0.04742046073079109,1
1314381776,118500775,0.09746085852384567,1
1315470500,041143337,0.10444609075784683,1
1316002160,300156537,0.05540313199162483,1
1316362469,118745743,0.0760357677936554,1
1316896226,041143337,0.08741148561239243,1
1316974448,041126467,0.04869356378912926,1
1316974448,106969780X,0.031809382140636444,1
1317919351,040614964,0.10880220681428909,1
1317919351,040768996,0.09213376045227051,1
1317919351,040118827,0.10662701725959778,1
1317919351,106969780X,0.04492952302098274,1
1318037735,040305503,0.05356835946440697,1
1318037735,040156028,0.09886613488197327,1
1318284384,040464962,0.06843338906764984,1
1318284384,04061672X,0.048970725387334824,1
1318473780,041408322,0.048524510115385056,1
1318476631,040993035,0.0820763111114502,1
1318476631,04099323X,0.06705659627914429,1
1318476631,040276767,0.08346855640411377,1
1318476828,040334228,0.04643303528428078,1
1321006888,041746120,0.05885505676269531,1
1321006888,04131946X,0.04797063395380974,1
1321006888,04015999X,0.03190174698829651,1
1321114982,118590618,0.05408833548426628,1
1321114982,040356698,0.033291045576334,1
1321161417,11852786X,0.05636642500758171,1
1323163131,04010074X,0.11563903093338013,1
1323163131,040277437,0.11563903093338013,1
1323520341,040006263,0.08751078695058823,1
1323925163,040674614,0.08509475737810135,1
1323925163,040674738,0.03265656158328056,1
1323925163,040408027,0.04893968626856804,1
1323925163,040457915,0.015686696395277977,1
1324751487,041912233,0.05057917907834053,1
1324751487,040356469,0.032858651131391525,1
1324751487,040546829,0.06215314939618111,1
1325325457,04069335X,0.05162305757403374,1
1325325457,040059103,0.05884893238544464,1
1325325457,041155327,0.06239541992545128,1
1325355895,041209702,0.06897003203630447,1
1325355895,040715078,0.03277645632624626,1
1326155423,1073715981,0.08428070694208145,1
1326155423,040155080,0.10296346992254257,1
1326297341,040118827,0.10773260146379471,1
1326297341,040310310,0.0877411961555481,1
1326297341,040334473,0.045225661247968674,1
1326297341,041230655,0.015148050151765347,1
1326833251,957319304,0.056728366762399673,1
1327156350,041290437,0.04996711015701294,1
1327687194,040457915,0.1250932663679123,1
1328028372,040334228,0.11926930397748947,1
1328028372,040006263,0.07205381244421005,1
1328073238,041205677,0.02897663414478302,1
1328073238,040307360,0.06374221295118332,1
1328073238,040158330,0.07651206105947495,1
1330346106,040198308,0.056353610008955,1
1330346106,040457915,0.12111394852399826,1
1330773063,040156028,0.04808953404426575,1
1330773063,041735455,0.05403907224535942,1
1330773063,040456609,0.09959519654512405,1
1331056748,041660439,0.05572643503546715,1
1331056748,963150790,0.031704340130090714,1
1331056748,040709140,0.06711331009864807,1
1331056748,040006263,0.055289220064878464,1
1332857469,042845122,0.11719077825546265,1
1332857469,042358507,0.047715622931718826,1
1333108230,041132920,0.0580579936504364,1
1333108230,040734099,0.12009147554636002,1
1333411235,041737504,0.07580152899026871,1
1333411235,040126560,0.03199336305260658,1
1333411642,040297020,0.07587867975234985,1
1334065535,041737504,0.05541248619556427,1
1334709521,040334228,0.016048036515712738,1
1334709521,040006263,0.06986667960882187,1
1334711720,041660277,0.055936943739652634,1
1334711720,041235924,0.049144428223371506,1
1334842086,980953987,0.05027073994278908,1
1334842086,041143337,0.07386559993028641,1
1334842086,040006263,0.06760838627815247,1
1335209182,041763092,0.04759295657277107,1
1336125977,04113446X,0.1134742870926857,1
1336125977,040746720,0.0436120331287384,1
1337117595,041270975,0.0519632063806057,1
1337117595,040785203,0.06402918696403503,1
1337640883,040118827,0.07683045417070389,1
1337640883,040408434,0.05526522919535637,1
1337640883,04131946X,0.0481826514005661,1
133811607X,04008003X,0.11536476761102676,1
133811607X,040465144,0.06595508009195328,1
133811607X,040205886,0.0500330813229084,1
133811607X,041256980,0.08248475939035416,1
133822977X,118650130,0.050696562975645065,1
133822977X,04049716X,0.12367948144674301,1
1338461370,042998026,0.0308299008756876,1
1338461370,041762053,0.046600665897130966,1
1339041138,040413160,0.05671672895550728,1
1339041138,040792625,0.1014656350016594,1
1339244888,040665593,0.05235258862376213,1
1340353229,040104575,0.12333095073699951,1
1340353229,040309339,0.03034776635468006,1
1341974995,041230655,0.07053159922361374,1
1341974995,040261409,0.04731670394539833,1
1342399927,04127993X,0.05894596874713898,1
1342399927,040216713,0.04985501244664192,1
1342399927,041286502,0.05012713372707367,1
112254572X,041863062,0.04247121885418892,1
1122621744,040583236,0.0499567948281765,0.3333333333333333
1122621744,118799991,0.028793198987841606,0
1122621744,963690280,0.047184962779283524,0.6666666666666666
1122743416,040118827,0.06212429329752922,0.3333333333333333
1122743416,041468198,0.045316290110349655,0
1122743416,961404051,0.04604470729827881,0
1123071578,040201368,0.05215233936905861,0
1123071578,041837843,0.04995987191796303,0
1123071578,041837886,0.050084877759218216,0
1123071578,042131278,0.05052001774311066,0.6666666666666666
1123071578,04318717X,0.051966797560453415,0.6666666666666666
112312177X,042324718,0.029549621045589447,0.6666666666666666
112312177X,948282207,0.04677719995379448,0
112312177X,975670824,0.04411160573363304,0
1123282773,040414213,0.04989198222756386,0
1123282773,041308158,0.033290546387434006,0
1123282773,11854893X,0.05073745921254158,0.3333333333333333
1123282773,118610023,0.050542328506708145,0.3333333333333333
1123282862,040006263,0.05128186568617821,0.6666666666666666
1123282862,040028518,0.04997354373335838,0
1123282862,1014807700,0.04989394545555115,0
1123282862,121401030,0.04989926144480705,0
1123283249,041134508,0.052695050835609436,0.3333333333333333
1123283249,041289870,0.04800744727253914,0.3333333333333333
1123283249,041524403,0.10398650169372559,0.6666666666666666
1123283249,041928679,0.04709034040570259,0
1123283249,94164409X,0.031099751591682434,0
1123414971,040334228,0.028837434947490692,0.6666666666666666
1123421218,040147770,0.015198416076600552,0
1123421218,040533093,0.05168778821825981,0
1123421218,040540235,0.04616647958755493,0
1123421218,040757390,0.04659174755215645,0
1123476829,040066673,0.044505346566438675,0.3333333333333333
1123476829,040350886,0.04536130651831627,0
1123476829,04053474X,0.014607105404138565,0.3333333333333333
1123476829,981432670,0.045833561569452286,0
1123478449,04049716X,0.03096155822277069,0
1123478449,040776247,0.04838806390762329,1
1123478449,041547802,0.046220049262046814,0
1123480451,040197026,0.05736779049038887,0.6666666666666666
1123480451,041520890,0.04919936880469322,0.6666666666666666
1123480451,940610272,0.049000222235918045,0.3333333333333333
1123481539,040561380,0.05101018771529198,0.6666666666666666
1123481539,041369254,0.0511116199195385,0.3333333333333333
1123481539,041854195,0.04977327585220337,0.3333333333333333
1123481539,041929683,0.05034075677394867,0
1123483213,040597873,0.0477556437253952,0.3333333333333333
1123483213,04077628X,0.04814676567912102,0.3333333333333333
1123483213,1001443063,0.04819530248641968,0.3333333333333333
1123483213,118547364,0.048313647508621216,0.3333333333333333
1123643881,040136302,0.04603227600455284,0.3333333333333333
1123643881,040154645,0.04685196280479431,0
1123643881,041306678,0.046130359172821045,0.3333333333333333
1123643881,042221269,0.12495291978120804,0.6666666666666666
1123833753,040118827,0.11210671812295914,1
1123833753,040277437,0.04882671311497688,1
1123833753,041342623,0.027743356302380562,0.3333333333333333
1124007601,040487326,0.030740192160010338,0.6666666666666666
1124007601,040697037,0.030711784958839417,0.6666666666666666
1124007601,043224245,0.030703550204634666,0
1124007601,107972905,0.030710821971297264,0
1124202889,04045956X,0.0581938810646534,0.6666666666666666
1124202889,040582167,0.016118774190545082,0.3333333333333333
1124202889,041166485,0.04930266737937927,1
1124202889,041951417,0.04971308633685112,1
1124403396,040741338,0.0320759154856205,0.3333333333333333
1124403396,041824652,0.03278614953160286,0.3333333333333333
1124403396,118678949,0.0489993654191494,0.3333333333333333
1124512322,040477045,0.07878217846155167,0.3333333333333333
1124512322,040477460,0.04850384593009949,0
1124512322,040632903,0.04848774895071983,0
1124512322,041901533,0.03253854811191559,0
1124512322,943795524,0.0485483855009079,0.3333333333333333
1124539719,040057283,0.032121311873197556,0
1124539719,041943325,0.04706050083041191,0
1124541241,004691792,0.03280050680041313,0.3333333333333333
1124541241,040101096,0.03390692546963692,0.6666666666666666
1124541241,041223497,0.06387658417224884,1
1124541241,118598546,0.04935334995388985,0
1125113618,040223442,0.04970339313149452,0
1125113618,040487377,0.016578836366534233,0
1125113618,041133889,0.05104374885559082,0
1125113618,041214129,0.0499919094145298,0
1125331801,040118827,0.048667073249816895,0.3333333333333333
1125331801,041134508,0.016096843406558037,0.3333333333333333
112539501X,040744450,0.04828469827771187,0.3333333333333333
112539501X,041215036,0.03188059851527214,0.3333333333333333
112539501X,041557743,0.04827955365180969,0.3333333333333333
112539501X,042331994,0.04830702021718025,0.3333333333333333
1125631538,040118827,0.016376284882426262,0
1125631538,040156028,0.04981791600584984,0.3333333333333333
1125631538,04053460X,0.05482279136776924,0.6666666666666666
1125631538,040534618,0.032757848501205444,0
1125631538,040791637,0.05447019264101982,0
1125631538,041334442,0.0496237613260746,0
1125631538,041657152,0.05195162817835808,0
1125631538,04315073X,0.04935295879840851,0.3333333333333333
1125885491,040052486,0.04418273642659187,0.6666666666666666
1125885491,040156028,0.013991796411573887,0.6666666666666666
1125885491,040205290,0.04386380314826965,0.3333333333333333
1125885491,118547739,0.042882200330495834,0.6666666666666666
1125906057,040232778,0.05005868151783943,0.3333333333333333
1125906057,040318834,0.050021857023239136,0
1125906057,04055676X,0.03331883251667023,0
1125906057,040789217,0.049995969980955124,0
1125906057,971662509,0.04999811574816704,0
112594773X,040474976,0.015816571190953255,0
112594773X,041248546,0.08254409581422806,0.6666666666666666
112594773X,041323076,0.051869358867406845,0.6666666666666666
112594773X,041372875,0.04814092442393303,0
112594773X,043013066,0.048082202672958374,0
1125947861,04040725X,0.03171372786164284,0.6666666666666666
1125947861,040567230,0.0480058379471302,0.3333333333333333
1125947861,041132920,0.06376361846923828,0.3333333333333333
1125947861,041915062,0.048104364424943924,0.6666666666666666
112611572X,041253116,0.050507280975580215,0
112611572X,042257417,0.03331993892788887,0.3333333333333333
112611572X,940868318,0.049974143505096436,1
112611572X,94206545X,0.03332378342747688,0
1126128236,040272516,0.029833393171429634,0
1126128236,040318834,0.08807328343391418,0.6666666666666666
1126128236,041297210,0.04629482701420784,0.6666666666666666
1126128236,041332628,0.046123113483190536,0.3333333333333333
1126128236,041520890,0.048721328377723694,0.6666666666666666
1126247766,040408027,0.030849212780594826,0
1126247766,041256557,0.046415776014328,0
1126247766,118571095,0.0462624728679657,0
1126247766,300142420,0.030856488272547722,0
1126254169,040205487,0.043962012976408005,0.3333333333333333
1126254169,04071781X,0.04330919310450554,0.6666666666666666
1126254169,952619636,0.06867311149835587,0.3333333333333333
1126254274,040087387,0.033317696303129196,0
1126254274,040171027,0.03331923484802246,0
1126254274,042037654,0.033332157880067825,0
1126254274,119035316,0.05059974268078804,0
1126300144,040139433,0.05082475021481514,0
1126300144,040533697,0.05239410698413849,0.3333333333333333
1126300144,041387287,0.04828696325421333,0.6666666666666666
1126300144,1000723437,0.04654799774289131,0.6666666666666666
1126463752,040416496,0.05006548389792442,0.3333333333333333
1126463752,040676374,0.050752442330121994,0.6666666666666666
1126463752,041406605,0.053301017731428146,0.6666666666666666
1126463752,041763319,0.049822140485048294,0.3333333333333333
1126504718,04067536X,0.05079152062535286,0
1126504718,041406605,0.050660863518714905,0.6666666666666666
1126504718,041613686,0.04993700981140137,0
1126504718,041691482,0.03321266919374466,0.6666666666666666
1126504718,043033504,0.05032460391521454,0
1126504718,1097246264,0.05020201578736305,0
1126538124,040705129,0.05194674804806709,0.6666666666666666
1126538124,040767590,0.06036752834916115,0.6666666666666666
1126538124,041322770,0.04950488731265068,0.3333333333333333
1126538124,041837843,0.056648027151823044,0.6666666666666666
1126538124,041976258,0.04898266866803169,0
112659542X,040118894,0.046522725373506546,0
112659542X,040487377,0.04642289876937866,0
112659542X,040538818,0.04646070674061775,0
112659542X,040674886,0.04607853665947914,0
112659542X,041171705,0.0318547822535038,0.6666666666666666
1126644242,040451259,0.048722755163908005,0.6666666666666666
1126644242,040649377,0.05593576654791832,0.6666666666666666
1126644242,040763889,0.07742411643266678,0.6666666666666666
1126644242,041596536,0.04829687252640724,0.6666666666666666
1126644242,041788125,0.032027468085289,0
1126685356,040334228,0.04966822266578674,0
1126685356,04061963X,0.03321294113993645,0
1126685356,040775879,0.057822152972221375,0
1126685356,041969103,0.05152284726500511,0
1126773514,040528154,0.04718533158302307,0.6666666666666666
1126773514,040598446,0.11273866146802902,1
1126773514,042179610,0.01524407509714365,0.6666666666666666
1126773514,043002145,0.04854823276400566,0
1126773514,1071830767,0.04786616191267967,0
1127139940,040354873,0.05064120888710022,1
1127139940,040597989,0.08089303225278854,0.3333333333333333
1127139940,041273877,0.052237823605537415,0.3333333333333333
1127139940,042455235,0.04823092743754387,1
1127235834,040274063,0.059447914361953735,0.3333333333333333
1127235834,040321258,0.06868376582860947,0.6666666666666666
1127235834,040654710,0.015492522157728672,0.6666666666666666
1127235834,04066466X,0.046554822474718094,0.6666666666666666
1127338048,040026132,0.0453222282230854,0.3333333333333333
1127338048,040487377,0.045518938452005386,0
1127338048,041274482,0.015126589685678482,0.6666666666666666
1127338048,041680693,0.030316615477204323,0.3333333333333333
1127453149,04029577X,0.08225210756063461,0.3333333333333333
1127454889,040305503,0.016431745141744614,0.3333333333333333
1127454889,040763080,0.05493787303566933,0.3333333333333333
1127454889,041806565,0.03336663916707039,0
1127454889,041808363,0.05140985921025276,0
1127454889,118751174,0.03353514149785042,0
1127454889,941226271,0.033649247139692307,0
1127553550,04002623X,0.014282457530498505,0.3333333333333333
1127553550,040431738,0.014286995865404606,0
1127553550,040487377,0.044338662177324295,0
1127553550,040558797,0.04490630328655243,0.3333333333333333
1127553550,040741222,0.04360358417034149,0
1127611437,042425255,0.04853016138076782,0.3333333333333333
1127611437,971428867,0.04859327897429466,0.3333333333333333
1127622692,040118827,0.04701128602027893,0
1127622692,040710513,0.04686099663376808,0.3333333333333333
1127622692,040726134,0.0463557131588459,0
1127622692,041641302,0.04705322906374931,0
1127681249,040787044,0.05031154677271843,0
1127681249,041156455,0.05107443407177925,1
1127801619,040178943,0.05413937568664551,0.3333333333333333
1127801619,040629627,0.0505005419254303,0
1127801619,041339754,0.050214678049087524,0
1127801619,041550528,0.05045314505696297,0.3333333333333333
1127801619,041550536,0.05048951134085655,0.3333333333333333
1127927981,040359646,0.05052538216114044,0.3333333333333333
1127927981,040504794,0.05193190649151802,0.6666666666666666
1127927981,041132920,0.01651468500494957,0.6666666666666666
1127927981,119076993,0.05277043953537941,0.6666666666666666
1127927981,119175797,0.05032007768750191,0.6666666666666666
1127927981,992772478,0.05076934024691582,0.6666666666666666
1128027542,040118827,0.06603414565324783,1
1128027542,040449033,0.05645498260855675,0.3333333333333333
1128027542,040487377,0.050463899970054626,0
1128027542,041126068,0.05281760171055794,0.6666666666666666
1128027542,041392450,0.05429434776306152,0
1128027542,1021407062,0.015926191583275795,0.3333333333333333
1128110504,040356469,0.11121493577957153,0
1128110504,040465144,0.11367211490869522,0.6666666666666666
1128110504,041285972,0.04307679831981659,0.6666666666666666
1128110504,041912233,0.04305592551827431,0.6666666666666666
1128110504,042019443,0.04301479458808899,0
1128158639,040465144,0.05039702728390694,0.3333333333333333
1128158639,040559165,0.04950016736984253,0.3333333333333333
1128159007,040182029,0.05258879065513611,0
1128159007,040205487,0.05312618240714073,0
1128159007,040373630,0.0505351722240448,0
1128159007,040608107,0.0497872494161129,0
1128159007,041912233,0.049743007868528366,0
1128362538,040328449,0.05380977690219879,0.3333333333333333
1128362538,040449033,0.051167357712984085,0.3333333333333333
1128362538,041242653,0.0498533733189106,0
1128362538,042190576,0.05172931030392647,0.6666666666666666
1128362538,043030629,0.05277857184410095,0.6666666666666666
1128554747,040739953,0.04845411702990532,0
1128554747,940431181,0.04843292757868767,0
1128649667,040432718,0.0896226167678833,0
1128649667,041157168,0.08979956060647964,0
1128650495,04198756X,0.04929421842098236,0.6666666666666666
112869834X,040154289,0.044177230447530746,0.3333333333333333
112869834X,040350932,0.044912125915288925,0
112869834X,04072560X,0.04478492960333824,0
1128734443,040304264,0.08601958304643631,0.6666666666666666
1128734443,040371743,0.060483187437057495,0.6666666666666666
1128734443,04069013X,0.04665408656001091,0
1128734443,042853028,0.04677346348762512,0.3333333333333333
1128818574,040767043,0.08448328822851181,0.6666666666666666
1128818574,041142837,0.05228687450289726,0.6666666666666666
1128818574,04124995X,0.053823452442884445,0.6666666666666666
1128818574,041887379,0.0503552071750164,0
1128818574,041947479,0.04664136469364166,0.3333333333333333
1129174506,040213439,0.031914543360471725,0
1129174506,040455157,0.015998873859643936,0.3333333333333333
1129174506,040493199,0.047379303723573685,0
1129174506,041606760,0.01600046083331108,0.3333333333333333
1129174506,960130306,0.047324445098638535,0
1129222624,040118827,0.05017724633216858,0.3333333333333333
1129222624,040261875,0.04987018182873726,0
1129222624,040563669,0.05237933620810509,0.3333333333333333
1129222624,041213025,0.050037190318107605,0.3333333333333333
1129222624,042908027,0.03326421231031418,0
1129310426,040493636,0.04607586935162544,0.3333333333333333
1129310426,041737822,0.03069695271551609,0
1129310426,042790913,0.015361099503934383,0
1129310426,953348709,0.01535523310303688,0
1129451682,040763889,0.01626519486308098,0
1129451682,041531744,0.04915047809481621,0
1129451682,041837843,0.06642165035009384,0.3333333333333333
1129451682,04318717X,0.049962688237428665,0
1129451682,940049643,0.05089351534843445,0
1129451682,95405217X,0.049706388264894485,0
112979198X,040473600,0.04985650256276131,0.3333333333333333
112979198X,040763625,0.04973049834370613,0.3333333333333333
112979198X,041269748,0.04963788390159607,0
112979198X,966493974,0.016396552324295044,0
1129875873,040067807,0.03332652151584625,0
1129875873,040550729,0.03333289921283722,0
1129875873,042825970,0.05013372376561165,0.6666666666666666
1129875873,969108621,0.03334273770451546,0.6666666666666666
113001388X,040006956,0.09540536254644394,0.6666666666666666
113001388X,041156455,0.04753729701042175,0.3333333333333333
113001388X,042030862,0.046957191079854965,0.3333333333333333
1130544117,040334139,0.03077651746571064,0
1130544117,040631915,0.03081100434064865,0
1130544117,040673030,0.030780060216784477,0
1130544117,041829476,0.03069762885570526,0.6666666666666666
1131007328,040489469,0.046597059816122055,0.3333333333333333
1131007328,04059758X,0.04608483612537384,0.3333333333333333
1131007328,1110996365,0.030678177252411842,0
1131007328,963981587,0.030678274109959602,0
113125306X,040027333,0.04623541235923767,0.3333333333333333
113125306X,040403645,0.04700571671128273,0.3333333333333333
113125306X,040693325,0.0536477267742157,0.6666666666666666
1131707931,041521153,0.04956763982772827,0.6666666666666666
1131707931,041609182,0.05024020001292229,0.6666666666666666
1131707931,043206670,0.04964553937315941,0
1132232031,004691792,0.04096778854727745,0
1132232031,04048954X,0.04258564114570618,0
1132288916,041569407,0.01589653640985489,0
1132288916,041881427,0.015894271433353424,0
1132288916,987797107,0.031063400208950043,0
113229133X,040187764,0.04745776578783989,0.6666666666666666
113229133X,040372782,0.04675503075122833,0
113229133X,04061963X,0.0473540760576725,0.6666666666666666
113229133X,041618173,0.04891322925686836,0
113229195X,040063380,0.015703095123171806,0.3333333333333333
113229195X,1016429800,0.015349808149039745,0
113229195X,947839461,0.015350029803812504,0
113229195X,966624726,0.015349704772233963,0
1132470617,040139433,0.06649265438318253,0.3333333333333333
1132470617,040348644,0.04911068081855774,0
1132470617,040707105,0.04906989634037018,0
1132470617,040762173,0.049737244844436646,0
1132470617,131910175,0.04985819384455681,0
1132751322,041166140,0.04691968485713005,0.6666666666666666
1132751322,041282566,0.014198658056557178,0.6666666666666666
1132751322,04134880X,0.028377177193760872,0
1132751322,042252628,0.04248516634106636,0
1132774764,041297210,0.04258200526237488,0.6666666666666666
1132774764,041593766,0.04262993112206459,0
1132822122,04032978X,0.033330757170915604,0
1132822122,040763889,0.05018569901585579,0
1132822122,041778618,0.03385767713189125,0
1132822122,041837886,0.033324386924505234,0
1132946638,040120406,0.04604864493012428,0
1132946638,040558673,0.04435667768120766,0
1132946638,041694279,0.044570401310920715,0
1132948169,041154037,0.048305343836545944,0
1132948169,041270835,0.01603730581700802,0.3333333333333333
1132948169,041328086,0.049164339900016785,0
1132948169,042084644,0.048241253942251205,0
1133074545,040597989,0.04712565615773201,0.6666666666666666
1133074545,976119102,0.046842534095048904,0
1133074545,988315963,0.04960453137755394,0
1133078257,04059453X,0.030005551874637604,0.3333333333333333
1133078257,040701239,0.029999375343322754,0
1133078257,041193385,0.03000854142010212,0
1133262090,040058719,0.049709636718034744,0
1133262090,040058786,0.016484331339597702,0
1133262090,040582167,0.050296153873205185,0
1133262090,041447344,0.05202941223978996,0.3333333333333333
1133262090,041619900,0.033182524144649506,0.3333333333333333
1133479227,040119750,0.05614134296774864,0
1133479227,040204634,0.05061642825603485,0
1133479227,040494225,0.050688695162534714,0
113349336X,040187772,0.048380494117736816,0
113349336X,041660714,0.048503030091524124,0.3333333333333333
113349336X,042338875,0.04907913878560066,0.3333333333333333
113349336X,042789257,0.048384737223386765,0.3333333333333333
1133500366,04064314X,0.05288012698292732,0.6666666666666666
1133500366,957627521,0.06693056225776672,0.6666666666666666
1133568998,040272664,0.013831297867000103,0.6666666666666666
1133568998,123668824,0.027786334976553917,0
1133568998,954874765,0.013972696848213673,0
1133576532,04053474X,0.0471365861594677,0
1133576532,040665712,0.06702307611703873,0.6666666666666666
1133576532,04072560X,0.04752245917916298,0.6666666666666666
1133576532,041164180,0.06019814684987068,0.3333333333333333
1134958862,041142837,0.08709757775068283,0.3333333333333333
1134958862,04138539X,0.10156141966581345,0.6666666666666666
1134958862,041421655,0.04494307562708855,0.6666666666666666
1135266158,040421333,0.04945588484406471,0
1135266158,04129002X,0.05211395397782326,0.6666666666666666
1135266158,041854225,0.049328118562698364,0
1135266158,042628768,0.0597037672996521,0
1135266158,941420167,0.04931323602795601,0
1135452946,042024048,0.04896211624145508,0.3333333333333333
1135452946,1001443063,0.07833892852067947,0.3333333333333333
113545339X,040118827,0.014785542152822018,0.3333333333333333
113545339X,040252264,0.04563308134675026,0.3333333333333333
113545339X,040617785,0.029303699731826782,0.3333333333333333
113545339X,041535219,0.04471933841705322,0
113545339X,041808347,0.04845772683620453,0
1135661154,04037257X,0.030696138739585876,0
1135661154,040635147,0.030706370249390602,0
1135661154,041182510,0.030699560418725014,0
1135661154,042072417,0.030699560418725014,0
113566160X,04004176X,0.0748322531580925,0.6666666666666666
113566160X,041126777,0.04780036583542824,0.6666666666666666
113566160X,1132279305,0.05665139481425285,0
1135663467,040140024,0.04631608724594116,0
1135663467,041306724,0.05484078824520111,0
1135663467,041374584,0.030446412041783333,0
1135663467,042051320,0.04592705890536308,0
1135663467,042443474,0.04620574787259102,0
1135668868,040197026,0.1206246092915535,0.6666666666666666
1135668868,040318834,0.06135465204715729,0.6666666666666666
1135668868,040477460,0.029644766822457314,0.3333333333333333
1135668868,04124995X,0.031468868255615234,0.3333333333333333
1135670722,040318834,0.06627998501062393,0.6666666666666666
1135670722,040564495,0.04908367991447449,0.6666666666666666
1135670722,04062871X,0.015625013038516045,0.3333333333333333
1135670722,040685969,0.05130009725689888,0.6666666666666666
1135670722,041132920,0.07157772779464722,0
113605474X,04123037X,0.058322638273239136,0.6666666666666666
113605474X,042131324,0.04102613404393196,0.6666666666666666
1136079866,001385410,0.015372645109891891,0
1136079866,117517976,0.015372645109891891,0
1136079866,119006375,0.030739864334464073,0
1136079866,946113440,0.015370175242424011,0
1136131264,040006263,0.01670731045305729,0.3333333333333333
1136131264,040334228,0.016653625294566154,0
1136131264,040436225,0.05002572014927864,0
1136131264,040459810,0.03333226963877678,0
1136131264,040542602,0.04999358579516411,0
1136131264,040789217,0.016662465408444405,0
1136131264,041273710,0.0502336286008358,0
1136131264,041715128,0.049992844462394714,0
1136134107,040157016,0.029978981241583824,0.6666666666666666
1136134107,040710130,0.044969409704208374,0.3333333333333333
1136134107,041237617,0.0449039451777935,0.6666666666666666
1136142770,040269264,0.04665971174836159,0.3333333333333333
1136142770,040334473,0.04682069644331932,0.3333333333333333
1136142770,040781763,0.046894341707229614,0.6666666666666666
1136142770,1005978824,0.04740453138947487,0.3333333333333333
1136327843,040456870,0.06130155920982361,0
1136327843,041406605,0.060566678643226624,0.3333333333333333
1136327843,041646487,0.07326031476259232,0.3333333333333333
1136327843,041952227,0.028928304091095924,0.3333333333333333
1136327843,042098130,0.07168196141719818,0.6666666666666666
1136393110,041788125,0.04974885284900665,0
1136393110,042108152,0.04885369539260864,0.3333333333333333
1136627200,040118827,0.04441700875759125,0.6666666666666666
1136627200,040157016,0.07427439838647842,0
1136627200,040674886,0.044388335198163986,0
1136627200,040710130,0.0628279522061348,0
1136792295,040142914,0.05009719729423523,0
1136792295,040447243,0.05074028670787811,0.6666666666666666
1136792295,04274444X,0.04993210732936859,0
1136792295,94326281X,0.04991966113448143,0
1136946616,04023214X,0.030966967344284058,0
1136946616,040386740,0.04656616225838661,0
1136946616,040605957,0.034564483910799026,0.6666666666666666
1136946616,041240219,0.01556824054569006,0.3333333333333333
1137210184,040748987,0.047232139855623245,0.6666666666666666
1137210184,041209982,0.030108436942100525,0.3333333333333333
1137210184,948561505,0.03065473772585392,0.3333333333333333
113721144X,040621278,0.04849649593234062,0
113721144X,041969103,0.01539959292858839,1
113721144X,043084168,0.031246179714798927,1
113721144X,96053587X,0.0895264744758606,1
1137300175,04049716X,0.0490286648273468,0
1137300175,041333209,0.07162781804800034,0.6666666666666666
1137300175,041418115,0.03256486356258392,0
1137300175,118812157,0.05529501661658287,0
113732354X,040429075,0.050261300057172775,0.6666666666666666
113732354X,040641805,0.0509023480117321,0.6666666666666666
113732354X,041555856,0.05004563927650452,0
113732354X,041752368,0.016606397926807404,0
113732354X,041846907,0.016595926135778427,0
113732354X,041879643,0.0499684102833271,0
113732354X,041972953,0.04992438480257988,0
1137555270,041369254,0.016610654070973396,0
1137555270,041421434,0.05020855739712715,0
1137555270,04228872X,0.0499742291867733,0
1137555270,952075504,0.05006186664104462,0
1137834862,040774457,0.050415199249982834,0
1137834862,041369254,0.051274582743644714,0.6666666666666666
1137834862,041508335,0.051014285534620285,0
1137920874,040476863,0.03314119577407837,0.6666666666666666
1137920874,040746720,0.05125368759036064,0
1137920874,041137884,0.050318408757448196,0.3333333333333333
1137920874,118557106,0.050230998545885086,0
1138283037,040413659,0.049572963267564774,0
1138283037,040457915,0.016041137278079987,0.6666666666666666
1138283037,118594893,0.060248564928770065,0.6666666666666666
1138285749,007008597,0.05017685890197754,0
1138285749,040465144,0.05589728057384491,0.3333333333333333
1138285749,040762262,0.04984496161341667,1
1138285749,041155904,0.016623711213469505,1
1138285749,041285972,0.05023997649550438,0.3333333333333333
1138285749,041369777,0.04977695643901825,0.6666666666666666
1138332151,040310310,0.015297631733119488,0.3333333333333333
1138332151,041306074,0.047664742916822433,0.6666666666666666
1138332151,041886828,0.04922173544764519,0
1138332151,042766729,0.030614042654633522,0
1138332151,968716164,0.030567215755581856,0
1138600482,004696875,0.01584899239242077,0.3333333333333333
1138600482,040158330,0.031900160014629364,0.3333333333333333
1138600482,040616444,0.0633101612329483,1
1138600482,041153480,0.04815953969955444,1
1138837547,040649377,0.047378767281770706,0.6666666666666666
1138837547,041232755,0.030841777101159096,0
1138837547,04182797X,0.015336613170802593,0
1138837547,042567092,0.046278949826955795,0
1138837547,04318717X,0.0464915931224823,0
1138837547,941837696,0.04606667160987854,0
1138934267,04045326X,0.030939564108848572,0
1138934267,041263200,0.03090408630669117,0
1138934267,100798772,0.03092862106859684,0
1139048899,040626237,0.057216599583625793,0
1139048899,040682307,0.031802866607904434,0
1139048899,042396050,0.05517185851931572,0
1139048899,042503078,0.05302799120545387,0
1139170546,040065685,0.03291896730661392,0.6666666666666666
1139170546,040231186,0.03381273150444031,0.3333333333333333
1139170546,041156242,0.033145565539598465,0.3333333333333333
1139604783,040175197,0.05018678680062294,0.6666666666666666
1139604783,040339718,0.05316341295838356,1
1139604783,040622703,0.049848008900880814,1
1139679759,04053474X,0.046332065016031265,0
1139679759,040567303,0.015332031063735485,0.3333333333333333
1139679759,040775135,0.030931716784834862,0
1139679759,040775704,0.030746936798095703,0
1139679759,041156455,0.04611031338572502,0
113982404X,040275035,0.0499504953622818,0
113982404X,040477649,0.05044277384877205,0.6666666666666666
113982404X,041286502,0.05005461350083351,0
113982404X,041368126,0.04999452829360962,0
1139978071,004316770,0.015336683951318264,0.6666666666666666
1139978071,040654680,0.0465301088988781,0
1139978071,040710130,0.04633421078324318,0.3333333333333333
1139978071,041280806,0.04607945680618286,0
1139978071,041701747,0.04635637626051903,0.6666666666666666
113997811X,04007403X,0.05878201127052307,0.6666666666666666
113997811X,040074056,0.056454796344041824,0.3333333333333333
113997811X,040343529,0.049477893859148026,0
113997811X,040432165,0.049088358879089355,0.6666666666666666
113997811X,041153480,0.04916100576519966,0.6666666666666666
1140245325,040567230,0.049121636897325516,0.3333333333333333
1140245325,040567540,0.04965994879603386,1
1140245325,040567958,0.04956695809960365,0.6666666666666666
1140245325,04066399X,0.049452751874923706,0.3333333333333333
1140245325,040736482,0.0162306260317564,0.6666666666666666
1140245325,965269604,0.04994329810142517,0.6666666666666666
1140641816,040628019,0.049586210399866104,0
1140641816,041165322,0.04986288771033287,0
1140641816,041270827,0.05173758789896965,0
1140735799,040310035,0.05003601312637329,0
1140735799,041156803,0.03331412747502327,0.3333333333333333
1140735799,041304187,0.05004465579986572,0.3333333333333333
1140735799,042884152,0.049991995096206665,0
1140778595,040118827,0.049708425998687744,0
1140778595,040326802,0.015419363044202328,0
1140778595,040487377,0.030796699225902557,0
1140778595,040560252,0.015416592359542847,0
114083472X,040354083,0.015698449686169624,0
114083472X,04131946X,0.015801718458533287,0.3333333333333333
1140946595,040305503,0.06952495872974396,1
1140946595,041136446,0.04513806104660034,0
1141230690,040149889,0.047834113240242004,0.6666666666666666
1141230690,042131278,0.047849059104919434,1
1141230690,941370445,0.04690002277493477,0.3333333333333333
114137918X,04200280X,0.07144048810005188,0.6666666666666666
114137918X,946387400,0.046641215682029724,0.6666666666666666
114137918X,991483006,0.04575814679265022,0.6666666666666666
1141552108,040477460,0.04589344188570976,0
1141552108,041164857,0.0703149139881134,0.3333333333333333
1141552108,04132398X,0.06540193408727646,0
1141552108,98613872X,0.04501994326710701,0
114157649X,040481557,0.05390191078186035,0.6666666666666666
114157649X,040764885,0.04985338822007179,0
114157649X,040785149,0.04939403012394905,0
114157649X,041321650,0.03277343511581421,0.3333333333333333
114157649X,041858530,0.04918335750699043,0.6666666666666666
114164035X,040692213,0.0475122444331646,0.6666666666666666
114164035X,041125983,0.04738778993487358,0.6666666666666666
114164035X,041153480,0.09067229181528091,0.6666666666666666
114164035X,043264646,0.04738635942339897,0.6666666666666666
1141680173,040027864,0.046737123280763626,0.3333333333333333
1141680173,040714977,0.03070664405822754,0
1141680173,041294068,0.04600326716899872,0
1141792869,040618420,0.10001421719789505,0.6666666666666666
1141792869,04061963X,0.044591594487428665,0.3333333333333333
1141792869,940431181,0.05057281628251076,0
1141856050,040028186,0.049913544207811356,0
1141856050,041126289,0.0500359982252121,0.6666666666666666
1141856050,041364112,0.058641817420721054,0.6666666666666666
1141856050,041865006,0.053066957741975784,0
1141856050,967279453,0.0496281236410141,0
1141907585,040305503,0.016568196937441826,0.6666666666666666
1141907585,040551792,0.06107030436396599,0.6666666666666666
1141907585,040620050,0.04953613504767418,0
1141930749,040785998,0.050038207322359085,0
1141930749,041265939,0.05028875544667244,0.3333333333333333
1141930749,042074312,0.050492748618125916,0.6666666666666666
1141930749,042237688,0.016556594520807266,0.3333333333333333
1141930749,940754541,0.049898386001586914,0.3333333333333333
1141932490,040332292,0.05010807141661644,0
1141932490,040573109,0.0333036333322525,0
1141932490,04113334X,0.03330443054437637,0
1141932490,041402650,0.053377240896224976,0
1141932490,041655494,0.05037166178226471,0
1142548929,040413160,0.013195407576858997,0.3333333333333333
1142548929,040752283,0.04016498848795891,0.6666666666666666
1142658058,040055655,0.04972706362605095,0
1142658058,040118827,0.0512998141348362,0
1142658058,04012181X,0.04971509054303169,0
1142658058,040372782,0.053106751292943954,0
1142658058,041242610,0.05021871253848076,0
1142659550,041310209,0.032272934913635254,0.6666666666666666
1142659550,042345022,0.048820436000823975,0.6666666666666666
1142659550,042368650,0.05222487449645996,0.3333333333333333
1142659550,043261094,0.051985275000333786,0.6666666666666666
114325600X,040608476,0.045341264456510544,0.6666666666666666
114325600X,040649377,0.04574115574359894,1
114325600X,043152228,0.045436322689056396,0
1143284119,040118827,0.051349129527807236,0.3333333333333333
1143284119,040118894,0.05233382061123848,0.3333333333333333
1143284119,040581365,0.04928519204258919,0
1143284119,040785238,0.04936576262116432,0.6666666666666666
1143365895,040613127,0.03335781767964363,0
1143365895,041293959,0.0334172248840332,0.3333333333333333
1143365895,042224047,0.03333324193954468,0
1143365895,042365058,0.033330049365758896,0
1143365895,042790956,0.05009157583117485,0
1143694465,040252590,0.050285499542951584,1
1143694465,040382915,0.0327998585999012,1
1143694465,04048792X,0.054727453738451004,0
1143694465,041260147,0.049477141350507736,0
1144081254,040118908,0.11885436624288559,1
1144081254,040496805,0.030691897496581078,0.6666666666666666
1144081254,041750470,0.030709708109498024,0.6666666666666666
1144081254,042350344,0.030452556908130646,0.6666666666666666
1144081254,042642868,0.045758023858070374,0.6666666666666666
1144148146,040343898,0.050213661044836044,0.6666666666666666
1144148146,040432076,0.0501537024974823,0.6666666666666666
1144148146,041388968,0.03333893045783043,0
1144148146,04143126X,0.03362593427300453,0
1144148146,042868688,0.0333280973136425,0
1144401100,040114139,0.04968405142426491,0.6666666666666666
1144401100,040139433,0.061660703271627426,0.3333333333333333
1144401100,040488292,0.05306726694107056,0.3333333333333333
1144621186,040222330,0.03260878100991249,0
1144621186,041426770,0.016282057389616966,0
1144621186,041982339,0.04870055615901947,0
1144621186,042930405,0.03260884806513786,0
1144738520,040268403,0.04711611568927765,0
1144738520,040352625,0.0480758436024189,0.6666666666666666
1144738520,043264646,0.04745190218091011,0.3333333333333333
1144744288,040437744,0.06363479048013687,0.3333333333333333
1144744288,040588122,0.048177171498537064,0
1144744288,040756939,0.04802903160452843,0
1144744288,04121434X,0.05013492330908775,0.3333333333333333
1144869994,040776247,0.050661757588386536,0
1144869994,042012759,0.04987539350986481,0.3333333333333333
1145035019,040408027,0.04996446892619133,0.3333333333333333
1145035019,1059654814,0.03337109088897705,0
1146465467,040014460,0.04684647545218468,0.3333333333333333
1146465467,040352625,0.04711023345589638,0.6666666666666666
1146465467,040544346,0.04678623750805855,0
1146465467,040703703,0.051112592220306396,0.6666666666666666
1146932871,040059960,0.05058668926358223,0
1146932871,041366077,0.049943506717681885,0.6666666666666666
1146932871,041618327,0.05325935408473015,0
114733790X,040146065,0.04831099882721901,0.3333333333333333
114733790X,040359646,0.03253617882728577,0.6666666666666666
114733790X,040360318,0.04754640534520149,0.3333333333333333
114733790X,040360342,0.0833674743771553,0.6666666666666666
114733790X,040389715,0.058325350284576416,0
114733790X,041373464,0.047524284571409225,0.3333333333333333
1147543089,040558762,0.01657697930932045,0.3333333333333333
1147543089,040559327,0.04971238970756531,0.6666666666666666
114762593X,040187764,0.01601729355752468,0
114762593X,040756939,0.04990315064787865,0.6666666666666666
114762593X,040785920,0.04970216751098633,0
114762593X,04121434X,0.05039038136601448,0.3333333333333333
1147681457,040031349,0.05009790137410164,0
1147681457,040597989,0.050601016730070114,0.3333333333333333
1147681457,041406605,0.03322486951947212,0
1147681457,041613686,0.050801634788513184,0
1147681457,948738189,0.05072392150759697,0
1147927308,040059103,0.04505292698740959,0.6666666666666666
1147927308,040701026,0.0798640176653862,0.6666666666666666
1147927308,042849926,0.045507218688726425,0
1147930341,040118827,0.057565752416849136,0
1147930341,040538818,0.03309955075383186,0
1147930341,04061963X,0.04967363551259041,0.3333333333333333
1147930341,040732134,0.04978384077548981,0
1147930341,041215907,0.016337348148226738,0.3333333333333333
1148426272,040518035,0.0512879304587841,0.6666666666666666
1148426272,041578198,0.0488242469727993,0.6666666666666666
1148462910,040006263,0.11302226781845093,0
1148462910,04000628X,0.047604601830244064,0
1148462910,041239628,0.04668041691184044,0
1148462910,041598768,0.046673741191625595,0
1148462910,119189682,0.04661940410733223,0
1148617094,041870468,0.0489327609539032,0
1148617094,04316837X,0.04896983504295349,0
1148756191,040259935,0.03279486298561096,0
1148756191,040526623,0.03277638554573059,0
1148756191,040737578,0.04915057122707367,0.3333333333333333
1148756191,041795954,0.057912807911634445,0
1148756191,996207376,0.06298493593931198,0
114894009X,040535398,0.046025145798921585,0
114894009X,041269918,0.04591501131653786,0
114894009X,945130562,0.046031251549720764,0.3333333333333333
1150059192,040310310,0.05001959577202797,0
1150059192,040372782,0.050040487200021744,0
1150059192,04061963X,0.059764016419649124,0.6666666666666666
1150059192,040785998,0.049442023038864136,0
1150059192,042237688,0.049593131989240646,0
1150059338,040013022,0.06595864146947861,0
1150059338,040746615,0.04937781020998955,0
1150059338,041498534,0.07380189746618271,0
1150059338,041553985,0.06073547899723053,0
1150059338,940431181,0.07504244893789291,0
1150124415,004691792,0.057781144976615906,0.3333333333333333
1150124415,040101096,0.049708012491464615,0
1150124415,041634772,0.04953790828585625,0.3333333333333333
1151201839,041262026,0.049543216824531555,0
1151201839,041471083,0.050340961664915085,0
1151201839,041525469,0.049524322152137756,0
1151810487,040326640,0.07934422045946121,1
1151810487,04228869X,0.07283663749694824,1
1151818003,040028593,0.032741937786340714,0
1151818003,040069494,0.016485678032040596,0
1151818003,040307026,0.016482621431350708,0.3333333333333333
1151818003,04075586X,0.04866749048233032,0.3333333333333333
1151818003,041639464,0.048609375953674316,0
1151818003,041724127,0.05081024765968323,0.6666666666666666
1151818003,041975723,0.048795562237501144,0.6666666666666666
1151991333,040434613,0.015442137606441975,0
1151991333,040613534,0.015404384583234787,0.3333333333333333
1151991333,040739724,0.01544449757784605,0
1151991333,042065879,0.015432381071150303,0
1151991333,1053549628,0.030813178047537804,0
1152002007,000003778,0.01664985902607441,0.3333333333333333
1152002007,041327888,0.05010167881846428,0.6666666666666666
1152002007,041567412,0.016232522204518318,0.6666666666666666
1152002007,04162078X,0.04948815703392029,0.3333333333333333
1152002007,041965639,0.04978346452116966,0.3333333333333333
1152140191,004904052,0.04687197878956795,0.6666666666666666
1152140191,040027082,0.046679627150297165,0
1152140191,040052273,0.015921922400593758,0.3333333333333333
1152178997,041304780,0.033280376344919205,0
1152178997,042654467,0.033274199813604355,0
1152303481,040389715,0.05036882683634758,0.3333333333333333
1152303481,040665283,0.10352441668510437,0.6666666666666666
1152303481,040793559,0.015460782684385777,0.6666666666666666
1152303481,04121000X,0.04672219231724739,0
1152913794,040396878,0.05066397786140442,0.3333333333333333
1152913794,040773493,0.050736647099256516,0
1152913794,041126033,0.056151408702135086,0.6666666666666666
1152913794,04113852X,0.01654478907585144,0
1152913794,041248546,0.053013622760772705,0
1153087111,040027376,0.04949229583144188,0.6666666666666666
1153087111,040664384,0.047689858824014664,0.6666666666666666
1153087111,040664937,0.0700797438621521,0.6666666666666666
1153087111,041987217,0.047539230436086655,0
1153106477,040052486,0.05577902868390083,0.6666666666666666
1153106477,040120589,0.046474382281303406,0.6666666666666666
1153106477,040362027,0.045967210084199905,0.6666666666666666
1153106477,118547739,0.049273502081632614,0.6666666666666666
1153262983,040120023,0.014530323445796967,0.3333333333333333
1153262983,040147363,0.046385567635297775,1
1153262983,041674030,0.028765857219696045,0
1153262983,043264646,0.04377336427569389,1
1153324849,040270890,0.04692744091153145,0.6666666666666666
1153324849,041618173,0.0492340624332428,0.6666666666666666
1153324849,95572399X,0.046167079359292984,0.6666666666666666
1153337851,041221664,0.05107000470161438,0
1153337851,042007925,0.05218009278178215,1
1153337851,042057019,0.05003267154097557,0.6666666666666666
1153337851,043138462,0.03310276195406914,0
1153337851,043151574,0.032711174339056015,0.6666666666666666
1153409798,000003336,0.04189588502049446,0
1153409798,040710130,0.028215965256094933,0.3333333333333333
1153474107,040001245,0.030992915853857994,1
1153474107,040626563,0.04713642969727516,0.3333333333333333
1153474107,041381424,0.04632953926920891,0.3333333333333333
1153474107,041410459,0.06170335039496422,0.6666666666666666
1153474107,041501268,0.04748718813061714,0.3333333333333333
1153474107,043186920,0.03066621720790863,1
1153482649,040520196,0.0494999885559082,0.6666666666666666
1153482649,040550729,0.057618647813797,0.3333333333333333
1153482649,041915887,0.016014380380511284,1
1153482649,042057906,0.04960992932319641,0
1153482649,96473222X,0.057696640491485596,0.3333333333333333
115348370X,040326845,0.04617715999484062,0
115348370X,041235657,0.04597732052206993,0
115348370X,041654412,0.015308155678212643,1
115348370X,042782465,0.04611599072813988,0
115348370X,973439602,0.04737086221575737,0.3333333333333333
1153485168,040015734,0.015730665996670723,0.6666666666666666
1153485168,040356019,0.1081455871462822,0.3333333333333333
1153485168,04120428X,0.04710836336016655,0.3333333333333333
1153485168,954609719,0.04711483046412468,0
115348921X,040550729,0.052410226315259933,1
115348921X,041591038,0.0498870424926281,0.3333333333333333
115348921X,042388120,0.05007512867450714,0.3333333333333333
1153489651,007636040,0.05000452324748039,0
1153489651,04010074X,0.05005598068237305,0
1153489651,040183262,0.050207722932100296,0
1153489651,040358542,0.05017215013504028,0
1153489651,041399455,0.033369045704603195,0.3333333333333333
1153489775,040143082,0.03202129527926445,0.3333333333333333
1153489775,041231775,0.048837799578905106,0.6666666666666666
1153489775,041517954,0.015990013256669044,0.6666666666666666
1153489775,041989503,0.032319631427526474,0.6666666666666666
1153489775,981392083,0.04824194684624672,0.3333333333333333
1153499649,040201198,0.05050942301750183,0.3333333333333333
1153499649,040479684,0.049953069537878036,0
1153499649,040592200,0.05001594498753548,0.3333333333333333
1153499649,041210417,0.05029234290122986,0.6666666666666666
1153611082,040710130,0.048035841435194016,0.3333333333333333
1153611082,041280806,0.03198707848787308,0
1153611082,940431181,0.04864298179745674,0.3333333333333333
1153687534,040013073,0.03132191672921181,0
1153687534,118584596,0.06545903533697128,0.6666666666666666
1153687534,118599755,0.05020030215382576,0.6666666666666666
1153687607,040205355,0.03067147172987461,0
1153687607,04046783X,0.04666030406951904,0.3333333333333333
1153687607,040619168,0.04668549820780754,0.6666666666666666
1153687607,041359526,0.04598875716328621,0
1153772809,040052273,0.06865748763084412,0
1153772809,040139433,0.030067017301917076,1
1153772809,041283007,0.04758739471435547,0.3333333333333333
1153772809,041513428,0.04525737091898918,0.3333333333333333
1154307468,04018837X,0.049820151180028915,0.6666666666666666
1154307468,041244818,0.050275206565856934,0.6666666666666666
1154307468,041699165,0.0724802315235138,1
1154307468,041699173,0.050833117216825485,1
1154307468,042511925,0.05004251003265381,0
115443396X,040221539,0.05452403053641319,0
115443396X,040318834,0.016380658373236656,0
115443396X,041125010,0.031252000480890274,0
115443396X,041956648,0.016493523493409157,0.6666666666666666
1154764710,142737100,0.031064897775650024,0
1154764710,942572254,0.046205464750528336,0.6666666666666666
1154764958,040052796,0.01499199029058218,0.6666666666666666
1154764958,040223493,0.05165960267186165,0.3333333333333333
1154764958,041346815,0.08705373853445053,0.6666666666666666
1154924386,040492508,0.054749637842178345,0.6666666666666666
1154924386,040743810,0.050005361437797546,0
1154924386,040765733,0.033197034150362015,0
1154924386,041244400,0.03318724408745766,0
1154924386,042062756,0.04981468990445137,0
1154929930,040059960,0.01660109870135784,0.6666666666666666
1154929930,041378385,0.05135004222393036,0
1154929930,041596536,0.03305031731724739,0
1154929930,041879295,0.049845632165670395,0
1154929930,042556864,0.04965369775891304,0
1154932230,040776069,0.05006694793701172,0
1154932230,041535219,0.05055763199925423,0
1154932230,041951417,0.05009724572300911,0.3333333333333333
1154932230,04225938X,0.05016281083226204,0
1154944700,040429075,0.048891644924879074,0.6666666666666666
1154944700,041448634,0.07296198606491089,1
1154944700,940589761,0.04917958378791809,1
1154988694,040114139,0.04912986233830452,0.3333333333333333
1154988694,040118827,0.048947934061288834,0.6666666666666666
1154988694,040465144,0.0493408627808094,0.3333333333333333
1154988694,040728854,0.048952195793390274,0.3333333333333333
1154988694,040762297,0.050659433007240295,1
1155098021,040143279,0.04999455809593201,0.6666666666666666
1155098021,042221552,0.03337250277400017,0
1155098021,042900026,0.033347081393003464,0
1155098021,042909589,0.050005823373794556,0.6666666666666666
115514810X,040012204,0.030301062390208244,0.6666666666666666
115514810X,040426769,0.11806660890579224,0.6666666666666666
115514810X,041211790,0.04424412548542023,0
115514810X,041655222,0.044372010976076126,0
115514810X,041720687,0.08440662175416946,0.3333333333333333
1155576721,040379345,0.05037133768200874,0
1155576721,041569024,0.0505945198237896,1
1155576721,042179610,0.05005893483757973,0
1155576721,1003742661,0.05021733045578003,0
1155576721,943820693,0.049995701760053635,0
1155587278,040028518,0.04941287636756897,0
1155587278,040065685,0.049437016248703,0.3333333333333333
1155587278,040458954,0.056085702031850815,0.3333333333333333
1155587278,041143337,0.05250483751296997,0.6666666666666666
1155690885,040350967,0.04806472733616829,0
1155690885,040693422,0.04764276370406151,0.6666666666666666
1155760999,040073890,0.04999611899256706,0.6666666666666666
1155760999,040344029,0.016747061163187027,0.6666666666666666
1155760999,040473600,0.05002361163496971,0
1155760999,040684717,0.05001707002520561,0.6666666666666666
1155760999,041268237,0.05000077188014984,0.3333333333333333
1155760999,041769589,0.03339092805981636,0.6666666666666666
1156181542,040065375,0.039666131138801575,0.6666666666666666
1156181542,040442454,0.04964582994580269,0
1156181542,041661397,0.04967154189944267,0
1156181542,959555862,0.04964582994580269,0
1156264618,040147150,0.03311367705464363,0
1156264618,040147258,0.05143286660313606,0
1156264618,040147363,0.016476713120937347,0
1156264618,040495345,0.05003969371318817,0
1156264618,040685985,0.04995143786072731,0
1156264618,957571917,0.050109654664993286,0
1156276853,040605817,0.05136026442050934,0.6666666666666666
1156276853,040631532,0.050362493842840195,0.3333333333333333
1156276853,041381424,0.033179499208927155,0.6666666666666666
1156276853,042090377,0.03324189782142639,0.3333333333333333
1156276853,042937418,0.05025910958647728,0.3333333333333333
1156276853,953680533,0.05011880025267601,0.3333333333333333
1156276853,981343570,0.05014893412590027,0
1156346541,041701747,0.0286270584911108,0
1156346541,940431181,0.048998426645994186,0.3333333333333333
1156346541,940855348,0.01443168893456459,1
1156444683,040118827,0.05317970737814903,0.3333333333333333
1156444683,040212319,0.04702164605259895,0.3333333333333333
1156444683,1246500965,0.04683053493499756,0
1156444772,040156044,0.0315946526825428,0
1156444772,04053474X,0.056714583188295364,0.3333333333333333
1156444772,041490630,0.031078318133950233,0
1156444772,042011957,0.04701012372970581,0
1156444772,042453984,0.0307601448148489,0.3333333333333333
1156462126,040436640,0.04986302927136421,0.6666666666666666
1156462126,041269454,0.03206770122051239,0.6666666666666666
1156462126,04139402X,0.05022728443145752,0.3333333333333333
1156462126,041535723,0.04872662201523781,0
1156462126,964751038,0.04845842346549034,0.6666666666666666
1156602211,04053474X,0.11850180476903915,0
1156602211,040620050,0.04519277438521385,0
1156602211,04077208X,0.04589027166366577,0
1156602211,04126892X,0.04512037709355354,0
1156602211,1004278810,0.014956683851778507,0.3333333333333333
1156602750,040261522,0.051042187958955765,0
1156602750,040412822,0.04997612163424492,0
1156602750,041137868,0.049974698573350906,0
1156602750,043264646,0.050172850489616394,0.3333333333333333
115667980X,041166140,0.03163730725646019,0
115667980X,041305027,0.015066794119775295,0
115667980X,04139075X,0.015068937093019485,0.6666666666666666
115667980X,1229475885,0.029937729239463806,0
1156993997,040157016,0.0983293429017067,0.6666666666666666
1156993997,040762157,0.04541313648223877,0.6666666666666666
1156993997,940431181,0.04585830494761467,0.3333333333333333
1158598181,007318715,0.04659777879714966,0
1158598181,040059642,0.046668890863657,0.3333333333333333
1158598181,040564207,0.015523030422627926,0.3333333333333333
1158598181,040776247,0.046480435878038406,0.3333333333333333
1158598181,041156455,0.07507117837667465,0.3333333333333333
1158693079,040595218,0.06049932539463043,0
1158693079,042052165,0.016383500769734383,0
1158693079,042535980,0.03269336000084877,0
1158693079,949863866,0.016376903280615807,0
1159754071,040226484,0.06022791564464569,0.3333333333333333
1159754071,040408027,0.05032554268836975,0.3333333333333333
1159754071,040773477,0.015420337207615376,0.3333333333333333
1159754071,041619900,0.015385466627776623,0.6666666666666666
1160304033,040573109,0.04530497267842293,0.6666666666666666
1160304033,04060294X,0.05024316906929016,1
1160304033,040773086,0.06004437431693077,0
1160304033,041172299,0.04630991443991661,0
1160304033,991002814,0.056469354778528214,0
1160324158,040326802,0.05272393301129341,0
1160324158,040432718,0.05313177779316902,0
1160349754,040152243,0.0510733425617218,0
1160349754,040187764,0.05039038881659508,0
1160349754,041143957,0.05047702416777611,0
1160349754,041365844,0.049744512885808945,0
1160349754,041914120,0.05002482607960701,0
1160363102,040208079,0.030831634998321533,0.3333333333333333
1160363102,04058500X,0.04633444920182228,0
1160363102,040708136,0.04637497290968895,0.3333333333333333
1160363102,041288394,0.04650680720806122,0
116038004X,04033676X,0.08687818795442581,0.6666666666666666
116038004X,040337073,0.047929346561431885,0
116038004X,040598446,0.047974348068237305,0.3333333333333333
116038004X,041214013,0.052131637930870056,0.6666666666666666
116038004X,041886372,0.04808487370610237,0.6666666666666666
1160381194,040436640,0.04696391895413399,0.3333333333333333
1160381194,040697940,0.03102690540254116,0.6666666666666666
1160381194,940029154,0.048016007989645004,0.6666666666666666
1160488134,040633535,0.027852738276124,0
1160550506,040118827,0.04615626111626625,0
1160550506,040581365,0.04930255189538002,0.3333333333333333
1160550506,991512669,0.03061256743967533,0.3333333333333333
1160556695,040118827,0.051745373755693436,0
1160556695,040332292,0.03354179486632347,0.3333333333333333
1160556695,040378772,0.04990408197045326,0.3333333333333333
1161235337,040145166,0.05369405820965767,1
1161235337,040356469,0.05066584050655365,0.3333333333333333
1161235337,040537242,0.04973716661334038,0
1161235337,041912233,0.05466284975409508,1
1161299041,040157016,0.04521782323718071,0.6666666666666666
1161299041,040408027,0.11511853337287903,0
1161299041,040408515,0.06155389919877052,0
1161299041,040751287,0.04481503367424011,0.6666666666666666
1161299041,954874765,0.06353343278169632,0.6666666666666666
1161334300,040375897,0.05314158275723457,0.3333333333333333
1161334300,04062644X,0.03049449808895588,0.3333333333333333
1161334300,040727122,0.048673540353775024,0
1161334300,041230655,0.04556232690811157,0.3333333333333333
1161334300,041446798,0.015377659350633621,0.3333333333333333
1161334300,043143342,0.04558377340435982,0.6666666666666666
1161341498,040067963,0.05228501930832863,0.6666666666666666
1161341498,04006798X,0.0339801199734211,1
1161341498,040068773,0.049768585711717606,0.6666666666666666
1161341498,041127714,0.05000413581728935,0
1161341498,041363523,0.050777092576026917,0.6666666666666666
1161341757,04114483X,0.052121251821517944,0.3333333333333333
1161341757,041290070,0.05692360922694206,0
1161341757,041374525,0.04928910359740257,0
1161341757,041383958,0.04946989193558693,0
1161341757,041953657,0.0514749176800251,0.6666666666666666
1161410538,040477045,0.016654618084430695,0
1161410538,040575020,0.03328605368733406,0.3333333333333333
1161410538,04061963X,0.03335331380367279,0
1161410538,040693864,0.03347233310341835,0
1161412603,040683257,0.04668175056576729,0.3333333333333333
1161412603,041825888,0.04853685572743416,0.3333333333333333
1161412603,042090377,0.04635797068476677,0.6666666666666666
1161412603,953680533,0.0464298315346241,0.3333333333333333
1161458174,040287793,0.04902510717511177,0
1161458174,040476898,0.04812711104750633,0.3333333333333333
1161458174,041901533,0.03196897730231285,0
1161458174,119117266,0.031966451555490494,0
1161479872,040457214,0.033192213624715805,0.3333333333333333
1161479872,040663833,0.03315425291657448,0.6666666666666666
1161479872,04123619X,0.03316153213381767,0.6666666666666666
1161479872,042041473,0.0331331267952919,0
1161730044,040389065,0.049993425607681274,0
1161730044,041233778,0.05033412575721741,0
1161730044,041477324,0.05003415420651436,1
1161730044,041609166,0.04998321458697319,0
1161730044,04163425X,0.05085667967796326,0.3333333333333333
1161730109,040019918,0.015654241666197777,0
1161730109,040118827,0.016550855711102486,0
1161730109,040598276,0.1131836399435997,0
1161730109,040852490,0.015653958544135094,0
1161730109,041415159,0.01565435528755188,0
116183186X,04061963X,0.052034493535757065,0.3333333333333333
116183186X,041393996,0.04981311038136482,0.3333333333333333
116183186X,042004349,0.05537113547325134,0.3333333333333333
1161942130,041694759,0.05007370188832283,0.6666666666666666
1161942130,041746465,0.05082156881690025,0
1161942130,042609984,0.050220757722854614,0.3333333333333333
1161942130,042975670,0.050136465579271317,0
1161942130,1069362352,0.05018387734889984,0
1161943862,040057283,0.105159230530262,0.6666666666666666
1161943862,040334236,0.0321354940533638,0.3333333333333333
1161943862,040334309,0.05724756419658661,0.6666666666666666
1161943862,040582736,0.03184138983488083,0.6666666666666666
1161943862,041143337,0.04661409184336662,0.6666666666666666
1161943862,041339657,0.046795424073934555,0.6666666666666666
1161943862,050000403,0.046454187482595444,0.6666666666666666
1162048042,040043517,0.04973381757736206,0
1162048042,040309606,0.057630449533462524,0
1162048042,04115746X,0.05019618198275566,0
1162048042,041640438,0.052094440907239914,0
1162048042,041979672,0.04941638931632042,0
116210628X,040154823,0.05015918239951134,0
116210628X,040623866,0.05025281384587288,0
116210628X,040787044,0.05000906065106392,0
116210628X,041656997,0.04999817535281181,0
116210628X,042266629,0.050136495381593704,0
1162134836,04077628X,0.0454542450606823,1
1162134836,040793516,0.047631245106458664,0
1162134836,132323133,0.030021121725440025,0
1162279680,040023427,0.05450040102005005,0.6666666666666666
1162279680,040741338,0.04673196002840996,0.6666666666666666
1162370734,040118894,0.04954962432384491,0
1162370734,040375897,0.05414298176765442,0
1162370734,040452425,0.06022962927818298,0.6666666666666666
1162370734,040759954,0.05132453516125679,0
1162370734,942581415,0.05046560987830162,0.3333333333333333
1162559071,04139402X,0.12328306585550308,1
1162559071,04213725X,0.04655260965228081,0.3333333333333333
1162559071,042388120,0.05219104886054993,0.3333333333333333
1162559071,1017203326,0.04585796967148781,0
1162608463,04045956X,0.015951283276081085,0.3333333333333333
1162608463,041138260,0.01651938632130623,0.3333333333333333
1162608463,041537378,0.04891356825828552,0.3333333333333333
1162608463,041737822,0.03223152086138725,0
1162608463,04224496X,0.01647215522825718,0.3333333333333333
1162684062,04127993X,0.031032783910632133,0
1162684062,041408802,0.015223500318825245,0.3333333333333333
1162684062,04170603X,0.03070283867418766,0
1162684062,987973851,0.030693963170051575,0
1162684313,040272184,0.04491163417696953,0
1162684313,040350886,0.07590312510728836,0.6666666666666666
1162684313,040350967,0.04608108103275299,0.3333333333333333
1162684313,040741648,0.04687682166695595,0.6666666666666666
1162684313,041257537,0.014958464540541172,0
1162892676,040701743,0.05006048083305359,0
1162892676,040725324,0.051223024725914,0
1162892676,041154037,0.05855695530772209,0.6666666666666666
1162892676,041155122,0.0327773280441761,0
1162892676,041406605,0.05178002640604973,0
1162892676,041566386,0.01650792919099331,0.3333333333333333
1162892676,041613686,0.049317698925733566,0.3333333333333333
1162894296,041517954,0.04805612564086914,0
1162894296,041522303,0.047211796045303345,0.3333333333333333
1162894296,041608356,0.08314568549394608,1
1162894296,998377953,0.048746753484010696,0.6666666666666666
1163236330,042790212,0.030757158994674683,0.3333333333333333
1163236330,042822963,0.046917423605918884,0
1163236330,042863678,0.046917423605918884,0
1163236683,041208145,0.02963988482952118,0.3333333333333333
1163236683,041969103,0.045393671840429306,0.6666666666666666
1163301280,040569950,0.07966338098049164,0
1163301280,040739724,0.0461818166077137,0.6666666666666666
1163301280,041315499,0.02949601411819458,0
1163301280,94567600X,0.014850970357656479,0
1163439622,040118827,0.0623038113117218,0.3333333333333333
1163439622,040205886,0.06437865644693375,0.3333333333333333
1163439622,04137178X,0.047769736498594284,0
1163451371,040018954,0.050232063978910446,0.6666666666666666
1163451371,040250059,0.05005162954330444,0.3333333333333333
1163451371,041314190,0.05070647969841957,0.6666666666666666
1163451371,042125766,0.05032426118850708,0
1163451371,042683912,0.0502518005669117,0
1163628654,040026418,0.016368042677640915,0
1163628654,040053822,0.016243675723671913,0
1163628654,040192946,0.05319368839263916,0
1163628654,040432718,0.032710250467061996,0
1163628654,040739937,0.055300384759902954,0
1163628654,041250494,0.05231304466724396,0
116365034X,040403645,0.08121135085821152,0.6666666666666666
116365034X,04131123X,0.07161364704370499,0.3333333333333333
116365034X,041447808,0.06799151003360748,0.6666666666666666
116365034X,041557417,0.06653839349746704,0.6666666666666666
1163703559,040743810,0.05142016336321831,0
1163703559,041219120,0.04989634454250336,0.3333333333333333
1163703559,041332709,0.049887944012880325,0.3333333333333333
1163703559,041351010,0.016626836732029915,0.3333333333333333
1163703559,041695860,0.0498833991587162,0
1163927805,040310310,0.016295401379466057,0
1163927805,040375897,0.04903038963675499,0.3333333333333333
1163927805,04061963X,0.0484941191971302,0.3333333333333333
1163927805,041271173,0.05999787524342537,0
1163931497,040049450,0.05586018040776253,0.3333333333333333
1163931497,040084159,0.03298458084464073,0
1163931497,040193284,0.03294738382101059,0
1163931497,042033144,0.049549032002687454,0.3333333333333333
116393173X,040050564,0.05112737789750099,0
116393173X,040302709,0.05113014578819275,1
116393173X,041304705,0.04986196756362915,0.6666666666666666
1164001477,040626709,0.04691074416041374,0.3333333333333333
1164001477,04128805X,0.04939992353320122,1
1164001477,041343417,0.05143710598349571,0.6666666666666666
1164001639,040593177,0.04778920114040375,0
1164001639,041296176,0.047814179211854935,0
1164001639,043274706,0.05065317451953888,0.3333333333333333
1164001639,941420167,0.04833657667040825,1
1164017934,041675894,0.0477869026362896,0.3333333333333333
1164017934,947821996,0.05338132008910179,0.3333333333333333
1164057391,040068803,0.04980793595314026,0
1164057391,040133842,0.04964366555213928,0.6666666666666666
1164057391,040592316,0.03297979757189751,0
1164057391,04120591X,0.032980237156152725,0
1164085646,040343995,0.04579583927989006,0.3333333333333333
1164085646,041528263,0.04571574926376343,0.6666666666666666
1164498142,040087670,0.04979637265205383,0.6666666666666666
1164498142,040114139,0.0833922028541565,0.6666666666666666
1164498142,040118827,0.0478937067091465,0.6666666666666666
1164498142,040447898,0.050643160939216614,0.6666666666666666
1164505114,040302709,0.05150763317942619,0.3333333333333333
1164505114,040302717,0.0547294020652771,1
1164505114,040302822,0.053835589438676834,1
1164505114,041304705,0.04938764497637749,0.6666666666666666
1164505114,041635833,0.049961283802986145,0.6666666666666666
1164589148,040118827,0.0775483250617981,0.3333333333333333
1164589148,040554090,0.08735533803701401,0.6666666666666666
1164589148,04079167X,0.04119693487882614,0
1164605445,040359646,0.08116510510444641,0.6666666666666666
1164605445,040533093,0.04687032103538513,0.3333333333333333
1164605445,040610845,0.04694025591015816,0
1164605445,041132920,0.08846962451934814,0.6666666666666666
1164768468,040098532,0.05281410738825798,0.3333333333333333
1164768468,040438163,0.04991297051310539,0.3333333333333333
1164768468,041361733,0.03316165879368782,0.6666666666666666
1164768468,041524802,0.049760740250349045,0.3333333333333333
1164768468,041771230,0.04975523054599762,0.3333333333333333
1164768468,043102026,0.03319956734776497,1
1165302012,040350886,0.03224422410130501,0
1165302012,041343735,0.04957316815853119,0
1165302012,041351754,0.04929276928305626,0.3333333333333333
1165302012,964162512,0.04887866601347923,0
1165390868,041547748,0.015825044363737106,0
1165390868,11873220X,0.015825331211090088,0.3333333333333333
1165390868,955469481,0.046699631959199905,0
1165576910,040418715,0.0472886823117733,0
1165576910,040477460,0.015769492834806442,0
1165576910,041233840,0.03166922926902771,0.3333333333333333
1165576910,964162504,0.04730233922600746,0.3333333333333333
1165683431,040431738,0.06575769186019897,1
1165683431,040487326,0.08588987588882446,0.6666666666666666
1165683431,041206134,0.049421269446611404,0
1165683431,041283430,0.05121033266186714,0.6666666666666666
1166122050,040207544,0.05476801097393036,0.3333333333333333
1166122050,040413829,0.04598645493388176,0
1166122050,040477460,0.048467207700014114,0
1166122050,041264126,0.04823712632060051,0.6666666666666666
1166305414,040184803,0.05114695429801941,0.6666666666666666
1166305414,040775879,0.016036778688430786,0.3333333333333333
1166305414,040795837,0.07833818346261978,0.6666666666666666
1166305414,041134508,0.015778599306941032,0.3333333333333333
1166305414,041337344,0.04979831352829933,0.6666666666666666
1166315274,040479250,0.016439197584986687,0.6666666666666666
1166315274,040486559,0.049637455493211746,0.3333333333333333
1166315274,041609506,0.05298967286944389,0.6666666666666666
1166315274,042265975,0.04944607615470886,0
1166420272,040597989,0.04919439181685448,0.6666666666666666
1166420272,040704467,0.11246448755264282,1
1166420272,042218713,0.04555178061127663,0
1166420272,043266010,0.11246448755264282,1
1167232127,040147363,0.04905557259917259,0
1167232127,040325938,0.04873549938201904,0
1167232127,040609162,0.0540304072201252,0.3333333333333333
1167232127,040647285,0.048655059188604355,0
1167365410,040006263,0.03073301911354065,0.3333333333333333
1167365410,040334228,0.015179882757365704,0
1167365410,040372200,0.045136090368032455,0.3333333333333333
1167365410,041143337,0.030175602063536644,0.3333333333333333
1167365410,041311124,0.04520946741104126,0.6666666666666666
1167406389,040238199,0.046162959188222885,0
1167406389,040386392,0.046672165393829346,0
1167406389,040600874,0.12476759403944016,0
1167406389,040628604,0.046134721487760544,0
1167406389,041949013,0.046052079647779465,0
1167415558,04066466X,0.0302573349326849,0.6666666666666666
1167415558,040710130,0.04792603850364685,0.3333333333333333
1167508351,040665062,0.028205469250679016,0.3333333333333333
1167508351,040693406,0.02810783125460148,0.6666666666666666
1167508351,040732746,0.029424475505948067,0.6666666666666666
1168229707,041228480,0.04473627731204033,0.6666666666666666
1168229707,04126276X,0.09047453850507736,0.6666666666666666
1168229707,041715225,0.044573187828063965,0
1168229707,1033815330,0.044315848499536514,0
1168571901,040674886,0.048252493143081665,0
1168571901,041256980,0.046492159366607666,0.3333333333333333
1168571901,041659732,0.014961072243750095,0.6666666666666666
1168728843,04000628X,0.06770915538072586,0.6666666666666666
1168728843,040640167,0.04073767364025116,0.3333333333333333
1169744508,040086909,0.05162106826901436,0
1169744508,040359646,0.051905229687690735,0.3333333333333333
1169744508,040488829,0.0502917654812336,0
1169744508,040767043,0.05114048346877098,0
1169744508,041132920,0.01650172658264637,0
1169744508,041238958,0.05038592591881752,0.6666666666666666
1169744508,118590995,0.050644636154174805,0.6666666666666666
1169840329,040110397,0.030692273750901222,0
1169840329,041277937,0.04637974873185158,0
1169840329,041468244,0.030688583850860596,0
1169840329,140408657,0.046060774475336075,0
1169873502,040118827,0.04648466780781746,0.6666666666666666
1169873502,04066466X,0.029263487085700035,0.6666666666666666
1169873502,040728439,0.062306154519319534,0.6666666666666666
1169873502,041140265,0.06602636724710464,0
1169905617,040118827,0.04347889497876167,0.3333333333333333
1169905617,040557626,0.04373713955283165,0.6666666666666666
1170108334,941751473,0.04817010834813118,0.6666666666666666
1170108334,949549738,0.04431751370429993,0
1170108334,95280512X,0.04402604326605797,0
1170360823,040420116,0.04779849573969841,0
1170360823,040567303,0.053460489958524704,1
1170360823,040567540,0.05652506649494171,1
1170399371,040477436,0.047248780727386475,0
1170399371,040628744,0.031109994277358055,0.3333333333333333
1170399371,04138525X,0.032998226583004,0
1170399371,041762053,0.04736337065696716,0.3333333333333333
1170399371,995996776,0.0530211366713047,0
117067061X,040288595,0.07439371943473816,0.6666666666666666
117067061X,040289249,0.04566973075270653,0
117067061X,040305503,0.07976646721363068,0.3333333333333333
117067061X,040459772,0.07576314359903336,1
117067061X,040533697,0.030384695157408714,0.6666666666666666
117067061X,041386167,0.04579881951212883,0.6666666666666666
1170955304,040270580,0.0460137315094471,0.6666666666666666
1170955304,040465144,0.047691162675619125,0.6666666666666666
1170955304,040665127,0.04629937931895256,0
1170955304,040710130,0.04633334279060364,0.6666666666666666
1170955304,040785416,0.12470170110464096,0.6666666666666666
1170955525,040465144,0.04843451455235481,0.3333333333333333
1170955525,040650049,0.013672907836735249,0.3333333333333333
1170955525,040757390,0.01367215346544981,0.6666666666666666
1170955525,122188926,0.044367242604494095,0.6666666666666666
1170958273,040350932,0.03291367366909981,0.3333333333333333
1170958273,040414256,0.0536067932844162,0
1170958273,04054365X,0.048929329961538315,0
1170958273,040786374,0.049822449684143066,0.3333333333333333
1170958273,043050719,0.04888160899281502,0
117106652X,040487377,0.052572812885046005,0
117106652X,040678458,0.050986338406801224,0.6666666666666666
117106652X,040732134,0.05072113871574402,0.3333333333333333
117106652X,041204743,0.03301071375608444,0.3333333333333333
117106652X,042060184,0.033442262560129166,0.3333333333333333
117112953X,040336816,0.04755869507789612,0.6666666666666666
117112953X,041214013,0.047349318861961365,0
117112953X,04128805X,0.047610532492399216,0.6666666666666666
117112953X,041654234,0.031201103702187538,0
117112953X,042723116,0.04861566424369812,0.3333333333333333
117112953X,945798784,0.049285855144262314,1
1171425511,04135785X,0.05000879988074303,0.6666666666666666
1171425511,041760743,0.0503489188849926,0.6666666666666666
1171633904,041245776,0.050427962094545364,0
1171633904,041289064,0.033313293009996414,0
1171633904,041289072,0.033313293009996414,0
1171633904,04258860X,0.033325839787721634,0
1171633904,94707144X,0.03331607207655907,0
117179908X,040252264,0.04910933971405029,0.6666666666666666
117179908X,040617785,0.0159060787409544,0.6666666666666666
117179908X,041900464,0.04792459309101105,0
117179908X,042412919,0.0484086312353611,1
1171808453,040211568,0.04907956346869469,0.6666666666666666
1171808453,04033676X,0.07632964849472046,0.6666666666666666
1171808453,04128805X,0.04901355504989624,0.6666666666666666
1171808453,041645405,0.048887740820646286,0.6666666666666666
1172288453,041541707,0.05308368802070618,0.6666666666666666
1172288453,042133173,0.04969504848122597,0
1172288453,990722651,0.06328395754098892,0.6666666666666666
1172414335,040061116,0.06150110438466072,0.6666666666666666
1172414335,042367638,0.05167563632130623,0
1172414335,952781336,0.04570009186863899,0
1172414424,040120007,0.04976259171962738,0
1172414424,040177017,0.04986490309238434,0
1172414424,040486559,0.051498573273420334,0
1172414424,041722647,0.03303049877285957,0
1172634270,040014207,0.04989245533943176,0
1172634270,040118827,0.0510396845638752,0.6666666666666666
1172634270,040152243,0.04992054030299187,0
1172634270,04049716X,0.04995791241526604,0
1172634270,040628604,0.05064338073134422,0.6666666666666666
117263498X,041278232,0.04970746859908104,0
117263498X,041554167,0.04992176592350006,1
117263498X,041554175,0.05135754123330116,0.6666666666666666
117263498X,041675894,0.016513334587216377,0.6666666666666666
117263498X,041914694,0.04992915317416191,0.6666666666666666
117263498X,042221498,0.054704900830984116,1
117263498X,965032833,0.016534416005015373,0
1172668639,041126033,0.05023382976651192,0
1172668639,041248546,0.05088955536484718,0
1172668639,11856059X,0.04979194328188896,0
1172716382,040408086,0.01592773012816906,0.6666666666666666
1172716382,040575713,0.051143791526556015,0.6666666666666666
1172716382,041165683,0.04827408492565155,0
1172716382,041333209,0.0482766330242157,0
1172716382,94891565X,0.0483337827026844,0
1172717370,040002454,0.05030478909611702,0
1172717370,040388522,0.050618499517440796,0.6666666666666666
1172717370,041296176,0.0547959990799427,0
1172717370,042645190,0.0493798665702343,0
1172796920,040580474,0.0882047787308693,0.6666666666666666
1172796920,040773493,0.04831506311893463,0.3333333333333333
1172796920,040777049,0.014139317907392979,0.3333333333333333
1172796920,043168094,0.043689265847206116,0.3333333333333333
1172807914,040158756,0.050542328506708145,0
1172807914,040300056,0.05213191732764244,0
1172807914,04059758X,0.06234513595700264,0.3333333333333333
1172875235,041173465,0.04608554020524025,0.3333333333333333
1172875235,041243943,0.046882759779691696,0.6666666666666666
1172875235,041877918,0.046069275587797165,0.3333333333333333
1172875235,042368650,0.0461389534175396,0
1173086781,040006379,0.051084715873003006,0
1173086781,041264843,0.05965942144393921,0
1173086781,041302370,0.032927826046943665,1
1173086781,041370708,0.05115707591176033,1
1173086781,041964926,0.04934084042906761,0
1173086781,944103782,0.016398590058088303,0.6666666666666666
1173249087,040389715,0.04606835916638374,0.6666666666666666
1173249087,041176650,0.015278740786015987,0.6666666666666666
1173249087,041214315,0.046271394938230515,0
1173249087,041619897,0.04587491974234581,0.3333333333333333
1173337660,040156028,0.06034019589424133,0
1173337660,040476898,0.05137260630726814,0
1173337660,040573109,0.04859331250190735,0.6666666666666666
1173565779,040027333,0.11510354280471802,0.6666666666666666
1173565779,040027376,0.014090043492615223,0.3333333333333333
1173565779,040059820,0.04571721330285072,0.3333333333333333
1173565779,040118827,0.04407927021384239,0.3333333333333333
1173565779,042256046,0.028354210779070854,0.3333333333333333
1173700188,040015904,0.04967256262898445,0
1173700188,04133759X,0.016534676775336266,0
1173700188,041361768,0.049651309847831726,0.3333333333333333
1173700188,041701127,0.0506976954638958,0.3333333333333333
1173700188,042267706,0.04966194927692413,0
1173791078,040098532,0.03322313725948334,0
1173791078,040486559,0.049815163016319275,0.6666666666666666
1173791078,041212800,0.050062257796525955,0.6666666666666666
1173791078,041560248,0.05017905309796333,1
1174349891,040145166,0.04668910428881645,0.6666666666666666
1174349891,040164098,0.029210664331912994,0.3333333333333333
1174349891,040305503,0.1139822006225586,1
1174349891,041969103,0.050340164452791214,0.6666666666666666
1174349891,043084168,0.0718761757016182,0.6666666666666666
117495812X,040158330,0.02974148653447628,0
117495812X,040465144,0.04463617131114006,0.3333333333333333
1175068942,040616169,0.0493832528591156,0
1175068942,040680975,0.04922701418399811,0
1175068942,041565517,0.04937546327710152,0
1175068942,041922417,0.04937727376818657,0
1175068942,957319304,0.06350725889205933,0
1175091936,04015999X,0.05287743732333183,0.3333333333333333
1175091936,041390814,0.033725667744874954,0.3333333333333333
1175091936,041510208,0.05010021850466728,0
1175091936,042291577,0.049866095185279846,0
1175512826,040229939,0.047915950417518616,0.3333333333333333
1175512826,040420965,0.0471867211163044,0.3333333333333333
1175512826,041506499,0.047196220606565475,0.6666666666666666
1175512826,041726782,0.04773956909775734,0.6666666666666666
1175770914,040232190,0.0502193458378315,0.3333333333333333
1175770914,040459608,0.016610873863101006,0
1175770914,040626598,0.01742352731525898,1
1175770914,042036437,0.049846991896629333,0
1175770914,1029180733,0.049939658492803574,0
1175770914,967658675,0.05186714231967926,0
1175839280,040123626,0.05088157579302788,0
1175839280,040309584,0.03313841298222542,0
1175839280,040485749,0.05331910029053688,0
1175839280,041281365,0.04981476441025734,0
1175839280,041393112,0.016643021255731583,0
1175878243,041143337,0.03323381021618843,0.6666666666666666
1175878243,118943375,0.050519511103630066,0.6666666666666666
1175878243,11954296X,0.04980757459998131,0.6666666666666666
1175878243,12140367X,0.050256405025720596,0.6666666666666666
1175878243,121900126,0.050934016704559326,0.6666666666666666
1176106856,040027996,0.045735519379377365,0.6666666666666666
1176106856,040118827,0.06023713946342468,0
1176106856,041157125,0.046732693910598755,0
1176372548,040118827,0.058362822979688644,0
1176372548,042272890,0.04408463463187218,0.3333333333333333
1176410210,040169189,0.050294678658246994,0.3333333333333333
1176410210,040191559,0.050350066274404526,0.3333333333333333
1176410210,041259785,0.05007558688521385,0.6666666666666666
1176410210,041284208,0.05324498191475868,0.3333333333333333
1176410210,041401670,0.05068771168589592,0
1176522264,040087670,0.04274792969226837,0
1176522264,040118827,0.055601079016923904,0.6666666666666666
1176522264,040762297,0.0447351336479187,0.3333333333333333
1176522264,041207955,0.02849198877811432,0.6666666666666666
1176522264,985576723,0.014229215681552887,0.3333333333333333
1176807463,040118827,0.09195951372385025,0.3333333333333333
1176807463,041839358,0.04424995556473732,0.6666666666666666
1176807463,042518717,0.045612577348947525,0.6666666666666666
1176807463,1038114020,0.1025024950504303,0.3333333333333333
1176807463,940431181,0.029087742790579796,0.3333333333333333
1176971735,041406605,0.0724237784743309,0.3333333333333333
1176971735,041478584,0.04603879526257515,0.3333333333333333
1176971735,042215315,0.04624508321285248,0
117759708X,040581365,0.045918505638837814,0.3333333333333333
117759708X,040665127,0.045837607234716415,0
117759708X,040674886,0.051084667444229126,0
1177612879,040432718,0.048659805208444595,0
1177612879,040538818,0.050918761640787125,0
1177612879,041157168,0.028479358181357384,0
1177623110,000147478,0.014405817724764347,0.3333333333333333
1177623110,002199823,0.043763529509305954,0
1177623110,004798139,0.09304148703813553,1
1177623110,040446964,0.04422067478299141,0
1177623110,040599795,0.11835191398859024,1
1177623110,994521685,0.04385928437113762,0
117762351X,040000982,0.031671538949012756,0
117762351X,04018837X,0.015839649364352226,0.3333333333333333
117762351X,041386086,0.047565385699272156,0.3333333333333333
117762351X,041720229,0.03176448866724968,0.3333333333333333
117762351X,944724949,0.0490046925842762,0
1177628139,040118827,0.054368674755096436,0.3333333333333333
1177628139,040130215,0.03161423280835152,1
1177628139,040152405,0.06954867392778397,0.6666666666666666
1177628139,040288080,0.07067612558603287,1
1177628139,040413160,0.04736731946468353,0.6666666666666666
1177634651,040118827,0.08504287153482437,0.3333333333333333
1177634651,041251636,0.031671881675720215,0
1177634651,041740777,0.016059471294283867,0
1177634651,1008429864,0.01633651740849018,0
1177690314,040501310,0.04998615384101868,0.6666666666666666
1177690314,04123037X,0.04997711256146431,0.6666666666666666
1177690314,041260732,0.05073754861950874,0.6666666666666666
1177690314,041399366,0.04991189017891884,0
1177690314,04292796X,0.049909356981515884,0
1177874830,040487377,0.04169808328151703,0
1177874830,040538818,0.027902984991669655,0
1177874946,040152243,0.05134797468781471,0
1177874946,040187764,0.050170108675956726,0
1177874946,040403645,0.03342904523015022,0
1177874946,04057587X,0.03318841755390167,0.6666666666666666
1177874946,041569415,0.05047697201371193,0.3333333333333333
1178124290,041127366,0.10978154093027115,0.6666666666666666
1178124290,970714106,0.04430963471531868,0
1178147460,95280512X,0.029735535383224487,0
1179108310,040063259,0.049780651926994324,0
1179108310,041206533,0.050380244851112366,0.3333333333333333
1179108310,042991277,0.04929785430431366,0
1179108310,953976440,0.04928767681121826,0
1179200195,040026639,0.04303853586316109,0.3333333333333333
1179451902,040171825,0.015476539731025696,0.6666666666666666
1179451902,040198898,0.0479072630405426,0.3333333333333333
1179451902,040489604,0.046341802924871445,0.6666666666666666
117951744X,040062929,0.04643639922142029,0.3333333333333333
117951744X,040432718,0.014926151372492313,0.3333333333333333
117951744X,040567303,0.0301223024725914,0.6666666666666666
117951744X,040775747,0.045581985265016556,1
1179875931,040026175,0.04451846703886986,0
1179875931,040324664,0.08895134925842285,1
1179875931,041315022,0.045052673667669296,0
1179912071,040354083,0.03307299688458443,0.6666666666666666
1179912071,040413586,0.05700968578457832,1
1179912071,040414213,0.04973284527659416,0.3333333333333333
1179912071,040414256,0.049424197524785995,0.3333333333333333
1179912071,040533697,0.05057668685913086,0.6666666666666666
1179912071,040773477,0.05029409006237984,0.6666666666666666
1179912071,041231767,0.04929584637284279,1
1179919955,040118827,0.09318909794092178,0.3333333333333333
1179919955,041403495,0.02708878181874752,0.3333333333333333
1179919955,1165079496,0.02696557343006134,0.3333333333333333
1179924436,040152863,0.029110779985785484,0.3333333333333333
1179924436,040197026,0.029128650203347206,0
1179924436,040457982,0.014587189070880413,0.3333333333333333
1179924436,040477460,0.0513811856508255,0.6666666666666666
1179924843,040518035,0.0517694465816021,0.3333333333333333
1179924843,041645219,0.0333784744143486,0
1179924843,041645383,0.05056317523121834,0.3333333333333333
1179924843,041803809,0.04986072704195976,0
1179924843,042829852,0.03330351039767265,0
1179963725,040316483,0.04836072400212288,0.6666666666666666
1179963725,041371879,0.06171378493309021,1
1179963725,04163425X,0.05067041143774986,1
1179963725,041858174,0.016074473038315773,0.6666666666666666
1180281780,04012178X,0.052021872252225876,1
1180281780,040121836,0.05082588270306587,1
1180281780,041242610,0.05032642185688019,1
1180281780,041618173,0.04676760360598564,0.3333333333333333
1180499557,040019128,0.04990565404295921,0.6666666666666666
1180499557,040395758,0.030662251636385918,0
118050013X,04123751X,0.031871773302555084,0
118050013X,041322770,0.04787847399711609,0
118050013X,041503473,0.0484282411634922,0
118050013X,041503503,0.015865588560700417,0
118050013X,04150352X,0.04907629266381264,0
118050013X,041837886,0.052690085023641586,0.6666666666666666
1180526643,040232077,0.0606868676841259,0
1180526643,040232190,0.04835616424679756,0
1180526643,040564495,0.04683902859687805,0.3333333333333333
1180526643,041742710,0.07922952622175217,0.6666666666666666
1180526643,111287820,0.04685467109084129,0
1180840739,040118827,0.058363158255815506,0.6666666666666666
1180840739,04023231X,0.044611457735300064,0.3333333333333333
1180840739,040574245,0.04352237656712532,0.3333333333333333
1180961560,040370216,0.05003008246421814,0.6666666666666666
1180961560,040382648,0.050055455416440964,0.3333333333333333
1180961560,040392260,0.053501177579164505,0.6666666666666666
1180961560,040392384,0.04980960115790367,0.3333333333333333
1180985311,040118827,0.06337329745292664,0.3333333333333333
1180985311,04033581X,0.014839368872344494,0.6666666666666666
1180985311,04033628X,0.029989173635840416,0.3333333333333333
1180985311,041143337,0.10244221240282059,0.3333333333333333
1181310148,040027627,0.014923754148185253,0.3333333333333333
1181310148,040028054,0.031359799206256866,0
1181310148,040028186,0.04469473287463188,0
1181310148,040088073,0.045036572962999344,0.3333333333333333
1181310148,040088146,0.03150196373462677,0.6666666666666666
1181310148,040187764,0.04461830481886864,0
1181441536,040198308,0.05078698322176933,0.6666666666666666
1181441536,040456609,0.05232806131243706,0.6666666666666666
1181441536,040709140,0.014997836202383041,0.3333333333333333
1181441536,118547739,0.11047979444265366,0.6666666666666666
1181574544,040302709,0.050106894224882126,0.3333333333333333
1181574544,041402995,0.049769192934036255,0
1181574544,041421434,0.051747918128967285,0
1181574544,042258944,0.01660178415477276,0
1181574544,960436065,0.049731019884347916,0
1181852625,040158756,0.044563423842191696,0
1181852625,04059758X,0.04985390231013298,0.3333333333333333
1181853931,004979583,0.030694792047142982,0.3333333333333333
1181853931,041762010,0.015403208322823048,0.3333333333333333
1182070914,04131218X,0.04598420485854149,1
1182070914,041555732,0.047927189618349075,0.3333333333333333
1182070914,041963245,0.0462254099547863,0
1182070914,1011207400,0.0470203161239624,0
1182155723,040318834,0.05477061867713928,0.3333333333333333
1182155723,040477088,0.049635741859674454,0.6666666666666666
1182155723,040714977,0.05184132978320122,0.6666666666666666
1182354424,040038696,0.05003124475479126,0
1182354424,040052036,0.033543165773153305,0
1182354424,040457915,0.01667165197432041,0.6666666666666666
1182354424,041819373,0.05010949447751045,0
1182354424,940783673,0.03331710398197174,0
118247702X,04069996X,0.05350012704730034,0.6666666666666666
118247702X,041319435,0.044705044478178024,0.6666666666666666
118247702X,041574982,0.029308592900633812,0.6666666666666666
1182536298,040068625,0.05097782611846924,0.6666666666666666
1182536298,041367286,0.04965299367904663,0
1182536298,041461266,0.050211090594530106,0.3333333333333333
1182536298,944498507,0.05030963942408562,0.3333333333333333
1182682669,040014460,0.04928719997406006,0
1182682669,040382435,0.05082380771636963,0.3333333333333333
1182682669,040776247,0.060191135853528976,0
1182816541,040710130,0.015034695155918598,0.6666666666666666
1182816541,950251194,0.04984468221664429,0.3333333333333333
1183043112,040118827,0.052402008324861526,0
1183043112,040597024,0.049744170159101486,0.3333333333333333
1183043112,1050968719,0.03218488767743111,0
1183043112,120251388,0.032184913754463196,0
1183124112,003018334,0.03343057632446289,0
1183124112,041338065,0.0166651401668787,0
1183124112,041483995,0.03305710852146149,0
1183124112,042209226,0.0495932511985302,0
1183124112,043266827,0.033064816147089005,0
1183124112,98491496X,0.05861237272620201,0
1183523408,040148017,0.051126133650541306,0
1183879172,040218457,0.04730875417590141,0.3333333333333333
1183879172,040372200,0.03293745592236519,0.6666666666666666
1183879172,040413586,0.05077198147773743,0.6666666666666666
1183879172,040462773,0.032111089676618576,0.3333333333333333
1184017271,040275973,0.04998825117945671,0.3333333333333333
1184017271,041390814,0.05000200495123863,1
1184017271,041496264,0.050582826137542725,0.6666666666666666
1184017271,041842359,0.050005193799734116,0.3333333333333333
1184017271,042221498,0.03333726152777672,0.6666666666666666
1184017271,042743885,0.05002002790570259,0.6666666666666666
1184276730,04011144X,0.03160584717988968,0.3333333333333333
1184276730,040473759,0.04730977118015289,0
1184276730,040629627,0.015624616295099258,0.6666666666666666
1184276730,040774236,0.04806682839989662,0.6666666666666666
1184276730,041216695,0.04948769137263298,0.3333333333333333
1184276730,041369092,0.03248145803809166,0.6666666666666666
118479393X,040120317,0.04994240030646324,0.3333333333333333
118479393X,040141365,0.04975786805152893,0
118479393X,041375386,0.050919365137815475,0.6666666666666666
118479393X,041871286,0.04968816414475441,0.3333333333333333
118479393X,954518799,0.04992981627583504,0
1184872619,040687368,0.0499841570854187,0
1184872619,041338065,0.0526282824575901,0.3333333333333333
1184872619,041393945,0.05123795568943024,0
1184872619,041456580,0.05155143141746521,0
1184872619,042001293,0.050472110509872437,0.3333333333333333
1185283064,040099873,0.04672199487686157,0.3333333333333333
1185283064,040226573,0.05755162611603737,0
1185283064,040313182,0.014911827631294727,0.3333333333333333
1185283064,041918800,0.05556395649909973,0.3333333333333333
1185283064,04209822X,0.09702525287866592,0.3333333333333333
1185538089,041307224,0.04949014261364937,0.3333333333333333
1185538089,041481119,0.03644944727420807,0.6666666666666666
1185538089,041601688,0.049679581075906754,0.6666666666666666
1185538089,041959329,0.04959603771567345,0
1185538089,042624320,0.049583543092012405,0.3333333333333333
1185653880,040557472,0.05316269397735596,0.6666666666666666
1185653880,041256980,0.05182333663105965,0.3333333333333333
1185653880,946942641,0.049703199416399,0
1185775277,040615855,0.049779053777456284,0.3333333333333333
1185775277,041263928,0.049772437661886215,0.3333333333333333
1185775277,041760778,0.05033184960484505,0.3333333333333333
1185775277,042035457,0.050835732370615005,0.6666666666666666
1185775277,042372038,0.05191648006439209,0.3333333333333333
1185919651,040737578,0.0457356832921505,0.6666666666666666
1185919651,041915690,0.04571690037846565,0
1185919651,1042006857,0.06696715950965881,0.6666666666666666
1185977155,041810899,0.049985598772764206,0
1185977155,042266890,0.05013345181941986,0
1185977155,117311383,0.033375803381204605,0
1185977155,118958275,0.05013345181941986,0
1185977155,133899616,0.049993325024843216,0
1185983147,041406605,0.051637738943099976,0
1185983147,04259409X,0.014552528969943523,0.3333333333333333
1185983147,940659670,0.04419490322470665,0
1185983147,948738189,0.10866289585828781,0.6666666666666666
1186062983,040359646,0.015793457627296448,0.3333333333333333
1186062983,040410056,0.04751713201403618,0
1186062983,040457915,0.047690436244010925,0
1186062983,040939766,0.049251098185777664,0
1186062983,041137914,0.09452737122774124,0
1186062983,118550292,0.04883265495300293,0.6666666666666666
1186143673,040063496,0.05092485621571541,0.6666666666666666
1186143673,040152170,0.048767346888780594,0.3333333333333333
1186143673,040457915,0.062232982367277145,0.6666666666666666
1186143673,041203453,0.04804702475667,0
1186267739,040052486,0.04640071094036102,0
1186267739,040359646,0.03144276514649391,0.6666666666666666
1186267739,040360342,0.09989099949598312,0.3333333333333333
1186267739,98144993X,0.031041940674185753,0
1186308249,040058719,0.05060629919171333,0.3333333333333333
1186308249,040693406,0.032667919993400574,0.3333333333333333
1186308249,041126289,0.049828216433525085,0.3333333333333333
1186308249,041141636,0.05063188448548317,0.3333333333333333
118631382X,040028054,0.10320175439119339,0.6666666666666666
118631382X,041257502,0.04644576832652092,0.6666666666666666
118631382X,042067820,0.04579940065741539,0.3333333333333333
1186508345,040118827,0.04657725617289543,0.3333333333333333
1186508345,040139603,0.046617548912763596,0.6666666666666666
1186508345,040272389,0.05025600269436836,0.6666666666666666
1186508345,040693325,0.04749038815498352,0.6666666666666666
1186508345,041514343,0.04637237265706062,0.6666666666666666
1186509430,040446859,0.048099372535943985,0.6666666666666666
1186509430,040633179,0.046963322907686234,0.3333333333333333
1186509430,040681556,0.01569155789911747,0.3333333333333333
1186509430,040710130,0.046623870730400085,0.6666666666666666
1186509430,04120509X,0.04663372412323952,0
1186510072,040546845,0.046397700905799866,0
1186510072,041249313,0.04587308689951897,0
1186510072,042017335,0.045818839222192764,0.3333333333333333
1186522283,04033581X,0.07698891311883926,0.6666666666666666
1186653701,040710130,0.05254681035876274,0.6666666666666666
1186653701,04116489X,0.04600702226161957,0.3333333333333333
1186653701,04198756X,0.046271149069070816,0
1186794038,040398277,0.04454668238759041,0.6666666666666666
1186794038,951541412,0.044019538909196854,0
1186794224,040052486,0.05085194110870361,0
1186794224,040688925,0.050068940967321396,0
1186794224,041132920,0.050026003271341324,0
1186794224,04121708X,0.04996415972709656,0
1186794224,041243072,0.05003081262111664,0.3333333333333333
1186794674,040277437,0.04462912306189537,0.3333333333333333
1186794674,040524558,0.029668616130948067,0
1186794674,041285972,0.04494757577776909,0
1186928174,040276767,0.10128527879714966,0.3333333333333333
1186928174,041624246,0.04738236591219902,0
1186928174,042740797,0.04727053642272949,0
1186931744,040052486,0.05063832923769951,0.6666666666666666
1186931744,040776247,0.04899688437581062,0.6666666666666666
1186931744,041386604,0.04931819438934326,0.3333333333333333
1186939508,040006263,0.048078205436468124,0
1186939508,040051846,0.015908021479845047,0
1186939508,040389359,0.05226312577724457,0.6666666666666666
1186939508,040457915,0.06163796782493591,0.6666666666666666
1186939508,040457982,0.04767192527651787,0
1187056669,040065669,0.0501476526260376,0
1187056669,040118827,0.04987721145153046,0
1187056669,040717763,0.0498553104698658,0.3333333333333333
1187056669,041954610,0.049845144152641296,0.6666666666666666
1187057207,040717763,0.04661586880683899,0.6666666666666666
1187057207,04077628X,0.04605437442660332,0.6666666666666666
118705769X,040118827,0.015643784776329994,0
118705769X,04053474X,0.07650382071733475,0
118705769X,040620182,0.04734638333320618,0
118705769X,04126892X,0.03131715580821037,0
118705769X,041801822,0.0490940622985363,0.3333333333333333
1187062413,040775704,0.047227129340171814,0.6666666666666666
1187062413,043032672,0.014738366939127445,0.6666666666666666
1187062898,040182029,0.059711579233407974,0.6666666666666666
1187062898,040205487,0.046023909002542496,0.6666666666666666
1187062898,04026761X,0.11981916427612305,0.6666666666666666
1187065250,040182029,0.05330558121204376,1
1187065250,040465144,0.05213669314980507,0.6666666666666666
1187065250,040762173,0.04975040256977081,0.3333333333333333
1187065692,040413160,0.04288208484649658,0.6666666666666666
1187065692,041219503,0.044477950781583786,0.6666666666666666
1187065722,040082407,0.04881417751312256,0.3333333333333333
1187065722,040118827,0.0696479007601738,0.3333333333333333
1187065722,040130215,0.032689180225133896,0.3333333333333333
1187066583,040118827,0.0497022420167923,0.3333333333333333
1187066583,040182029,0.05159896984696388,1
1187066583,040550923,0.05002863332629204,0
1187066583,040756130,0.016540339216589928,0
1187066583,040763749,0.05339145287871361,0
1187067091,000427861,0.04593883827328682,0.6666666666666666
1187067091,007636040,0.0454816035926342,0.6666666666666666
1187067091,040642925,0.046670347452163696,0.3333333333333333
1187103594,040557367,0.045901108533144,0
1187103594,040775704,0.04492989555001259,0
1187103594,040775755,0.048621442168951035,0.3333333333333333
1187103594,041514343,0.06765291839838028,0.6666666666666666
1187103594,948032308,0.04802781715989113,0.3333333333333333
1187193542,040114139,0.04834839329123497,0.6666666666666666
1187194492,030040310,0.04643778130412102,0.6666666666666666
1187194492,040566188,0.04633956030011177,0.6666666666666666
1187194492,040607194,0.046129439026117325,0
1187194492,941510360,0.030761053785681725,0
1187196932,040118827,0.0542447566986084,1
1187196932,040274446,0.03208892047405243,0
1187196932,041259718,0.04810086265206337,0
1187196932,041277937,0.08068352192640305,0.6666666666666666
1187196932,041845714,0.048058051615953445,0
1187266922,040176045,0.014808893203735352,0.6666666666666666
1187266922,041207300,0.1078575849533081,0.6666666666666666
1187266922,041620518,0.045258600264787674,0.6666666666666666
1187266922,043147267,0.08031164854764938,0.6666666666666666
1187267031,040066819,0.047941166907548904,0.6666666666666666
1187267031,040566188,0.05091111361980438,0.3333333333333333
1187271268,040057283,0.015595883131027222,0.3333333333333333
1187271268,040768996,0.04864963889122009,0
1187271268,041514343,0.04849417507648468,0.3333333333333333
1187273244,040157016,0.05154414847493172,0.3333333333333333
1187273244,04024105X,0.05450676754117012,0.6666666666666666
1187273244,040264823,0.051931027323007584,0.6666666666666666
1187273244,040335429,0.04954390600323677,0.6666666666666666
1187273244,040476898,0.050188858062028885,0
1187273244,041307933,0.01648731343448162,0.6666666666666666
1187275050,040378772,0.046288203448057175,0
1187275050,040465144,0.04934680461883545,0.3333333333333333
1187275050,040465632,0.01526204776018858,0.3333333333333333
1187275050,041285972,0.04636043682694435,0.3333333333333333
1187275050,041901215,0.04667549952864647,0
118727836X,000310409,0.016041042283177376,0
118727836X,040557367,0.031558807939291,0
118727836X,041132920,0.024307670071721077,0
1187280852,040118894,0.0499616377055645,0
1187280852,040237443,0.01664184220135212,0.6666666666666666
1187280852,040410366,0.049991805106401443,0.6666666666666666
1187280852,04061963X,0.05012829229235649,0
1187280852,040766063,0.05005122348666191,0.6666666666666666
1187280852,042395682,0.033409323543310165,0.6666666666666666
1187335614,041249399,0.048554450273513794,0.6666666666666666
1187335614,042131278,0.04580218717455864,0
1187335614,042735777,0.04881339892745018,0
1187335614,042796334,0.049063701182603836,0
1187364738,040762416,0.049280982464551926,0
1187364738,041533488,0.04927818849682808,0.6666666666666666
1187364738,041753089,0.06421219557523727,0.6666666666666666
1187364738,1007272821,0.04929780960083008,0
1187364738,942258509,0.04927901551127434,0
118752042X,04002623X,0.05081232264637947,0.3333333333333333
118752042X,040315975,0.015767715871334076,0.3333333333333333
118752042X,041166140,0.04720885679125786,0.3333333333333333
1187658391,040118827,0.06888076663017273,0.3333333333333333
1187658391,040130215,0.058965105563402176,0.6666666666666666
1187658391,040288145,0.04692423343658447,0.6666666666666666
1187658391,041909852,0.07608253508806229,0.6666666666666666
1188026623,040189686,0.033018987625837326,0.3333333333333333
1188026623,041845684,0.04912632703781128,0.3333333333333333
1188026623,041954610,0.04922940209507942,0.6666666666666666
1188118927,04014948X,0.04964117705821991,0.6666666666666666
1188118927,040633179,0.033210549503564835,0
1188118927,040710343,0.049541011452674866,0.6666666666666666
1188118927,041156455,0.054961755871772766,0.6666666666666666
1188118927,1079150706,0.049223799258470535,0
1188427873,041321634,0.052738647907972336,1
1188427873,94910938X,0.04730957746505737,0.6666666666666666
1189005433,040967697,0.030650416389107704,0
1189005433,041622596,0.05049082264304161,0.3333333333333333
1189005433,042501695,0.03065350092947483,0
1189005433,170110141,0.015350851230323315,0
1189146487,041760743,0.033605847507715225,0.6666666666666666
1189146487,041972953,0.05032965540885925,0.6666666666666666
1189146487,042893496,0.056325867772102356,0.6666666666666666
1189146487,043132804,0.049613792449235916,0.6666666666666666
1189146487,940190044,0.04967869445681572,0.6666666666666666
1189146487,946340722,0.04967869445681572,0.3333333333333333
1189537753,04200280X,0.051283080130815506,0.6666666666666666
1189537753,940431181,0.031305547803640366,0.6666666666666666
1189580179,040680975,0.04707351699471474,0.6666666666666666
1189580179,041230655,0.05026452615857124,1
1189580179,1072179776,0.04668578878045082,0.3333333333333333
1189580179,988499274,0.046413570642471313,0
1189582880,040548589,0.047826144844293594,0.6666666666666666
1189582880,041441494,0.056144829839468,0.3333333333333333
1189583089,008146969,0.051829155534505844,0
1189583089,118606387,0.033257391303777695,0
1189583089,119116758,0.033258598297834396,0
1189583089,120913410,0.03333534300327301,0
1189583089,130072109,0.033251937478780746,0
1189691620,042007933,0.04521486535668373,0.6666666666666666
1189691620,1210499304,0.030021900311112404,0
1189691620,959931813,0.030444493517279625,0
1190087847,04049716X,0.016588138416409492,0.6666666666666666
1190087847,04062501X,0.050490569323301315,0.3333333333333333
1190087847,041248546,0.04985440894961357,0.3333333333333333
1190087847,041569717,0.049683522433042526,0
1190178966,040579522,0.04987518489360809,0.3333333333333333
1190178966,04061963X,0.0331265814602375,0.6666666666666666
1190178966,040714977,0.04961681738495827,0
1190178966,041142667,0.05072988197207451,0.3333333333333333
1190178966,041242610,0.05430355668067932,1
1190178966,041326954,0.04963899031281471,0
1190178966,041649583,0.05165013670921326,0.3333333333333333
119024103X,040269248,0.04999978467822075,0.6666666666666666
119024103X,040537242,0.05095025524497032,0.3333333333333333
119024103X,041164857,0.05014475807547569,0
119024103X,041520548,0.05023697391152382,0.6666666666666666
1190285126,040288595,0.04619182273745537,0.6666666666666666
1190285126,040305503,0.0751507356762886,0.6666666666666666
1190285126,040476863,0.06904489547014236,0
1190352494,040359646,0.07508843392133713,0.6666666666666666
1190352494,040474976,0.04848375543951988,0.3333333333333333
1190352494,040504794,0.048108916729688644,0.3333333333333333
1190352494,041132920,0.0520080029964447,0
1190640635,040261875,0.031191155314445496,0
1190640635,041391586,0.04637948051095009,0.6666666666666666
1190640635,964982102,0.046360794454813004,0
1190640635,970398816,0.030992360785603523,0
1190679930,040791637,0.049983005970716476,0
1190679930,041646797,0.05001296475529671,1
119068005X,040288595,0.052018363028764725,0.3333333333333333
1190995506,040111342,0.05012989044189453,0
1190995506,040734366,0.049883704632520676,0
1190995506,040734390,0.032854557037353516,0.3333333333333333
119106932X,004680774,0.04740665853023529,0
119106932X,04014948X,0.03150586411356926,0
119106932X,040690652,0.04716528579592705,0.3333333333333333
1191179842,040143279,0.10328954458236694,0.6666666666666666
1191179842,041369254,0.050330642610788345,0.6666666666666666
1191179842,041520785,0.04793648421764374,0.6666666666666666
1191179842,041783034,0.04758063331246376,0
1191179842,042456622,0.04806794598698616,0.6666666666666666
1191316459,040118827,0.050038695335388184,0.3333333333333333
1191316459,04021852X,0.05294324457645416,0.3333333333333333
1191316459,040569950,0.0501134991645813,0.3333333333333333
1191316459,040664937,0.016563355922698975,0.3333333333333333
1191316459,041248015,0.05005238577723503,0.3333333333333333
1191316459,950431230,0.05000285431742668,0.3333333333333333
1191424634,040114139,0.04971882328391075,0.6666666666666666
1191424634,040465403,0.03083844482898712,0.6666666666666666
1191424634,04229763X,0.04583336040377617,1
1191430634,040488357,0.05174345150589943,0.3333333333333333
1191430634,041157109,0.04260191321372986,0.3333333333333333
1191436284,040386392,0.047083545476198196,0.3333333333333333
1191436284,040477045,0.10487241297960281,0.3333333333333333
1191436284,040541460,0.04722290113568306,0
1191436284,117499382,0.031432535499334335,0
1191632806,040047040,0.07770894467830658,0.3333333333333333
1191632806,04004923X,0.07410271465778351,0.3333333333333333
1191632806,040049779,0.058848410844802856,0
1191632806,040118827,0.0736200213432312,0
1191632806,040691772,0.09226790815591812,0.3333333333333333
1191632806,041209753,0.026812279596924782,0.3333333333333333
1191664872,041209885,0.04550975188612938,0
1191664872,041280806,0.04540318250656128,0
119169190X,041699165,0.0498255155980587,0.6666666666666666
119169190X,954745558,0.04984192177653313,0
1191753409,040477649,0.049890030175447464,0
1191753409,040773493,0.04972812905907631,0.3333333333333333
1191753409,041223497,0.04998621344566345,0.3333333333333333
1191753409,941853608,0.05030268058180809,0
1191767302,040118827,0.06433851271867752,0.3333333333333333
1191767302,040118908,0.04832718148827553,0.6666666666666666
1191767302,04044497X,0.04832735285162926,0.3333333333333333
1191767302,042262542,0.03258750960230827,0
1191767302,961443030,0.04823543503880501,0.6666666666666666
1191828743,040487377,0.01422912161797285,0
1191828743,040558924,0.042718928307294846,0
1191828743,041145577,0.04273402690887451,0
1191828743,041910257,0.04277433082461357,0
1191831310,041290852,0.046090394258499146,0
1191831310,041726243,0.015370418317615986,0.3333333333333333
1191831310,043043097,0.03072955645620823,0
1191831310,043043100,0.03072955645620823,0
1191831310,043249892,0.030710021033883095,0
1191934381,04029577X,0.04756088927388191,0.6666666666666666
1191934381,04061963X,0.015224135480821133,0.6666666666666666
1191934381,04120509X,0.03054957278072834,0.3333333333333333
1191937011,004894588,0.04532172903418541,0
1191937011,040465403,0.030024250969290733,1
1191937011,040496805,0.03009643405675888,0
1191937011,041750470,0.01493149995803833,0
1191937011,041889282,0.03015461005270481,0.3333333333333333
1191994031,040114473,0.05031271651387215,0
1191994031,040647846,0.05105377361178398,0.6666666666666666
1191994031,041553330,0.049942538142204285,0
1191994031,043132804,0.04987229034304619,0
119204990X,040208354,0.049377113580703735,0.6666666666666666
119204990X,040261522,0.049507852643728256,0.3333333333333333
119204990X,04046539X,0.01637207716703415,0.6666666666666666
1192054822,040066509,0.016415471211075783,0
1192054822,040305503,0.049345020204782486,0.3333333333333333
1192054822,040625478,0.054674774408340454,0
1192193105,040052486,0.04707329347729683,0.6666666666666666
1192193105,040715388,0.04645448550581932,0
1192193105,041530969,0.04690757393836975,0.6666666666666666
1192194195,040001970,0.04997487738728523,0
1192194195,040157016,0.050072699785232544,0
1192194195,040178943,0.05088454484939575,0
1192194195,040757390,0.05002645030617714,0
1192194195,040792153,0.05013880506157875,0
1192194195,04116489X,0.016646690666675568,0.3333333333333333
119219781X,040157016,0.07216920703649521,0.3333333333333333
119219781X,040650049,0.029755117371678352,0.6666666666666666
119219781X,040710130,0.04484308883547783,0.3333333333333333
119219781X,04116489X,0.11505158990621567,0.6666666666666666
119219781X,041278887,0.030041607096791267,0.3333333333333333
119219781X,940431181,0.04741816595196724,0.3333333333333333
119219781X,964348306,0.04875396192073822,0.6666666666666666
1192215435,041806506,0.030688965693116188,0
1192215435,042002737,0.030884167179465294,0.3333333333333333
1192215435,042631785,0.03081955760717392,0
1192215435,043027318,0.030819684267044067,0
1192215567,040129748,0.04776938259601593,0
1192215567,04047982X,0.05323709174990654,0.6666666666666666
1192216482,040118827,0.015371087938547134,0.3333333333333333
1192216482,040431835,0.05974768474698067,0.6666666666666666
1192216482,040775704,0.05181552469730377,0
1192216482,042141516,0.04712209105491638,0
1192305663,040100715,0.05010678991675377,0
1192305663,040348644,0.0485454797744751,0
1192305663,042358396,0.0501372329890728,0.3333333333333333
1192305663,042954592,0.032690539956092834,0.3333333333333333
1192371372,040207544,0.05216791108250618,0.6666666666666666
1192371372,040350886,0.03052455745637417,0.3333333333333333
1192371372,04053474X,0.030591771006584167,0.3333333333333333
1192371372,040694186,0.04642057418823242,0.3333333333333333
1192371372,040710343,0.047115668654441833,0.3333333333333333
1192410408,040379280,0.03333922103047371,0
1192410408,040762319,0.0333297960460186,0
1192410408,040778096,0.03334576636552811,0
1192410408,04126276X,0.0500139556825161,0.3333333333333333
1192410408,041397169,0.03337312117218971,0
119260573X,041238575,0.050144221633672714,0
119260573X,041915690,0.05005119740962982,0.3333333333333333
119260573X,042697913,0.049687039107084274,0
119266521X,004691792,0.04764111712574959,0.6666666666666666
1192974646,040156028,0.048303473740816116,0.6666666666666666
1192974646,040457915,0.05093078687787056,0.6666666666666666
1192974646,118587943,0.0564584843814373,0.6666666666666666
1193050618,04057699X,0.046928539872169495,0.3333333333333333
1193050618,041837843,0.046613555401563644,0
1193050618,042567092,0.04621465131640434,0
1193050618,04318717X,0.04622514918446541,0
1193994322,041422058,0.04999519884586334,0
1193994322,041691482,0.049660176038742065,0
1193994322,041744594,0.053393129259347916,0
1193994322,041810392,0.05075432360172272,0
1193994322,043070655,0.05003785714507103,0
1194002285,040389715,0.05453278496861458,0.3333333333333333
1194002285,040761266,0.049189914017915726,0.3333333333333333
1194002285,041397169,0.04839835688471794,0.6666666666666666
119416174X,04005277X,0.033500440418720245,0.6666666666666666
119416174X,040189686,0.05136435106396675,0
119416174X,040605957,0.050342217087745667,0.6666666666666666
119416174X,041845684,0.04995773732662201,0.6666666666666666
119416174X,041977750,0.05034959688782692,0.3333333333333333
1194197396,040172333,0.05095529928803444,0.6666666666666666
1194197396,041366077,0.033333275467157364,0.6666666666666666
1194197396,041888642,0.049955785274505615,0
1194197396,042372038,0.050666894763708115,0.6666666666666666
1194197396,944060498,0.05022279918193817,0.3333333333333333
1194376010,040006263,0.04941432178020477,0
1194376010,040156443,0.03256912901997566,0.6666666666666666
1194376010,040300056,0.04907108470797539,1
1194376010,041298489,0.053460124880075455,0
1194376843,040158330,0.047591689974069595,0
1194376843,041285069,0.030379125848412514,0.6666666666666666
1194376959,004691792,0.016359616070985794,0.6666666666666666
1194376959,040734366,0.032325129956007004,0
1194376959,041318080,0.048503726720809937,0
1194376959,1080665633,0.049710314720869064,0.3333333333333333
1194377092,040059669,0.05003806948661804,0.6666666666666666
1194377092,04010074X,0.05663396418094635,0.3333333333333333
1194377092,118557513,0.04955030605196953,0.3333333333333333
1194377343,004691792,0.049705129116773605,0.3333333333333333
1194377343,040155412,0.05021942779421806,0
1194377343,040356469,0.0534256286919117,0
1194377343,04064314X,0.054291170090436935,0
1194377343,041239784,0.05134314298629761,0
1194377637,004691792,0.029051871970295906,0.3333333333333333
1194377637,040158330,0.07730522006750107,0
1194536174,041361814,0.029752276837825775,0
1194536174,041533186,0.029740503057837486,0
1194536174,041639766,0.04455353319644928,0
1194556191,040122115,0.04610687494277954,0.3333333333333333
1194556191,040326640,0.05599742755293846,1
1194556191,041238575,0.11704114079475403,0.6666666666666666
1194556191,041774477,0.046098679304122925,0.3333333333333333
1194556191,04228869X,0.05000503733754158,0.3333333333333333
1194667279,040456609,0.04728025197982788,0
1194667279,040457915,0.015667028725147247,0.6666666666666666
1194667279,040470555,0.0887441635131836,0.6666666666666666
1194667279,041742885,0.04732024669647217,0
1194667279,948060166,0.04719214513897896,0
1194933521,1043241213,0.016132282093167305,0
1194933521,11851024X,0.016132382676005363,0
1194933521,118548670,0.08651331812143326,0.6666666666666666
1194933521,11854893X,0.016140548512339592,0.3333333333333333
1194933521,118624555,0.0320386104285717,0
1195055986,004691792,0.04799777269363403,0.6666666666666666
1195055986,040158330,0.04654930531978607,0
1195056842,040158330,0.058840733021497726,0
1195056842,040158756,0.048609476536512375,0
1195056842,040198650,0.04827079549431801,0
1195056842,04047089X,0.048244211822748184,0
1195056842,041285069,0.03282419964671135,0.6666666666666666
1195056842,041679687,0.032289281487464905,0
1195225628,001175130,0.049168799072504044,0
1195225628,041886828,0.04915085807442665,0
1195225628,1033777072,0.049553509801626205,0
1195530048,04004436X,0.049162108451128006,0.3333333333333333
1195530048,040538818,0.04943287745118141,0
1195530048,041156315,0.049364179372787476,0.6666666666666666
1196041261,040257045,0.03333007171750069,0
1196041261,041806883,0.05003488063812256,0.3333333333333333
1196041261,941772551,0.05003488063812256,0
1196041261,94177273X,0.050136011093854904,0
119663226X,041518926,0.05178387463092804,0
119663226X,041836979,0.05098217725753784,0.3333333333333333
119663226X,041966759,0.04940875992178917,0
1196632383,041306724,0.01604134775698185,0
1196632383,041324153,0.04815618321299553,0
1196632383,041645383,0.05350853130221367,0.3333333333333333
1196632383,042825970,0.04987600818276405,0
119670032X,040564339,0.01550676766782999,0.6666666666666666
119670032X,040675165,0.03087746538221836,0
119670032X,041446798,0.03080933354794979,0.3333333333333333
119670032X,043261094,0.030842145904898643,0.3333333333333333
119670032X,951260103,0.04654973745346069,0
1196861730,040618390,0.0333283357322216,0.6666666666666666
1196861730,040717224,0.03333668410778046,0.3333333333333333
1196861730,042788935,0.033326923847198486,0
1196861730,943820693,0.03336299583315849,0.3333333333333333
1197374957,040032558,0.03367266058921814,0
1197374957,040448045,0.03335796669125557,0
1197374957,040763706,0.03333038464188576,0
1197374957,04125810X,0.03330305218696594,0
1197610804,04015999X,0.03127032890915871,1
1197610804,04045956X,0.12098602205514908,1
1197610804,040459772,0.046577829867601395,0
1197610804,040479846,0.04623913764953613,0
1197610804,04127380X,0.04634082689881325,1
1197645411,040027414,0.03332960605621338,0
1197645411,041290070,0.016684580594301224,0
1197645411,04133549X,0.033357057720422745,0
1197645411,041488083,0.05000060424208641,0
1197645411,041720687,0.01666761375963688,1
1197645411,041934008,0.03334302827715874,0
1197693653,04059758X,0.03323355317115784,0
1197693653,04114564X,0.03298681601881981,0
1197693653,042312973,0.016793714836239815,0
1197694463,040416496,0.032954372465610504,0.6666666666666666
1197694463,040676374,0.05052660405635834,0.3333333333333333
1197694463,042773539,0.05175689235329628,0
1197694463,042978432,0.052190300077199936,0
1197801197,040757102,0.04907555505633354,0
1197801197,041285085,0.06047695502638817,0.3333333333333333
1197801197,041406605,0.0482250452041626,0
1197801197,041642902,0.04912284016609192,0
1197801197,041761170,0.0159915704280138,0
1198056711,040717224,0.047293078154325485,0.6666666666666666
1198056711,041805593,0.04661687836050987,0.3333333333333333
1198056711,942462076,0.09353911131620407,0.6666666666666666
1198056711,992173493,0.04683753848075867,0.6666666666666666
1198311002,040351513,0.04697391018271446,0.6666666666666666
1198311002,040457915,0.04826793447136879,0.3333333333333333
1198311002,042428610,0.04761871322989464,0
1198311002,042483018,0.04785187169909477,0
1198412704,040118827,0.06871651858091354,0.6666666666666666
1198412704,040135853,0.04757758975028992,0.3333333333333333
1198412704,040479668,0.04755188152194023,0
1198412704,041532422,0.0475463904440403,0.3333333333333333
1198412941,041153340,0.014912225306034088,0
1198412941,041671252,0.04503217339515686,0
1198412941,041858093,0.04486566781997681,0
1198412941,956298788,0.04603414237499237,0
1198412941,981392865,0.015072728507220745,0.6666666666666666
1198456442,040350886,0.07638851553201675,0.6666666666666666
1198456442,040556808,0.0444604717195034,0.3333333333333333
1198456442,041818032,0.05688506364822388,0.6666666666666666
1198479523,040118827,0.04492649808526039,0.6666666666666666
1198479523,041250575,0.030135469511151314,0.6666666666666666
1198479523,042221269,0.047105852514505386,0
1199462934,040328449,0.04822361469268799,0
1199462934,040416437,0.04562951251864433,0
1199462934,040725324,0.045471180230379105,0
1199624896,040157016,0.04961872100830078,0
1199624896,040348644,0.05000123381614685,0
1199624896,041250117,0.04961251839995384,0
1199624896,041954610,0.016642851755023003,0.3333333333333333
1199624896,988072351,0.05755916237831116,0.3333333333333333
1199773247,040118827,0.060509517788887024,0.6666666666666666
1199773247,040488217,0.05191558599472046,0.6666666666666666
1199773247,040765709,0.0492982417345047,0
1199773247,041327977,0.049520835280418396,0
1199773247,041386590,0.04932395741343498,0
1200017943,040331148,0.03475210443139076,0.3333333333333333
1200017943,04075961X,0.051447793841362,0
1200017943,040769062,0.015622980892658234,1
1200017943,040791637,0.05056602880358696,0
1200112806,040118827,0.05257555469870567,0.6666666666666666
1200112806,040680975,0.05029955133795738,0
1200112806,040691772,0.033267781138420105,0
1200112806,041230655,0.04981657490134239,0
1200112806,041302923,0.05117784067988396,0
1200210891,040299198,0.11603953689336777,0.6666666666666666
1200210891,041361733,0.048713069409132004,0.3333333333333333
1200210891,041759400,0.046453382819890976,0
1200210891,04311718X,0.04672880098223686,0
120034717X,040011356,0.03324666619300842,0
120034717X,041165683,0.033194925636053085,0
1200410637,040773477,0.04334382712841034,0.6666666666666666
1200410637,040786374,0.053614553064107895,0.6666666666666666
1200410637,041351487,0.028639057651162148,0.3333333333333333
1200623274,040006263,0.10741228610277176,0.6666666666666666
1200623274,04000628X,0.0462910532951355,0.6666666666666666
1200623274,040709140,0.046478528529405594,0.3333333333333333
1200623274,041143337,0.05338121950626373,0.6666666666666666
1201272890,040457915,0.05341522768139839,0.6666666666666666
1201272890,040597873,0.07187177985906601,0
1201272890,040665593,0.04820305481553078,0.6666666666666666
1201272890,041674596,0.04836851358413696,0
1201272939,04041003X,0.04574447497725487,0.3333333333333333
1201272939,040597660,0.05776151642203331,0
1201272939,118621009,0.04570813849568367,0
1201272939,954960831,0.015092681162059307,1
1201272939,967193230,0.04544174671173096,0
1201275431,040142248,0.029875373467803,0.3333333333333333
1201275431,970714106,0.014652017503976822,0
1201462843,040103455,0.050237853080034256,0
1201462843,040333299,0.05039164796471596,0
1201462843,041141660,0.05000870302319527,0
1201462843,041398386,0.03350646793842316,0
1201462843,134470745,0.0511540025472641,0
1201482100,040399877,0.05017179250717163,0.3333333333333333
1201482100,04076110X,0.05000218749046326,0
1201482100,041289870,0.033539559692144394,0.3333333333333333
1201482100,042002303,0.033349085599184036,0.6666666666666666
1201482100,940746565,0.05010000243782997,0
1201595452,040369455,0.03270762041211128,0
1201595452,04061557X,0.032711487263441086,0
1201595452,040701743,0.032494399696588516,0.3333333333333333
1201595452,041561260,0.04871513321995735,0.6666666666666666
1201595452,041667220,0.049642350524663925,0.6666666666666666
1201595452,04219461X,0.03248715400695801,0
1201645050,040068552,0.04979094862937927,0.6666666666666666
1201645050,040533697,0.05627317354083061,0.3333333333333333
1201645050,040543676,0.04928873851895332,0.6666666666666666
1201820782,041654234,0.04981745406985283,0
1201820782,041760743,0.016447274014353752,0.6666666666666666
1201820782,041972953,0.049631815403699875,0.3333333333333333
1201820782,979217253,0.04991446062922478,0.3333333333333333
1202067964,040305503,0.05190020799636841,0.6666666666666666
1202067964,040443027,0.08282214403152466,0
1202067964,040709558,0.04882701858878136,0
1202067964,042075394,0.05004977807402611,0
1202071457,040118827,0.03099379874765873,0.3333333333333333
1202071457,040393054,0.08346720784902573,0.6666666666666666
1202071457,94001291X,0.04623809829354286,0
1202085210,040525880,0.05048222839832306,0
1202085210,041385594,0.0332554392516613,0
1202085210,941000753,0.051106784492731094,0
1202085210,958687218,0.033299870789051056,0
1202113109,040069028,0.05748781934380531,0.6666666666666666
1202113109,04057699X,0.032135624438524246,0
1202113109,041663705,0.015582301653921604,0.3333333333333333
1202113109,041745515,0.049797769635915756,0
1202113109,041884507,0.04984245076775551,0
1202246249,040431886,0.04823124036192894,0.6666666666666666
1202246249,040437744,0.015520571731030941,0.6666666666666666
1202246249,040756939,0.03130343556404114,0.3333333333333333
1202246249,040762157,0.03141762688755989,0.3333333333333333
1202246249,043084168,0.01555690448731184,0.6666666666666666
1202246249,956012000,0.09179849177598953,0.3333333333333333
1202351840,041280318,0.050025105476379395,0
1202351840,041432037,0.0500071756541729,0
1202351840,04164283X,0.049988243728876114,0
1202351840,949996084,0.050004392862319946,0
1202351840,989414434,0.0500071756541729,0
1202364942,040066509,0.04643154516816139,0.6666666666666666
1202364942,041408896,0.045329827815294266,0
1202364942,041896475,0.01523458119481802,0.6666666666666666
1202435521,040149544,0.05050548538565636,0
1202435521,040564207,0.0499039925634861,0
1202435521,041447794,0.05031711980700493,0
1202435521,041606698,0.05528026446700096,0
1202435521,042071887,0.04991219937801361,0
1202515142,040605957,0.05056765675544739,0.6666666666666666
1202515142,040710343,0.054547399282455444,0.3333333333333333
1202515142,041156455,0.04935115948319435,0.3333333333333333
1202515142,041845684,0.04926663637161255,0.6666666666666666
1202803229,040272230,0.048942264169454575,0
1202803229,040600874,0.05066749081015587,0
1202803229,118563076,0.03326055780053139,0.6666666666666666
1203068433,040201368,0.04769506677985191,0
1203068433,040781682,0.047154057770967484,0
1203068433,041837843,0.0510043166577816,0.3333333333333333
1203068433,043033504,0.056540802121162415,0
1203068433,101751254X,0.030827395617961884,0
1203068433,940762889,0.031117664650082588,0
1203352220,040617785,0.05445769801735878,0.3333333333333333
1203352220,040665623,0.05538341403007507,0
1203352220,04072560X,0.050007712095975876,0.3333333333333333
1203352220,041447344,0.04897962883114815,0
1203352220,041602048,0.01635896973311901,0
1203540892,040457915,0.042030591517686844,0.6666666666666666
1203540892,040543293,0.026403432711958885,0.6666666666666666
1203622910,040246663,0.04884865880012512,0
1203622910,04113303X,0.016220232471823692,0.6666666666666666
1203622910,04192407X,0.04862454533576965,0
1203622910,042218713,0.04862488433718681,0
1203622910,945450427,0.04859157279133797,0
1203938659,040205886,0.04934878647327423,0
1203938659,040664937,0.04876537621021271,0.3333333333333333
1203938659,040680975,0.06997939944267273,0.6666666666666666
1204004722,040044505,0.04978607967495918,0.6666666666666666
1204004722,042122260,0.04882059618830681,0.6666666666666666
1204060746,000832960,0.04441775009036064,0
1204060746,040791637,0.06571489572525024,0
1204060746,94187981X,0.05772903934121132,0
1204060746,952983427,0.04569263383746147,0
1204199981,040066177,0.04951479658484459,0.3333333333333333
1204199981,042084962,0.04953569546341896,0
1204373701,040153320,0.05074972286820412,0.3333333333333333
1204373701,040509265,0.048557598143815994,0
1204373701,946418802,0.04949348792433739,0.3333333333333333
1204478147,118830783,0.015428333543241024,0
1204478147,119114429,0.03082204796373844,0
1204478147,129544809,0.030822088941931725,0
1204478147,136725546,0.031147383153438568,0
1204574111,04011144X,0.10048457980155945,0.3333333333333333
1204574111,041915690,0.05989072844386101,0.3333333333333333
1204574111,955572037,0.042876601219177246,0
1204574111,99018773X,0.04277656599879265,0.3333333333333333
1204692793,040164500,0.049981582909822464,0
1204692793,042252512,0.04998064413666725,0
1204692793,042790913,0.050119221210479736,0
1204692793,1050279042,0.050205688923597336,0
1204706840,040052273,0.04183877632021904,0
1204706840,040118827,0.06287756562232971,0.3333333333333333
1204706840,040139433,0.048286471515893936,0.3333333333333333
1204706840,040763080,0.056882064789533615,0.3333333333333333
1204706840,042520789,0.08956543356180191,1
1205010882,040081486,0.05295878276228905,0
1205010882,040118827,0.05498338118195534,0.3333333333333333
1205010882,040752364,0.05015068128705025,0
1205010882,043264646,0.050145331770181656,0.3333333333333333
1205231285,040221539,0.04938510060310364,0
1205231285,040290026,0.04945213720202446,0
1205231285,040332292,0.049646537750959396,0
1205231285,04186560X,0.05544263496994972,0.6666666666666666
1205231285,041893999,0.05640684440732002,0
1205248102,040118827,0.03154914081096649,0.6666666666666666
1205248102,040579336,0.04614636301994324,0.3333333333333333
1205248102,040629465,0.046016424894332886,0
1205248102,041248937,0.12455400079488754,0.3333333333333333
1205248102,041535472,0.04665767028927803,0.3333333333333333
1205272658,040118827,0.0794760063290596,0
1205272658,040267180,0.06778089702129364,0
1205272658,040412822,0.04800904914736748,0
1205272658,041256980,0.047475140541791916,0
1205272658,957627521,0.048135459423065186,0.6666666666666666
1205463844,04039798X,0.04888056591153145,0.3333333333333333
1205463844,041406966,0.04887113347649574,0
1205463844,042261279,0.015974663197994232,0.3333333333333333
1205477403,040455033,0.07197525352239609,0.3333333333333333
1205477403,040597962,0.0472167432308197,0
1205477403,040628604,0.05290912464261055,0.3333333333333333
1205477403,041126289,0.047936514019966125,0.3333333333333333
1205477403,041240502,0.0461554080247879,0.3333333333333333
120587075X,040118827,0.015126850455999374,0.3333333333333333
120587075X,041242610,0.048913270235061646,0
120587075X,041271173,0.048601184040308,0.3333333333333333
120587075X,041970349,0.04616802930831909,0.6666666666666666
120587075X,042237688,0.04776285961270332,0.3333333333333333
1205946241,041231775,0.06101835146546364,0.6666666666666666
1205946241,041238575,0.05638761445879936,0.6666666666666666
1205946241,041429036,0.07673755288124084,0.6666666666666666
1205946241,042743966,0.05957243964076042,1
1205977139,040068919,0.06756483763456345,0.3333333333333333
1205977139,118517600,0.03008630871772766,0
1205977139,11871967X,0.029967868700623512,0
1205977414,040006263,0.04859405383467674,0.3333333333333333
1205977414,040709140,0.04728834331035614,0.6666666666666666
1206185678,040501310,0.045816849917173386,0
1206185678,041139623,0.045756902545690536,0
1206185678,041155122,0.046112194657325745,0
1206185678,041406605,0.0511016845703125,0
1206222581,040436896,0.04998486116528511,0.6666666666666666
1206222581,041314727,0.04998640716075897,0.3333333333333333
1206222581,041369254,0.05005979165434837,0.6666666666666666
1206222581,04192147X,0.03384019806981087,0.6666666666666666
1206222581,949439568,0.04998142644762993,0
1206252677,040757390,0.028518429026007652,0.3333333333333333
1206252677,041554418,0.01419127732515335,0.6666666666666666
1206252677,120961032,0.02851214073598385,0
1206335173,040051846,0.050871383398771286,0.3333333333333333
1206335173,040068048,0.04991614446043968,0.3333333333333333
1206335173,040544982,0.04995299503207207,0
1206335173,041223497,0.03328370675444603,0.3333333333333333
1206335173,041359208,0.05036048963665962,0.6666666666666666
1206344261,040350932,0.032117944210767746,0.6666666666666666
1206344261,040414256,0.049080152064561844,0.6666666666666666
1206344261,04045956X,0.05028461292386055,0.3333333333333333
1206344261,041231767,0.04838163033127785,0.6666666666666666
1206344261,041951417,0.04939158633351326,0.3333333333333333
1206538368,040448983,0.05185167118906975,0
1206538368,04067536X,0.04960271716117859,0
1206538368,041406605,0.05001537874341011,0
1206538368,041613686,0.0494791679084301,0
1206538368,041613872,0.04961133003234863,0
1206538368,041691482,0.0329379141330719,0
1206538368,04291096X,0.04928646609187126,0.6666666666666666
1206542780,040118827,0.06412327289581299,0.3333333333333333
1206542780,040158330,0.04517113044857979,0.6666666666666666
1206542780,040288595,0.0876597985625267,0.6666666666666666
1206542780,1020579757,0.047976601868867874,0
1206543140,040012573,0.115098737180233,0.3333333333333333
1206543140,040266400,0.044311732053756714,1
1206543140,040288595,0.014320163987576962,0.6666666666666666
1206543140,974451460,0.042644351720809937,0.3333333333333333
1206604220,040298043,0.049754295498132706,0
1206604220,040430510,0.04961542412638664,0
1206604220,040455475,0.03310893103480339,0.6666666666666666
1206604220,041947657,0.0495062917470932,0
1207320692,040187764,0.04963311180472374,0
1207320692,040372782,0.03375710919499397,0.6666666666666666
1207320692,040785920,0.05208678916096687,0.3333333333333333
1207320692,041156455,0.04984433576464653,0
1207320692,042190576,0.04949073866009712,0.3333333333333333
1207536296,040332039,0.03172018751502037,0.3333333333333333
1207536296,040680975,0.0317259319126606,0.3333333333333333
1207536296,041249410,0.03171748295426369,0.6666666666666666
120753658X,040734269,0.04225234314799309,0.6666666666666666
120753658X,041256980,0.028226733207702637,0
120753658X,041933176,0.04209885001182556,0.6666666666666666
1207542482,040118827,0.0657464787364006,0
1207542482,040332039,0.053054776042699814,0.3333333333333333
1207542482,040407950,0.08873137086629868,0.6666666666666666
1207616516,040026175,0.030462607741355896,0
1207616516,040581365,0.04716361686587334,1
1207616516,040664384,0.05957775190472603,0.6666666666666666
1207616516,041774256,0.045619189739227295,0.3333333333333333
1207616516,042437180,0.015187124721705914,0.3333333333333333
1207616516,04248362X,0.045712217688560486,0.3333333333333333
1207682136,040072630,0.05154320225119591,0
1207682136,041874226,0.05002615973353386,0
1207682136,042040477,0.05164623260498047,0
1207682136,043110932,0.050044432282447815,0
1207682136,962383791,0.05114983022212982,0
1207830941,040762157,0.04939189553260803,0.3333333333333333
1207830941,040785238,0.05179651081562042,0.3333333333333333
1207830941,981714250,0.05044953152537346,0.3333333333333333
1207831719,040114139,0.04635763540863991,0.6666666666666666
1207831719,040270890,0.04745107516646385,0.3333333333333333
1207831719,041249410,0.030740907415747643,0
1207831719,041342623,0.04582061991095543,0.6666666666666666
1207922285,040247295,0.03376711905002594,0.3333333333333333
1207922285,041983424,0.04924440011382103,0
1208141961,040158330,0.05565124750137329,0.6666666666666666
1208141961,04137651X,0.04159045219421387,0.3333333333333333
1208141961,041676386,0.02732546627521515,0
1208158317,040477045,0.11558360606431961,0.6666666666666666
1208158317,040785173,0.046595558524131775,0.6666666666666666
1208158317,04164199X,0.0465528704226017,0.6666666666666666
1208158317,041653718,0.04662197828292847,0
1208158317,953831450,0.03110320307314396,0
1208163299,040047148,0.04991529509425163,0
1208163299,041235479,0.04990063235163689,0
1208163299,041401786,0.04990309476852417,0
1208163981,040063402,0.05013662576675415,0
1208163981,040597989,0.05007282271981239,0.3333333333333333
1208163981,040737810,0.033325690776109695,0
1208163981,041318439,0.05020548030734062,0.3333333333333333
1208164201,040135853,0.06418441236019135,0.6666666666666666
1208164201,040261875,0.04589414596557617,0.3333333333333333
1208164201,040628604,0.015440224669873714,0.3333333333333333
1208164201,041139720,0.04548050835728645,0.6666666666666666
1208164201,951130137,0.04541151598095894,0.6666666666666666
120860922X,040205886,0.0462179034948349,0.6666666666666666
120860922X,040465144,0.046304672956466675,0.6666666666666666
120860922X,040465845,0.047647807747125626,0.6666666666666666
120860922X,040664384,0.046246692538261414,0.6666666666666666
120860922X,957319304,0.04712837561964989,0.3333333333333333
1209058553,040028054,0.050268854945898056,0.3333333333333333
1209058553,040059634,0.05048951506614685,0.3333333333333333
1209058553,040063380,0.050017163157463074,0.3333333333333333
1209058553,040403645,0.050069525837898254,0.3333333333333333
1209174944,041276698,0.04978981241583824,0
1209174944,041379039,0.050418537110090256,0
1209174944,041406605,0.033123087137937546,0
1209174944,041675878,0.049749281257390976,0
1209174944,042090792,0.054755836725234985,0
1209271036,040006956,0.037250325083732605,0.6666666666666666
1209271036,04002394X,0.044878941029310226,0.6666666666666666
1209271036,040407950,0.014862659387290478,1
1209271036,040583937,0.05233171582221985,0.6666666666666666
1209271036,041331338,0.04447595402598381,0.6666666666666666
1209667517,040266613,0.03324005380272865,0.6666666666666666
1209667517,04032690X,0.1157696321606636,1
1209667517,042074320,0.0311118271201849,0
1209667517,1014453054,0.046756893396377563,0
1209667517,1135284490,0.031109308823943138,0
1209673932,040299198,0.09229495376348495,1
1209673932,041233778,0.04674023762345314,0.6666666666666666
1209833239,040019128,0.04609458148479462,0
1209833239,040221539,0.047342389822006226,0
1209833239,040302369,0.12140214443206787,1
1209833239,040344029,0.0308042224496603,0.6666666666666666
1209833239,040739953,0.031215017661452293,1
1209833239,041156455,0.046967994421720505,0.3333333333333333
1209887398,040746593,0.05976365506649017,0.6666666666666666
1209887398,041230655,0.04742221161723137,0.3333333333333333
1209887398,041535219,0.046891748905181885,0.3333333333333333
1210046199,040014460,0.0479174442589283,0
1210046199,04002623X,0.047083184123039246,0
1210046199,04024069X,0.046964626759290695,0
1210046199,041386493,0.04731663689017296,0
1210110776,040709590,0.04691697284579277,0.3333333333333333
1210110776,040767590,0.09119131416082382,0.6666666666666666
1210110776,942129342,0.04685579240322113,0
1210157128,040029379,0.03332683816552162,0
1210157128,040046680,0.033541176468133926,0
1210157128,041369416,0.03340967372059822,0
1210157128,041726677,0.050080686807632446,0.3333333333333333
1210157128,041726685,0.033302947878837585,0.6666666666666666
1210157128,042183146,0.05002148449420929,0.3333333333333333
1210157128,042674050,0.016655441373586655,0.6666666666666666
1210160579,04003397X,0.049975018948316574,0
1210160579,040423794,0.05106240510940552,0.6666666666666666
1210160579,040575136,0.05028058588504791,0.3333333333333333
1210160579,041545125,0.05013098195195198,0
1210160579,041832760,0.05025431141257286,0.6666666666666666
1210246465,040157016,0.062394026666879654,0
1210246465,040710130,0.05065406486392021,0.3333333333333333
1210246465,04072560X,0.04947561398148537,0
1210246465,040762319,0.0493885762989521,0
1210246465,041156455,0.0494307242333889,0
1210426269,040600874,0.04658978059887886,0.3333333333333333
1210426269,040656543,0.04775563254952431,0
1210426269,040734994,0.04653751850128174,0
1210445972,040118827,0.11310648918151855,0.6666666666666666
1210445972,040227243,0.08769881725311279,0.3333333333333333
1210445972,040272389,0.04325409606099129,0.6666666666666666
1210445972,041987217,0.042461078613996506,0.6666666666666666
1210445972,042141516,0.028385691344738007,0.3333333333333333
1210705494,040268616,0.05031951144337654,0.6666666666666666
1210705494,040351653,0.03554354980587959,0
1210705494,041992555,0.03331027552485466,0
1210729571,040069028,0.04876479506492615,0
1210729571,040201368,0.07920321822166443,0.6666666666666666
1210729571,041837843,0.01595369167625904,0
1210729571,941837696,0.04869977757334709,0
1210952408,040154289,0.04488615319132805,0
1210952408,040323862,0.11682427674531937,0.3333333333333333
1210952408,040350886,0.044862378388643265,0
1210952408,04053474X,0.08060616999864578,0
1210952408,040786048,0.049422960728406906,0
1211094677,040047164,0.06380044668912888,0.6666666666666666
1211094677,040300536,0.04784819483757019,0.6666666666666666
1211094677,040328449,0.04946175217628479,0.3333333333333333
1211094677,041391586,0.048445507884025574,0.6666666666666666
1211094677,041945360,0.0609763078391552,0.3333333333333333
1211178587,040119750,0.06260494887828827,0.6666666666666666
1211178587,041164180,0.050659164786338806,0
1211178587,952407345,0.05337448790669441,0
1211290204,04065835X,0.04776763916015625,0.6666666666666666
1211290204,041157125,0.04671819508075714,0.6666666666666666
1211290204,041354923,0.047837018966674805,0
1211290204,041621069,0.015216621570289135,0.6666666666666666
1211290204,041701747,0.04737513139843941,0.6666666666666666
1211290204,940431181,0.11745840311050415,0.3333333333333333
1211327523,040140814,0.04619446396827698,0
1211327523,041362160,0.02930777333676815,1
1211327523,041685806,0.051248952746391296,0.6666666666666666
1211327523,041685962,0.043396372348070145,0.3333333333333333
1211327523,042229103,0.048492223024368286,0
1211327523,042443474,0.04503770172595978,0.6666666666666666
1211327647,040036146,0.042921680957078934,0.3333333333333333
1211327647,961375094,0.04278784617781639,0
1211481042,041242610,0.047996003180742264,0
1211481042,041618173,0.05723493918776512,0.6666666666666666
1211699145,040026434,0.049627456814050674,0
1211699145,040763080,0.049245983362197876,0.3333333333333333
1211699145,041761847,0.05153479054570198,0.6666666666666666
1211699145,041762843,0.04906170442700386,0.6666666666666666
1211987841,040182029,0.049885738641023636,0
1211987841,040224015,0.050737474113702774,0
1211987841,040772012,0.05095864459872246,0
1211987841,972393145,0.04987739026546478,0
1211990702,04061963X,0.04794718325138092,0.6666666666666666
1211990702,040693422,0.060096289962530136,0.6666666666666666
1212317718,040201198,0.033394910395145416,0.3333333333333333
1212317718,040310035,0.03342224285006523,0
1212317718,041304187,0.0501176156103611,0
1212317718,041517954,0.017019815742969513,0
1212317718,042090377,0.03335540369153023,0.3333333333333333
1212317718,042195497,0.04993799328804016,0
1212317718,998377953,0.016656644642353058,0.6666666666666666
1212421957,040183262,0.05078696087002754,0.6666666666666666
1212421957,040205886,0.04834875464439392,0.3333333333333333
1212421957,040558762,0.05021432414650917,0.6666666666666666
1212421957,04073840X,0.0908006802201271,0.6666666666666666
1212423666,04061963X,0.04977019131183624,0.3333333333333333
1212423666,04296542X,0.050356507301330566,0.3333333333333333
1212423666,940431181,0.05129895731806755,0.3333333333333333
1212423666,982398735,0.05100582540035248,0.3333333333333333
121250061X,040372200,0.04622534289956093,0.3333333333333333
121250061X,04049716X,0.030733486637473106,0.3333333333333333
121250061X,041947134,0.04597167298197746,0
121250061X,042555507,0.045995745807886124,0
121250061X,1051019834,0.04747748002409935,0
1212595351,041209818,0.09158969670534134,1
1212595351,04193203X,0.0942184329032898,0.3333333333333333
121279866X,041403886,0.04999065771698952,0
121279866X,041618564,0.050034552812576294,0.3333333333333333
121279866X,042614805,0.05001486837863922,0.3333333333333333
1212800192,04022354X,0.04661393165588379,0.3333333333333333
1212800192,040535053,0.0460975207388401,0.3333333333333333
1212800192,040734099,0.015764454379677773,0.6666666666666666
1212800192,041569717,0.030941134318709373,0
1212855310,040340368,0.04811399057507515,0.3333333333333333
1212855310,040403645,0.0162216629832983,0.6666666666666666
1212855310,041415515,0.04771704599261284,0.6666666666666666
1212855310,041710738,0.07422652840614319,1
1212855310,041738632,0.03145412728190422,0.3333333333333333
1213037751,040300536,0.016392404213547707,0.6666666666666666
1213037751,040354393,0.04972442612051964,0
1213037751,041141598,0.04841835796833038,0.3333333333333333
1213037751,042539579,0.04910385608673096,0
1213037751,996251642,0.032084207981824875,0
1213096898,041550463,0.053520023822784424,0.6666666666666666
1213096898,946340692,0.045168522745370865,0.3333333333333333
1213232724,040597873,0.04407362639904022,0.6666666666666666
1213232724,040637905,0.014311771839857101,0.6666666666666666
1213232724,985576723,0.043000172823667526,0.6666666666666666
1213659035,04124057X,0.0333171971142292,0.3333333333333333
1213659035,04143126X,0.05010608956217766,0
1213659035,04285556X,0.05004153028130531,0
1213659035,967611644,0.05019417405128479,0
1213797136,04049716X,0.04623478651046753,0.3333333333333333
1213797136,040708713,0.015430428087711334,0.6666666666666666
1213797136,118734687,0.015410061925649643,0
1213810698,040332098,0.05019059777259827,0.6666666666666666
1213810698,040332152,0.05020998418331146,0.6666666666666666
1213810698,040480119,0.050334881991147995,0
1213810698,041696263,0.033373747020959854,0
1213811546,041594584,0.05023708939552307,0
1213811546,041994280,0.05000396445393562,0
1213811546,940915073,0.050059974193573,0.6666666666666666
1213811546,941152162,0.05038813129067421,0
1213811546,953798070,0.05019431933760643,0
121381233X,041242580,0.05005806311964989,0
121381233X,041566149,0.05035116896033287,0.3333333333333333
121381233X,041653718,0.05002317205071449,0.6666666666666666
121381233X,94084138X,0.0500279925763607,0
121381233X,942023781,0.04999290034174919,0
1213814790,040142000,0.04684768617153168,0.6666666666666666
1213814790,041369254,0.03149190917611122,0.6666666666666666
1213814790,041701186,0.047688063234090805,0.3333333333333333
1213980216,040026418,0.03209726884961128,0.3333333333333333
1213980216,04002752X,0.016042737290263176,0.3333333333333333
1213980216,040028054,0.0321461483836174,0.6666666666666666
1213980216,040058719,0.0494084395468235,0
1213980216,040118827,0.04824833199381828,0.6666666666666666
1213980216,040693325,0.048670366406440735,0
1213980216,040693422,0.05066269636154175,0
1214058035,040272664,0.05000742897391319,1
1214058035,040392260,0.05009600520133972,1
1214058035,040498468,0.0500086285173893,0.6666666666666666
1214058035,040649377,0.050053808838129044,0.6666666666666666
1214370535,040446352,0.058332446962594986,0.6666666666666666
1214370535,040446387,0.049971505999565125,0.3333333333333333
1214370535,04076110X,0.016461439430713654,0
1214370535,040763889,0.049930114299058914,0.6666666666666666
1214370535,041353838,0.049672190099954605,0
1214370535,041566408,0.049672067165374756,0.3333333333333333
1214422543,040201198,0.0498703271150589,0.3333333333333333
1214422543,041517954,0.04989834502339363,0.6666666666666666
1214422543,94910938X,0.0556778721511364,0.6666666666666666
1214422543,979308658,0.04976993799209595,0
1214640818,040135853,0.03330795839428902,0
1214640818,040315754,0.03333472087979317,0
1214640818,040354083,0.03336697816848755,0.3333333333333333
1214640818,041393708,0.03330298140645027,0
1214812120,04005988X,0.10581109672784805,0.6666666666666666
1214812120,040362108,0.04315731301903725,0
1214812120,04061963X,0.04947224259376526,1
1214821707,040004570,0.050233155488967896,0.6666666666666666
1214821707,043012329,0.05002393200993538,0
1214821707,043280943,0.01665034331381321,1
1214821707,953301591,0.05032290890812874,0
1215037155,040192059,0.049805015325546265,0
1215037155,040392465,0.052399229258298874,0.3333333333333333
1215037155,041835468,0.04982101917266846,0.3333333333333333
1215037155,042483522,0.05075138434767723,0
1215321651,040350886,0.04800327494740486,0.3333333333333333
1215321651,040533697,0.052822213619947433,0.3333333333333333
1215321651,04126892X,0.06954734772443771,0.3333333333333333
1215321651,041801822,0.056062594056129456,0.3333333333333333
1215321880,040412822,0.028887396678328514,0.3333333333333333
1215321880,040885984,0.028871333226561546,0
121533706X,040356469,0.07813145965337753,0.6666666666666666
121533706X,040564495,0.054734956473112106,0.3333333333333333
121533706X,040564584,0.03262445703148842,0
121533706X,04127900X,0.03263452649116516,0
121533706X,041380975,0.03262602165341377,0
1215339909,040318834,0.06677936762571335,1
1215339909,041397169,0.04503048583865166,0
1215339909,041550463,0.045067012310028076,0
1215339909,04252654X,0.045012980699539185,0
1215358407,040189686,0.0322527177631855,0
1215358407,040233987,0.04710422828793526,0.3333333333333333
1215358407,040695727,0.047101277858018875,0.3333333333333333
1215358407,944338720,0.047102898359298706,0.3333333333333333
1215733992,040665712,0.10829976201057434,0.3333333333333333
1215733992,040665968,0.043438997119665146,0.6666666666666666
1215733992,041164180,0.11107072234153748,0
1215905424,040305503,0.03983895108103752,0.3333333333333333
1215908245,041541480,0.04079414904117584,0.3333333333333333
1215908245,94173577X,0.060834646224975586,0.3333333333333333
1216103801,040334236,0.03311276063323021,0.3333333333333333
1216103801,040372200,0.049792226403951645,0.3333333333333333
1216103801,041143337,0.05113379284739494,0.6666666666666666
1216103801,118627864,0.049564361572265625,0
1216143064,000646814,0.04907869175076485,0
1216143064,040097366,0.048604559153318405,0
1216143064,040674886,0.04905297979712486,0
1216143064,041575253,0.031872402876615524,0
1216143064,041666313,0.049318570643663406,0
1216201544,040003132,0.04998503252863884,0
1216201544,040208222,0.049978774040937424,0.3333333333333333
1216201544,040392260,0.049989745020866394,0.6666666666666666
1216201544,041727770,0.049977581948041916,0.3333333333333333
1216201544,988431971,0.049984972923994064,0
1216249016,040118827,0.05846324563026428,0.3333333333333333
1216249016,040294862,0.056080181151628494,1
1216249016,040373630,0.03339119628071785,0
1216249016,040487377,0.049833208322525024,0
1216249016,040567842,0.03289858251810074,0
1216647860,041145283,0.04938200116157532,1
1216647860,041343417,0.05223216488957405,0.6666666666666666
1216647860,041945050,0.06226534768939018,0.3333333333333333
1216647860,042367638,0.05526295304298401,0
1216691339,040097366,0.04996323958039284,0.6666666666666666
1216691339,040558525,0.05040706321597099,0
1216691339,040581675,0.0496499240398407,0.3333333333333333
1216691339,040582167,0.04904700443148613,0.3333333333333333
1216691339,041802144,0.0508342981338501,0
1216696306,041524764,0.04573908448219299,0
1216696306,041708830,0.046442996710538864,0.6666666666666666
1216696306,041884175,0.11817950010299683,0
1216696306,042482445,0.04708712920546532,0
1216708886,041205820,0.04950951412320137,0.6666666666666666
1216708886,998329959,0.04927844926714897,0.6666666666666666
1216709017,004691792,0.05050951614975929,0.6666666666666666
1216709017,040733157,0.0459221713244915,0
1216709017,041285204,0.047010745853185654,0
1216713103,040006956,0.06758351624011993,0.6666666666666666
1216713103,040156028,0.04760293290019035,0.6666666666666666
1216713103,040537706,0.032042473554611206,0.6666666666666666
1216713103,948912650,0.04757450893521309,0.6666666666666666
1216825505,040318834,0.016318129375576973,0
1216825505,040483282,0.04951352998614311,0
1216825505,040628779,0.04946035146713257,0
1216825505,04069996X,0.04973656311631203,0
1216825505,041165683,0.04990595206618309,0.3333333333333333
1216864829,040146065,0.0533592514693737,0.6666666666666666
1216864829,040389715,0.049418967217206955,0.6666666666666666
1217059733,040693414,0.04927609860897064,0.6666666666666666
1217059733,040786374,0.05236072465777397,0.3333333333333333
1217059733,965002845,0.05229143425822258,0
1217179852,04011144X,0.05261196568608284,0
1217179852,040629627,0.05160709097981453,0.6666666666666666
1217179852,041915690,0.047878604382276535,0.3333333333333333
1217179852,1019911271,0.04858042672276497,0
1217179852,960767053,0.06327375024557114,0
121732822X,040992500,0.03125247731804848,0
121732822X,040992519,0.046021968126297,0
121732822X,118559230,0.06884952634572983,0.6666666666666666
121732822X,123485118,0.04756070300936699,0.3333333333333333
121740452X,040019748,0.0484585165977478,0
121740452X,041137485,0.0486505925655365,0
121740452X,041391624,0.048635054379701614,0
121740452X,041723856,0.04840196296572685,0.3333333333333333
1217595589,040052486,0.07482684403657913,0.6666666666666666
1217595589,040386392,0.05214926227927208,0.6666666666666666
1217595589,040413586,0.05635794997215271,0.6666666666666666
1217595589,040414086,0.048430267721414566,0.3333333333333333
1217595589,040747220,0.015716271474957466,0
1217775587,040027678,0.049939319491386414,0.3333333333333333
1217775587,040028054,0.05081925168633461,0.3333333333333333
1217775587,040028186,0.04999478533864021,0
1217775587,041320638,0.04993852972984314,0.3333333333333333
1217775587,041364112,0.049943577498197556,0.3333333333333333
1217845518,040649377,0.06081218644976616,0.6666666666666666
1217845518,041221664,0.04754588007926941,0
1217845518,042507014,0.047199953347444534,0.6666666666666666
1217845518,04318717X,0.04769518971443176,0.6666666666666666
1217873422,04004744X,0.04937085136771202,0
1217873422,040550729,0.051889073103666306,0.6666666666666666
1217873422,041393112,0.04939911887049675,0.6666666666666666
1217873422,042614805,0.053997546434402466,0.3333333333333333
1217938575,040216713,0.03350759297609329,0.6666666666666666
1217938575,040307360,0.04988102242350578,0.6666666666666666
1217938575,040309673,0.050145622342824936,0.6666666666666666
1217938575,040408477,0.049844902008771896,0
1217938575,040734366,0.01667330414056778,0.3333333333333333
1217938575,041789369,0.04982936009764671,0.3333333333333333
1218037504,040182029,0.048405032604932785,0.6666666666666666
1218037504,040408027,0.04767593741416931,0.6666666666666666
1218037504,041737504,0.049919962882995605,0.3333333333333333
1218037504,993106455,0.060723964124917984,0.3333333333333333
1218037539,040118827,0.053053904324769974,0.6666666666666666
1218037539,040205487,0.0529278926551342,0.6666666666666666
1218037539,042221269,0.0498724989593029,0.3333333333333333
1218037539,952619636,0.049073006957769394,0.3333333333333333
1218039760,040432718,0.044179659336805344,0
1218039760,041176227,0.0484737865626812,0.6666666666666666
1218039760,041529200,0.04425131902098656,0
1218395737,04011144X,0.05297640338540077,0
1218395737,040269264,0.05538911744952202,0.3333333333333333
1218395737,040582167,0.015921523794531822,0
1218395737,042743249,0.06918060034513474,0
1218395737,967279453,0.04958204925060272,0.6666666666666666
1218395737,970714106,0.050390467047691345,0.6666666666666666
121839711X,040118827,0.05300978943705559,0.3333333333333333
121839711X,040554090,0.05601058527827263,0.3333333333333333
121839711X,040791637,0.04753556847572327,0.3333333333333333
121839711X,04079167X,0.048101816326379776,0
121839711X,041355393,0.01582135260105133,0
1218398914,040039579,0.03308893367648125,0
1218398914,040152499,0.049468573182821274,0
1218398914,04021852X,0.033118411898612976,0
1218398914,041209974,0.05929923057556152,0.3333333333333333
1218398914,041751973,0.04946918413043022,0
1218399384,041236955,0.04940987750887871,0.3333333333333333
1218399384,041295374,0.06028404459357262,1
1218399384,041699165,0.032925236970186234,0.6666666666666666
1218399384,042210178,0.049587417393922806,0.3333333333333333
1218399384,1017379904,0.049851179122924805,0
1218399384,949121339,0.049411971122026443,0
1218404191,040465586,0.0433085560798645,0.3333333333333333
1218404191,041514343,0.04824937507510185,0.3333333333333333
1218404191,042141516,0.02843720279633999,0.6666666666666666
1218466707,040455033,0.0727587640285492,1
1218466707,040525805,0.032011885195970535,0.6666666666666666
1218466707,040628604,0.01580233871936798,0.6666666666666666
1218466707,041240502,0.04823965206742287,0.3333333333333333
1218466707,04127637X,0.032160986214876175,0.6666666666666666
1218530383,040206602,0.04717400670051575,0
1218530383,042141516,0.04672988876700401,0.6666666666666666
1218702419,040305503,0.04819828271865845,0
1218702419,1081269022,0.04977606609463692,0
1218702419,945671814,0.05631933733820915,0
1218702419,953190285,0.06665226817131042,0
1218770023,040272184,0.030708903446793556,0
1218770023,040534588,0.01538009662181139,0
1218770023,040704637,0.015344996005296707,0.6666666666666666
1218770023,04126116X,0.04611644148826599,0.3333333333333333
1218770023,11902246X,0.0460551492869854,0
1218792108,040184242,0.04735901579260826,0.6666666666666666
1218792108,040535053,0.04758516326546669,0.6666666666666666
1218792108,040564584,0.06133466958999634,0
1218792108,041132920,0.02933533489704132,0.6666666666666666
1218861088,040604918,0.04735325649380684,0.6666666666666666
1218861088,041826760,0.050048116594552994,0.3333333333333333
1218861088,042320763,0.03199540451169014,0.6666666666666666
1218861088,995800995,0.04740461707115173,0.3333333333333333
1218861398,040264823,0.048104941844940186,0.3333333333333333
1218861398,040687546,0.04915689304471016,0.3333333333333333
1218861398,040939766,0.01585502363741398,0.3333333333333333
1218861398,041256980,0.06871810555458069,0.6666666666666666
1218864095,041354702,0.051443278789520264,0.6666666666666666
1218864095,041933176,0.04606223478913307,0.6666666666666666
1218864095,940610272,0.030719593167304993,0.6666666666666666
1218867698,040062007,0.033032674342393875,0
1218867698,040535347,0.016471190378069878,0
1218867698,041259769,0.04953349754214287,0
1218867698,041926145,0.04998858645558357,0
1218867698,042190576,0.049593061208724976,0.6666666666666666
1218867698,967279453,0.0495385080575943,0
1218869232,040564592,0.043051812797784805,0.3333333333333333
1218869232,041242424,0.05850687250494957,0.3333333333333333
1218869232,100072185X,0.050168007612228394,0
121886950X,040373630,0.03136424347758293,0.6666666666666666
121886950X,040485617,0.06482956558465958,0.3333333333333333
121886950X,040765369,0.04660573601722717,0
121886950X,042256984,0.04650057479739189,0
1218872187,040154319,0.04605527222156525,0.3333333333333333
1218872187,040305503,0.015328694134950638,0.3333333333333333
1218872187,04125709X,0.031231053173542023,0.6666666666666666
1218872187,041367294,0.04626614227890968,0
1218872187,041451643,0.03073962964117527,0
1218872829,040302709,0.049482911825180054,1
1218872829,040414175,0.03293636441230774,0
1218872829,040737616,0.048853471875190735,0
1218872829,041441575,0.03293389081954956,0.6666666666666666
1218872977,040379493,0.016351310536265373,0.3333333333333333
1218872977,040714616,0.049197930842638016,0
1218872977,041535219,0.049920838326215744,0
1218872977,041772083,0.04941390082240105,0
1218876328,041865006,0.050078898668289185,0.6666666666666666
1218876328,967279453,0.050884395837783813,0.3333333333333333
1218876867,000003336,0.07279002666473389,0.3333333333333333
1218876867,040636933,0.04825425520539284,0.3333333333333333
1218876867,041680065,0.04855821654200554,0
1218972041,04059758X,0.049575403332710266,0.3333333333333333
1218972041,041289722,0.06268862634897232,0.6666666666666666
1218972041,041923529,0.05065415799617767,0.6666666666666666
1218972041,991698886,0.05105171725153923,0.6666666666666666
121906937X,041969103,0.04294903576374054,0.6666666666666666
1219247294,040006263,0.0323486253619194,0.3333333333333333
1219247294,04049716X,0.016228849068284035,0.3333333333333333
1219247294,040992438,0.016243519261479378,0
1219247294,041143337,0.08336373418569565,0.3333333333333333
1219247294,118627864,0.04816073179244995,0
1219515590,004694198,0.03075432777404785,0
1219515590,004706366,0.016424383968114853,0
1219515590,008012865,0.030658885836601257,0
1219515590,040657817,0.1246301531791687,0.3333333333333333
1219515590,043225659,0.030658036470413208,0
1219578940,040111342,0.057329822331666946,0.3333333333333333
1219578940,040118827,0.07784145325422287,0
1219578940,04123037X,0.01603356935083866,0
1219578940,04136709X,0.04903531074523926,0
1219578940,041739086,0.04778558015823364,0.3333333333333333
1219578940,042131324,0.0334208682179451,0.6666666666666666
1219665371,040597873,0.04989277943968773,0.3333333333333333
1219665371,04144762X,0.049964893609285355,0.3333333333333333
121966538X,040154769,0.03332754597067833,0.6666666666666666
121966538X,1045768995,0.03332681581377983,0
121966538X,123484529,0.03332296013832092,0
121966538X,138588317,0.03404080867767334,0
121966538X,964966034,0.050006795674562454,0
1219703338,040704467,0.10548780113458633,0.6666666666666666
1219703338,041656156,0.047076284885406494,0
1219703338,04195601X,0.04710908606648445,0
1219703338,043266010,0.04701695963740349,0
1219703338,043266029,0.04701079800724983,0.6666666666666666
1219719439,040114139,0.10054093599319458,0.6666666666666666
1219719439,040680975,0.0494072325527668,0.3333333333333333
1219719439,041249410,0.04902467504143715,0
1219719439,1019842695,0.03064919076859951,0.6666666666666666
1219729469,041655508,0.033167120069265366,0
1219729469,04165739X,0.05485132336616516,0.6666666666666666
1219729469,956014534,0.03321855142712593,0
1219729469,968942881,0.03322933241724968,0
1219755907,04139402X,0.04887543246150017,0.3333333333333333
1219755907,042089743,0.04898777976632118,0.6666666666666666
1219955213,04061963X,0.03075171448290348,0.6666666666666666
1219955213,04072915X,0.04606401547789574,0
1219955213,040786099,0.04620718955993652,0.6666666666666666
1219955213,043092373,0.046078745275735855,0.6666666666666666
1219955213,967808677,0.04602593183517456,0
1220035211,041353846,0.033393196761608124,0
1220035211,041406605,0.03330333158373833,0.6666666666666666
1220035211,041712900,0.03332403674721718,0
1220035211,042128269,0.04998709633946419,0
1220035211,1032038217,0.04996906593441963,0
1220035211,945378955,0.033388856798410416,0
1220035211,971049602,0.03335331752896309,0
1220225452,041273273,0.05014864727854729,0
1220225452,042023564,0.05008785054087639,0
1220225452,043019919,0.04996420070528984,0
1220225452,1139663968,0.05028970167040825,0
1220289825,04004436X,0.05258065462112427,0.6666666666666666
1220289825,040654710,0.04846332594752312,0.3333333333333333
1220289825,04066466X,0.0456986129283905,0.3333333333333333
1220289825,991483006,0.04650682210922241,0.6666666666666666
1220296848,040739724,0.046537380665540695,0
1220296848,041256980,0.0526147298514843,0.6666666666666666
1220296848,968509789,0.030956869944930077,0
1220296848,987850814,0.04696721211075783,0
1220425176,040118827,0.04773063585162163,0
1220425176,040157016,0.047479767352342606,0
1220425176,040321258,0.05060378834605217,0
1220425176,957319304,0.047271210700273514,0
1220488224,041387287,0.04464079812169075,0.6666666666666666
1220488224,965002845,0.05672301724553108,0.3333333333333333
1220488615,040408027,0.03077385388314724,0
1220488615,1019913193,0.046063829213380814,0
1220488615,11902246X,0.03071156144142151,0
1220488615,987973851,0.030713936313986778,0
1220531839,040300536,0.0476766936480999,0.6666666666666666
1220531839,040597989,0.04887716844677925,0.6666666666666666
1220531839,041488059,0.04763033986091614,0
1220633429,040494152,0.04972080886363983,0.3333333333333333
1220633429,04059758X,0.05027136579155922,0.3333333333333333
1220633429,040709140,0.05013755336403847,0
1220633429,041137744,0.05006493628025055,0
1220633429,041253337,0.0508621446788311,0
1220633429,041319435,0.05316321179270744,0.6666666666666666
1220840580,040254933,0.05062583088874817,0
1220840580,040348644,0.04999455809593201,0.3333333333333333
1220840580,041400488,0.05001518502831459,0
1220840580,1067223223,0.04996460676193237,0
1220840580,117081610X,0.04996460676193237,0
122085137X,04018837X,0.047418370842933655,0.3333333333333333
122085137X,040500616,0.07138574123382568,0.6666666666666666
122085137X,041239040,0.04686598852276802,0.3333333333333333
122085137X,04169919X,0.031104369089007378,0.3333333333333333
122085137X,947676724,0.03130475804209709,0.6666666666666666
1221131508,040567303,0.031571369618177414,0.3333333333333333
1221131508,040567540,0.04686516523361206,0.3333333333333333
1221131508,040567958,0.015730446204543114,0.3333333333333333
1221131508,041770773,0.05255444720387459,0
1221131508,04182766X,0.046986743807792664,0.3333333333333333
1221132490,040437744,0.050285715609788895,0.3333333333333333
1221132490,04061963X,0.049451809376478195,0.3333333333333333
1221132490,04121434X,0.04940478131175041,0.3333333333333333
1221341103,040501310,0.04784846305847168,0
1221341103,040725197,0.048065681010484695,0.6666666666666666
1221526111,100076262,0.049947064369916916,0
1221526111,117239283,0.049948472529649734,0
1221526111,118547267,0.04995055869221687,0
1221526111,118989960,0.04995464161038399,0
1221597086,040563979,0.0857679545879364,1
1221597086,040597873,0.04431748390197754,0.6666666666666666
1221597086,04131946X,0.02900802157819271,0.6666666666666666
1221597086,104776640X,0.04395582899451256,0.6666666666666666
1221597604,040022579,0.06824077665805817,0.6666666666666666
1221597604,040305503,0.015979615971446037,0.6666666666666666
1221597604,040470334,0.05173004791140556,0.3333333333333333
1221597604,040760669,0.015401654876768589,0.6666666666666666
1221597604,041277937,0.04764527454972267,0.6666666666666666
1221597604,041431804,0.061948198825120926,0.6666666666666666
1221597604,042756596,0.05939142033457756,0.3333333333333333
1222013886,040350886,0.05985596403479576,0.3333333333333333
1222013886,040533697,0.054622795432806015,0.3333333333333333
1222013886,040786714,0.04928399249911308,0.6666666666666666
1222013886,041401778,0.04948362708091736,0.6666666666666666
1222270129,040675378,0.04995960369706154,0
1222270129,040737810,0.050737958401441574,0
1222270129,041424492,0.04995353892445564,0
1222270129,041796527,0.05001135542988777,0
1222270129,043119190,0.04995907470583916,0
1222395622,040028186,0.03285985067486763,0.3333333333333333
1222395622,041165683,0.049270451068878174,0.3333333333333333
1222395622,041218493,0.03288180008530617,0.3333333333333333
1222395622,041914120,0.049302712082862854,0
1222408996,040475344,0.049634430557489395,0
1222408996,040763889,0.05315425992012024,0.3333333333333333
1222408996,041439279,0.04995180666446686,0
1222408996,042975263,0.04963346943259239,0
1222502372,040178943,0.04736879840493202,0.3333333333333333
1222502372,040288595,0.015409567393362522,0.6666666666666666
1222502372,040443027,0.015434124507009983,0.3333333333333333
1222502372,040777049,0.06608694046735764,0.3333333333333333
1222502372,041706013,0.03174012526869774,0.3333333333333333
1222741504,040099210,0.0333561897277832,0
1222741504,041392779,0.050526540726423264,0.3333333333333333
1222741504,041598407,0.049970149993896484,0.3333333333333333
1222741504,041798333,0.03332768380641937,0
1222741504,118534106,0.03332437574863434,0
1222751488,040261816,0.08599232882261276,1
1222751488,040261875,0.04812474176287651,0.3333333333333333
1222751488,040290026,0.049558307975530624,0
1222751488,041139720,0.04826885461807251,0.3333333333333333
1223111865,004691792,0.04079510644078255,0
1223111865,040158330,0.013190926052629948,0
1223111865,041371844,0.013457361608743668,0
1223458377,040118827,0.0465020127594471,0.3333333333333333
1223458377,040666158,0.03069116175174713,0.3333333333333333
1223458377,042907098,0.03078172169625759,0
1223458377,119415771,0.030780985951423645,0
1223459217,040272389,0.046024370938539505,0.3333333333333333
1223459217,040558797,0.04381560906767845,0.3333333333333333
1223459217,041283007,0.04339328035712242,0.6666666666666666
1223481662,040152243,0.04844123125076294,0.3333333333333333
1223481662,041127269,0.03217272087931633,0.3333333333333333
1223481662,041294068,0.03222369775176048,0
1223481662,04156961X,0.0482746846973896,0.3333333333333333
1223481662,042551323,0.01624094881117344,0.3333333333333333
1223481662,043084168,0.04836346209049225,0
1223696286,040207757,0.045277442783117294,0
1223696286,040432718,0.045412853360176086,0
1223696286,040573109,0.015068666078150272,0.6666666666666666
1223696286,040581365,0.04545177146792412,0
1223696286,967941407,0.07151096314191818,0.6666666666666666
1223787443,040493962,0.10501030832529068,0.6666666666666666
1223787443,040494225,0.04697851464152336,0
1223787443,040654559,0.048984214663505554,0
122386474X,040027597,0.01654486358165741,0.3333333333333333
122386474X,04061963X,0.049157336354255676,0.6666666666666666
122386474X,042001722,0.04999653622508049,0
122386474X,042946115,0.016359293833374977,0.6666666666666666
1223868001,040261816,0.07926112413406372,1
1223868001,040300463,0.044796716421842575,1
1223868001,040487377,0.03123418055474758,0
1223868001,040628604,0.045977864414453506,0.6666666666666666
1223868001,949746983,0.11463317275047302,0
122407999X,040149633,0.07634022831916809,0.6666666666666666
122407999X,040156028,0.05024268105626106,0.6666666666666666
122407999X,040402223,0.032480206340551376,0.6666666666666666
122407999X,040476898,0.04844433069229126,0
122407999X,040557596,0.05278782919049263,0.6666666666666666
122407999X,04245414X,0.048531677573919296,0.6666666666666666
1224232097,040350886,0.054441675543785095,0.3333333333333333
1224232097,040533697,0.032659973949193954,0.3333333333333333
1224232097,04053474X,0.01607765071094036,0
1224232097,04126892X,0.04912601038813591,0.3333333333333333
1224232097,1000723437,0.04856051504611969,0.6666666666666666
1224269586,04079167X,0.07304265350103378,0
1224269586,952983427,0.05103451386094093,0.3333333333333333
1224334329,041787366,0.04707925394177437,0
1224334329,041972953,0.049306437373161316,0.3333333333333333
1224334329,042179610,0.04667884483933449,0.6666666666666666
1224345266,04077791X,0.05038011446595192,0.3333333333333333
1224345266,946387400,0.04734979569911957,0.3333333333333333
1224345266,991483006,0.04747610166668892,0.3333333333333333
1224465598,040118827,0.04533582553267479,0.3333333333333333
1224465598,040189686,0.04834619164466858,0.3333333333333333
1224465598,041447794,0.042937714606523514,0.6666666666666666
1224465598,041557425,0.014248225837945938,0.3333333333333333
1224465598,967941407,0.11320773512125015,0.6666666666666666
122462789X,040616444,0.05020603537559509,0.6666666666666666
122462789X,040628604,0.033320922404527664,0.6666666666666666
122462789X,040785203,0.050006840378046036,0.3333333333333333
122462789X,04143126X,0.0500829815864563,0.3333333333333333
122462789X,042036747,0.04997563362121582,0.3333333333333333
122462789X,947676724,0.04997798800468445,0.3333333333333333
1224739426,041145283,0.05216808244585991,0.3333333333333333
1224739426,041243005,0.04988628625869751,0.6666666666666666
1224739426,041260562,0.04998315870761871,1
1224739426,041381424,0.04987088963389397,0.6666666666666666
1224739426,042090377,0.04989470914006233,0
1224854977,040568342,0.034636665135622025,0.6666666666666666
1224854977,041541685,0.050065770745277405,0
1224854977,041688147,0.04961448535323143,0
1224854977,041909488,0.05332754924893379,0.6666666666666666
1224854977,988428741,0.049739282578229904,0
1224897145,040340368,0.016636988148093224,0.3333333333333333
1224897145,040473902,0.03376719728112221,0.3333333333333333
1224897145,040550729,0.049965497106313705,0.6666666666666666
1224897145,04067486X,0.04994233325123787,0.6666666666666666
1224897145,04123037X,0.05022391676902771,0.3333333333333333
1224897145,042084962,0.03359407186508179,0.3333333333333333
1224964888,040476898,0.03313843160867691,0
1224964888,041612043,0.033129092305898666,0
1225068010,040118827,0.09553396701812744,0.6666666666666666
1225068010,040703347,0.04400539770722389,0.6666666666666666
1225068150,040288595,0.09070072323083878,0.6666666666666666
1225068150,040533697,0.031588125973939896,0.6666666666666666
1225068150,040714535,0.050155822187662125,0.6666666666666666
1225068150,040759687,0.04760359227657318,0.6666666666666666
1225068150,040777049,0.053112104535102844,0
1225068150,981432670,0.04810832068324089,0
1225182107,040118827,0.08622071892023087,0
1225182107,040545202,0.030867712572216988,0
1225182107,040592057,0.03092140518128872,0
1225182107,041126289,0.046985920518636703,0.6666666666666666
1225354560,040157016,0.04381701722741127,0.6666666666666666
1225354560,040245969,0.044076066464185715,0.3333333333333333
1225354560,118579371,0.04482163488864899,0.6666666666666666
1225546478,040118827,0.03262646123766899,0
1225546478,040786374,0.04990649223327637,0
1225546478,041229266,0.05059706047177315,0
1225546478,041535219,0.04931909963488579,0
1225547792,040162176,0.030679913237690926,0
1225547792,040379493,0.0460674948990345,0
1225547792,040465314,0.04602953791618347,0
1225547792,040763587,0.1250222772359848,0.6666666666666666
1225547792,041231767,0.04606160521507263,0
1225547792,04124995X,0.015404760837554932,0.6666666666666666
1225549442,040323862,0.05158815160393715,0.3333333333333333
1225549442,041652444,0.04960966482758522,0.3333333333333333
1225683734,040550729,0.08568035811185837,0.6666666666666666
1225683734,041145283,0.04795435070991516,0.3333333333333333
1225683734,04148259X,0.04987594857811928,0.3333333333333333
1225683734,041760778,0.0533352829515934,0
1225683734,041993160,0.048908013850450516,0
1225684374,040494225,0.06549275666475296,0.6666666666666666
1225684374,040753670,0.0802353024482727,1
1225684374,041532619,0.04242007061839104,0
1225684374,041777077,0.026402948424220085,0.6666666666666666
1225684374,041923529,0.04317934811115265,1
122586464X,040336816,0.04996606707572937,0
122586464X,040598446,0.050615664571523666,0
122586464X,041366077,0.05016206577420235,0.6666666666666666
122586464X,041618327,0.050070419907569885,0.6666666666666666
122586464X,042853907,0.04988636448979378,0.3333333333333333
1226335462,040476863,0.08916372060775757,0.6666666666666666
1226335462,041954610,0.0437239371240139,0.3333333333333333
1226881025,040178609,0.049598559737205505,0
1226881025,040458954,0.06122608110308647,0
1226881025,1015546110,0.050345566123723984,0
1226881025,119385546,0.04948147013783455,0
1226881025,123528100,0.04950690269470215,0
1226984975,041546725,0.016561968252062798,0.3333333333333333
1226984975,041711165,0.032530877739191055,0.3333333333333333
1226984975,042222133,0.032565850764513016,0.6666666666666666
1226984975,1019842113,0.032530877739191055,0.3333333333333333
1226994156,040580474,0.04950835928320885,0.6666666666666666
1226994156,040600874,0.09547474980354309,0.3333333333333333
1226994156,042026466,0.05018601194024086,0.6666666666666666
1227323832,040763587,0.045183420181274414,0
1227323832,041126203,0.030453568324446678,0
1227323832,042513162,0.030015120282769203,0
122755365X,040085287,0.054505813866853714,0.3333333333333333
122755365X,040328449,0.04887117072939873,0
122755365X,042381967,0.060693491250276566,0
1227558414,040115364,0.05236011743545532,0
1227558414,040616444,0.04979271814227104,0
1227558414,041299213,0.049921631813049316,0
1227558414,133482200,0.05070391297340393,0
1227558414,985112832,0.051848605275154114,0
122770304X,040066673,0.04783681407570839,0.3333333333333333
122770304X,040582167,0.04798649251461029,0.3333333333333333
122770304X,040693325,0.016412995755672455,0.3333333333333333
1227963629,040385159,0.07306274771690369,1
1227963629,040457982,0.03300924599170685,0.6666666666666666
1227963629,04114564X,0.03300158679485321,0
1227963629,041367960,0.033002983778715134,0.3333333333333333
1227963629,041373855,0.03304431214928627,0
1228627258,040040372,0.04957600310444832,0.6666666666666666
1228627258,041296109,0.04917837306857109,0.3333333333333333
1228627258,041327349,0.06352940946817398,0.6666666666666666
1228627258,041573935,0.05011435225605965,0.3333333333333333
1228627258,043201792,0.05002390965819359,0.6666666666666666
1228859574,040196518,0.04954631254076958,0
1228859574,04061557X,0.06265556067228317,0.6666666666666666
1228859574,041391586,0.04927248880267143,0
1228859574,041406605,0.04981960728764534,0
1229701230,040013073,0.049454327672719955,0
1229701230,040189686,0.046925246715545654,0
1229701230,040338428,0.04806962236762047,0
1229701230,041285166,0.10496913641691208,0
1229701230,994265085,0.04701639711856842,0
1229728023,040026418,0.03138543665409088,0.6666666666666666
1229728023,040268284,0.053573060780763626,0.6666666666666666
1229728023,040359646,0.05401565507054329,0
1229728023,041132920,0.053024712949991226,0
1229728023,043185398,0.03177187964320183,0.3333333333333333
1229987754,040223892,0.04938492178916931,0.3333333333333333
1229987754,040223922,0.030565181747078896,0.6666666666666666
1229987754,040477460,0.01522026490420103,0.3333333333333333
1229987754,040586405,0.12419585138559341,0.6666666666666666
1229987754,041126289,0.04673994705080986,0.3333333333333333
1229987754,041269748,0.046090397983789444,0.3333333333333333
1229987754,041841263,0.04578099772334099,0.3333333333333333
1230062513,04014237X,0.05038895085453987,0
1230062513,040142477,0.05001162365078926,0.6666666666666666
1230062513,040299198,0.050244491547346115,0.3333333333333333
1230062513,040626709,0.049984950572252274,0.3333333333333333
1230062513,041748565,0.0166439451277256,0.6666666666666666
1230062513,042045304,0.016627490520477295,1
1230062513,042995396,0.0511954128742218,0.3333333333333333
1230062513,940589761,0.01670706830918789,0.6666666666666666
1230103074,040300463,0.03345465660095215,1
1230103074,040347575,0.04985944926738739,0
1230103074,040368718,0.049952924251556396,0
1230103074,040600874,0.04994235560297966,0
1230103074,041598768,0.05018777772784233,0
1230103074,943795524,0.0519685260951519,0.6666666666666666
1230103481,040059405,0.047756340354681015,0.3333333333333333
1230103481,040118827,0.054135989397764206,0.3333333333333333
1230103481,040564339,0.07646458595991135,0.6666666666666666
1230103481,041954610,0.0537925660610199,0.6666666666666666
1230103481,042203732,0.01588273234665394,0.6666666666666666
1230103570,040063402,0.047055523842573166,0.6666666666666666
1230103570,040101762,0.04712202772498131,1
1230103570,040120406,0.047195229679346085,1
1230103570,040261816,0.11620837450027466,1
1230103570,040706362,0.047221023589372635,1
1230323619,040309827,0.0771377757191658,0.6666666666666666
1230323619,040309932,0.01620779000222683,0.3333333333333333
1230323619,04136998X,0.031637679785490036,0
1230323619,041417054,0.031662385910749435,0
1230323619,116564741,0.04695615544915199,0
1230625208,040675440,0.050167545676231384,0
1230625208,041837843,0.05044993758201599,0
1230625208,042040698,0.05019840598106384,0
1230625208,043033504,0.050038039684295654,0.3333333333333333
1230625208,04318717X,0.0501839704811573,0.6666666666666666
1230661506,040443213,0.016018828377127647,0.3333333333333333
1230661506,040477045,0.06889839470386505,0.3333333333333333
1230661506,041144023,0.04833167791366577,0.6666666666666666
1230691758,040003132,0.05002681538462639,0.3333333333333333
1230691758,040311708,0.03343413397669792,0.6666666666666666
1230691758,040646890,0.05003359913825989,0
1230691758,040708136,0.0334840826690197,0.3333333333333333
1230691758,042596386,0.050037283450365067,0
1230756051,040198642,0.04666741564869881,0
1230756051,1059654830,0.030823886394500732,0
1230756051,1059892782,0.03080230951309204,0
1230756051,118622110,0.12239378690719604,0.3333333333333333
1230797068,004796454,0.04943602904677391,0.6666666666666666
1230797068,040457915,0.04913681373000145,0.3333333333333333
1230797068,041211332,0.032876819372177124,0
1230797068,041373782,0.050809502601623535,0
1231066733,041369254,0.050195757299661636,0.3333333333333333
1231066733,04267316X,0.04972932115197182,0
1231066733,042964164,0.05287556350231171,1
1231274441,040006263,0.0302738007158041,0.3333333333333333
1231274441,040065685,0.04569004103541374,0.3333333333333333
1231274441,041143337,0.12210740894079208,0.3333333333333333
1231274441,041374142,0.046061765402555466,0
1231274441,041388038,0.04697000980377197,0.6666666666666666
1231274441,971576181,0.06366471201181412,0.3333333333333333
1231455829,041394070,0.04910019040107727,0
1231455829,042071887,0.03258175775408745,0.6666666666666666
1231455829,042368650,0.050130024552345276,0.6666666666666666
1231455829,04316837X,0.049203287810087204,0.6666666666666666
1231455829,940754541,0.016128113493323326,0.6666666666666666
1231455829,953339963,0.032378245145082474,0.6666666666666666
1231713003,040118827,0.016302000731229782,0.3333333333333333
1231713003,040533697,0.05032039061188698,0.3333333333333333
1231713003,04053474X,0.07340463995933533,0.6666666666666666
1231713003,040620050,0.04883761331439018,0.3333333333333333
1231713003,041154347,0.0488133579492569,0.6666666666666666
1231713003,041154843,0.049246106296777725,0
123171302X,040198693,0.04890023544430733,0
123171302X,040438694,0.07442128658294678,0.3333333333333333
123171302X,040564584,0.03287258371710777,0
123171302X,041205472,0.04873298481106758,0
123171302X,041451457,0.03283169865608215,0
1231714018,040632695,0.05032466724514961,0.3333333333333333
1231714018,1049569555,0.03293048217892647,0
1231714018,11861911X,0.05711422488093376,0.6666666666666666
1231714018,300157185,0.04960418865084648,0
1231714174,040120643,0.053223446011543274,0
1231714174,040228088,0.051896560937166214,0
1231714174,04209867X,0.05085599422454834,0
1231714174,943735416,0.05069436505436897,0
1231791667,041360303,0.06138463318347931,0
1231791667,041502655,0.0495678074657917,0
1231791667,041801199,0.04934488609433174,0
1231791667,041926749,0.04952196776866913,0
1231791667,041970950,0.04961210489273071,0
1232072745,040602907,0.049987852573394775,0
1232072745,040623866,0.050342440605163574,0
1232072745,041306090,0.050202276557683945,0
1232072745,041893999,0.051032643765211105,0
1232072745,04308639X,0.049961190670728683,0
1232413623,040631583,0.05181562528014183,1
1232413623,041339223,0.0504809133708477,1
1232413623,04149458X,0.05679254233837128,1
1232413623,042372038,0.016424795612692833,0
1232413623,942373596,0.05038885772228241,0.3333333333333333
1232488313,040182029,0.04822221025824547,0.3333333333333333
1232488313,04040949X,0.047857578843832016,0.3333333333333333
1232488313,040447952,0.04785771295428276,0.6666666666666666
1232488704,040158330,0.0610591284930706,0
1232496596,040767159,0.04734839126467705,0
1232496596,040767590,0.10036172717809677,0.3333333333333333
1232496596,041531744,0.04737088084220886,0
1232534870,040261700,0.049041498452425,0.6666666666666666
1232534870,040359646,0.04885837435722351,0.6666666666666666
1232534870,040474976,0.049031179398298264,0.6666666666666666
1232534870,040504794,0.016123278066515923,0
1232534870,041132920,0.016279112547636032,0
1232646075,040124754,0.015907587483525276,0.6666666666666666
1232646075,040455998,0.04874877631664276,0.6666666666666666
1232646075,041370422,0.05002131685614586,0.6666666666666666
1232811629,007439415,0.029220953583717346,0
1232811629,041155912,0.029308581724762917,0
1232811629,04321956X,0.02921847440302372,0
1232816698,041256980,0.0464683473110199,0
1232816698,043119476,0.04645754024386406,0
123289480X,040015734,0.015481501817703247,0.6666666666666666
123289480X,040015866,0.04702666401863098,0.6666666666666666
123289480X,041365135,0.04727883264422417,0
123289480X,04166051X,0.04887194558978081,0
123289480X,041696263,0.0471256822347641,0.6666666666666666
1233007580,040006263,0.049990344792604446,0.3333333333333333
1233007580,040359646,0.05431266129016876,0.3333333333333333
1233007580,041678850,0.05005716159939766,0
1233007580,946612226,0.03336203470826149,0
1233007580,960871357,0.04977012053132057,0
123301286X,040015157,0.04624301195144653,0
123301286X,04020832X,0.04878659173846245,0.3333333333333333
123301286X,04059758X,0.015337791293859482,0
123301286X,940741164,0.045965585857629776,0
123301286X,941289958,0.04596692696213722,0
1233182358,040359646,0.049127474427223206,0.3333333333333333
1233182358,040464490,0.05874858424067497,0.6666666666666666
1233182358,041132920,0.03266764432191849,0.3333333333333333
1233182358,041248546,0.06872736662626266,0.6666666666666666
1233182358,041529758,0.04843173548579216,0.6666666666666666
123327421X,040013073,0.055921122431755066,0.3333333333333333
123327421X,04047724X,0.055133238434791565,0.6666666666666666
123327421X,041216539,0.04952043294906616,0.6666666666666666
1233336320,041854640,0.047884661704301834,0.6666666666666666
1233336320,041949013,0.03127468004822731,0
1233418912,040187764,0.105427585542202,0.6666666666666666
1233418912,040318834,0.0796833410859108,1
1233418912,04061963X,0.041843365877866745,0.3333333333333333
1233418912,04131218X,0.027684738859534264,0.6666666666666666
1233967401,040187764,0.1176045835018158,1
1233967401,04124995X,0.046685803681612015,0
1233967401,04200179X,0.04647110402584076,0.6666666666666666
1233967940,040675378,0.04986364021897316,0.6666666666666666
1233967940,040675475,0.016496211290359497,0
1233967940,041632494,0.04975559189915657,0
1233967940,041884175,0.05107879638671875,0
1233967940,042216176,0.05099882185459137,0
1233967940,94637922X,0.054778385907411575,0
1234013614,040031152,0.03343668952584267,0.3333333333333333
1234013614,04024069X,0.03335702046751976,0
1234013614,040557375,0.05004262924194336,0
1234013614,040760669,0.03332509845495224,0
1234013614,041282566,0.03332069143652916,0
1234015838,040455157,0.05443321540951729,1
1234015838,040459608,0.046581655740737915,0.3333333333333333
1234015838,040757102,0.047205641865730286,0.6666666666666666
1234015838,041126289,0.030297040939331055,0
123406667X,04316837X,0.04577488824725151,0
123406667X,983071055,0.045161742717027664,0
1234158876,040232220,0.03213220462203026,0
1234158876,040435822,0.015397832728922367,0.6666666666666666
1234158876,1036671844,0.03193439915776253,0
1234158876,118544489,0.09719643741846085,0.6666666666666666
1234158876,118552147,0.03189295157790184,0
1234158876,300166400,0.0321149118244648,0
1234243679,040168425,0.03180869668722153,0.3333333333333333
1234243679,040378772,0.03180334344506264,0.3333333333333333
1234243679,041352319,0.031824711710214615,0.6666666666666666
1234243679,041882296,0.03176577389240265,0.6666666666666666
1234391503,040457915,0.049947068095207214,0.6666666666666666
1234391503,040597660,0.01509381178766489,0.3333333333333333
1234392542,040014460,0.05126284435391426,0
1234392542,040589404,0.04984452202916145,0
1234392542,041342623,0.016574595123529434,0.6666666666666666
1234392542,043084168,0.05094249173998833,0.6666666666666666
1234395096,040414213,0.05086013674736023,0
1234395096,042302609,0.03323796018958092,0
1234395096,118559796,0.03324836865067482,0
1234563797,040548589,0.04552732780575752,0.6666666666666666
1234563797,040715078,0.048268646001815796,0.6666666666666666
1234563797,041294645,0.05441062152385712,0.6666666666666666
1234563797,951314505,0.04612765833735466,0
1234563797,953078779,0.04612765833735466,0
1234912406,041221664,0.044086337089538574,0.6666666666666666
1234912406,041837843,0.048524972051382065,0
1234912406,042567092,0.05804555490612984,0.3333333333333333
1235019098,040020282,0.030721431598067284,0.3333333333333333
1235019098,040311937,0.030711164698004723,0.3333333333333333
1235019098,040559025,0.04588039591908455,0.3333333333333333
1235148335,040118827,0.03925153613090515,0.6666666666666666
1235148335,041982339,0.049384940415620804,0.6666666666666666
1235152871,040111342,0.04353426769375801,0.6666666666666666
1235152871,040118827,0.046290088444948196,0.3333333333333333
1235720969,040006263,0.0630614161491394,0.6666666666666666
1235720969,041220978,0.0485217459499836,0
1235720969,041708008,0.04835185036063194,0
1236776747,041204484,0.06841257214546204,0.6666666666666666
1236776747,042007933,0.07870553433895111,0.3333333333333333
1236813286,040232077,0.05007977783679962,0.6666666666666666
1236813286,040449033,0.05044751986861229,0.3333333333333333
1236813286,040459608,0.049876619130373,0
1236813286,040528235,0.05198260024189949,0.3333333333333333
1236813286,041132262,0.050845008343458176,0.6666666666666666
1236813286,041798007,0.016615217551589012,0
1236900030,041313364,0.049951761960983276,0
1236900030,041325087,0.016460083425045013,0.3333333333333333
1236900030,041345843,0.05025709047913551,0
1236900030,041877772,0.05348236858844757,0
1236900030,1064946224,0.049426037818193436,0.3333333333333333
1236901002,040557367,0.04807393252849579,0.6666666666666666
1236901002,040557626,0.03347648307681084,1
1236901002,041165462,0.04934649169445038,0.6666666666666666
1237107989,040760669,0.06328857690095901,0
1237107989,041154037,0.04519527778029442,0
1237107989,041431804,0.04525504633784294,0
1237107989,98682156X,0.045147329568862915,0
1237221757,04023097X,0.05088707432150841,0.6666666666666666
1237221757,040455033,0.03144747391343117,1
1237221757,040482146,0.05154712125658989,1
123768482X,040710343,0.05941704288125038,0.6666666666666666
123768482X,040783154,0.04936238005757332,1
123768482X,041532422,0.03217149153351784,0.6666666666666666
1237884179,040118827,0.07539614289999008,0.3333333333333333
1237884179,040223442,0.04503406211733818,0.3333333333333333
1237884179,04137830X,0.11428689956665039,0.6666666666666666
1237884179,043006590,0.030535196885466576,0
1237884179,940431181,0.045018743723630905,0
1237895073,041157125,0.055815190076828,0
1237896266,040052486,0.047335151582956314,0
1237896266,040118827,0.12260448187589645,0
1237896266,040118894,0.046477872878313065,0
1237896266,040487377,0.050971001386642456,0
1237896266,040628019,0.050308942794799805,0
1237896266,040721337,0.015129116363823414,0.6666666666666666
1237896533,007636040,0.05025012791156769,0
1237896533,040118827,0.0653422474861145,0.6666666666666666
1237896533,040446859,0.06009404733777046,0.6666666666666666
1237898390,040457915,0.04731115698814392,0.3333333333333333
1237898390,040457982,0.04704859480261803,0.6666666666666666
1237898390,040607240,0.04896298050880432,0.6666666666666666
1237898390,041165683,0.047274161130189896,0
1237937671,040375897,0.048830728977918625,0.6666666666666666
1237937671,040428397,0.05130019783973694,1
1237937671,040692213,0.051148027181625366,0.6666666666666666
1237958989,040432718,0.048658862709999084,0
1237958989,040487377,0.04907138645648956,0
1237958989,040690083,0.032715458422899246,0
1237958989,04126505X,0.03272020444273949,0
123796282X,040492249,0.048532634973526,1
123796282X,040777847,0.04611549898982048,0
123796282X,04126505X,0.04617476463317871,0.3333333333333333
123796282X,041772520,0.04617471620440483,0.3333333333333333
1237964490,040118827,0.04903293773531914,0.6666666666666666
1237964490,040223442,0.051216717809438705,0.6666666666666666
1237964490,040566668,0.05417255684733391,0.3333333333333333
1237967066,040053059,0.043621208518743515,0
1237967066,041528018,0.04367877170443535,0
1237967066,041898028,0.043733831495046616,0.6666666666666666
1237967066,041992237,0.04370599985122681,0
1237967562,040437558,0.04971775412559509,1
1237967562,040616436,0.04971548542380333,0
1237967562,040628019,0.049648623913526535,0
1237968941,041124669,0.060055121779441833,1
123796976X,040114139,0.03258611261844635,0
123796976X,040118827,0.07772041857242584,0
123796976X,040181456,0.03255539759993553,0
123796976X,040487377,0.04848960041999817,1
123796976X,041701747,0.048635151237249374,0
1238222269,040582167,0.042678266763687134,1
1238222269,041310810,0.04265127703547478,0
1238336957,040182029,0.052154671400785446,0.3333333333333333
1238336957,040465268,0.014583718962967396,0.3333333333333333
1238336957,040473767,0.04493865743279457,0.3333333333333333
1238336957,041135377,0.04501035809516907,0
1238367402,040261816,0.033116962760686874,0
1238367402,040300536,0.016602499410510063,0.3333333333333333
1238367402,04042278X,0.04991372302174568,0.3333333333333333
1238367402,041406605,0.03281991183757782,0.3333333333333333
1238367402,042770068,0.049403250217437744,0.3333333333333333
1238394590,040052486,0.046104058623313904,0
1238394590,040470466,0.04630066826939583,0.6666666666666666
1238394590,040787044,0.052977532148361206,0.3333333333333333
1238438857,041206967,0.04597792029380798,0.6666666666666666
1238438857,041206975,0.047473568469285965,0.6666666666666666
1238438857,041689070,0.04593193158507347,0.6666666666666666
1238496466,04074518X,0.02853352576494217,0
1238496466,041140125,0.04283283278346062,0
1238496466,042195306,0.028522998094558716,0
1238496512,040375897,0.04563330486416817,0.3333333333333333
1238496512,040785998,0.045836012810468674,0
1238496512,041694988,0.05639556422829628,0.6666666666666666
1238655297,040245969,0.050001710653305054,0.3333333333333333
1238655297,116954647,0.033305224031209946,0
1238655297,118535994,0.01664726249873638,0.6666666666666666
1238655297,118632884,0.04995259270071983,0
1238655297,119312700,0.049956440925598145,0
1238788114,040480542,0.0333595871925354,0
1238788114,040605957,0.05094127729535103,0.6666666666666666
1238788114,04116377X,0.03331590071320534,0
1238788114,041243277,0.01673044078052044,0
1238788114,041897765,0.03327978029847145,0.6666666666666666
1238788114,042011485,0.04995852708816528,0
1238887627,040335690,0.0559968464076519,0.6666666666666666
1238887627,040378756,0.04818463698029518,0
1238887627,040742660,0.07962050288915634,0.6666666666666666
1238893058,040184285,0.03337021544575691,0
1238893058,040564495,0.01667402684688568,0.3333333333333333
1238893058,040564592,0.050022292882204056,0
1238893058,040564754,0.03333362564444542,0
1238893058,040565084,0.033525604754686356,0.3333333333333333
1238893058,040714616,0.033416297286748886,0
1238893058,041379330,0.03337334841489792,0
1238893910,040372200,0.050037726759910583,0
1238893910,1055976086,0.04998621344566345,0
1238893910,121535118,0.049982067197561264,0
1238893910,1234100835,0.050119031220674515,0
1238893910,124017681,0.05002887547016144,0
1238894690,007367104,0.029982158914208412,0
1238894690,041333209,0.02968052588403225,0.6666666666666666
1238894690,953514196,0.04466209188103676,0
1238894755,00403595X,0.03333089128136635,0
1238894755,007622228,0.03333030268549919,0.6666666666666666
1238894755,040027678,0.04999776557087898,0.6666666666666666
1238894755,040028089,0.05028943717479706,0.3333333333333333
1238894755,040057283,0.016665803268551826,0.3333333333333333
1238894755,117080535,0.04999011754989624,0.6666666666666666
1238895042,040178943,0.04954172298312187,0
1238895042,040432718,0.05074121430516243,0
1238895042,040708012,0.056805890053510666,0
1238895042,041140060,0.03334197774529457,0
1238895042,041586212,0.04968493804335594,0
1239422075,040398277,0.04744367301464081,0.3333333333333333
1239422075,040457982,0.04816349223256111,0
1239422075,041961080,0.052681516855955124,0
1239442521,040072592,0.0462736040353775,0.3333333333333333
1239442521,040455157,0.03147845342755318,0.6666666666666666
1239442521,964982102,0.03100661188364029,0
1239561563,040118827,0.02994920313358307,0
1239561563,040432718,0.044416189193725586,0
1239561563,040617785,0.08008906245231628,0.3333333333333333
1239837879,040290026,0.03333310782909393,0
1239837879,040492508,0.05000710114836693,0
1239837879,042216397,0.03333691135048866,0
1239837879,1043870903,0.016666853800415993,0
1239919131,040028054,0.0498155914247036,0.3333333333333333
1239919131,040635147,0.05044674873352051,0
1239919131,040635163,0.052953530102968216,0
1239919131,040787044,0.04987402632832527,0
1239919131,041127269,0.04991002753376961,0
1240229674,040184285,0.04967128112912178,0
1240229674,040596575,0.05124722048640251,0
1240229674,041132920,0.033983856439590454,0
1240229674,041320336,0.0537056066095829,0.6666666666666666
1240229674,041433882,0.0331498384475708,0
1240317476,04072560X,0.04650555178523064,0
1240317476,04121465X,0.060209471732378006,0.6666666666666666
1240317476,041694430,0.1119573637843132,0.3333333333333333
1240487541,040120317,0.03286173567175865,0.6666666666666666
1240487541,04026193X,0.04941001906991005,0.6666666666666666
1240487541,040300536,0.04921679571270943,0.6666666666666666
1240487800,040268799,0.016110748052597046,1
1240487800,040416437,0.05037553235888481,0.3333333333333333
1240487800,040455157,0.0506097637116909,1
1240487800,040493199,0.048674121499061584,0
1240487800,041133099,0.03257878124713898,0.6666666666666666
1240495560,040101762,0.04670147970318794,0.3333333333333333
1240495560,040114740,0.11673617362976074,0.6666666666666666
1240495560,040477460,0.04569235444068909,0.6666666666666666
1240495560,041842170,0.04847675934433937,0.3333333333333333
1240495560,041954610,0.05263574793934822,0.6666666666666666
1240540469,040332039,0.04661861062049866,0.6666666666666666
1240540469,04164199X,0.05304073914885521,0.6666666666666666
1240540469,043264646,0.04998451843857765,0.6666666666666666
1240540469,981714250,0.0574241578578949,0.6666666666666666
1240832478,040324443,0.029380256310105324,0
1240832478,04059758X,0.048145052045583725,0.3333333333333333
1240832478,042022940,0.029350927099585533,0
1241019150,040201368,0.06920238584280014,0.6666666666666666
1241019150,040490750,0.04561837390065193,0
1241019150,040767590,0.07648532837629318,0.6666666666666666
1241019150,041221664,0.0813419297337532,0.6666666666666666
1241019150,041531744,0.04966582730412483,0
1241064660,040052273,0.04673026502132416,0.6666666666666666
1241064660,04071781X,0.04660956561565399,0.6666666666666666
1241064660,040783154,0.03074902854859829,0.6666666666666666
1241537658,040259226,0.03260087966918945,0
1241537658,040359646,0.061395201832056046,0.3333333333333333
1241537658,041132920,0.06728535145521164,0
1241537658,041136152,0.059039968997240067,0
1241667888,040457915,0.015342122875154018,0.3333333333333333
1241667888,040756602,0.030913526192307472,0
1241667888,042989663,0.03196268156170845,0
1241667888,118555006,0.030845368281006813,0.6666666666666666
1241675589,040118827,0.05086055397987366,0.6666666666666666
1241675589,040208729,0.030593013390898705,0
1241675589,040425703,0.08500975370407104,0.6666666666666666
1241675589,040488292,0.09317302703857422,0.6666666666666666
1241675589,970059434,0.030574381351470947,0
1241811490,040714977,0.030846958979964256,0.3333333333333333
1241811490,04121465X,0.04698885604739189,0.3333333333333333
1241811490,041447344,0.04629509523510933,0
1241811490,041447913,0.04621506854891777,0.6666666666666666
1241811490,041963245,0.030604252591729164,0.3333333333333333
1241811490,042425255,0.04618792608380318,0.3333333333333333
1242026134,04066399X,0.044969845563173294,0.6666666666666666
1242026134,040664384,0.015190246514976025,0.3333333333333333
1242026134,1206288906,0.04462580010294914,0.3333333333333333
1242385274,040733319,0.04707261919975281,0.6666666666666666
1242385274,043084168,0.04871011897921562,0
1242385274,959116044,0.04873047396540642,0.6666666666666666
1242385525,041242610,0.052341852337121964,0
1242385525,041352319,0.04847909137606621,0
1242385525,041859170,0.051586803048849106,0
1242810226,040062929,0.04535262659192085,0
1242810226,040538818,0.04597988724708557,0
1242860320,040694917,0.04877588525414467,0.3333333333333333
1242860320,041222237,0.04806414246559143,0.3333333333333333
1242860320,041338065,0.0528206042945385,0
1242860320,04307166X,0.048108477145433426,0.3333333333333333
1242973605,040373630,0.03187103942036629,0
1242973605,041343565,0.016396870836615562,0
1242973605,949154830,0.016396643593907356,0.3333333333333333
1243351179,040118827,0.05063853785395622,0.3333333333333333
1243351179,040288595,0.02977820485830307,0.3333333333333333
1243351179,04123880X,0.029750028625130653,0.6666666666666666
1243569786,040403750,0.04999662935733795,0
1243569786,040462358,0.033339258283376694,0.6666666666666666
1243569786,04050803X,0.03336116671562195,0.3333333333333333
1243569786,041309294,0.03334127366542816,0
1243569786,041346548,0.03333629295229912,0
1243714271,040354083,0.05096827819943428,0
1243714271,040620050,0.049789249897003174,0
1243714271,041393708,0.04992104694247246,1
1243746769,04033676X,0.033597901463508606,0.6666666666666666
1243746769,040765733,0.051119714975357056,1
1243746769,041849507,0.05044819042086601,0
1243746769,042735130,0.03352431580424309,0
1243746769,98909085X,0.033250536769628525,0
1244282340,04053474X,0.048626627773046494,0
1244282340,040734994,0.04834035038948059,0
1244282340,965002845,0.06585914641618729,0
1244476870,040120635,0.04820088669657707,0
1244476870,040187764,0.05412105843424797,0
1244476870,04053524X,0.04804156348109245,0
1244476870,041351487,0.049045369029045105,0
1244476978,040120619,0.05036509409546852,0.3333333333333333
1244476978,040120635,0.0867324098944664,0
1244476978,040350886,0.0479455441236496,0.3333333333333333
1244476978,041243625,0.04807824268937111,0
1244476978,041494849,0.050984930247068405,0
1245003038,040388522,0.049811094999313354,0.3333333333333333
1245003038,040467694,0.05177071690559387,1
1245003038,041406605,0.05072718486189842,0.3333333333333333
1245003038,041549473,0.04998074471950531,0.3333333333333333
1245003038,041877144,0.03318898007273674,0.6666666666666666
1245563238,040118827,0.04848412796854973,0.3333333333333333
1245563238,041235290,0.07232604175806046,0.6666666666666666
1245563238,952319586,0.0501091293990612,0.6666666666666666
1245622080,040408434,0.049943920224905014,0
1245622080,04077208X,0.049957405775785446,0
1245622080,041808347,0.049751460552215576,0
1245622080,041969103,0.05268542841076851,0
1245791761,040114503,0.030693182721734047,0.6666666666666666
1245791761,040156028,0.04725630581378937,0.3333333333333333
1245791761,040205886,0.04591579735279083,0.6666666666666666
1245791761,040457915,0.04663972929120064,0.6666666666666666
1245791761,042614627,0.03091433085501194,0.3333333333333333
1245864378,040013073,0.03337536379694939,0
1245864378,040014797,0.03331118822097778,0.3333333333333333
1245864378,040631737,0.04998500272631645,0.3333333333333333
1245864378,040754545,0.033318374305963516,0
1245864378,041777875,0.03332769498229027,0
1246274523,040057283,0.04809827730059624,0.3333333333333333
1246274523,040118827,0.06457719206809998,0.6666666666666666
1246274523,040278336,0.04878650978207588,0.6666666666666666
1246274523,040764885,0.03205789253115654,0
1246745143,040310035,0.03333808854222298,1
1246745143,04049828X,0.051361020654439926,1
1246745143,041312864,0.049604400992393494,0.3333333333333333
1246745143,041349776,0.04986904561519623,0
1246745143,042792177,0.04990961775183678,0.6666666666666666
1246904411,040261816,0.10204384475946426,1
1246904411,040455033,0.031211843714118004,0
1246904411,041377885,0.03153665363788605,0.3333333333333333
1246904411,041854764,0.0317804254591465,0
1246904411,951130137,0.04729674756526947,0.3333333333333333
1247606392,040350932,0.04652130603790283,0.6666666666666666
1247606392,040581675,0.030935540795326233,0.3333333333333333
1248285611,040118827,0.06419938057661057,0.3333333333333333
1248285611,040432718,0.05036552622914314,0
1248365933,040493199,0.04882991313934326,0
1248365933,040605957,0.04915342852473259,0.3333333333333333
1248365933,041143930,0.0496002621948719,0.3333333333333333
1248384989,040223493,0.04702623188495636,0
1248384989,040379493,0.06455636024475098,0
1248384989,040773477,0.04723184183239937,0.3333333333333333
1248384989,041257537,0.04451897740364075,0
124913952X,040334228,0.047907885164022446,0
124913952X,041143337,0.08935081958770752,0.6666666666666666
124913952X,041660439,0.04545098543167114,0
1249415837,004987098,0.044332653284072876,0
1249415837,040476898,0.11246643215417862,0.6666666666666666
1249415837,041243900,0.02952282689511776,0
1249415837,118535315,0.08956832438707352,0.6666666666666666
1249415837,119514214,0.029394060373306274,0
1249663997,040254054,0.06006254628300667,0.6666666666666666
1249663997,040309339,0.04627765342593193,0
1249663997,040456609,0.015572912059724331,0.6666666666666666
1249663997,040564495,0.03077772818505764,0.6666666666666666
1249663997,04056486X,0.015103522688150406,0.6666666666666666
1249663997,041603796,0.04674581065773964,0
1249724619,041143337,0.0509362630546093,0.3333333333333333
1249724619,041383966,0.053400009870529175,0.3333333333333333
1249761875,040026418,0.03327757492661476,0
1249761875,040118827,0.033407654613256454,0.6666666666666666
1249761875,040207757,0.049970757216215134,0.3333333333333333
1249761875,040465144,0.03336546942591667,0
1249761875,040538818,0.050843123346567154,0
1250328209,040372782,0.0704965814948082,0.3333333333333333
1250328209,1206347392,0.04691757261753082,0
1250328209,967941407,0.054763928055763245,0
1250451620,040288145,0.04915231466293335,0.3333333333333333
1250451620,041359526,0.04857844114303589,0
1250734991,040385752,0.05004991218447685,0
1250734991,040763889,0.050040971487760544,0.6666666666666666
1250734991,041788125,0.049746427685022354,0
1250734991,041837843,0.05318308249115944,0
1250734991,041853016,0.04991571232676506,0
1250734991,940785218,0.050287146121263504,0.3333333333333333
1250996538,000387770,0.04999305680394173,0.6666666666666666
1250996538,040168425,0.05057451128959656,0.6666666666666666
1250996538,041132920,0.01653977483510971,0.3333333333333333
1250996538,041403444,0.05206742882728577,0
1250996538,041753615,0.0502769909799099,0.3333333333333333
1250996538,042007208,0.05032365024089813,0.3333333333333333
125114473X,004780035,0.033328890800476074,0
125114473X,040334228,0.03332556411623955,0.3333333333333333
125114473X,040372200,0.03333815932273865,0
125114473X,040791637,0.0333523154258728,0
125114473X,1003726852,0.03333032503724098,0
1251150667,040006263,0.05005832016468048,0.3333333333333333
1251150667,040022374,0.05020894482731819,0
1251150667,04049716X,0.051209185272455215,0.3333333333333333
1251150667,041143337,0.049881428480148315,0.3333333333333333
1251150667,041298950,0.016630006954073906,0.6666666666666666
1251150667,041325699,0.04989996552467346,0.3333333333333333
1251150667,1009564889,0.04997884854674339,0.6666666666666666
1251153852,040408027,0.016664011403918266,0.3333333333333333
1251153852,04052020X,0.04998134449124336,0.3333333333333333
1251153852,041660439,0.033344145864248276,0
1251153852,949077534,0.033336594700813293,0
1251153852,993106455,0.033370837569236755,0
1251161618,040006263,0.07780686020851135,0.6666666666666666
1251161618,040334228,0.05448654294013977,0.3333333333333333
1251161618,041137485,0.11665762215852737,0
1251161618,041572378,0.04461674019694328,0.6666666666666666
1251189164,040066673,0.015848955139517784,0.6666666666666666
1251189164,04055757X,0.048136502504348755,0.6666666666666666
1251189164,041156455,0.047938913106918335,0.3333333333333333
1251189164,041351487,0.04784874618053436,0.3333333333333333
1251189164,042364337,0.08118829131126404,0.3333333333333333
1251189296,040288595,0.04790783300995827,0.6666666666666666
1251189296,040305503,0.04921664297580719,0.6666666666666666
1251189296,040340368,0.04860590770840645,0.3333333333333333
1251189296,041134508,0.016198502853512764,0.6666666666666666
1251239080,040156028,0.05892305448651314,0.6666666666666666
1251239080,040158756,0.05916610360145569,0
1251239080,040782492,0.06502298265695572,0.3333333333333333
1251239080,043084168,0.030779510736465454,0.6666666666666666
1251239080,981784518,0.05152301862835884,0
1251312144,04008602X,0.05033300817012787,0
1251312144,041467949,0.05010002851486206,0.3333333333333333
1251312144,04151226X,0.052537593990564346,0
1251312144,983408289,0.04977939650416374,0
1251498868,040130045,0.016202326864004135,0.3333333333333333
1251498868,040455033,0.06672158092260361,1
1251498868,040455157,0.032874468713998795,0.3333333333333333
1251498868,040493199,0.05048759654164314,0.6666666666666666
1251498868,041155467,0.054159536957740784,1
1251498868,960373039,0.049388546496629715,0.3333333333333333
1251561772,041299213,0.057842087000608444,0.3333333333333333
1251561772,041303032,0.06239684298634529,0.6666666666666666
1251740332,040336670,0.04785294458270073,0
1251740332,041143337,0.0898333266377449,0.6666666666666666
1251740332,041253213,0.04787677526473999,0
1251740332,949596086,0.04789092019200325,0.3333333333333333
1252063792,040058719,0.04300926625728607,0.6666666666666666
1252063792,040693422,0.014132476411759853,0.3333333333333333
1252063792,04121465X,0.04289720579981804,0
1252244762,040272516,0.04996674135327339,0.3333333333333333
1252244762,040477045,0.05100756511092186,0.3333333333333333
1252244762,040557839,0.04986395314335823,0.3333333333333333
1252244762,040734102,0.033220212906599045,0
1252244762,041761863,0.049825605005025864,0.6666666666666666
1252320442,040457915,0.08798228949308395,0.6666666666666666
1252320442,040493962,0.106865793466568,0.6666666666666666
1252320442,040654559,0.04262923821806908,0
1252320442,040718670,0.014238202013075352,0.3333333333333333
1252320442,118608045,0.042721617966890335,0
1252751648,041858298,0.04970652237534523,0
1252751648,118718789,0.03337668254971504,0
1252751648,131360728,0.0364733524620533,0
1252751648,946307415,0.049795087426900864,0
1252751648,985842121,0.0364733524620533,0
1253105812,040039390,0.0333687923848629,0.3333333333333333
1253105812,040065685,0.05037856474518776,0.3333333333333333
1253105812,040318834,0.016658427193760872,0.6666666666666666
1253105812,040564495,0.03334696590900421,0
1253105812,971576181,0.04999139904975891,0.3333333333333333
1253222894,040614182,0.03163953125476837,0
1253222894,04061672X,0.04816078767180443,0.3333333333333333
1253222894,043119476,0.047874823212623596,0
125336561X,040477460,0.0504428893327713,0.3333333333333333
125336561X,040607496,0.049809008836746216,0.6666666666666666
125336561X,04164199X,0.05090327933430672,0
1253513414,040154319,0.05100177600979805,0.3333333333333333
1253513414,040305503,0.014356560073792934,0.3333333333333333
1253513414,040348695,0.04604114592075348,0.6666666666666666
1253513414,94967365X,0.05047719180583954,0.6666666666666666
1253520283,040157016,0.02957114577293396,0
1253520283,040394093,0.048172686249017715,0
1253721378,040097609,0.05800209566950798,0.6666666666666666
1253721378,040267458,0.07429444044828415,0
1253721378,041142489,0.04411671683192253,0.6666666666666666
1253721378,041738764,0.01473776251077652,0.6666666666666666
1253721378,043036872,0.04414282366633415,0
125375313X,040043320,0.05025601387023926,0
125375313X,040261816,0.06002454459667206,0.6666666666666666
125375313X,040386392,0.0328805185854435,0.6666666666666666
125375313X,040795837,0.03286708518862724,0.3333333333333333
125375313X,041240502,0.049335550516843796,0
1254029087,040457915,0.04736073687672615,0
1254029087,040504794,0.08120138198137283,0.3333333333333333
1254029087,040991768,0.047368671745061874,0
1254029087,11852884X,0.06545720249414444,0.6666666666666666
1254029087,118956299,0.05329455807805061,0.6666666666666666
1254906053,04013749X,0.04545539245009422,0.6666666666666666
1254906053,040645320,0.048135191202163696,0.3333333333333333
1254931686,040118827,0.05823000147938728,0
1254931686,040685438,0.04703153297305107,0
1254931686,041210794,0.04915696009993553,0
1254931686,041334566,0.04646651819348335,0
1254931686,041338065,0.10577487200498581,0
1255278064,04074972X,0.04621105268597603,0
1255383755,040300536,0.03347820043563843,1
1255383755,04114483X,0.016659578308463097,0.3333333333333333
1255383755,041610970,0.03332464396953583,0
1255383755,04259409X,0.03330254554748535,0.3333333333333333
1255383755,984337822,0.03330138325691223,0
1255684143,040359646,0.0694839283823967,0
1255684143,040457915,0.04515880346298218,0.6666666666666666
1255684143,040457982,0.015026993118226528,0
1255684143,04242559X,0.015132752247154713,0
1255684143,042617863,0.015073002316057682,0
1255750758,118907425,0.04709576442837715,0
1255750758,94202771X,0.01571173593401909,0
1255750758,968549713,0.015711843967437744,0
1256179299,040028518,0.03332425653934479,0.3333333333333333
1256179299,040183904,0.0333288200199604,0.6666666666666666
1256179299,118774662,0.03332577645778656,0
1256179299,119018810,0.03332088887691498,0
1256179299,973613939,0.016659284010529518,0.3333333333333333
1256346810,040305503,0.030736977234482765,0
1256346810,040378594,0.030688978731632233,0
1256346810,040741680,0.04615941271185875,0.6666666666666666
1256346810,041358384,0.04604398086667061,0.6666666666666666
1256429074,040154319,0.050333913415670395,0.3333333333333333
1256429074,040408434,0.052425216883420944,0.6666666666666666
1256429074,04127993X,0.033066947013139725,0
1256429074,041640438,0.016542887315154076,0
1256431974,040118894,0.07031804323196411,0.3333333333333333
1256431974,040118908,0.048948656767606735,0.3333333333333333
1256431974,040189686,0.01635630428791046,0.6666666666666666
1256431974,04029577X,0.04979446902871132,0.6666666666666666
1256431974,040332292,0.04924933239817619,0.3333333333333333
1256431974,041218574,0.04891977086663246,0.6666666666666666
1256829269,040477045,0.05240583047270775,0.3333333333333333
1256829269,040610233,0.0440545491874218,0.6666666666666666
1256829269,041384369,0.04225477576255798,0.3333333333333333
1256876690,04034889X,0.04913374409079552,0
1256876690,041318234,0.04926257207989693,0
1257220527,040408019,0.06311015039682388,0
1257220527,041298950,0.03302977606654167,0
1257220527,041400232,0.032986465841531754,0
1257220527,043120830,0.03292937949299812,0
1257229672,041145283,0.04970739781856537,0.3333333333333333
1257229672,041535723,0.033029090613126755,0.3333333333333333
1257229672,042533414,0.03321044519543648,0
1257229672,95274967X,0.0495765395462513,0
1257229672,964766485,0.05790539085865021,0
1257421328,040278344,0.04771951958537102,0
1257421328,040359646,0.04781642556190491,0
1257421328,041283015,0.048411354422569275,0.6666666666666666
1257860607,040034127,0.050215065479278564,0
1257860607,040068420,0.050016701221466064,0
1257860607,040358739,0.03326214849948883,0.6666666666666666
1257860607,041524802,0.05043656751513481,0.3333333333333333
1257860607,041613619,0.05002020671963692,0
1257860607,041703707,0.0500810444355011,0.3333333333333333
125834968X,040710459,0.03147503733634949,0
125834968X,040733165,0.04688258096575737,0
125834968X,04161769X,0.04685364291071892,0
1258350459,040155412,0.044920627027750015,0
1258350459,041143647,0.04716702178120613,0
1258350459,101081754X,0.030452623963356018,0
1258854309,040057283,0.056913506239652634,0.6666666666666666
1258869543,040038645,0.04994538426399231,0
1258869543,040144143,0.033382829278707504,0.3333333333333333
1258869543,04015999X,0.050079260021448135,0.3333333333333333
1258869543,041140117,0.05003456398844719,0
1258869543,041142942,0.051877398043870926,0.3333333333333333
1258869543,042666708,0.04995204880833626,0
1259192415,041216539,0.03072480857372284,0.6666666666666666
1259192415,041361490,0.030699491500854492,0
1259192415,041762843,0.04619096592068672,0
1259192415,041868358,0.030698178336024284,0.3333333333333333
1259506304,040350932,0.05091964825987816,0.6666666666666666
1259506304,04077208X,0.05253826081752777,0.3333333333333333
1259506304,041730763,0.05328846350312233,0.6666666666666666
1259506304,100929847X,0.032759733498096466,0
1259506304,954874765,0.051363393664360046,0.6666666666666666
1259506304,965002845,0.04864754155278206,0
125969402X,004691792,0.050068289041519165,0
125969402X,04126861X,0.033322129398584366,0
125969402X,041914120,0.03331700339913368,0
125969402X,042592534,0.033317457884550095,0.3333333333333333
1259731456,041140516,0.050192251801490784,0.3333333333333333
1259731456,041248546,0.05636698380112648,0
1259731456,944720374,0.049729060381650925,0.3333333333333333
1260724212,040014207,0.04206505045294762,0.6666666666666666
1260724212,040328139,0.07825019210577011,0.6666666666666666
1260724212,040746720,0.04510628059506416,0.6666666666666666
1260749525,041253337,0.04717634990811348,0.6666666666666666
1260749525,041319435,0.04720880091190338,0.6666666666666666
1261095162,040569950,0.04518751800060272,0.3333333333333333
1261095162,04072560X,0.04344234988093376,0
1261284844,041250249,0.03073916584253311,0
1261284844,042929318,0.030935412272810936,0
1261284844,043109500,0.030684709548950195,0.3333333333333333
1261284844,122932471,0.04608072713017464,0.3333333333333333
1261284844,965191699,0.030707724392414093,0
1261849043,040147770,0.04638409614562988,0
1261849043,04072560X,0.016861481592059135,0
1261849043,1026830079,0.031330518424510956,0
1261978897,040557626,0.05382126569747925,0.3333333333333333
1261978897,981784518,0.04763958230614662,0
1261978897,981966233,0.054365646094083786,0.3333333333333333
1263780709,040759954,0.05037945881485939,0
1263780709,040759962,0.049210306257009506,0.3333333333333333
1263780709,041297210,0.04886754974722862,0
1263780709,041738632,0.0511118583381176,0.6666666666666666
1264304889,040473767,0.049161601811647415,0.3333333333333333
1264304889,040559033,0.048734813928604126,0.3333333333333333
1264304889,040759954,0.04928098991513252,0.3333333333333333
1264304889,100072185X,0.05411606654524803,0.3333333333333333
1264641850,041456254,0.04561396315693855,0
1264641850,041760247,0.04529180750250816,0
1264641850,041788125,0.029951944947242737,0
1264641850,042801508,0.06391296535730362,0
1264641850,042841372,0.045238375663757324,0
1264754671,040359646,0.016171639785170555,0.6666666666666666
1264754671,040729052,0.04738088324666023,0.3333333333333333
1264754671,118506862,0.051240671426057816,0.6666666666666666
1264754671,118677888,0.05564223229885101,0.6666666666666666
1265009473,043268315,0.04957343265414238,0
1265009473,942865049,0.03302488848567009,0
1265009473,952656108,0.03299662098288536,0
1265173605,040359646,0.047208938747644424,0.6666666666666666
1265173605,04067889X,0.04654226079583168,0
1265173605,041176332,0.04718435928225517,0.3333333333333333
1265754292,040493962,0.05095081403851509,0.3333333333333333
1265754292,04059758X,0.045618053525686264,0.6666666666666666
1265754292,040653528,0.04492826387286186,0.6666666666666666
1265754292,040710505,0.05771425738930702,0.6666666666666666
1265754292,040718670,0.04530148580670357,0.6666666666666666
1265754292,041142942,0.047475557774305344,0.6666666666666666
1265801215,007367104,0.04902859404683113,0
1265801215,040751287,0.03291642665863037,0
1265801215,041305264,0.05283471941947937,0
1265801215,041708350,0.056600745767354965,0
1265801215,94891565X,0.049327921122312546,0
1266293957,040226484,0.04964056983590126,0.3333333333333333
1266293957,040459772,0.056133609265089035,0.6666666666666666
1266293957,041231767,0.0501142293214798,0.6666666666666666
1266293957,041351754,0.016589917242527008,0.6666666666666666
1266294708,100763871,0.049982476979494095,0
1266294708,118512676,0.05005987361073494,0
1266294708,118535994,0.033440396189689636,0
1266294708,118560085,0.05004418268799782,0
1266294708,118634488,0.033328112214803696,0
1267033908,040104575,0.04812684282660484,0
1267033908,041752880,0.03199886158108711,0
1267033908,94891565X,0.051524221897125244,0
1267251417,04007403X,0.05188016593456268,1
1267251417,040074056,0.06034376099705696,0.3333333333333333
1267251417,040118827,0.03282904252409935,0
1267251417,040357694,0.0583476759493351,1
1267251417,041901118,0.048794299364089966,0
1268129038,040941426,0.04629628732800484,0
1268129038,041277945,0.12355416268110275,0.3333333333333333
1268129038,1024689581,0.04632379487156868,0
1268129038,944562663,0.04649822786450386,0
1268129038,967611555,0.046315912157297134,0
1268712566,040414086,0.04509701207280159,0
1268712566,04049716X,0.044851258397102356,0.6666666666666666
1268997331,040375897,0.053448811173439026,0.3333333333333333
1268997331,04058125X,0.04979945719242096,0
1268997331,04061963X,0.049785811454057693,0
1268997331,04112619X,0.04996287822723389,0
1268997331,041268873,0.05015864968299866,0
1268997331,041530446,0.049876436591148376,0
1269264389,040408027,0.11304405331611633,0.3333333333333333
1269264389,040467813,0.013980109244585037,0
1269264389,041640438,0.04175786301493645,0
1269264389,94891565X,0.042916830629110336,0
1269394517,040595498,0.04926459491252899,0.3333333333333333
1269394517,040728579,0.016508331522345543,0.3333333333333333
1269394517,041212428,0.0630369782447815,0
1269394517,041297555,0.0493989996612072,0.3333333333333333
1269394878,04053474X,0.05957001447677612,0.6666666666666666
1269394878,040757536,0.04947632923722267,0.3333333333333333
1269394878,040772160,0.04877139627933502,0
1270005146,040474976,0.03292601555585861,0.3333333333333333
1270005146,040504794,0.033113252371549606,0
1270005146,041222474,0.04941989853978157,0
1270005146,043120830,0.049446072429418564,0
1270005448,040359646,0.05087551474571228,0.6666666666666666
1270005448,040360318,0.04841258004307747,0
1270005448,041398424,0.051829010248184204,0
1270565648,040462773,0.04281577467918396,0.3333333333333333
1270565648,040623777,0.04272640869021416,0.3333333333333333
1270565648,042092426,0.042719509452581406,0.3333333333333333
1271218348,040118827,0.049892857670784,0.6666666666666666
1271218348,040156028,0.0162653848528862,0.6666666666666666
1271218348,040543900,0.049824196845293045,0
1271218348,041348192,0.03289059177041054,0.3333333333333333
1271510960,040111520,0.05096321925520897,0.6666666666666666
1271510960,040118827,0.047547537833452225,0
1271510960,040632903,0.10293418169021606,0.6666666666666666
1271510960,042098866,0.047001730650663376,0
1271510960,989139034,0.048889487981796265,0
1272949273,04000628X,0.05827929452061653,0.3333333333333333
1272949273,040408906,0.04746697470545769,0
1272949273,041143337,0.05104270577430725,0.6666666666666666
1272952657,040489469,0.05378301441669464,0
1272952657,1186321067,0.03120552934706211,0
1272952657,942051580,0.04637861251831055,0
1272952657,969297246,0.03074542246758938,0
1273046412,040073696,0.03338896483182907,0
1273046412,040459810,0.03342416509985924,0
1273046412,041884019,0.050268519669771194,0
1273438280,04002752X,0.05677105858922005,0
1273438280,040149048,0.05196048319339752,0
1273438280,040701026,0.016426337882876396,0.6666666666666666
1273438280,041134486,0.049528270959854126,0.3333333333333333
127344342X,040403645,0.05743521451950073,0.6666666666666666
127344342X,04072560X,0.05362255498766899,0.6666666666666666
127344342X,041164180,0.04820123314857483,0
127344342X,041996798,0.05566762387752533,0.6666666666666666
1274228204,041139496,0.028372064232826233,0
1274228204,041260953,0.028381451964378357,0
1274640067,040348644,0.03391040861606598,0
1274640067,041134109,0.033781614154577255,0
1274640067,04124995X,0.04996468499302864,0
1274640067,042863007,0.03332744166254997,0
1274640067,956103456,0.050181496888399124,0.3333333333333333
1274667755,040419878,0.03333720192313194,0
1274667755,040511766,0.03332654759287834,0.3333333333333333
1274667755,040565335,0.033536046743392944,0
1274667755,040988805,0.033320263028144836,0
127483905X,040334228,0.03272460028529167,0
127483905X,041256980,0.03272848576307297,0
127483905X,04188423X,0.03278437629342079,0
127483905X,119189011,0.016571886837482452,0
1275244866,040699773,0.05044860765337944,0
1275244866,04131557X,0.016592448577284813,0.6666666666666666
1275244866,04132370X,0.05192653462290764,0.6666666666666666
1275244866,041386493,0.03328726440668106,0
1275244866,041655508,0.03342553600668907,0.3333333333333333
1275244866,041849450,0.03330308571457863,0.3333333333333333
127547585X,040617785,0.049288827925920486,0
127547585X,040746593,0.01617555133998394,0.3333333333333333
1276088256,040784355,0.0432608537375927,0
1276088256,040991024,0.028819769620895386,0
1276239041,004817834,0.04826899245381355,0
1276239041,040014460,0.015947317704558372,0
1276239041,040582167,0.05476249381899834,0
1276239041,041323785,0.0480157770216465,0.3333333333333333
1276239041,967279453,0.04876355826854706,0
1276592396,040052486,0.03160322830080986,0.3333333333333333
1276592396,04009832X,0.04830703139305115,0
1276592396,041132920,0.04691480100154877,0
1276592396,041231767,0.031218944117426872,1
1276600348,040100715,0.0500546395778656,0
1276600348,040198642,0.04912036284804344,0.3333333333333333
1276600348,040240525,0.032774120569229126,0.6666666666666666
1276600348,04024055X,0.058128293603658676,0.6666666666666666
1276600348,040348644,0.057461466640233994,0
1276600348,040493962,0.016313862055540085,0
1276600348,041271955,0.05162353441119194,0.6666666666666666
1276739753,040689395,0.046000491827726364,0
1276739753,040751287,0.030652521178126335,0
1276739753,042686148,0.046085476875305176,0
1276739753,94891565X,0.04746001586318016,0
1277009996,040118827,0.0562920980155468,0.6666666666666666
1277009996,040205339,0.03255150839686394,0
1277009996,040791580,0.051854491233825684,0
1277009996,041291085,0.016339687630534172,0.6666666666666666
1277009996,041750470,0.050402697175741196,0.6666666666666666
1277270902,04020832X,0.033064838498830795,0
1277270902,040335720,0.016491366550326347,0
1277270902,118558749,0.016496282070875168,0
1277270902,118654764,0.03249378874897957,0
1278021019,040128997,0.048598334193229675,0
1278021019,04049716X,0.048435185104608536,0
1278156518,040331148,0.03407881036400795,0.3333333333333333
1278156518,040738175,0.033682916313409805,0.3333333333333333
1278156518,040757390,0.05541003867983818,0.6666666666666666
1278156518,041554418,0.05008992180228233,0.3333333333333333
1278246428,041156064,0.046231482177972794,0
1278246428,041242610,0.046307098120450974,0
1278246428,942388445,0.046102553606033325,0
1278246428,964381699,0.04732769727706909,0
1278869638,04079167X,0.04689249023795128,0
1278869638,042998026,0.047427624464035034,0.3333333333333333
1278869638,101509824X,0.0464584119617939,0
1278869638,946282897,0.04645949974656105,0
1279021233,040756602,0.04175277426838875,0.6666666666666666
1279021233,041529758,0.042766306549310684,0.3333333333333333
1279274808,040359646,0.015767356380820274,0
1279274808,041164857,0.047585513442754745,0.6666666666666666
1279274808,041893999,0.048505425453186035,0
1279274808,118549421,0.04764962196350098,0
1279595736,040453014,0.04984964802861214,0
1279595736,040457915,0.057871799916028976,0
1279595736,040687546,0.04971548542380333,0
1279595736,041132920,0.050602469593286514,0
1279661682,040727076,0.04982692003250122,0.3333333333333333
1279661682,041256557,0.04789699241518974,0.3333333333333333
1279661682,041288904,0.03154049813747406,0
1279661682,118536109,0.04969319701194763,0.6666666666666666
1279693738,040340260,0.05003872886300087,0.6666666666666666
1279693738,040567230,0.050033632665872574,0
1279693738,942462076,0.0500967800617218,0
1280506237,040629546,0.05004394054412842,0
1280506237,041992555,0.0538199245929718,0.3333333333333333
1280506237,960767053,0.049873948097229004,0.6666666666666666
1281295736,004022203,0.048476800322532654,0
1281295736,040521419,0.0161124374717474,0
1281295736,041277945,0.015706496313214302,0.3333333333333333
1281295736,041372107,0.04753571376204491,0.3333333333333333
1281295736,042147093,0.03180838003754616,0
1282144618,041254538,0.049973975867033005,0
1282144618,117317314,0.049928560853004456,0
1282144618,118505041,0.05112596973776817,0
1282144618,118842099,0.04998397454619408,0
1282144618,119004682,0.049925584346055984,0
1282419420,040428842,0.05009019747376442,0
1282419420,04060554X,0.05061069503426552,0
1282419420,040654540,0.03335954248905182,0
1282419420,040703703,0.04996258020401001,0
1282419420,040775879,0.03332294896245003,0
1282856170,040118827,0.04639030992984772,0.6666666666666666
1282856170,040639444,0.04741252586245537,0.6666666666666666
128392420X,041304705,0.04782211780548096,0
128392420X,124534767,0.03123013861477375,0
128392420X,94891565X,0.031255077570676804,0
128392420X,964007150,0.031236805021762848,0
1284818586,040029638,0.036950718611478806,0.3333333333333333
1284818586,040288080,0.05614833906292915,1
1284818586,1017339813,0.033314552158117294,0
1284818586,1030130442,0.04944854602217674,0
1284818586,117069000,0.04945191740989685,0
1285157796,004691792,0.05766375735402107,0.6666666666666666
1285157796,040205886,0.04876583814620972,0.3333333333333333
1285157796,040300056,0.09097707271575928,0.3333333333333333
1285157796,040300277,0.04779813066124916,0.6666666666666666
1285434978,040004643,0.014536947011947632,0.6666666666666666
1285434978,040697223,0.01468734536319971,0.6666666666666666
1285434978,041222008,0.043788183480501175,0.3333333333333333
1285434978,041240464,0.029186835512518883,0
1285869400,120081482,0.028304805979132652,0
1286208327,040359646,0.033301111310720444,0.3333333333333333
1286208327,041140516,0.05009451135993004,0
1286208327,1038714850,0.050002675503492355,0
1286493439,040118827,0.03351415693759918,0.3333333333333333
1286493439,040184803,0.05015234649181366,0
1286493439,040432718,0.03418225422501564,0
1286493439,041941616,0.05076165124773979,0
1287019889,040054616,0.07946813851594925,1
1287019889,041441265,0.0482194684445858,0
1287019889,042064678,0.04806046187877655,0.6666666666666666
1287019889,042262496,0.03234855458140373,0.6666666666666666
1287019889,103887131X,0.01592894457280636,1
1287019889,956260152,0.04817144572734833,0.6666666666666666
1287137156,040413160,0.056299325078725815,0.6666666666666666
1287137156,04061672X,0.056384339928627014,0.6666666666666666
1287137156,042007933,0.050540823489427567,0.6666666666666666
1287585671,040392384,0.05031095817685127,0.6666666666666666
1287585671,040675440,0.050171952694654465,0
1287585671,041249399,0.033166319131851196,0
1287585671,042507014,0.03307296708226204,0.6666666666666666
1287585671,042769337,0.04940672218799591,0.3333333333333333
1288814437,040154645,0.05118976905941963,0.3333333333333333
1288814437,040335976,0.05279240384697914,0
1288814437,040359646,0.060305703431367874,0.3333333333333333
1288814437,041132920,0.05194243788719177,0.6666666666666666
1288814437,944720374,0.050115544348955154,0.3333333333333333
129014530X,040004643,0.06623774766921997,0.6666666666666666
129014530X,040163970,0.03497293218970299,0
129014530X,040245969,0.053521376103162766,0.3333333333333333
129014530X,041222008,0.016341926530003548,0
1290271712,040216624,0.049797285348176956,0
1290271712,040381374,0.053599148988723755,0
1290271712,041319435,0.049789201468229294,0
1290271712,043272002,0.049924980849027634,0
1290271712,948471786,0.05012940242886543,0
1290405719,04037940X,0.03332408145070076,0.3333333333333333
1290405719,041142942,0.016663752496242523,0.3333333333333333
1290405719,041458796,0.04994218051433563,0.3333333333333333
1290405719,041578198,0.05131470039486885,0.6666666666666666
1290405719,041645219,0.03340465947985649,0
1290405719,041953479,0.0333220511674881,0
1291223681,040310310,0.03212974593043327,0
1291223681,040452697,0.04808037355542183,0
1291223681,04061963X,0.059718336910009384,0
1291223681,042102960,0.03212018311023712,0
1292662409,040620050,0.04620388522744179,0.3333333333333333
1292662409,040620182,0.01534776110202074,0.3333333333333333
1292662409,040704637,0.03122648596763611,0.6666666666666666
1292662409,040741664,0.047031302005052567,0.3333333333333333
1292662409,040786374,0.04616111144423485,0.3333333333333333
1292662409,041351487,0.04618990048766136,0.3333333333333333
1293606790,040274845,0.050351474434137344,0
1293606790,041164857,0.050199512392282486,0
1293606790,041378474,0.05050938203930855,0
1293606790,041399226,0.04998287558555603,0
1293606790,041802527,0.05070209130644798,0
1293606871,042215943,0.04414859041571617,0
1293606871,042609976,0.04361670836806297,0
1293606871,940087855,0.043571192771196365,0
1293607207,040580784,0.050033796578645706,0
1293607207,041145283,0.03336046263575554,0
1293607207,041584694,0.04999585822224617,0
1293607207,041741080,0.04999585822224617,0
1293607207,043092217,0.04999585822224617,0
1293607320,04143336X,0.05354885384440422,0
1293607320,041471342,0.051399827003479004,0
1293607320,041657888,0.049626823514699936,0
1293607320,042075017,0.054322194308042526,0
1293607320,04297139X,0.04958635941147804,0
1294746324,040118827,0.045984651893377304,0
1294746324,040664384,0.031395766884088516,0
1294746324,040665275,0.030796928331255913,0
1294746324,1001443063,0.04645748808979988,0
1295190230,041296982,0.051459506154060364,0
1295190230,041520718,0.04986348748207092,0
1295190230,041714792,0.050783753395080566,0
1295190230,951024469,0.04986576363444328,0
1295799502,040052486,0.10885236412286758,0.3333333333333333
1295799502,04049716X,0.06555621325969696,0
1295799502,040709140,0.04624244570732117,0
1295799502,04183903X,0.045899320393800735,0
1296020045,040774473,0.049732863903045654,0
1296020045,041230965,0.04962572082877159,1
1296020045,041496248,0.04964759945869446,0
1296020045,042156084,0.05152596905827522,1
1296020290,040122778,0.03318164870142937,0
1296020290,040316483,0.05642974376678467,0.3333333333333333
1296020290,040743810,0.03347145393490791,0
1296020290,041256395,0.033206626772880554,0
1296020290,041645073,0.05004993453621864,0
1297154878,040632997,0.05341659486293793,0
1297154878,040789314,0.04968850314617157,0
1299353487,04006851X,0.05152733251452446,0.6666666666666666
1299353487,040068552,0.05230695381760597,0.6666666666666666
1299353487,040252264,0.04589894041419029,0.6666666666666666
1299353487,040740986,0.04269559681415558,0.6666666666666666
1300736984,040334228,0.015392269007861614,0.3333333333333333
1300736984,040432718,0.04583705961704254,0.3333333333333333
1300736984,944364357,0.0457988977432251,0
1300956240,040388522,0.03277194872498512,0.6666666666666666
1300956240,040557227,0.0492827445268631,0
1300956240,040746267,0.03275524452328682,0
1300956240,041695364,0.04910023510456085,0
1302127268,040362108,0.05422242358326912,1
1302127268,041702972,0.051029011607170105,0.6666666666666666
1302127268,942388445,0.048757731914520264,0.6666666666666666
1302280120,040490750,0.04743872955441475,0
1302280120,040649377,0.05226178467273712,0.6666666666666666
1302280120,040763889,0.09429174661636353,0.3333333333333333
1302280120,041734637,0.04756230115890503,0
1302280120,95159981X,0.04743114486336708,0
1303500418,040052486,0.051039088517427444,0.6666666666666666
1303500418,040205290,0.04918563738465309,0.6666666666666666
1303500418,041380312,0.04927002266049385,0
130381949X,040011836,0.05085846781730652,0.3333333333333333
130381949X,04279479X,0.05000222846865654,0
130381949X,042941784,0.04998919367790222,0
130381949X,043238203,0.049936071038246155,0
1304585700,040350932,0.04691137745976448,0.6666666666666666
1304585700,041730763,0.04690402373671532,0.6666666666666666
1304585700,041951417,0.04685704782605171,0.3333333333333333
1306465354,040187764,0.014863562770187855,0
1306465354,040756939,0.04478922486305237,0.6666666666666666
1306465354,04121465X,0.044632673263549805,0
1306465354,041242610,0.0448993444442749,0
1307071538,040014207,0.04937924072146416,0
1307071538,040328139,0.05250798538327217,0
1307071538,04174084X,0.04947945848107338,0
1307071538,942773985,0.05425756797194481,0.6666666666666666
1307173322,040062929,0.05098066106438637,0.6666666666666666
1307173322,040118827,0.04828891158103943,0.3333333333333333
1307173322,040775879,0.04834643006324768,0
1307173322,040791637,0.04805092513561249,0
1307173322,041403916,0.016072673723101616,0
1307492371,040028518,0.05021283030509949,0
1307492371,040205312,0.05084472894668579,0.3333333333333333
1307492371,040316467,0.03336114063858986,0
1307492371,040717704,0.049971651285886765,0.3333333333333333
1307492371,040777847,0.03330755978822708,0
1307492460,040335976,0.051240939646959305,0.3333333333333333
1307492460,040992055,0.046357009559869766,0
1307492460,041256980,0.04679321125149727,0
1307492460,042649986,0.046263787895441055,0
1307492460,118509039,0.11564686894416809,0.6666666666666666
1309752761,040780538,0.04370186850428581,0
1309752761,108931485X,0.04307315871119499,0
1309752761,118811355,0.04293149337172508,0
1310708290,040006263,0.050511714071035385,0.6666666666666666
1310708290,040586650,0.05066370964050293,0.6666666666666666
1310708290,041143337,0.05230571702122688,0.3333333333333333
1310708290,041143558,0.04995332285761833,0
1310708290,041317408,0.03329004719853401,0.3333333333333333
1310708290,041737504,0.049815744161605835,0
131072590X,040719804,0.046841252595186234,0
131072590X,041812166,0.07227001339197159,0.6666666666666666
1310982384,040408027,0.09826093912124634,0
1311381147,040013073,0.0499860905110836,0.3333333333333333
1311381147,040665593,0.04999874159693718,0.3333333333333333
1311381147,041164709,0.05008061230182648,0
1311381147,041241630,0.05003930628299713,0
1311381147,04165725X,0.05000295117497444,0
1312786256,040006263,0.046672720462083817,0.6666666666666666
1312786256,040115100,0.052067022770643234,0.6666666666666666
1312786256,040665623,0.048385027796030045,0.3333333333333333
1312786256,041143337,0.07840051501989365,0.6666666666666666
1313280313,040775488,0.03327124938368797,0.6666666666666666
1313280313,040791580,0.06828401237726212,0
1313280313,041216342,0.04903281107544899,0
1313280313,123141354,0.03312334045767784,0
1314381776,04073840X,0.04736953601241112,0.6666666666666666
1315470500,040006263,0.05076184496283531,0.6666666666666666
1315470500,040628434,0.11199914664030075,0.6666666666666666
1315470500,041235924,0.04323693737387657,0.6666666666666666
1315470500,041341902,0.043184444308280945,0
1316002160,040355888,0.04733256623148918,0
1316002160,043271383,0.04837485030293465,0
1316002160,118552759,0.08676478266716003,0.6666666666666666
1316002160,11861911X,0.052237946540117264,0.6666666666666666
1316362469,117518530,0.05206108093261719,0
1316362469,11861164X,0.052381958812475204,0
1316362469,118807374,0.032481174916028976,0
1316362469,13239359X,0.032072678208351135,0
1316896226,040006263,0.06616481393575668,0.6666666666666666
1316896226,040014460,0.04729946330189705,0
1316896226,040334228,0.015438832342624664,0.3333333333333333
1316896226,040738892,0.04698442295193672,0
1316896226,945130562,0.04699981212615967,0
1316974448,040038467,0.052084457129240036,0.3333333333333333
1316974448,040631419,0.048558611422777176,0
1316974448,040768996,0.08582720160484314,1
1316974448,040775488,0.048137515783309937,0.3333333333333333
1316974448,041155890,0.016001353040337563,0.6666666666666666
1317919351,040465144,0.013497047126293182,0.3333333333333333
1317919351,040775488,0.04192766174674034,0.6666666666666666
1318037735,04015968X,0.0446881540119648,0
1318037735,040183262,0.04464764520525932,0.6666666666666666
1318037735,040457915,0.09014087170362473,0.6666666666666666
1318284384,040036979,0.05038858950138092,0.6666666666666666
1318284384,040730913,0.05064782127737999,1
1318284384,042438780,0.04879159852862358,0.3333333333333333
1318473780,042457343,0.032243285328149796,0
1318473780,04303697X,0.01623508520424366,0
1318473780,043074766,0.048524510115385056,0
1318473780,118505602,0.08336763828992844,0.6666666666666666
1318476631,040359646,0.04834163561463356,0.3333333333333333
1318476631,041248546,0.05816015973687172,0
1318476828,040006263,0.031179556623101234,0.3333333333333333
1318476828,040336379,0.04816955327987671,0
1318476828,04033659X,0.04633565619587898,0.3333333333333333
1318476828,041143337,0.11961696296930313,0.6666666666666666
1318476828,041253213,0.046232566237449646,0
1318476828,041660439,0.030726930126547813,0.6666666666666666
1321006888,040350932,0.05779903754591942,0.6666666666666666
1321006888,04045956X,0.03126709535717964,0.6666666666666666
1321006888,040459772,0.05933903530240059,1
1321006888,040740986,0.03153517469763756,1
1321006888,041535219,0.04964427277445793,0.6666666666666666
1321006888,041951417,0.058405693620443344,0.6666666666666666
1321114982,040367746,0.03337148204445839,0
1321114982,04127900X,0.016655543819069862,0
1321114982,042247616,0.01657748781144619,0
1321114982,944384366,0.0515686459839344,0
1321114982,973211970,0.033255577087402344,0
1321161417,040205886,0.05049829185009003,0.3333333333333333
1321161417,040372200,0.03017498552799225,0.6666666666666666
1321161417,041143337,0.12094386667013168,0.3333333333333333
1321161417,118627864,0.04521029070019722,0
1321161417,957319304,0.045872677117586136,0.3333333333333333
1323163131,04059758X,0.042856406420469284,0.6666666666666666
1323163131,041923529,0.04460970684885979,0.3333333333333333
1323163131,940741164,0.028517253696918488,0
1323520341,040334228,0.04826094210147858,0.3333333333333333
1323520341,040386392,0.032157596200704575,0.3333333333333333
1323520341,041143337,0.0157510656863451,0.3333333333333333
1323520341,041691873,0.032078277319669724,0.3333333333333333
1323520341,964675765,0.05153742432594299,0.3333333333333333
1323925163,040152170,0.04827676713466644,0.3333333333333333
1323925163,040751279,0.032695308327674866,0.6666666666666666
1323925163,94891565X,0.048387929797172546,0.6666666666666666
1324751487,040118827,0.05085630714893341,0
1324751487,041164857,0.049560546875,0.3333333333333333
1324751487,042998026,0.049267206341028214,0
1325325457,040058719,0.05229301378130913,0
1325325457,040693325,0.032309141010046005,0
1325325457,040693422,0.048623304814100266,0.3333333333333333
1325325457,04121465X,0.04872317612171173,0
1325355895,040049132,0.04936755821108818,0
1325355895,040101096,0.032753076404333115,0
1325355895,040217329,0.01625792309641838,0.6666666666666666
1325355895,041377362,0.04896371066570282,0
1326155423,040158756,0.013780854642391205,0
1326155423,040300056,0.045831236988306046,0.6666666666666666
1326155423,040531635,0.08618395775556564,0.6666666666666666
1326155423,040785203,0.05283345654606819,0.3333333333333333
1326267809,04034620X,0.033449962735176086,0
1326267809,040427773,0.05069633200764656,0
1326267809,041283295,0.049956221133470535,0
1326267809,041496248,0.04998262599110603,0
1326267809,04297139X,0.05001454055309296,0
1326267809,94640903X,0.04996660724282265,0
1326297341,041242610,0.04541349411010742,0
1326297341,041269748,0.04602374508976936,0
1326833251,040318834,0.04975323751568794,0
1326833251,041140400,0.05005468428134918,0
1326833251,041408829,0.050086867064237595,0
1326833251,041621069,0.05187610909342766,0
1327156350,040406199,0.0495673269033432,0
1327156350,040640906,0.049629438668489456,0
1327156350,041355903,0.05595461651682854,0
1327156350,041522036,0.05320074036717415,0
1327687194,04055225X,0.03073018230497837,0.3333333333333333
1327687194,040640256,0.030759459361433983,0.3333333333333333
1327687194,040709140,0.015373033471405506,0.3333333333333333
1327687194,041399420,0.030698632821440697,0
1327687194,118976907,0.030696580186486244,0
132768893X,040390020,0.08402761816978455,0
132768893X,041132920,0.05744367465376854,0
132768893X,041136152,0.04771275445818901,0
132768893X,041202813,0.04801693186163902,0
132768893X,1032281871,0.04774489626288414,0
1328028372,04049716X,0.0555114708840847,0
1328028372,041143337,0.04690609499812126,0.6666666666666666
1328028372,041660439,0.01461370661854744,0.3333333333333333
1328028372,043040799,0.04405411705374718,0.3333333333333333
1328073238,004691792,0.044370461255311966,0
1328073238,040216713,0.11525506526231766,0.6666666666666666
1328073238,041286502,0.04798400402069092,0
1330346106,040063496,0.029767513275146484,0.6666666666666666
1330346106,040543927,0.045759886503219604,0.6666666666666666
1330346106,042483018,0.052744969725608826,0
1330346106,118559796,0.0510583259165287,0.6666666666666666
1330773063,040793206,0.046529024839401245,0
1330773063,041273516,0.05366405472159386,0.6666666666666666
1331056748,040334228,0.06066775694489479,0.6666666666666666
1331056748,040665593,0.04856112599372864,0.6666666666666666
1332857469,041708059,0.015459063462913036,0
1332857469,041818865,0.030939439311623573,0
1332857469,946046018,0.030926257371902466,0
1332857469,988407418,0.03156748414039612,0
1333108214,040323862,0.032724618911743164,0.3333333333333333
1333108214,040617785,0.016257092356681824,0.3333333333333333
1333108214,040757390,0.06939331442117691,0.6666666666666666
1333108214,1087159423,0.048990245908498764,0
1333108214,970026676,0.032628580927848816,0
1333108214,973749075,0.03263656049966812,0
1333108230,040289117,0.015446924604475498,0
1333108230,041136225,0.045595962554216385,0
1333108230,041594908,0.030523136258125305,0
1333108230,04164199X,0.04946833848953247,0
1333108230,981714250,0.015283108688890934,0
1333411235,040334228,0.0507509708404541,0.6666666666666666
1333411235,040485617,0.04810376837849617,0
1333411235,040590283,0.04802331328392029,0
1333411235,040597024,0.03277630731463432,0
1333411235,041660439,0.01564478687942028,0.3333333333333333
1333411235,993106455,0.06033383682370186,0.6666666666666666
1333411642,040334228,0.05392400547862053,1
1333411642,041143337,0.049660999327898026,0.6666666666666666
1333411642,041277945,0.04831492900848389,0
1333411642,041723856,0.03237968683242798,0.6666666666666666
1333411642,943878640,0.04842871427536011,0
1334065535,040063119,0.03311876207590103,0.3333333333333333
1334065535,040590283,0.05085678771138191,0.6666666666666666
1334065535,04129601X,0.05021318793296814,0.3333333333333333
1334065535,042635152,0.05562523379921913,0.3333333333333333
1334065535,993106455,0.0496450774371624,0.6666666666666666
1334709521,04048680X,0.016113974153995514,0.6666666666666666
1334709521,040663809,0.04937088489532471,0.3333333333333333
1334709521,040738892,0.04846855625510216,0.3333333333333333
1334709521,041143337,0.05681523308157921,0.6666666666666666
1334709521,041235924,0.04845407232642174,0.3333333333333333
1334711720,040006263,0.04709934815764427,0.6666666666666666
1334711720,040162478,0.049058735370635986,0.3333333333333333
1334711720,040334228,0.04585031792521477,0
1334711720,041143337,0.10989028215408325,0.6666666666666666
1334842086,040334228,0.047003310173749924,0.3333333333333333
1334842086,041290909,0.04786683991551399,0
1335209182,040064395,0.04810270294547081,0.3333333333333333
1335209182,040085708,0.04801306501030922,0.3333333333333333
1335209182,040086399,0.047634515911340714,0.3333333333333333
1335209182,041230655,0.095599465072155,0
1336125977,040156028,0.10510034114122391,0.6666666666666666
1336125977,040327868,0.04310758411884308,0
1336125977,04055676X,0.014134258031845093,0
1336125977,042024048,0.04806998372077942,0
1337117595,040158756,0.0591900460422039,0
1337117595,04059758X,0.05168430507183075,0
1337117595,04164199X,0.05871487781405449,0.6666666666666666
1337117595,981714250,0.03246534988284111,0.6666666666666666
1337640883,040253562,0.0483069010078907,0
1337640883,040432718,0.048738956451416016,0
1337640883,04053474X,0.016274454072117805,0.6666666666666666
133811607X,040465403,0.029123740270733833,0.6666666666666666
133811607X,040739724,0.04421398043632507,0
133822977X,040382419,0.030605921521782875,0
133822977X,1010813579,0.045902255922555923,0.3333333333333333
133822977X,118501828,0.045988816767930984,0
1338461370,040435822,0.046409714967012405,0.6666666666666666
1338461370,040476898,0.1167529746890068,0.6666666666666666
1338461370,040993574,0.04583567753434181,0.6666666666666666
1338461370,118626523,0.05657723918557167,0.6666666666666666
1339041138,04049716X,0.047036636620759964,0
1339041138,042910056,0.046740781515836716,0
1339041138,129392944,0.04675206169486046,0
1339244888,040457974,0.04993246868252754,0
1339244888,040470555,0.05756467580795288,0.6666666666666666
1339244888,040709140,0.05071042850613594,0
1339244888,041138449,0.01623578742146492,0.6666666666666666
1339244888,041319672,0.04959392920136452,0
1340353229,040171299,0.047333043068647385,0
1340353229,040178943,0.03021860122680664,0.3333333333333333
1340353229,040408027,0.05522548779845238,0
1340353229,040634655,0.046457335352897644,0
1340353229,94891565X,0.04554731026291847,0
1341693392,040028518,0.0501394085586071,0
1341693392,040118827,0.050050511956214905,0
1341693392,040359646,0.049964096397161484,0
1341693392,040418626,0.05033479258418083,0
1341693392,040476898,0.05092793330550194,0
1341974995,040205886,0.045617152005434036,0.6666666666666666
1341974995,040457915,0.09922828525304794,0.6666666666666666
1341974995,041140117,0.04667086526751518,0.3333333333333333
1341974995,1019842695,0.052418053150177,0.6666666666666666
1342399927,040158330,0.049905482679605484,0.6666666666666666
1342399927,040329038,0.04986754059791565,0.3333333333333333
