doc_id,label_id
112254572X,040586715
112254572X,040676870
112254572X,042314186
112254572X,042565014
112254572X,041305736
112254572X,041428935
112254572X,040676757
112254572X,041560523
1122621744,040476898
1122621744,040274896
1122743416,118616951
1122743416,040767264
1122743416,040245969
1123071578,041412990
1123071578,042043158
1123071578,040490750
1123071578,041153987
1123071578,041623517
112312177X,1001443063
112312177X,041935659
112312177X,04131817X
112312177X,042237688
1123282773,040408515
1123282773,040309339
1123282773,040009882
1123282773,040408760
1123282773,040408086
1123282862,12044898X
1123282862,964195720
1123283249,041818520
1123283249,041555155
1123414971,040336379
1123414971,041660439
1123414971,040759954
1123414971,040329038
1123414971,11852772X
1123414971,118518291
1123414971,118522981
1123414971,118825038
1123414971,118510460
1123414971,959790721
1123414971,040006263
1123421218,041132920
1123421218,040540219
1123476829,040118827
1123476829,040694674
1123476829,041300599
1123476829,041363299
1123476829,040144577
1123476829,040052486
1123476829,041947479
1123478449,118810758
1123478449,040227243
1123478449,040299295
1123478449,04077628X
1123480451,040763587
1123480451,041644808
1123480451,041315227
1123480451,1062915038
1123481539,041471172
1123481539,041587952
1123481539,950838330
1123483213,040179664
1123483213,043264646
1123483213,040793516
1123643881,040182029
1123643881,040476898
1123833753,040494012
1123833753,040465144
1123833753,040579522
1123833753,1036296504
1123833753,1072331047
1124007601,040086194
1124202889,040459748
1124202889,040581977
1124202889,946259461
1124202889,040491943
1124202889,040459772
1124202889,040772209
1124202889,041299035
1124403396,040355136
1124403396,040563669
1124512322,042882974
1124512322,943487382
1124512322,040349225
1124539719,040181189
1124539719,042264049
1124539719,040702855
1124539719,949799793
1124539719,940431181
1124539719,991483006
1124539719,954405110
1124541241,042245559
1124541241,960653120
1124541241,040445615
1124541241,040360504
1124541241,040028518
1124541241,040700097
1124541241,040039900
1125113618,040118827
1125113618,040031578
1125113618,041264142
1125113618,948037431
1125113618,041447409
1125113618,043230970
1125113618,041335848
1125113618,041157109
1125331801,040564428
1125331801,04139691X
1125331801,040563669
1125331801,042946115
112539501X,040455033
112539501X,041621875
112539501X,946135290
112539501X,042040124
112539501X,971197628
112539501X,042100860
1125631538,040787826
1125631538,041400488
1125885491,040992225
1125885491,042451469
1125885491,040402223
1125885491,040493962
1125906057,041401778
1125906057,964945355
1125906057,954444752
1125906057,041512766
112594773X,041132920
112594773X,040207137
112594773X,940447991
112594773X,041398394
112594773X,040060926
1125947861,04182749X
1125947861,040776239
112611572X,04126679X
112611572X,041847008
112611572X,946385246
112611572X,041411056
112611572X,041321405
112611572X,041741463
112611572X,941183971
1126128236,040197026
1126128236,041648145
1126247766,118573527
1126247766,041536827
1126247766,041890590
1126254169,040511588
1126254169,041231767
1126254169,957627521
1126254169,04181116X
1126254169,040717763
1126254274,118771280
1126254274,040272230
1126300144,040777049
1126300144,04054365X
1126300144,100072185X
1126300144,040350932
1126300144,04121465X
1126463752,040261816
1126463752,1274394058
1126463752,041521323
1126463752,041155122
1126463752,970894651
1126463752,040201368
1126463752,956426158
1126504718,042585058
1126504718,041309375
1126504718,041714679
1126504718,042150868
1126504718,042043166
1126538124,1344156339
1126538124,041221664
112659542X,040118827
112659542X,041171683
1126644242,042773539
1126644242,941370445
1126644242,041299833
1126685356,042088534
1126685356,040477649
1126685356,994554338
1126685356,040318834
1126685356,041653386
1126685356,041941969
1126773514,04128805X
1126773514,942272498
1126773514,041509072
1126773514,041124510
1126773514,041555856
1126773514,040336964
1126773514,962925446
1126773514,041253663
1126773514,040351653
1126773514,960963405
1127139940,954212207
1127139940,042219582
1127139940,041270835
1127139940,041431804
1127139940,040389596
1127235834,040654680
1127235834,040664384
1127235834,041649923
1127235834,040664937
1127338048,040118827
1127338048,041700082
1127338048,041267249
1127338048,04133745X
1127453149,040118827
1127453149,040432718
1127453149,040538818
1127453149,040162222
1127453149,04066399X
1127453149,040124754
1127453149,043249809
1127453149,041953800
1127453149,041714385
1127454889,041136446
1127454889,041869796
1127454889,04040949X
1127454889,040735737
1127553550,040118827
1127553550,041700082
1127553550,973266481
1127553550,041267249
1127611437,040563979
1127611437,040473767
1127611437,040350932
1127622692,1054363277
1127622692,040710505
1127622692,042702925
1127681249,040740323
1127681249,04187207X
1127681249,040747255
1127681249,043264646
1127681249,040544427
1127681249,040752364
1127681249,040708748
1127681249,040710343
1127801619,040203832
1127801619,041926749
1127927981,1059320789
1127927981,956397808
1127927981,1207581321
1127927981,042256984
1128027542,1034183893
1128110504,040762327
1128110504,040012409
1128110504,041238966
1128110504,040052273
1128158639,991483006
1128158639,040557227
1128158639,041378105
1128158639,040558797
1128158639,041714385
1128159007,040258017
1128159007,04035430X
1128159007,040100855
1128159007,040546829
1128159007,041532457
1128159007,041808649
1128362538,040118827
1128362538,040101738
1128362538,040101762
1128362538,040152170
1128362538,040490785
1128362538,041346815
1128554747,040118827
1128554747,041407059
1128554747,041209753
1128554747,041277473
1128554747,041774329
1128554747,041142136
1128554747,041157109
1128649667,040118827
1128649667,040027309
1128649667,041372654
1128649667,040027376
1128650495,000354392
1128650495,040149544
1128650495,040149579
1128650495,041277910
112869834X,041176227
112869834X,040059103
112869834X,040693775
112869834X,040786374
1128734443,041381823
1128734443,040321347
1128734443,041664566
1128818574,040207137
1128818574,040028992
1129174506,040455033
1129174506,95705002X
1129174506,041287746
1129174506,040006174
1129174506,041311116
1129174506,040063402
1129174506,040225968
1129222624,040059405
1129222624,040564363
1129222624,040763080
1129222624,040490785
1129310426,04045956X
1129451682,042596483
1129451682,041906683
1129451682,041521684
1129451682,97212070X
1129451682,041524705
112979198X,043223532
112979198X,950850101
112979198X,949211796
112979198X,042480582
112979198X,041546342
112979198X,964751038
112979198X,041341015
112979198X,040386627
1129875873,040646890
1129875873,041602730
1129875873,960067205
1129875873,042069920
1129875873,041206533
1129875873,040663876
1129875873,041892712
113001388X,040118827
113001388X,040775100
113001388X,040537706
113001388X,04034407X
113001388X,041758749
1130544117,040118827
1130544117,040327868
1130544117,041982339
1130544117,974522848
1130544117,041140168
1130544117,041157109
1131007328,118575449
113125306X,040118827
113125306X,041514343
113125306X,040732746
1131707931,1011064278
1131707931,041704827
1131707931,041318714
1131707931,041542339
1131707931,940664801
1131707931,041524802
1131707931,040361608
1131707931,041532309
1131707931,981830676
1131707931,041287908
1131707931,041596536
1131707931,041760743
1132232031,04047089X
1132232031,040158330
1132232031,118608045
1132232031,041239784
1132288916,040767043
1132288916,041887379
113229133X,1031293639
113229195X,041174062
1132470617,947967761
1132470617,040503836
1132470617,1069614475
1132470617,042402786
1132470617,041905210
1132751322,040118827
1132751322,040574555
1132774764,041648145
1132774764,041332628
1132774764,04127802X
1132822122,041745957
1132822122,041824156
1132822122,04067536X
1132946638,041603176
1132946638,972391010
1132946638,040410714
1132946638,040711846
1132946638,943194490
1132946638,041301005
1132946638,1348312890
1132948169,040787044
1132948169,040137465
1132948169,042015103
1132948169,1348328525
1133074545,1029180733
1133074545,041132408
1133074545,041297997
1133074545,1350400149
1133074545,041260732
1133078257,040011550
1133078257,040645320
1133262090,041916646
1133262090,040443035
1133262090,040059626
1133262090,041401247
1133479227,041896998
1133479227,040350886
1133479227,041173015
1133479227,042011957
113349336X,042310075
113349336X,041219139
113349336X,043188087
113349336X,041753194
113349336X,042650860
113349336X,041383745
1133500366,121171264
1133500366,041345916
1133500366,040663809
1133500366,040665593
1133500366,040709140
1133568998,041727118
1133568998,040318834
1133568998,041795024
1133576532,041331613
1133576532,041849450
1133576532,040055655
1134958862,042520789
1134958862,041557417
1134958862,040189759
1134958862,040318834
1135266158,041295374
1135266158,043102026
1135266158,95647182X
1135266158,041907329
1135266158,947202048
1135266158,042793238
1135266158,040004937
1135266158,040763889
1135452946,040323862
1135452946,04072560X
1135452946,042412919
1135452946,041310144
113545339X,04072560X
113545339X,104776640X
113545339X,042412919
113545339X,04160198X
1135661154,040468437
113566160X,04122065X
113566160X,041196457
1135663467,041679288
1135663467,953789896
1135663467,040303438
1135663467,041892720
1135663467,041595092
1135663467,041465245
1135668868,041520890
1135668868,040264823
1135668868,041297210
1135668868,040272664
1135670722,040014460
1135670722,041648145
1135670722,040318893
1135670722,040795837
1135670722,041386167
113605474X,97269093X
113605474X,041311930
113605474X,041140125
1136079866,118570285
1136131264,1007422157
1136134107,940431181
1136134107,041701747
1136134107,041546806
1136134107,042038642
1136134107,040176045
1136134107,041285018
1136142770,040205886
1136142770,041230655
1136142770,040270890
1136142770,967371759
1136142770,04120509X
1136327843,040455157
1136327843,041624564
1136327843,041671112
1136327843,943776554
1136327843,041231449
1136327843,041524632
1136327843,041488032
1136393110,946008183
1136393110,940620561
1136393110,04250287X
1136393110,041232755
1136393110,04175168X
1136393110,040391973
1136393110,041609182
1136393110,041524802
1136627200,940431181
1136627200,04002623X
1136627200,041285018
1136627200,985314087
1136627200,040558568
1136627200,043183646
1136627200,040558924
1136627200,940855348
1136627200,041157109
1136792295,043220797
1136792295,041736494
1136792295,041736486
1136792295,041707524
1136792295,040039358
1136946616,041165152
1136946616,041249828
1136946616,040564363
1136946616,040763080
1137210184,040611639
1137210184,040645320
113721144X,040118827
113721144X,940431181
113721144X,041230655
113721144X,1217680330
113721144X,040111342
113721144X,040223442
1137300175,12290592X
113732354X,041670337
113732354X,041600916
113732354X,041879295
113732354X,040598446
113732354X,041378385
113732354X,042192218
113732354X,041722434
113732354X,042369932
1137555270,040708918
1137555270,041555856
1137555270,958507813
1137555270,970225792
1137555270,041596536
1137555270,040142000
1137555270,042114896
1137555270,042179610
1137555270,1148987150
1137834862,041471172
1137834862,041513444
1137834862,950838330
1137834862,042443474
1137920874,042790964
1137920874,040266605
1137920874,040449033
1137920874,041762657
1137920874,040764117
1137920874,040477460
1138283037,041225228
1138283037,041713036
1138283037,040544907
1138283037,04056486X
1138285749,967083451
1138285749,04049716X
1138285749,040465632
1138332151,040701026
1138600482,04004176X
1138600482,040307026
1138600482,981714250
1138600482,042017092
1138837547,041412990
1138837547,1352872102
1138837547,041616502
1138837547,942582101
1138934267,041579305
1138934267,04049716X
1138934267,041358597
1139048899,970659504
1139048899,946952590
1139048899,041726782
1139048899,041548264
1139048899,043241298
1139048899,04029367X
1139048899,043217214
1139170546,11862914X
1139170546,00037542X
1139170546,971576181
1139604783,041663500
1139604783,040622665
1139679759,040526925
1139679759,040340260
1139679759,040349179
1139679759,946036160
113982404X,04056519X
113982404X,041887379
113982404X,04145958X
1139978071,940431181
1139978071,041841492
1139978071,040465314
1139978071,040383822
1139978071,952602555
1139978071,042277590
113997811X,042604257
113997811X,040360458
113997811X,943056705
113997811X,040432076
113997811X,041319125
1140245325,040118827
1140245325,040567303
1140245325,041948920
1140245325,041328779
1140245325,043264646
1140641816,040118827
1140641816,041217004
1140641816,041876806
1140641816,040643026
1140735799,041630408
1140735799,041647386
1140735799,04127637X
1140735799,040479668
1140735799,040063402
1140735799,949190942
1140778595,040619532
114083472X,04009832X
114083472X,040535347
114083472X,04015999X
114083472X,040740986
114083472X,04316613X
1140946595,040118827
1140946595,040195899
1140946595,040725197
1140946595,040006174
1140946595,040528286
1140946595,1269439111
1140946595,04160329X
1141230690,041788125
1141230690,942007638
1141230690,040675505
1141230690,040385752
1141230690,941779599
114137918X,040220478
114137918X,04066466X
114137918X,04046539X
1141552108,042153972
1141552108,040756645
1141552108,040546888
1141552108,040597989
114157649X,041252802
114157649X,040352544
114157649X,040323935
114164035X,040118827
114164035X,040414140
114164035X,959598111
114164035X,041272250
114164035X,041207904
1141680173,040028054
1141680173,04117707X
1141680173,043249809
1141792869,040118827
1141792869,991588827
1141792869,042037093
1141792869,041219244
1141792869,040317722
1141856050,040459772
1141856050,040535045
1141856050,1049169247
1141856050,040236803
1141907585,118564609
1141907585,041705378
1141907585,040597873
1141907585,040164098
1141907585,040484769
1141907585,041896998
1141907585,041326733
1141930749,040372782
1141930749,040563669
1141930749,042074282
1141930749,040564339
1141932490,134833472X
1141932490,041209265
1141932490,041773063
1142548929,040118827
1142548929,040157946
1142548929,041331567
1142548929,040787044
1142548929,040221539
1142548929,040538818
1142548929,040431835
1142548929,04049716X
1142658058,961210079
1142658058,042368650
1142658058,043261094
1142658058,040310310
1142659550,04131123X
1142659550,945348118
114325600X,04128805X
114325600X,040559572
114325600X,04302968X
114325600X,041286707
114325600X,041397134
114325600X,042798728
114325600X,042853907
114325600X,041645405
114325600X,040708918
114325600X,042401844
114325600X,040680924
1143284119,1044068825
1143284119,04032690X
1143284119,040760014
1143284119,040592529
1143284119,040616444
1143284119,042048206
1143284119,041724305
1143365895,043258212
1143694465,040118827
1143694465,041838408
1143694465,041319524
1143694465,041876806
1143694465,041157109
1143694465,041904877
1143694465,041653807
1143694465,042287359
1143694465,040225968
1144081254,042262542
1144081254,04229763X
1144081254,040621634
1144148146,04049795X
1144148146,041456270
1144148146,94618576X
1144148146,040574725
1144401100,040118827
1144401100,040762173
1144401100,040790096
1144401100,985576723
1144401100,1046235370
1144401100,041871413
1144401100,040775755
1144401100,041365062
1144401100,040052273
1144621186,040246558
1144621186,042789664
1144738520,040664937
1144738520,974041238
1144738520,040052486
1144744288,041214315
1144744288,040332292
1144744288,040205258
1144869994,040557367
1144869994,041216849
1144869994,041127625
1144869994,041241495
1144869994,04053507X
1145035019,116804831
1145035019,041209818
1145035019,300061838
1145035019,040118827
1145035019,04126228X
1145035019,04049716X
1145035019,040278336
1146465467,040118827
1146465467,040538818
1146465467,040432718
1146465467,946539790
1146465467,040009963
1146465467,1103153382
1146465467,040062929
1146465467,040164187
1146932871,040336964
1146932871,041253663
1146932871,042798728
1146932871,041214013
1146932871,041403533
1146932871,040565610
1146932871,955935423
1146932871,042140889
114733790X,1154887952
114733790X,1038714850
1147543089,12066190X
1147543089,118584014
1147543089,94694430X
1147543089,040476960
1147543089,040349225
114762593X,040154289
114762593X,041454677
114762593X,041269144
114762593X,04126830X
1147681457,042396506
1147681457,040784606
1147681457,949181234
1147681457,041486153
1147681457,041580095
1147927308,99210324X
1147927308,041952839
1147927308,04121465X
1147927308,040714977
1147930341,007704976
1147930341,041362306
1147930341,040701026
1147930341,042257832
1148426272,041779959
1148426272,041513444
1148426272,043109594
1148426272,943625327
1148426272,040005364
1148426272,042529956
1148462910,040399834
1148462910,041884175
1148617094,04061963X
1148617094,041618173
1148617094,04138198X
1148617094,041970349
1148617094,948985429
1148756191,993176348
1148756191,040404080
1148756191,041654234
114894009X,040336379
114894009X,04053474X
114894009X,040786374
114894009X,041325699
114894009X,043004008
1150059192,040118827
1150059192,042142768
1150059192,040786129
1150059192,1051532434
1150059338,041230655
1150059338,040310310
1150124415,118844520
1150124415,040035247
1150124415,040300277
1150124415,041901215
1150124415,040494284
1150124415,04059758X
1151201839,041727800
1151201839,041472772
1151201839,041456645
1151201839,041532996
1151201839,040561380
1151810487,041238575
1151810487,040122115
1151810487,041410408
1151810487,040001245
1151810487,043186920
1151810487,040054616
1151810487,040172333
1151818003,964439794
1151818003,041384458
1151818003,040489469
1151818003,041308115
1151991333,040015386
1152002007,041226062
1152002007,040541843
1152002007,040547906
1152002007,04116489X
1152002007,041944240
1152140191,040118827
1152140191,949276324
1152140191,042465990
1152140191,040575020
1152140191,040237443
1152140191,981432670
1152178997,949276324
1152178997,040288595
1152178997,04128271X
1152178997,042465990
1152303481,04124477X
1152303481,040665380
1152303481,040793516
1152303481,1112289534
1152303481,041550463
1152913794,040992160
1152913794,042067332
1152913794,041318293
1152913794,983377332
1152913794,041924312
1152913794,041604008
1153087111,040118827
1153087111,940431181
1153087111,957319304
1153087111,040199029
1153087111,040138984
1153087111,041277953
1153087111,040574474
1153106477,041138635
1153262983,040685985
1153262983,040147258
1153324849,040118827
1153324849,04061963X
1153324849,1009723804
1153337851,042093112
1153337851,040266400
1153337851,04205303X
1153337851,041338413
1153337851,041273877
1153337851,962106437
1153409798,940431181
1153409798,1109778066
1153409798,958127263
1153474107,002757389
1153474107,040441962
1153474107,040122115
1153474107,041410408
1153482649,041654358
1153482649,041535537
1153482649,042090377
1153482649,041166450
1153482649,040172333
1153482649,1213370817
115348370X,041238575
115348370X,994520042
115348370X,040592529
115348370X,042048206
1153485168,041263928
1153485168,040351653
1153485168,041421035
1153485168,040015866
1153485168,1041972679
115348921X,041210417
115348921X,042085373
115348921X,043125360
115348921X,963888080
115348921X,04148259X
1153489651,04032690X
1153489651,041654234
1153489651,041269454
1153489651,041393112
1153489775,1044068825
1153489775,040142388
1153489775,04139402X
1153489775,040567834
1153489775,042034930
1153499649,1127660101
1153499649,041797892
1153499649,040355985
1153499649,040592332
1153611082,040118827
1153611082,1109778066
1153611082,040664384
1153687534,040467554
1153687534,04049716X
1153687534,040334228
1153687607,040467813
1153772809,040118827
1153772809,040176045
1153772809,040175987
1153772809,040621634
1153772809,040066509
1153772809,040564495
1153772809,040775704
1154307468,040422267
1154307468,041699289
1154307468,943601169
1154307468,943667240
1154307468,947676724
1154307468,04169919X
115443396X,040147703
115443396X,040232875
115443396X,040205118
115443396X,042895189
1154764710,040118827
1154764710,040611655
1154764710,04040921X
1154764710,04127377X
1154764710,04010074X
1154764958,040189686
1154764958,965002845
1154764958,100072185X
1154764958,040777049
1154924386,041289978
1154924386,041365135
1154924386,042042437
1154924386,041775872
1154924386,040361608
1154929930,041763513
1154929930,041124510
1154929930,041426886
1154929930,04046699X
1154929930,043222080
1154929930,041745906
1154929930,042038006
1154929930,042907942
1154932230,04121465X
1154932230,041284550
1154932230,041259262
1154932230,041343735
1154932230,042873029
1154944700,040059960
1154944700,970225792
1154944700,041304187
1154944700,041802802
1154988694,007293097
1154988694,041304705
1154988694,040412792
1154988694,040413314
1155098021,952327287
1155098021,043103200
1155098021,040675505
1155098021,041822420
1155098021,1345074433
1155098021,961537361
115514810X,1034183893
115514810X,041208633
115514810X,946082898
1155576721,040310035
1155576721,041133617
1155576721,041156803
1155576721,041253116
1155576721,950272728
1155576721,040193306
1155576721,940164566
1155587278,040789217
1155587278,971576181
1155690885,040118827
1155690885,040176045
1155690885,040693325
1155690885,04069335X
1155690885,041535219
1155690885,041285204
1155760999,040962849
1155760999,040739953
1155760999,965459969
1155760999,043109438
1156181542,042633982
1156181542,041229207
1156181542,041686284
1156181542,041495896
1156181542,96388817X
1156181542,041302370
1156181542,041670329
1156264618,040068552
1156264618,040146928
1156264618,040432165
1156264618,041231767
1156276853,042310075
1156276853,041273303
1156276853,042282497
1156276853,041402030
1156276853,040061787
1156346541,1118660242
1156346541,04130442X
1156346541,040632709
1156346541,040616886
1156346541,040228983
1156346541,040021947
1156346541,04124009X
1156444683,04029577X
1156444683,041714385
1156444683,040557367
1156444683,040138984
1156444683,041270975
1156444683,040664937
1156444772,040185222
1156462126,040737578
1156462126,960767053
1156462126,041321650
1156462126,994520042
1156462126,041393740
1156462126,041303504
1156602211,040223493
1156602211,040145166
1156602211,040350886
1156602211,040154343
1156602211,040323862
1156602750,040118827
1156602750,040205886
1156602750,042364337
1156602750,040554295
1156602750,041210948
115667980X,040171825
115667980X,1081489480
115667980X,1124028595
1156687055,041689852
1156687055,04059758X
1156687055,04010074X
1156687055,040277437
1156687055,043052967
1156687055,968044611
1156687055,04059534X
1156687055,940741164
1156687055,040264866
1156687055,1138303283
1156687055,040465624
1156993997,040792153
1156993997,041514343
1156993997,040762173
1156993997,040114139
1156993997,041204409
1156993997,040557839
1156993997,041326954
1158598181,040189686
1158598181,040066509
1158598181,040558649
1158693079,944850383
1158693079,041569032
1159754071,04004176X
1159754071,040533697
1159754071,040408434
1160304033,041430727
1160304033,041855965
1160304033,041855949
1160304033,04201655X
1160304033,041670175
1160304033,04010074X
1160324158,040118827
1160324158,959116044
1160324158,042465877
1160349754,961210079
1160349754,040788695
1160363102,041892178
1160363102,976519747
1160363102,040663876
116038004X,040467244
116038004X,041663500
116038004X,041308808
1160381194,040550729
1160381194,041360850
1160381194,042284937
1160381194,041269047
1160381194,041838114
1160381194,040172333
1160381194,945798784
1160488134,040118827
1160488134,040617785
1160488134,04160220X
1160488134,040252558
1160488134,040725634
1160488134,961720069
1160550506,04032690X
1160550506,1123527725
1160550506,94910938X
1160550506,040592529
1160550506,1042006857
1160550506,1147895856
1160556695,04062661X
1160556695,042048206
1160556695,04113432X
1160556695,1307424767
1160556695,040592529
1161235337,04020832X
1161235337,040305503
1161235337,041385373
1161235337,040269248
1161299041,04127833X
1161299041,040638545
1161299041,040320553
1161334300,040655415
1161334300,043144403
1161334300,040334473
1161341498,041456009
1161341498,041727878
1161341498,040391973
1161341498,041366077
1161341498,1044477261
1161341498,04307703X
1161341498,041577558
1161341498,041385799
1161341498,041253116
1161341757,042244153
1161341757,041918940
1161341757,041401786
1161410538,949276324
1161410538,04128271X
1161410538,042465990
1161412603,041288394
1161412603,040768554
1161412603,040212629
1161412603,041291298
1161412603,040598225
1161458174,040477045
1161458174,040665860
1161479872,041724143
1161479872,040675475
1161479872,041232755
1161479872,941370445
1161479872,041752805
1161479872,1130712753
1161479872,940164604
1161730044,042231655
1161730044,040017052
1161730044,941965317
1161730044,041338065
1161730044,041524802
1161730044,1350205443
1161730044,041524705
1161730109,040252264
1161730109,041305884
1161730109,04126116X
1161730109,041393708
1161730109,971428867
116183186X,040118827
116183186X,040560309
116183186X,041282698
116183186X,042011906
1161942130,042601924
1161942130,040676757
1161942130,041747186
1161942130,041632354
1161942130,941207099
1161942130,041694783
1161943862,11854764X
1161943862,118891456
1161943862,118631365
1161943862,118585525
1161943862,118763423
1161943862,95004718X
1162048042,040118827
1162048042,040632067
1162048042,040732134
116210628X,132053314
116210628X,040056945
1162134836,040558916
1162134836,040776247
1162279680,040189686
1162279680,041857399
1162279680,040316300
1162279680,041143930
1162279680,041843797
1162370734,041271173
1162370734,041155327
1162370734,041284356
1162559071,040697940
1162559071,040362833
1162559071,94910938X
1162559071,040129373
1162559071,040550729
1162559071,040054616
1162608463,040169219
1162684062,040408434
1162684062,040335976
1162684313,040408434
1162684313,041408802
1162684313,040403645
1162684313,041951417
1162892676,954745558
1162892676,1026956056
1162892676,040120406
1162892676,1350486841
1162892676,042567262
1162894296,042130972
1162894296,979308658
1162894296,040684970
1162894296,040473902
1163236330,040446832
1163236330,043001823
1163236330,998693138
1163236330,041406605
1163236330,041691482
1163236683,964162512
1163236683,04120719X
1163236683,043084168
1163236683,960246185
1163236683,040305503
1163236683,040288595
1163301280,040611639
1163301280,040465144
1163301280,04248362X
1163439622,040792374
1163439622,1138303283
1163439622,042441412
1163439622,042242630
1163439622,989699595
1163439622,995800995
1163439622,040114139
1163451371,1350487910
1163451371,041857100
1163451371,041314212
1163451371,042154286
1163451371,041260732
1163628654,040118827
1163628654,042026555
1163628654,041237137
1163628654,040658376
116365034X,040189686
116365034X,041143957
1163703559,96228047X
1163703559,040631583
1163703559,041811798
1163703559,041920708
1163703559,040344347
1163927805,042368650
1163927805,961210079
1163927805,040553825
1163927805,042004349
1163927805,042195306
1163931497,040677265
1163931497,041907795
116393173X,040302717
116393173X,040302822
116393173X,041635833
1164001477,040550095
1164001477,953790118
1164001477,041596536
1164001477,041435184
1164001477,041509072
1164001477,954915186
1164001477,041135989
1164001477,040565610
1164001477,040479250
1164001477,042011485
1164001639,041813634
1164001639,041632303
1164001639,041856465
1164001639,040350495
1164001639,940589761
1164017934,951510223
1164017934,963632620
1164017934,042218500
1164017934,042263999
1164017934,946952590
1164057391,040459772
1164057391,040236838
1164057391,040381684
1164085646,040118827
1164085646,040344029
1164085646,043264646
1164085646,040295613
1164085646,042697956
1164498142,040762157
1164498142,963763229
1164498142,041970349
1164505114,946126321
1164589148,040791637
1164589148,949863971
1164589148,040650758
1164589148,96614080X
1164589148,04187594X
1164605445,115720774
1164605445,121862798
1164605445,124028756
1164605445,041221923
1164605445,042256984
1164768468,041352726
1164768468,040101533
1164768468,042317274
1164768468,042789257
1164768468,042773539
1164768468,940620502
1164768468,043245676
1164768468,041222237
1165302012,040154289
1165302012,952225611
1165302012,041173015
1165390868,042093287
1165390868,946570965
1165576910,119046997
1165576910,040476898
1165576910,040197026
1165576910,040378659
1165576910,994224508
1165683431,040118827
1165683431,040199622
1165683431,950579777
1165683431,041209060
1166122050,974041238
1166122050,041214986
1166122050,040340368
1166305414,040288595
1166305414,040557839
1166305414,04072431X
1166305414,040759687
1166305414,040163970
1166305414,041373030
1166305414,040762327
1166315274,040068773
1166315274,040763889
1166315274,043275214
1166315274,041422058
1166315274,1190840804
1166315274,040711897
1166315274,040432254
1166315274,041577213
1166420272,1194598587
1166420272,040272214
1166420272,040760669
1166420272,041300645
1167232127,040118827
1167232127,041933710
1167232127,042011906
1167365410,040065685
1167365410,041901215
1167406389,041854640
1167406389,040359646
1167415558,940431181
1167415558,991483006
1167415558,04200280X
1167415558,040431533
1167415558,040788075
1167415558,040349292
1167508351,040477045
1167508351,041289463
1167508351,041294068
1168229707,042388120
1168229707,040592456
1168229707,041391225
1168229707,040550729
1168229707,940879026
1168571901,040118827
1168571901,04033581X
1168571901,04073868X
1168571901,041238796
1168571901,954874765
1168571901,04069027X
1168571901,043099432
1168571901,957319304
1168728843,040118827
1168728843,040780295
1168728843,040408434
1168728843,040305813
1169744508,121852881
1169744508,960720189
1169744508,967545447
1169744508,041956400
1169840329,040181189
1169840329,1115819186
1169840329,040785998
1169840329,040786048
1169873502,041205065
1169873502,991483006
1169873502,041370422
1169873502,041391187
1169873502,041614860
1169905617,040564339
1169905617,040136736
1169905617,040776182
1170108334,040118827
1170108334,040098486
1170108334,041237137
1170108334,1072179776
1170360823,040420086
1170360823,978287363
1170360823,941012123
1170360823,041157168
1170360823,949998435
1170399371,042015219
1170399371,041142500
1170399371,1050859766
117067061X,04045956X
117067061X,041127625
117067061X,040059626
1170955304,940431181
1170955304,041701747
1170955304,041304039
1170955304,040763080
1170955304,04137830X
1170955304,041772768
1170955304,041270827
1170955525,940431181
1170955525,040038467
1170955525,97200923X
1170955525,040768996
1170958273,040379493
1170958273,040350967
1170958273,041969103
1170958273,041231767
1170958273,040746593
117106652X,040118827
117106652X,041349296
117106652X,040678512
117112953X,041550110
117112953X,940781433
117112953X,1112684522
117112953X,040337006
117112953X,041645405
117112953X,041596536
117112953X,04278770X
117112953X,968818374
1171425511,041849507
1171425511,042980925
1171425511,042723116
1171425511,04155017X
1171425511,040580768
1171425511,040172333
1171425511,041760778
1171633904,042100658
1171633904,1349001392
1171633904,040482049
117179908X,040762297
117179908X,968969771
117179908X,1070104361
117179908X,041554353
117179908X,967279453
117179908X,104487452X
117179908X,040323862
117179908X,04072560X
1171808453,960963405
1171808453,042723116
1171808453,042140889
1172288453,1236293711
1172288453,041144880
1172288453,041586727
1172288453,960706208
1172288453,041271653
1172288453,041366077
1172288453,042792177
1172414335,042601037
1172414335,042974054
1172414335,040746313
1172414335,940294885
1172414335,041230450
1172414335,041280962
1172414424,040011739
1172414424,941478688
1172414424,040306658
1172414424,041473574
1172414424,041769163
1172634270,041671252
1172634270,042605350
1172634270,041631927
1172634270,956298788
1172634270,947676724
117263498X,042717353
117263498X,940900351
117263498X,042209374
117263498X,947972722
117263498X,940900262
117263498X,04155423X
117263498X,042260310
1172668639,041333438
1172668639,040350282
1172668639,944284078
1172716382,040408027
1172716382,041407725
1172717370,987346105
1172717370,041845978
1172717370,942373596
1172717370,041385519
1172717370,042679869
1172796920,040425703
1172796920,962793566
1172796920,041306155
1172796920,042026466
1172807914,040470563
1172807914,040605604
1172807914,041176650
1172875235,04129047X
1173086781,041542339
1173086781,041456106
1173086781,041863682
1173086781,1350493317
1173086781,040174697
1173086781,042701058
1173086781,041524802
1173086781,041500512
1173086781,941959023
1173086781,040709590
1173086781,942462076
1173249087,040762297
1173249087,04155051X
1173337660,11927311X
1173337660,118987690
1173337660,04060294X
1173337660,041865367
1173337660,040159728
1173337660,040018695
1173337660,040136272
1173337660,041292812
1173565779,040027309
1173565779,04142901X
1173565779,040388522
1173565779,041228278
1173700188,041578198
1173700188,042045304
1173700188,1240784643
1173700188,041238877
1173791078,041383788
1173791078,04156023X
1173791078,040576965
1173791078,041856325
1173791078,94050863X
1173791078,040193306
1173791078,041769163
1173791078,942373596
1173791078,042792177
1174349891,040050440
1174349891,040163970
1174349891,04120719X
1174349891,040501647
117495812X,040183262
117495812X,042465850
117495812X,040566188
1175068942,100990017X
1175068942,040143597
1175068942,1115819186
1175068942,101046003X
1175091936,04310956X
1175091936,940674785
1175091936,04224496X
1175091936,952821613
1175091936,042717353
1175512826,1135928177
1175512826,042633966
1175512826,040160912
1175512826,041238877
1175770914,040232077
1175770914,04159312X
1175770914,1349013331
1175770914,041258258
1175839280,979253098
1175878243,040334236
1175878243,041660439
1175878243,040323862
1175878243,040329038
1175878243,041305450
1175878243,041269829
1176106856,040284956
1176106856,040027716
1176106856,040688178
1176106856,040026132
1176106856,041556003
1176106856,041163648
1176106856,04067911X
1176372548,04061963X
1176372548,99018773X
1176372548,041140125
1176372548,04011144X
1176372548,042743249
1176410210,041471075
1176410210,041471083
1176410210,042633966
1176410210,041646959
1176410210,043101089
1176522264,1046235370
1176522264,040488292
1176807463,040563820
1176807463,040200116
1176971735,040294862
1176971735,040349373
1176971735,04113303X
117759708X,040599795
117759708X,040038572
117759708X,040664384
117759708X,040664422
1177612879,040118827
1177612879,040151107
1177623110,943121191
117762351X,040599795
117762351X,041412893
117762351X,944024114
117762351X,042460840
117762351X,040153584
117762351X,04061655X
1177628139,040599795
1177628139,040288145
1177628139,042199522
1177634651,1104147815
1177634651,040645320
1177690314,1035496968
1177690314,041922816
1177690314,997237392
1177874830,040118827
1177874830,041584120
1177874830,041887468
1177874946,040575837
1177874946,041887379
1178124290,007722036
1178124290,944805965
1178124290,974675598
1178124290,042907012
1178147460,007722036
1178147460,974675598
1178147460,040147258
1178147460,040685985
1178147460,042907012
1178760456,040692272
1178760456,04053474X
1178760456,040786374
1178760456,040305503
1178760456,043128114
1179108310,04256591X
1179108310,041383842
1179108310,041773063
1179108310,042468779
1179108310,041449894
1179108310,042741793
1179200195,040118827
1179200195,040027333
1179200195,040182029
1179200195,04069349X
1179200195,1009242296
1179200195,041990609
1179200195,040693325
1179451902,040118827
1179451902,040447472
1179451902,041157168
1179451902,041570944
1179451902,041876806
117951744X,040660095
117951744X,041514343
117951744X,040397130
117951744X,040558983
117951744X,040775879
1179875931,040780295
1179875931,040754685
1179875931,040038467
1179875931,040034348
1179912071,040068552
1179912071,040616274
1179912071,977693015
1179919955,040189686
1179919955,040023338
1179924436,118554735
1179924436,118634313
1179924436,040457915
1179924436,040389715
1179924843,042459192
1179924843,041862430
1179924843,041595173
1179924843,041645707
1179924843,041792254
1179924843,1254001107
1179963725,1350536156
1179963725,040299198
1179963725,041596536
1179963725,040176908
1179963725,041866029
1179963725,040388980
1179963725,041411005
1179963725,041773063
1179963725,041361733
1180281780,948202491
1180281780,1019257644
1180281780,042242444
1180281780,042453224
1180281780,041970349
1180499557,04045312X
1180499557,004047621
1180499557,040395677
118050013X,041721543
118050013X,040705129
118050013X,041857348
118050013X,042744733
118050013X,961537361
1180526643,040510387
1180526643,040359646
1180526643,041927168
1180526643,1011178885
1180526643,940826283
1180840739,994088124
1180840739,041453794
1180840739,040232492
1180840739,041166140
1180961560,042975344
1180961560,041153340
1180961560,944350739
1180985311,040118894
1180985311,041659732
1180985311,040744426
1180985311,040336395
1180985311,040334228
1180985311,042074290
1181310148,040088278
1181310148,041230655
1181441536,040992225
1181441536,040063496
1181441536,040120589
1181441536,04055225X
1181574544,040302822
1181574544,968718167
1181574544,04280132X
1181574544,040059960
1181574544,041904435
1181574544,041369254
1181574544,041802802
1181852625,040674614
1181852625,040674738
1181852625,042404452
1181852625,040470563
1181852625,040300056
1181853931,040476898
1181853931,040709140
1182070914,040198480
1182070914,042910072
1182070914,040187764
1182155723,040352544
1182155723,041269144
1182155723,040403645
1182155723,040187764
1182354424,041535219
1182354424,040183262
1182354424,041492188
118247702X,040718670
118247702X,040677087
118247702X,040472337
118247702X,004691792
1182536298,040050440
1182536298,041446224
1182536298,043251218
1182536298,042623162
1182536298,985957824
1182682669,040305503
1182682669,040274845
1182682669,1028648189
1182682669,040145166
1182682669,040031578
1182682669,040272664
1182682669,1227961537
1182816541,940431181
1182816541,041143825
1182816541,040643174
1182816541,040762173
1182816541,040665593
1182816541,040465144
1182816541,040052273
1183043112,94371544X
1183043112,941653447
1183043112,04046587X
1183124112,041845609
1183523408,040350967
1183523408,041424069
1183523408,040223493
1183523408,041294920
1183879172,118544381
1183879172,041143337
1184017271,04201333X
1184017271,04129534X
1184017271,042863643
1184276730,040760014
1184276730,1006402748
1184276730,957888554
1184276730,042141575
1184276730,041811615
1184276730,043012329
118479393X,041223284
118479393X,1081794372
118479393X,964181266
1184872619,04032690X
1184872619,040737578
1184872619,954454553
1184872619,1176540750
1184872619,041238699
1185283064,041922166
1185283064,1349015350
1185283064,040597989
1185538089,042578345
1185538089,040103196
1185538089,943571987
1185538089,940590719
1185653880,040457915
1185653880,040205886
1185653880,040320812
1185775277,04128805X
1185775277,042980925
1185775277,041596536
1185775277,041275667
1185775277,042036836
1185775277,040039579
1185919651,041654234
1185919651,041517954
1185919651,041254678
1185919651,042183863
1185919651,040297489
1185919651,040015734
1185977155,120789795
1185983147,041810147
1185983147,040146758
1185983147,042054036
1185983147,041265076
1185983147,043141358
1186062983,118820656
1186062983,042664543
1186062983,040464490
1186143673,968043135
1186143673,040198308
1186143673,041482050
1186143673,040052524
1186267739,040360318
1186308249,040118827
1186308249,040300676
1186308249,041205553
1186308249,041447786
118631382X,040268284
118631382X,040025675
118631382X,040775879
1186508345,040157016
1186508345,041299949
1186508345,041207300
1186508345,040775704
1186509430,040340139
1186509430,041665686
1186509430,041204883
1186509430,940431181
1186509430,041399889
1186509430,040343839
1186510072,041396103
1186510072,040356469
1186510072,041912233
1186510072,041256980
1186522283,040118827
1186522283,04268059X
1186522283,041621069
1186522283,04069027X
1186653701,040584496
1186653701,940431181
1186653701,041280806
1186653701,041546806
1186794038,118557106
1186794038,040665623
1186794038,040332039
1186794038,040457915
1186794224,040359646
1186794224,040729052
1186794224,040121127
1186794674,040006875
1186794674,040758125
1186794674,041841034
1186794674,041689852
1186928174,12410181X
1186928174,040179850
1186928174,040465632
1186931744,040789438
1186931744,1112289534
1186931744,041819489
1186931744,040227243
1186931744,041996569
1186931744,118810758
1186939508,118664123
1186939508,118594893
1186939508,118567918
1186939508,040445909
1186939508,040052486
1187056669,040538818
1187056669,040014460
1187056669,041988787
1187056669,04122258X
1187056669,041401999
1187056669,04071781X
1187057207,118575147
1187057207,040588122
1187057207,952619636
1187057207,990706060
118705769X,040231186
118705769X,041559479
118705769X,042767075
1187058262,040223493
1187058262,040564592
1187058262,040473767
1187062413,040118827
1187062413,040288595
1187062413,041929756
1187062413,04040921X
1187062413,040013073
1187062413,041306422
1187062413,040714535
1187062413,040557367
1187062898,041957423
1187062898,040714284
1187062898,041554280
1187062898,042012759
1187062898,100929847X
1187062898,040166740
1187065250,042525799
1187065250,041750195
1187065250,041285972
1187065250,040732746
1187065250,040348695
1187065250,040717763
1187065250,041262190
1187065692,040118827
1187065692,040130215
1187065692,041394399
1187065692,04061672X
1187065692,040152723
1187065692,041154568
1187065692,042007933
1187065692,952560569
1187065692,04120509X
1187065722,101817088
1187065722,040183386
1187065722,040226492
1187065722,040732746
1187065722,040651096
1187065722,040413160
1187066583,040791637
1187066583,947141189
1187066583,040328139
1187067091,040118827
1187067091,040090167
1187067091,040432718
1187067091,041712269
1187067091,1003532349
1187067091,040790096
1187103594,040118827
1187103594,1125466294
1187193542,040118827
1187193542,940674513
1187193542,040447375
1187193542,040288595
1187193542,040762157
1187193542,041454820
1187194492,118559796
1187194492,041157516
1187194492,040183262
1187194492,040206459
1187194492,040762262
1187194492,041944240
1187196932,1183144717
1187266922,040118827
1187266922,041514343
1187266922,040775704
1187266922,041259718
1187266922,040485900
1187267031,1193111315
1187267031,041249410
1187267031,040118827
1187267031,04069027X
1187267031,040066673
1187271268,040118827
1187271268,944104320
1187271268,040288080
1187271268,040775704
1187273244,041375432
1187273244,040219933
1187273244,042997224
1187273244,042756715
1187273244,042882974
1187275050,041342623
1187275050,963763229
1187275050,040564967
118727836X,040118827
118727836X,1150881445
118727836X,040052273
118727836X,041657349
118727836X,041339746
1187280852,040118827
1187280852,040766004
1187280852,040668045
1187280852,040667944
1187335614,041788125
1187335614,94430690X
1187335614,041534166
1187364738,041753127
1187364738,941420167
1187364738,040108716
1187364738,041596536
118752042X,040118827
118752042X,1109778066
118752042X,040037894
118752042X,040274519
1187658391,042578906
1187658391,040413160
1187658391,040792625
1188026623,041447794
1188026623,040564363
1188118927,040091813
1188118927,040118827
1188118927,040056163
1188118927,040465152
1188118927,041758749
1188427873,041517954
1188427873,041139208
1188427873,043211437
1188427873,04298100X
1188427873,983786828
1188427873,04048971X
1188427873,040162788
1188427873,040550729
1189005433,040275809
1189146487,041727770
1189146487,040068773
1189146487,1350544388
1189146487,040475948
1189146487,042792177
1189537753,982398735
1189537753,991483006
1189537753,946387400
1189537753,040664937
1189537753,04064152X
1189580179,040118827
1189580179,1019842695
1189580179,041328779
1189580179,1182361293
1189582880,982196733
1189582880,041812166
1189582880,041294645
1189582880,040715078
1189583089,004720121
1189583089,040080242
1189583089,040716007
1189691620,960252967
1189691620,040196224
1190022087,040607429
1190022087,041916786
1190022087,040114740
1190022087,04204779X
1190022087,041384369
1190087847,945229380
1190087847,040336433
1190087847,040006263
1190087847,952959542
1190087847,954015312
1190087847,97200923X
1190087847,040332292
1190087847,041490320
1190087847,973255765
1190178966,042002346
1190178966,041649516
1190178966,040562433
119024103X,040118827
119024103X,041912233
119024103X,041135105
119024103X,041253523
119024103X,041502167
119024103X,04113446X
119024103X,040368246
119024103X,040205487
1190285126,040118827
1190285126,041847105
1190285126,04030650X
1190285126,040607496
1190285126,040787044
1190352494,040150259
1190352494,041927230
1190352494,040663809
1190352494,960476865
1190640635,040261816
1190640635,040349373
1190640635,041206592
1190640635,040701778
1190679930,040584127
1190679930,040565149
1190679930,040099377
1190679930,041582926
1190679930,041153758
1190679930,040393569
1190679930,94248990X
1190679930,041155890
1190679930,041327888
119068005X,040118827
119068005X,040145166
119068005X,041916433
119068005X,043032672
119068005X,04069349X
119068005X,1009242296
119068005X,040164187
1190995506,040118827
1190995506,041639170
1190995506,040062988
1190995506,040307026
1190995506,040569950
1190995506,041268873
1190995670,040181456
1190995670,040464962
1190995670,040220478
1190995670,040118827
1190995670,040038467
1190995670,040710130
119106932X,04004176X
119106932X,128564378X
119106932X,040741222
119106932X,949544787
119106932X,040029638
1191179842,040219917
1191179842,959451005
1191179842,968346715
1191179842,041744950
1191179842,041578198
1191316459,04004176X
1191316459,041270673
1191316459,040037630
1191316459,041275519
1191424634,04008003X
1191424634,041249410
1191424634,042264049
1191424634,040029638
1191424634,041124707
1191424634,040325245
1191424634,041127013
1191430634,940855348
1191430634,04127136X
1191430634,940431181
1191430634,042427118
1191430634,041701747
1191430634,040690083
1191436284,040726134
1191436284,041332792
1191632806,95315162X
1191664872,940431181
1191664872,040221539
1191664872,040682978
1191664872,040710130
1191664872,1109778066
119169190X,040500616
119169190X,041124790
119169190X,040072916
119169190X,041663683
119169190X,041866096
1191753409,977003418
1191753409,040368246
1191753409,040717763
1191767302,040511766
1191767302,041812093
1191828743,040118827
1191828743,042660580
1191831310,040435822
1191934381,040118827
1191934381,042084113
1191934381,040737888
1191934381,040581365
1191934381,043185398
1191937011,119399318
1191937011,043033814
1191937011,040465144
1191994031,041892836
1191994031,1067978100
1191994031,132940422X
1191994031,041892712
1191994031,041490088
1191994031,041366077
1191994031,041760743
1191994031,041856333
1191994031,941884007
119204990X,040332039
119204990X,040763080
119204990X,04229763X
119204990X,040718182
1192054822,040306380
1192054822,040465268
1192054822,040747255
1192054822,040734994
1192193105,041293215
1192193105,954874765
1192193105,040124754
1192193105,04187207X
1192193105,040557073
1192194195,007416504
1192194195,949519545
1192194195,040194116
119219781X,944495419
119219781X,000003778
119219781X,950871818
1192215435,040050882
1192215435,975709410
1192215435,042881269
1192215435,041700406
1192215435,04124348X
1192215435,947676724
1192215567,041501160
1192215567,04129534X
1192215567,041483480
1192215567,042632749
1192215567,041911709
1192216482,040431525
1192216482,040710130
1192216482,04161920X
1192305663,040020533
1192305663,040580474
1192305663,040501337
1192371372,040777049
1192371372,042946115
1192410408,043274706
1192410408,042045304
119260573X,041654234
119260573X,041517954
119260573X,04139402X
119260573X,1213471362
119260573X,946663459
119266521X,04064460X
119266521X,041218809
119266521X,040265749
119266521X,041446798
119266521X,04133695X
1192974646,042118115
1192974646,041223438
1192974646,041902963
1193050618,041412990
1193050618,041576888
1193050618,041625730
1193050618,1352880199
1193050618,1352881381
1193994322,042585058
1193994322,04291096X
1193994322,040475344
1194002285,041762517
1194002285,041550463
119416174X,1151091545
119416174X,040352544
119416174X,041164660
1194197396,041263928
1194197396,999006223
1194197396,941553183
1194197396,041313135
1194197396,040169162
1194197396,041331656
1194197396,042261279
1194197396,041760743
1194376010,041348222
1194376010,04157026X
1194376010,040456609
1194376010,040360504
1194376010,004691792
1194376843,041220005
1194376843,040216713
1194376843,040360504
1194376843,004691792
1194376959,1080677399
1194376959,041325923
1194376959,043237673
1194376959,040216713
1194376959,040360504
1194377092,04069996X
1194377092,118513249
1194377092,04075166X
1194377343,1080677399
1194377343,118548255
1194377343,041212606
1194377637,04010074X
1194377637,041140877
1194377637,040216713
1194377637,040360504
1194377637,041285069
1194377637,040300056
1194536174,118557513
1194536174,04049408X
1194556191,040346498
1194556191,041608356
1194556191,964766485
1194556191,042048206
1194556191,1116371308
1194556191,04113432X
1194667279,040013073
1194667279,040156028
1194667279,042531357
1194933521,040663809
1195055986,040216713
1195055986,040597024
1195055986,040360504
1195055986,040300056
1195056842,040050440
1195056842,004691792
1195056842,040216713
1195056842,040360504
1195225628,040780295
1195225628,041155327
1195225628,040334473
1195225628,041918150
1195530048,040118827
1195530048,040329348
1195530048,041774183
1195530048,975578375
1196041261,040624218
1196041261,040252159
1196041261,955632358
1196041261,1260057224
1196041261,042666864
119663226X,041888774
119663226X,041172655
119663226X,041324595
119663226X,041866029
1196632383,04042362X
1196632383,041356446
1196632383,042734320
1196632383,042015065
1196632383,041369254
1196632383,040586510
119670032X,042074282
119670032X,040375897
1196861730,040118827
1196861730,041412907
1196861730,041577558
1196861730,946179344
1196861730,041773063
1197374957,950749974
1197374957,040103846
1197374957,04274878X
1197374957,040006263
1197610804,040459748
1197645411,04171167X
1197645411,041393163
1197645411,042512786
1197645411,040334392
1197645411,972463739
1197693653,040385159
1197693653,040437442
1197693653,040051986
1197694463,041692640
1197694463,041288769
1197694463,040744450
1197694463,94816218X
1197694463,042795648
1197694463,041406605
1197694463,041691482
1197801197,041722825
1197801197,955693128
1197801197,1350544191
1197801197,040440214
1197801197,041667220
1197801197,040760669
1197801197,94433959X
1198056711,041456106
1198056711,040392260
1198056711,040675475
1198056711,959342257
1198056711,981352502
1198056711,041930169
1198311002,04037940X
1198311002,040198308
1198311002,040334473
1198311002,040389367
1198412704,040049450
1198412704,041294424
1198412704,1120956560
1198412704,040710343
1198412704,04120509X
1198412941,040118827
1198412941,1350546259
1198412941,041884019
1198412941,961349700
1198456442,04068041X
1198456442,1000723437
1198456442,041269748
1198456442,950181994
1198479523,040182029
1198479523,040023338
1199462934,042301254
1199462934,041132408
1199462934,040501310
1199462934,1350638137
1199462934,946264678
1199624896,041245636
1199624896,041785614
1199624896,041282566
1199624896,041250370
1199624896,041549430
1199773247,042674573
1200017943,000261599
1200017943,04079167X
1200017943,040738175
1200017943,040331512
1200112806,040158330
1200112806,041370023
1200112806,040120465
1200112806,040308227
1200112806,041649486
1200112806,954874765
1200210891,132940422X
1200210891,1067978100
1200210891,041634217
1200210891,041858174
1200210891,041748565
1200210891,041596536
120034717X,040198898
120034717X,04062644X
120034717X,041979710
120034717X,040348644
120034717X,040349225
120034717X,040491854
1200410637,041257537
1200410637,104487452X
1200410637,040459772
1200410637,042590450
1200623274,040665593
1200623274,946058784
1200623274,041933176
1200623274,040336379
1200623274,040334228
1201272890,118595164
1201272890,041851048
1201272890,040709140
1201272939,118528823
1201272939,04047089X
1201272939,042005876
1201275431,007722036
1201275431,974675598
1201275431,040147258
1201275431,040685985
1201275431,042907012
1201462843,958201064
1201462843,1328260801
1201462843,1116095971
1201462843,043115136
1201482100,041835050
1201482100,041576306
1201482100,943467217
1201482100,973552328
1201482100,040201368
1201595452,041838815
1201595452,946508534
1201595452,041561244
1201595452,957612060
1201645050,041132920
1201645050,040640353
1201645050,041887379
1201645050,040767043
1201645050,040414256
1201645050,040773477
1201820782,971747407
1201820782,1003153925
1201820782,041892712
1201820782,041336658
1201820782,040081958
1201820782,99207262X
1201820782,991109597
1201820782,042789257
1202067964,040154793
1202067964,041126289
1202067964,041901215
1202067964,040734994
1202067964,040557367
1202071457,040471942
1202071457,040004643
1202071457,040433757
1202071457,042795443
1202085210,040523330
1202113109,040603377
1202113109,041349385
1202113109,041637283
1202113109,041295374
1202113109,950902098
1202113109,04257658X
1202113109,042774195
1202113109,041409515
1202113109,041409507
1202113109,041596536
1202113109,944110797
1202246249,040118827
1202246249,040272869
1202246249,042017947
1202246249,041342623
1202246249,956012027
1202351840,1349260061
1202351840,041959973
1202351840,042125766
1202351840,943085462
1202351840,041918940
1202364942,040305503
1202364942,040288595
1202364942,041969103
1202364942,04120719X
1202364942,040655415
1202364942,94986109X
1202364942,041691873
1202364942,040156028
1202364942,040746593
1202435521,1008138029
1202435521,041251547
1202435521,041351010
1202435521,040004570
1202435521,040789217
1202435521,040344347
1202515142,040189686
1202515142,041710738
1202803229,040992713
1202803229,041854640
1202803229,042025443
1203068433,041472446
1203068433,942582101
1203068433,042059909
1203068433,042771676
1203352220,040118827
1203352220,040252434
1203352220,040509184
1203540892,118587943
1203540892,04049716X
1203540892,118547798
1203540892,040389367
1203540892,041249216
1203540892,040592057
1203540892,042420423
1203540892,040573125
1203622910,040446832
1203622910,041506197
1203622910,042712440
1203622910,042084962
1203622910,041323394
1203622910,040388247
1203938659,040118827
1203938659,040310310
1203938659,040786099
1203938659,040664384
1203938659,040436659
1204004722,040118827
1204004722,04004436X
1204004722,040020940
1204004722,946374112
1204004722,040111342
1204004722,041233972
1204004722,040143597
1204004722,041215907
1204004722,041385470
1204004722,040618420
1204060746,118551264
1204060746,11872780X
1204060746,040118827
1204060746,040384632
1204199981,04057833X
1204199981,041138376
1204199981,041320840
1204199981,040578216
1204199981,041209974
1204373701,041910060
1204373701,041871286
1204373701,040120406
1204373701,040597989
1204373701,042147085
1204478147,119073102
1204574111,040737578
1204574111,103238512X
1204574111,943048567
1204574111,042743249
1204692793,041238575
1204692793,040493547
1204692793,1184305870
1204692793,040348377
1204706840,041795407
1204706840,041572378
1204706840,040547906
1205010882,040564363
1205010882,041447794
1205010882,040352544
1205010882,040459608
1205010882,040403645
1205231285,041953800
1205248102,040328449
1205248102,040163172
1205248102,964181266
1205272658,041132920
1205272658,040504794
1205272658,040766454
1205272658,041225910
1205463844,040300463
1205463844,041807189
1205463844,042056950
1205463844,97711144X
1205477403,041155467
1205477403,947676724
1205477403,041854764
1205477403,041388968
120587075X,941285278
120587075X,043162797
120587075X,041230655
1205946241,040368777
1205946241,041609409
1205946241,994520042
1205946241,040346463
1205946241,040054616
1205946241,040550729
1205977139,11854893X
1205977414,040680509
1205977414,040665623
1205977414,040334228
1205977414,040457915
1206185678,040525880
1206185678,962855790
1206185678,041208064
1206185678,042789664
1206222581,944368581
1206222581,950760951
1206222581,041251547
1206222581,041459156
1206222581,950432954
1206222581,041471075
1206222581,042633966
1206252677,040118827
1206252677,040038467
1206252677,040682978
1206252677,040554295
1206335173,1262115531
1206335173,1071012568
1206335173,041377184
1206335173,040727300
1206344261,040740986
1206344261,040459772
1206344261,040535347
1206538368,1350641928
1206538368,04057833X
1206538368,04133549X
1206538368,135064627X
1206542780,118575449
1206542780,040489469
1206542780,040288633
1206542780,042344530
1206542780,040457915
1206542780,041532619
1206542780,041156455
1206543140,040305503
1206543140,040247740
1206543140,040597989
1206543140,041333276
1206543140,042756022
1206604220,040118827
1206604220,040739953
1206604220,041952855
1206604220,940063573
1206604220,042735319
1206604220,041881583
1207320692,040599795
1207320692,040739953
1207320692,041690710
1207320692,040628728
1207320692,956298788
1207320692,947676724
1207536296,118766570
1207536296,040114139
1207536296,041285972
1207536296,042350344
1207536296,04079167X
1207536296,04061672X
120753658X,1200506871
120753658X,040284956
120753658X,040006263
1207542482,041660412
1207542482,1206347392
1207542482,967941407
1207542482,1020239263
1207542482,967279453
1207616516,042525799
1207616516,040268136
1207616516,040221490
1207616516,040472973
1207616516,041349369
1207616516,040766012
1207682136,1011855623
1207682136,040120406
1207682136,040760669
1207830941,04164199X
1207830941,041207300
1207830941,040175987
1207830941,04136709X
1207831719,040284956
1207831719,040495353
1207831719,040087670
1207831719,963763229
1207922285,000350745
1207922285,04131946X
1207922285,040068552
1207922285,040236838
1207922285,040486893
1207922285,040555429
1207922285,041760964
1208141961,946186219
1208141961,041205677
1208141961,041408594
1208158317,042907330
1208158317,040020533
1208158317,040329038
1208158317,040554295
1208163299,04011628X
1208163299,951130137
1208163299,041811208
1208163299,040787184
1208163299,042062233
1208163299,040099873
1208163299,042154286
1208163981,040118827
1208163981,944346804
1208163981,040679667
1208163981,1327984474
1208163981,040313204
1208163981,041686829
1208164201,040261816
1208164201,041292960
1208164201,040340538
1208164201,042954592
1208164201,040597989
120860922X,1168630924
120860922X,04008003X
120860922X,040197026
120860922X,040465403
120860922X,040038467
1209058553,041294068
1209058553,040059626
1209058553,041127269
1209058553,040027643
1209174944,041779045
1209174944,94259570X
1209174944,1343148499
1209174944,040760669
1209174944,041301005
1209174944,04113642X
1209174944,042822963
1209174944,04134975X
1209271036,040118827
1209271036,040780120
1209271036,04129601X
1209271036,040789314
1209271036,04187207X
1209271036,041374924
1209271036,041901215
1209667517,041654234
1209667517,041304624
1209667517,1303024276
1209667517,960767053
1209667517,944875823
1209667517,041253663
1209673932,959418881
1209673932,041634225
1209673932,042513405
1209673932,041858174
1209673932,041731395
1209673932,041448634
1209673932,981830676
1209833239,041102339
1209833239,041142217
1209833239,040684717
1209833239,043264646
1209833239,041528263
1209887398,040223507
1209887398,964162512
1209887398,040019748
1209887398,041969103
1209887398,1283032309
1210046199,940540916
1210046199,04135740X
1210110776,040392260
1210110776,041694996
1210110776,043137016
1210110776,040066177
1210110776,042507006
1210157128,108053685X
1210160579,040252159
1210160579,04183268X
1210160579,040343537
1210160579,040068773
1210246465,942054261
1210246465,040786374
1210246465,040350967
1210426269,040223493
1210426269,040494225
1210426269,04128593X
1210426269,041896998
1210426269,040047709
1210445972,041620518
1210445972,040775704
1210445972,040788075
1210445972,041176413
1210445972,041922417
1210445972,041237617
1210445972,041205030
1210705494,041293150
1210705494,1006402748
1210705494,040502082
1210705494,041254678
1210705494,040567834
1210705494,040397858
1210729571,965403718
1210729571,942582101
1210729571,974177563
1210729571,040371352
1210729571,04280020X
1210952408,04072560X
1210952408,042412919
1210952408,04167412X
1210952408,041602218
1211094677,040300463
1211094677,041749146
1211094677,042042925
1211094677,041432037
1211094677,04113303X
1211178587,040028992
1211178587,041849450
1211178587,041132920
1211178587,040714616
1211290204,041447794
1211290204,041176383
1211290204,040658392
1211327523,041679318
1211327523,040140024
1211327523,041306724
1211327523,971305498
1211327647,961786418
1211327647,040085988
1211327647,946842582
1211327647,1004507216
1211481042,04061963X
1211481042,041230655
1211481042,040334473
1211699145,040215695
1211699145,040153320
1211699145,040605957
1211987841,040408434
1211987841,040223493
1211987841,041156455
1211987841,041241959
1211987841,040350932
1211990702,040118827
1211990702,040058719
1211990702,040059103
1211990702,042276543
1211990702,040059243
1212317718,040760014
1212317718,1121530230
1212317718,1230172793
1212317718,041465520
1212317718,04152229X
1212421957,04077628X
1212421957,97200923X
1212421957,041695569
1212423666,041204743
1212423666,042881234
1212423666,040641570
1212423666,041233573
1212423666,040468348
121250061X,118537865
121250061X,11852786X
121250061X,041759494
121250061X,041711807
121250061X,943281679
1212595351,040118827
1212595351,040577953
1212595351,041419553
1212595351,040290670
1212595351,041305884
121279866X,950553875
121279866X,955982642
121279866X,04149458X
121279866X,041702972
121279866X,941495256
121279866X,041337646
1212800192,040223493
1212800192,040119750
1212800192,040360326
1212800192,040066045
1212800192,041248546
1212855310,041843797
1212855310,040352544
1212855310,041143957
1213037751,040300463
1213037751,041621964
1213037751,040334392
1213096898,041373464
1213096898,040178943
1213096898,040477045
1213232724,041295218
1213232724,040413004
1213232724,1041605811
1213232724,040114139
1213232724,040465632
1213659035,040118827
1213659035,042041309
1213659035,041665120
1213659035,041996712
1213659035,042241413
1213659035,040601315
1213797136,11853078X
1213797136,040476898
1213810698,040774457
1213810698,040139018
1213810698,043085636
1213810698,041888049
1213810698,041235797
1213811546,04168592X
1213811546,959708839
1213811546,94170999X
121381233X,041748417
121381233X,040482049
121381233X,04168592X
1213814790,040590232
1213814790,041306724
1213814790,041855493
1213814790,040518035
1213814790,960436065
1213980216,041217616
1213980216,040097366
1213980216,996431608
1214058035,041698088
1214058035,040151697
1214370535,1353031624
1214370535,943838401
1214370535,040448886
1214422543,041654234
1214422543,040142388
1214422543,04139402X
1214422543,040592529
1214640818,04161951X
1214640818,040272540
1214640818,04062305X
1214640818,04128223X
1214640818,040772012
1214640818,041762363
1214812120,040138747
1214812120,949116173
1214812120,041230655
1214812120,1072179776
1214821707,940517647
1214821707,041437152
1214821707,043079644
1214821707,042676282
1214821707,041992555
1214821707,040543986
1214821707,040553825
1215037155,041748417
1215037155,040142973
1215037155,041540239
1215037155,04168592X
1215037155,040744507
1215321651,04053474X
1215321651,041165462
1215321651,040557367
1215321651,040557316
1215321880,040267229
1215321880,040118827
1215321880,040288714
1215321880,041141148
121533706X,040359646
121533706X,040360342
1215339909,041259092
1215339909,040588122
1215358407,041656695
1215358407,040564363
1215358407,040763080
1215358407,042054184
1215358407,04073756X
1215733992,041996798
1215733992,041849450
1215733992,040583236
1215905424,040118827
1215905424,04217368X
1215905424,04069349X
1215905424,04078570X
1215905424,041157168
1215905424,042783577
1215905424,041172930
1215905424,946264678
1215905424,041455207
1215908245,041254813
1215908245,040175197
1215908245,041406184
1215908245,042339472
1216103801,040334228
1216103801,041339657
1216103801,041176367
1216143064,000361542
1216143064,041602218
1216201544,040344029
1216201544,041227549
1216201544,948149582
1216201544,041735439
1216201544,042800234
1216201544,04006798X
1216249016,040682528
1216249016,041672623
1216249016,040099873
1216647860,041645405
1216647860,042841356
1216647860,940986973
1216647860,973950528
1216647860,041219120
1216647860,040172333
1216691339,040118827
1216691339,041216849
1216691339,040665380
1216691339,041127625
1216691339,04072560X
1216691339,040149048
1216696306,040042960
1216696306,041566386
1216696306,993997112
1216696306,040066177
1216708886,040315754
1216708886,041377184
1216708886,043249809
1216708886,041673069
1216708886,041284100
1216708886,041365844
1216709017,040432718
1216709017,041634624
1216709017,1321745281
1216709017,040136736
1216713103,1189947625
1216713103,041619196
1216713103,040664104
1216713103,042441412
1216713103,040413004
1216713103,041295218
1216825505,040632903
1216864829,04020832X
1216864829,041882229
1216864829,04123037X
1216864829,041550463
1216864829,972798838
1216864829,1264956134
1216864829,97269093X
1216864829,1249405939
1217059733,100072185X
1217059733,040059359
1217179852,040737578
1217179852,1006402748
1217179852,103238512X
1217179852,041165225
1217179852,969696191
1217179852,1005384800
121732822X,99534566X
121732822X,04049716X
121740452X,040767418
121740452X,040553043
121740452X,040567540
121740452X,040567699
121740452X,041215559
121740452X,043147267
121740452X,042264049
1217595589,97811406X
1217595589,040457982
1217775587,043249809
1217775587,04117707X
1217775587,040113620
1217845518,043099815
1217845518,04067536X
1217845518,043033504
1217873422,955475872
1217873422,042196736
1217873422,04113432X
1217873422,041212088
1217873422,040697940
1217938575,040118827
1217938575,041842219
1217938575,040438449
1217938575,040272389
1217938575,040360504
1217938575,040028518
1218037504,041708180
1218037504,040717763
1218037504,041223497
1218037539,040247295
1218037539,041529960
1218037539,040717763
1218037539,04071781X
1218037539,957627521
1218039760,040154289
1218039760,041343735
1218395737,971455163
1218395737,956718760
1218395737,040252264
1218395737,042412919
1218395737,040071898
121839711X,040803724
121839711X,041376498
121839711X,040288080
121839711X,008128863
1218398914,040276872
1218398914,041428552
1218398914,041649214
1218399384,040500616
1218399384,040176258
1218399384,041558030
1218399384,040309134
1218399384,043243983
1218404191,040775704
1218404191,040762157
1218404191,040114139
1218466707,041549473
1218466707,041386485
1218466707,965272281
1218530383,04008065X
1218530383,042937299
1218530383,041368126
1218530383,041165497
1218530383,041514343
1218702419,043224415
1218702419,041155610
1218702419,955357896
1218770023,040408434
1218770023,041231767
1218792108,040223493
1218792108,040119750
1218792108,041674340
1218792108,040564592
1218861088,040436497
1218861088,042565219
1218861398,041137914
1218861398,041143647
1218861398,040767043
1218861398,040335429
1218864095,118770497
1218864095,040006263
1218864095,040197026
1218864095,040336697
1218867698,040582167
1218867698,04127380X
1218869232,040223493
1218869232,040408434
1218869232,043164064
121886950X,040189686
121886950X,041256980
121886950X,041237013
121886950X,040257983
1218872187,041241959
1218872187,040408434
1218872187,040198413
1218872187,040128490
1218872829,118554700
1218872829,041574567
1218872829,041574419
1218872829,041375009
1218872829,041278402
1218872829,041635817
1218872829,041754050
1218872977,040350932
1218872977,041214447
1218872977,100072185X
1218876328,04072560X
1218876328,042412919
1218876328,954541669
1218876328,040473767
1218876328,040252264
1218876867,00765099X
1218876867,041157443
1218876867,040038467
1218876867,041262638
1218972041,040494225
1218972041,954874765
1218972041,040789314
1218972041,041215842
1218972041,040494128
121906937X,04049795X
121906937X,041361512
121906937X,041230655
121906937X,1206347392
121906937X,967941407
1219247294,118612557
1219247294,041206320
1219247294,041851056
1219515590,040645878
1219515590,1148357394
1219515590,041140877
1219578940,007679246
1219578940,1098579690
1219665371,040058573
1219665371,040264823
1219665371,040759954
121966538X,952403625
121966538X,040245969
121966538X,040368246
1219703338,947749438
1219703338,040482413
1219703338,1194595685
1219703338,041611209
1219703338,041710444
1219719439,040118827
1219719439,1208516159
1219719439,041342623
1219719439,041230655
1219729469,040559939
1219755907,040118827
1219755907,04021852X
1219755907,041230655
1219755907,959632387
1219755907,040581365
1219755907,041237137
1219955213,041242610
1220035211,041555562
1220035211,040266435
1220035211,041281284
1220035211,041371216
1220035211,940904357
1220225452,041715128
1220225452,040416496
1220225452,041265076
1220225452,94816218X
1220225452,042761956
1220225452,041691482
1220225452,041406605
1220289825,040284956
1220289825,04209657X
1220289825,95020174X
1220289825,968865615
1220289825,041774183
1220289825,94783222X
1220289825,040172562
1220289825,043232744
1220296848,040559645
1220425176,040718670
1220425176,042455138
1220425176,04066399X
1220425176,040775879
1220425176,040664392
1220488224,040408434
1220488224,100072185X
1220488224,040272664
1220488224,041708385
1220488615,040408434
1220488615,041708369
1220531839,040300463
1220531839,041373677
1220531839,04176868X
1220531839,040006379
1220531839,041264843
1220633429,118622110
1220633429,042022576
1220633429,040040380
1220840580,042026466
1220840580,042979293
1220840580,970390424
1220840580,1037948017
122085137X,041699165
122085137X,972244271
122085137X,040711846
1221131508,040485900
1221131508,043147267
1221132490,041715292
1221132490,040557626
1221132490,042059755
1221132490,040485900
1221341103,04054284X
1221341103,040024164
1221341103,040324168
1221341103,1068493003
1221341103,040120406
1221341103,041534700
1221341103,040476146
1221526111,118641603
1221526111,040092135
1221526111,04059758X
1221526111,041239784
1221597086,040350932
1221597086,040777049
1221597086,041231767
1221597604,984983066
1221597604,040305945
1221597604,135088314X
1221597604,04315848X
1222013886,040350932
1222013886,041214447
1222013886,041786475
1222270129,042798396
1222270129,041630408
1222270129,96494474X
1222270129,041388933
1222270129,041388968
1222270129,947676724
1222395622,040213250
1222395622,040348644
1222408996,041300262
1222408996,041837886
1222408996,953546322
1222502372,041306155
1222502372,041946499
1222741504,040272540
1222741504,041673069
1222751488,04026193X
1222751488,041974298
1222751488,040120406
1223111865,040497887
1223111865,040335682
1223111865,040311473
1223111865,040578038
1223111865,043017266
1223458377,040776247
1223458377,040205886
1223458377,040487377
1223459217,040118827
1223459217,040176045
1223459217,040775704
1223481662,040785998
1223481662,042237688
1223696286,1206347392
1223696286,960168400
1223696286,040246663
1223696286,042672449
1223696286,943795524
1223696286,041392698
1223787443,041982835
1223787443,04010074X
1223787443,040305503
1223787443,040718670
1223787443,041323769
1223787443,040494187
122386474X,997807482
122386474X,041365844
122386474X,040476863
122386474X,043249809
122386474X,041268873
1223868001,041139720
1223868001,041141598
1223868001,041365844
1223868001,040597989
122407999X,040288595
122407999X,040013073
122407999X,118976492X
122407999X,041705378
1224232097,040226484
1224232097,100072185X
1224232097,040350932
1224269586,040118827
1224269586,040554090
1224269586,040791637
1224269586,041145704
1224269586,041539400
1224269586,041359526
1224334329,041750934
1224334329,040467244
1224334329,1352638355
1224334329,940589761
1224334329,041555856
1224334329,954915186
1224334329,042743524
1224345266,954405110
1224345266,984430695
1224345266,040199029
1224465598,041557360
1224465598,1206347392
1224465598,042071887
122462789X,040785173
122462789X,043264646
122462789X,04062871X
122462789X,041644646
122462789X,041819446
1224739426,04042068X
1224739426,041696360
1224739426,040765733
1224739426,1352644126
1224739426,040598276
1224739426,042372038
1224854977,968788955
1224854977,041338588
1224854977,04280132X
1224854977,041797396
1224854977,042258944
1224854977,041659147
1224854977,041596536
1224897145,040189686
1224897145,041843797
1224897145,041672984
1224964888,12066190X
1224964888,94694430X
1224964888,040120589
1224964888,040272184
1224964888,040408434
1225068010,040220478
1225068010,040060209
1225068010,042007933
1225068010,04061672X
1225068010,961443030
1225068010,952560569
1225068150,042525799
1225068150,040222330
1225068150,949660272
1225068150,04326400X
1225068150,040236803
1225068150,040183823
1225068150,041824598
1225068150,040184803
1225068150,943487382
1225182107,944366368
1225354560,040118827
1225354560,041141237
1225546478,040350932
1225546478,100072185X
1225546478,040223493
1225547792,952225611
1225547792,040741680
1225547792,040120619
1225549442,041652452
1225549442,041808347
1225549442,04072560X
1225549442,942054261
1225683734,040641929
1225683734,041171616
1225684374,04010074X
1225684374,963446827
1225684374,040494128
122586464X,041265173
122586464X,040015734
122586464X,040137880
122586464X,04149007X
122586464X,041231899
122586464X,040172333
1226335462,1206347392
1226335462,967941407
1226335462,041761847
1226881025,957577850
1226881025,041214722
1226984975,118581392
1226984975,040056945
1226984975,041629817
1226994156,040261816
1226994156,040300463
1226994156,041292960
1226994156,040340538
1226994156,04185473X
1226994156,040628604
1227323832,040767043
1227323832,041887379
122755365X,040085244
122755365X,040266583
122755365X,041235479
122755365X,041266080
122755365X,041208064
122755365X,040066177
1227558414,040783154
1227558414,041230655
122770304X,040118827
122770304X,040741222
122770304X,040026418
122770304X,04128237X
122770304X,040059103
1227963629,1293324426
1227963629,041216539
1227963629,040052524
1227963629,040348644
1228627258,041339797
1228627258,041808029
1228627258,04137696X
1228627258,041172655
1228627258,042090377
1228627258,96473222X
1228859574,041995856
1228859574,954227883
1228859574,041280962
1228859574,1083012029
1228859574,041795016
1229701230,953102424
1229701230,040785998
1229728023,040398277
1229728023,040025675
1229728023,041672720
1229728023,040557367
1229728023,040437744
1229728023,040059642
1229728023,040376214
1229728023,041230655
1229728023,040332039
1229987754,041584716
1230062513,965606511
1230062513,97660339X
1230062513,041365135
1230062513,043084273
1230062513,043160913
1230103074,041141598
1230103481,041310195
1230103481,041242335
1230103570,04026193X
1230103570,042058848
1230103570,04113303X
1230103570,042732212
1230323619,040309967
1230625208,1353043355
1230625208,1353051064
1230625208,968687350
1230625208,041221664
1230625208,042156084
1230625208,040781682
1230625208,041406605
1230661506,040114503
1230661506,040354083
1230661506,040661857
1230661506,04141943X
1230691758,1352641879
1230691758,042865298
1230691758,042907330
1230756051,042506662
1230756051,042938252
1230756051,04010141X
1230797068,119215365
1231066733,1012815048
1231066733,042753198
1231066733,041635795
1231066733,042797128
1231066733,041596536
1231066733,041321405
1231066733,041622332
1231066733,940243741
1231066733,955633052
1231066733,040518035
1231066733,041214609
1231274441,949420921
1231455829,1024265765
1231455829,945348118
1231713003,041701704
1231713003,04055760X
1231713003,041156455
1231713003,040494225
123171302X,041223993
123171302X,041289722
123171302X,040318834
123171302X,040494225
1231714018,300477228
1231714018,042875420
1231714174,04125385X
1231714174,95290909X
1231714174,042616549
1231714174,949695505
1231791667,040057283
1231791667,041388038
1232072745,040118827
1232072745,951526863
1232072745,041317955
1232072745,040384632
1232072745,04045245X
1232413623,040109836
1232413623,040645169
1232413623,042964164
1232413623,946491399
1232413623,040388247
1232413623,943818761
1232488313,040373630
1232488313,040197026
1232488313,041337344
1232488313,041912233
1232488313,040717763
1232488313,041874404
1232488313,041902963
1232488704,1206347392
1232488704,967941407
1232488704,04047089X
1232488704,004691792
1232488704,040332039
1232488704,040158128
1232496596,041796993
1232496596,950499447
1232496596,041694996
1232496596,942129342
1232534870,041201108
1232534870,040517527
1232534870,041795024
1232534870,040276767
1232646075,1019007982
1232646075,040028992
1232646075,040709140
1232646075,041702808
1232646075,040717224
1232646075,041947479
1232811629,04004176X
1232811629,040050785
1232816698,04068430X
1232816698,040493962
1232816698,04053460X
1232816698,040584879
123289480X,041421477
123289480X,041306600
123289480X,041881079
123289480X,042038324
123289480X,040765733
123289480X,041797809
123289480X,041797868
1233007580,041307623
1233007580,043271456
1233007580,042693039
1233007580,041402200
1233007580,041644247
1233007580,944284124
123301286X,040401073
1233182358,04113852X
1233182358,041927230
123327421X,040166198
123327421X,04183903X
123327421X,040476898
1233336320,965546020
1233336320,944386466
1233336320,04171301X
1233336320,1007522151
1233336320,944856934
1233336320,041172167
1233336320,040600874
1233336320,04049716X
1233336320,040386392
1233336320,040065685
1233418912,040714977
1233418912,042039665
1233967401,040714977
1233967401,04131218X
1233967401,041555759
1233967401,979984149
1233967940,041338537
1233967940,041837843
1233967940,993997112
1233967940,1345074433
1234013614,040031209
1234013614,040754219
1234013614,959342257
1234013614,041900197
1234015838,041240502
1234015838,040063186
1234015838,041974298
1234015838,04113303X
123406667X,04139402X
123406667X,041353692
123406667X,957571917
123406667X,042012759
123406667X,041618173
123406667X,040592626
1234158876,300065531
1234158876,041735455
1234243679,118739018
1234243679,941868346
1234243679,04132854X
1234243679,040477649
1234243679,040447898
1234391503,118507109
1234391503,041881664
1234391503,041281098
1234391503,040300056
1234392542,040787044
1234392542,04048744X
1234392542,040335682
1234392542,961739223
1234392542,043168884
1234392542,04076527X
1234392542,040023338
1234392542,041354702
1234392542,040373487
1234392542,040431835
1234395096,04037940X
1234395096,040493555
1234395096,040457915
1234563797,040538818
1234563797,040028275
1234912406,041412990
1234912406,972810277
1234912406,1352880199
1234912406,04318717X
1234912406,041232755
1235019098,040477045
1235019098,040476863
1235019098,040477460
1235148335,040382702
1235148335,951549650
1235148335,041670167
1235148335,040014460
1235148335,041260732
1235148335,040746720
1235152871,041447794
1235152871,97269093X
1235152871,04123037X
1235720969,128885998
1235720969,04049716X
1235720969,040408086
1235720969,040435822
1235720969,040278336
1235720969,041143337
1236776747,040036146
1236776747,040335607
1236776747,040335429
1236776747,041939859
1236813286,1059232081
1236813286,1351262173
1236900030,040315754
1236900030,040592057
1236900030,040205487
1236900030,040368246
1236900030,042221269
1236901002,040128148
1236901002,040778142
1236901002,04274816X
1236901002,040775704
1236901002,041709950
1236901002,041335945
1236901002,040013073
1237107989,042131286
1237107989,040366634
1237107989,1351265997
1237107989,041804082
1237221757,041891236
1237221757,040230953
1237221757,04193783X
1237221757,041391586
123768482X,041287746
123768482X,040031675
123768482X,040318834
123768482X,983662320
123768482X,041692128
123768482X,040736555
1237884179,007652879
1237884179,041157109
1237884179,041277465
1237884179,041702662
1237884179,040558568
1237884179,043051278
1237884179,041917650
1237895073,040099296
1237895073,040147703
1237895073,040220478
1237895073,040432718
1237895073,040577953
1237896266,007641826
1237896266,004882083
1237896533,004854306
1237896533,040180557
1237896533,040487377
1237898390,118547798
1237898390,118555359
1237898390,041409418
1237898390,040149048
1237898390,954329139
1237937671,040118827
1237937671,954679504
1237937671,951885561
1237937671,040684709
1237937671,040318834
1237937671,041218574
1237937671,04062644X
1237958989,040118827
1237958989,040125173
1237958989,040578127
1237958989,041528166
123796282X,118561219
123796282X,118581163
1237964490,040721337
1237964490,041999126
1237967066,040118827
1237967066,040633217
1237967066,940636611
1237967066,042677874
1237967066,041173686
1237967562,040118827
1237967562,041154606
1237967562,940851792
1237967562,040488217
1237968941,040118827
1237968941,040632709
1237968941,041222172
1237968941,04001276X
123796976X,118529331
123796976X,041772725
123796976X,040628604
123796976X,040694909
123796976X,040488373
123796976X,040418979
1238222269,040118827
1238222269,04072560X
1238222269,04206810X
1238222269,040455998
1238336957,040432718
1238336957,040154289
1238336957,042221269
1238336957,040182142
1238367402,040300463
1238367402,041434463
1238367402,041617495
1238367402,041636570
1238394590,118525069
1238394590,040457982
1238394590,040264688
1238394590,040332292
1238438857,040375897
1238438857,04062644X
1238438857,043261094
1238438857,041552725
1238438857,04123037X
1238496466,040310310
1238496466,041259602
1238496466,040375897
1238496512,04074745X
1238496512,041304705
1238496512,940754541
1238655297,116313900
1238655297,002155583
1238655297,041374924
1238655297,943006449
1238655297,041220625
1238788114,040770826
1238788114,041452267
1238788114,041845684
1238887627,953456439
1238887627,040464962
1238887627,954874765
1238887627,040318834
1238893058,040318834
1238893058,040365107
1238893058,041819349
1238893910,1277902054
1238894690,040408027
1238894690,040504913
1238894690,041402650
1238894755,980853648
1238895042,993997112
1238895042,1204156549
1239422075,040457915
1239422075,040597873
1239442521,040455033
1239442521,042789664
1239442521,042315085
1239561563,04074972X
1239561563,041926749
1239561563,041176650
1239837879,040261816
1239837879,040300463
1239837879,04154224X
1239837879,040169537
1239919131,040232778
1239919131,042979293
1239919131,041244818
1240229674,118700804
1240229674,000089893
1240229674,040232875
1240229674,040766454
1240229674,041222008
1240229674,041143337
1240229674,041288440
1240229674,1212244893
1240229674,041156455
1240229674,953263746
1240317476,1253972168
1240317476,042261074
1240317476,041294068
1240317476,957260768
1240487541,040118827
1240487541,040261816
1240487541,040300463
1240487541,040753999
1240487541,040190145
1240487541,041340299
1240487541,04019034X
1240487800,040118827
1240487800,040455033
1240487800,96429379X
1240487800,041884019
1240487800,041842170
1240495560,040139212
1240540469,040118827
1240540469,040785238
1240540469,042907330
1240540469,041750470
1240540469,040114139
1240832478,1032307897
1240832478,040782484
1241019150,100775446X
1241019150,998904597
1241064660,040118827
1241064660,041287746
1241064660,040693406
1241064660,041447352
1241064660,040059642
1241537658,971064628
1241537658,042256984
1241537658,040504794
1241667888,040456609
1241675589,1112158286
1241675589,042052912
1241675589,040055655
1241811490,040127664
1241811490,040732746
1241811490,040269248
1241811490,041481143
1242026134,040584062
1242026134,1206347392
1242026134,967941407
1242026134,041126467
1242026134,04248362X
1242026134,040465144
1242385274,042153999
1242385274,1062940512
1242385274,983071055
1242385274,040334473
1242385274,1140936166
1242385274,040325946
1242385525,04061963X
1242385525,042570840
1242385525,04011144X
1242385525,042743249
1242385525,981592236
1242385525,040334473
1242810226,040118827
1242810226,040667944
1242810226,04078603X
1242810226,040658392
1242810226,040667960
1242860320,042863465
1242860320,041596536
1242860320,042424658
1242860320,968363148
1242860320,944110797
1242860320,041361733
1242860320,042086612
1242973605,040563804
1242973605,041135857
1242973605,041396472
1243351179,040564339
1243351179,040288633
1243351179,1206347392
1243351179,967941407
1243569786,949019402
1243714271,040592316
1243714271,041231767
1243714271,041808347
1243714271,04126116X
1243714271,041786475
1243714271,040581675
1243746769,04133597X
1243746769,041753275
1243746769,041609182
1243746769,041524802
1243746769,041239989
1244282340,100072185X
1244282340,041346815
1244282340,041584066
1244476870,040620115
1244476870,040223493
1244476870,040354083
1244476978,040223493
1244476978,1004278810
1244476978,041257537
1244476978,041393708
1244476978,040533697
1245003038,040455033
1245003038,041307429
1245003038,04195226X
1245003038,041548183
1245003038,040066177
1245563238,948601884
1245563238,041142276
1245563238,041287746
1245563238,040031675
1245622080,041132920
1245622080,040155536
1245622080,040742717
1245622080,951036408
1245622080,040354083
1245791761,040063496
1245791761,040334473
1245791761,040709140
1245791761,040362027
1245864378,040118827
1245864378,963483927
1246274523,041412788
1246745143,040528154
1246745143,944100511
1246745143,040566935
1246745143,040169618
1246745143,943590191
1246745143,041884159
1246904411,042499968
1246904411,041670779
1246904411,040460835
1247606392,040535347
1247606392,040272664
1247606392,040740986
1247606392,041694430
1247606392,041358899
1248285611,040564339
1248285611,1206347392
1248285611,967941407
1248365933,041305094
1248365933,040564363
1248365933,040352544
1248384989,040336379
1248384989,041231767
1248384989,040479668
124913952X,040743357
124913952X,040057283
124913952X,040566188
124913952X,042088534
124913952X,040336670
124913952X,04033659X
124913952X,040334236
124913952X,040227243
124913952X,041819357
1249415837,971732795
1249663997,040359646
1249663997,041289722
1249663997,041257413
1249724619,040334228
1249724619,040659720
1249724619,95851030X
1249724619,040006263
1249761875,998904597
1249761875,040710815
1249761875,040665860
1249761875,040728064
1250328209,04061963X
1250328209,041230655
1250328209,041217616
1250328209,040187764
1250451620,040082164
1250451620,040288080
1250451620,040408027
1250451620,040039390
1250734991,041155513
1250734991,041249399
1250734991,043158277
1250996538,960055592
1250996538,04179673X
1250996538,040467813
1250996538,040335968
1250996538,041708059
125114473X,041143337
125114473X,043168884
125114473X,041206304
125114473X,043277802
125114473X,041259319
125114473X,041660420
125114473X,041374924
1251150667,040065685
1251150667,040544982
1251150667,041311124
1251150667,040272664
1251153852,040143570
1251153852,040143554
1251153852,040143627
1251161618,040563669
1251161618,04020832X
1251189164,041306155
1251189164,040149374
1251189164,041628640
1251189296,040564339
1251189296,040750043
1251239080,1031634185
1251239080,04074972X
1251312144,040269914
1251312144,040554090
1251312144,041307305
1251312144,041554876
1251312144,041442776
1251312144,979371031
1251312144,042506786
1251498868,041240502
1251498868,040063186
1251498868,040068803
1251498868,041776283
1251498868,041306570
1251561772,040457915
1251561772,04049716X
1251561772,004802349
1251740332,118931725
1252063792,040001547
1252063792,040061418
1252063792,040701573
1252244762,041877330
1252244762,040149633
1252320442,040494152
1252320442,040300056
1252751648,118575287
1252751648,041727088
1252751648,041333209
1253105812,1089766092
1253105812,1248325265
1253105812,04123412X
1253105812,042017947
1253222894,04068430X
1253222894,040493962
1253222894,04053460X
1253222894,949810150
125336561X,1206347392
125336561X,967941407
125336561X,040332039
125336561X,041401999
125336561X,041954610
1253513414,040145166
1253513414,042021057
1253513414,041326954
1253513414,042029945
1253520283,040156850
1253520283,040006956
1253520283,040493962
1253520283,041923529
1253721378,040386430
125375313X,041287746
125375313X,040238199
125375313X,040449033
125375313X,04185473X
125375313X,041451988
1254029087,948501316
1254029087,11808142X
1254029087,1117244997
1254029087,042075645
1254029087,946618062
1254906053,040424987
1254906053,040255786
1254906053,040764885
1254906053,954069838
1254931686,040447898
1254931686,040762157
1254931686,040733157
1255278064,040272079
1255278064,040183262
1255278064,040710424
1255278064,040782492
1255278064,123138647
1255278064,041285204
1255278064,040558762
1255383755,040300463
1255383755,042736978
1255684143,040423069
1255750758,040079554
1255750758,040062953
1255750758,041968387
1255750758,041236076
1255750758,118650661
1256179299,118590502
1256179299,118761579
1256346810,041386493
1256429074,987973851
1256429074,040154289
1256431974,041447794
1256431974,1026941148
1256829269,04060294X
1256829269,040607429
1256829269,04204779X
1256876690,040348709
1256876690,040207676
1256876690,041969146
1256876690,040718085
1257220527,1018710949
1257220527,041540727
1257220527,040171299
1257220527,041248546
1257229672,042757819
1257229672,992576636
1257229672,042090377
1257229672,1150808055
1257229672,946663459
1257229672,041142616
1257229672,041702972
1257421328,11862721X
1257421328,040006263
1257860607,041677900
1257860607,1081522143
1257860607,040754219
125834968X,040494225
125834968X,042961785
125834968X,041649486
125834968X,041652444
125834968X,041975723
1258350459,040147770
1258350459,041132920
1258350459,040517527
1258350459,949343781
1258350459,040276767
1258854309,04069304X
1258854309,004798139
1258854309,041249410
1258854309,040757706
1258854309,040787044
1258854309,040118894
1258854309,040038467
1258869543,041846117
1259192415,04180855X
1259192415,040476898
1259506304,100072185X
1259506304,04200053X
125969402X,040608107
125969402X,040136566
125969402X,040305503
125969402X,041954610
125969402X,040145166
1259731456,963901672
1259731456,04049716X
1259731456,040359646
1260724212,04174084X
1260724212,040156028
1260749525,040216624
1260749525,040232778
1260749525,041407164
1260749525,040717690
1260749525,040205320
1260749525,040465624
1261095162,040118827
1261095162,041305604
1261095162,042026229
1261095162,041759214
1261095162,041586522
1261284844,040215695
1261849043,041132920
1261849043,040504794
1261849043,042075696
1261849043,042130778
1261978897,040118827
1261978897,040334236
1261978897,961739223
1261978897,041223497
1261978897,041218574
1261978897,04049716X
1261978897,042088534
1261978897,041206304
1261978897,04033659X
1261978897,1073324133
1263780709,040254054
1263780709,040452425
1264304889,040533697
1264304889,040628728
1264304889,040350886
1264304889,963690280
1264641850,041249399
1264641850,042010608
1264641850,041291859
1264754671,040767043
1264754671,040360318
1265009473,040118827
1265009473,040523713
1265009473,040140245
1265009473,040039579
1265009473,1009974173
1265173605,040334228
1265173605,041235924
1265173605,040052486
1265173605,040006263
1265173605,041851056
1265754292,040064069
1265754292,040414213
1265754292,040771504
1265754292,040710513
1265801215,040408027
1266293957,041746120
1266293957,040350932
1266293957,041173015
1266293957,041951417
1266293957,040340368
1266294708,118525727
1267033908,040408027
1267033908,041969103
1267033908,041923588
1267033908,040700836
1267033908,041227956
1267033908,041374924
1267251417,004037898
1268129038,968289487
1268712566,118547739
1268712566,118532758
1268712566,118578537
1268712566,040457915
1268712566,118629743
1268712566,04077628X
1268997331,04004436X
1268997331,04316837X
1268997331,948675853
1268997331,04123037X
1268997331,040334473
1268997331,041140125
1269028049,040511766
1269028049,040744329
1269028049,040074676
1269028049,118539841
1269028049,040771628
1269028049,04049716X
1269264389,04004176X
1269264389,040751287
1269394517,040272516
1269394517,040272540
1269394517,04049716X
1269394517,042802970
1269394878,040757390
1269394878,040118827
1269394878,040205339
1270005146,118616277
1270005146,040154645
1270005146,041248546
1270005146,041529677
1270005448,118616277
1270005448,040360202
1270565648,040939766
1270565648,041143337
1271218348,040476820
1271218348,040476863
1271218348,042526078
1271218348,966591151
1271218348,040746720
1271510960,040310310
1271510960,948675853
1271510960,040111342
1271510960,040224988
1271510960,043104169
1271510960,043261094
1272949273,040334236
1272949273,041176227
1272949273,041659848
1272949273,040107817
1272949273,041907604
1272949273,040336379
1272949273,945130562
1272952657,041674820
1273046412,040392260
1273046412,040022579
1273046412,040069028
1273438280,041655796
1273438280,04012178X
1273438280,041544935
1273438280,041874110
1273438280,04113446X
1273438280,043232744
127344342X,1027874134
127344342X,040665968
127344342X,041849450
1274228204,118552465
1274228204,040435822
1274228204,041333209
1274640067,122956400
1274640067,041387686
1274640067,94817031X
1274640067,040793206
1274667755,958891869
1274667755,041280660
1274667755,041585828
1274667755,958891788
1274667755,949602221
127483905X,118598988
127483905X,04150917X
127483905X,041847032
1275244866,971386315
1275244866,040589005
1275244866,041481143
127547585X,007679246
127547585X,040408434
127547585X,041408802
127547585X,040350932
127547585X,041969103
1276088256,040074676
1276088256,040429423
1276088256,040660834
1276088256,040715078
1276239041,000361755
1276239041,041164792
1276239041,041230655
1276239041,041969103
1276592396,040459772
1276592396,04045956X
1276592396,040533697
1276592396,040640329
1276592396,940298317
1276600348,041333039
1276739753,040408027
1276739753,954874765
1277009996,040157016
1277009996,042349877
1277009996,041306422
1277009996,04276243X
1277009996,040245969
1277009996,960924671
1277270902,117048062
1277270902,040332292
1277270902,118508288
1278021019,041132920
1278021019,041263243
1278021019,040734099
1278021019,040289117
1278156518,040118827
1278156518,04172951X
1278156518,106969780X
1278246428,041205553
1278246428,964013711
1278246428,041900464
1278869638,118620134
1278869638,953416844
1278869638,040768996
1279021233,118597442
1279021233,041248546
1279021233,043013066
1279274808,118535315
1279274808,041250389
1279274808,041341902
1279274808,040476898
1279595736,040367746
1279595736,040360342
1279595736,041144716
1279661682,04099192X
1279661682,040605914
1279661682,040742857
1279661682,041611837
1279693738,041341775
1279693738,041698088
1279693738,959598111
1279693738,040073890
1279693738,042590469
1280506237,040760014
1280506237,1006402748
1280506237,040567834
1280506237,042676282
1280506237,041313976
1280506237,040011836
1281295736,042012783
1282144618,116263512
1282419420,997218096
1282856170,040013286
1282856170,000261599
1282856170,04079167X
1282856170,04137732X
128392420X,11850553X
128392420X,041209818
128392420X,040408027
1284818586,1288252056
1285157796,040359646
1285157796,04049716X
1285157796,1122668724
1285434978,040118827
1285434978,040254534
1285869400,040118827
1285869400,040413160
1285869400,040792625
1285869400,040795535
1285869400,040205312
1285869400,042007933
1285869400,041400925
1286208327,041132920
1286208327,958514097
1286208327,041678826
1286208327,994554338
1286208327,97631245X
1286493439,040358917
1286493439,040791637
1286493439,043034489
1286493439,04159911X
1287019889,041517954
1287019889,041663845
1287019889,126360837X
1287019889,041212088
1287019889,041381424
1287019889,041281306
1287137156,040118827
1287137156,040130215
1287137156,040323528
1287137156,041367960
1287137156,961443030
1287137156,040205355
1287137156,040196224
1287137156,040730913
1287137156,040551334
1287137156,040504735
1287137156,040762300
1287137156,96910779X
1287137156,121194213
1287585671,040763889
1287585671,041208374
1287585671,041503473
1287585671,1152042602
1287585671,970707061
1288814437,123120802
1288814437,142549940
1288814437,133347931
1288814437,964736810
129014530X,040050440
129014530X,04018093X
129014530X,040536688
129014530X,041718380
129014530X,040144577
1290271712,960238883
1290271712,949437425
1290271712,041207912
1290405719,944932142
1290405719,041636155
1290405719,04172156X
1291223681,142206091
1291223681,040114503
1291223681,040389367
1292662409,040336379
1292662409,041231767
1293606790,040164543
1293606790,041784820
1293606790,963170724
1293606871,041356446
1293606871,040378829
1293607207,041576144
1293607207,041560043
1293607207,041424239
1293607320,940565706
1293607320,042363632
1293607320,040689247
1293607320,041283554
1293607320,041900243
1294746324,043264646
1294746324,042532736
1294746324,040785203
1295190230,041806352
1295190230,041353838
1295190230,040705129
1295799502,041613406
1295799502,040767043
1296020045,040316416
1296020045,041369254
1296020045,042645212
1296020045,040143279
1296020290,040459365
1297154878,040125718
1297154878,040703347
1297154878,040616142
1299353487,040068544
1299353487,04131946X
1299353487,041231414
1300736984,040396770
1300736984,041143337
1300736984,041339657
1300956240,040459772
1300956240,04015999X
1300956240,042103746
1300956240,042142199
1302127268,041227514
1302127268,042468663
1302127268,953309681
1302127268,948942304
1302127268,041873572
1302127268,041355776
1302127268,040550729
1302280120,042131278
1302280120,041837843
1303500418,040716538
1303500418,040264866
1303500418,040457915
130381949X,040675378
130381949X,042909589
130381949X,041766040
130381949X,040334473
1304585700,040459772
1304585700,041825195
1304585700,041746120
1306465354,04061963X
1306465354,962228397
1306465354,1187260916
1306465354,04002752X
1306465354,988072351
1307071538,942821580
1307071538,1018268162
1307173322,040062953
1307173322,1294775979
1307173322,040752364
1307173322,04164266X
1307492371,106386573
1307492371,118759256
1307492371,116767294
1307492371,118673173
1307492371,00037542X
1307492460,042993326
1307492460,04049716X
1307492460,00037542X
1309752761,040780228
1309752761,041288440
1309752761,040102718
1310708290,1348801190
1310708290,1070801089
1310708290,948208201
1310708290,965238822
131072590X,964076993
131072590X,041294645
131072590X,040548589
131072590X,040715078
131072590X,1310106274
1310982384,040611639
1310982384,94891565X
1310982384,04049716X
1310982384,041659929
1310982384,119084341
1310982384,040550877
1311381147,118823574
1311381147,04045956X
1311381147,042007208
1312786256,040334228
1312786256,040178943
1313280313,040785416
1313280313,040118908
1313280313,040118894
1313280313,041750470
1313280313,042262542
1313280313,04229763X
1314381776,118578537
1314381776,040413586
1314381776,04049716X
1314381776,118500775
1315470500,041143337
1315470500,043099165
1316002160,1208541218
1316002160,300156537
1316362469,118745743
1316896226,041964446
1316896226,041423992
1316896226,040334236
1316896226,041143337
1316896226,040205118
1316896226,040272664
1316896226,041209567
1316974448,127426930X
1316974448,041126467
1316974448,041554299
1316974448,106969780X
1317919351,040614964
1317919351,040768996
1317919351,040118827
1317919351,106969780X
1317919351,042007933
1317919351,1041864515
1318037735,040305503
1318037735,040156028
1318284384,040464962
1318284384,040323528
1318284384,04061672X
1318284384,040465268
1318284384,041212339
1318473780,041408322
1318473780,959790721
1318476631,040993035
1318476631,04099323X
1318476631,040276767
1318476828,040334228
1318476828,04177969X
1318476828,041415396
1318476828,041678826
1318476828,042358507
1318476828,041249712
1318476828,041281284
1318476828,967490952
1321006888,041746120
1321006888,04131946X
1321006888,04015999X
1321006888,04127380X
1321114982,118590618
1321114982,040356698
1321161417,11852786X
1321161417,041286448
1321161417,135905389
1321161417,947522492
1321161417,040320812
1321161417,040157016
1321161417,041921364
1323163131,04010074X
1323163131,040277437
1323520341,041737504
1323520341,041318080
1323520341,040600874
1323520341,040455394
1323520341,040334473
1323520341,040156028
1323520341,040006263
1323925163,040674614
1323925163,040674738
1323925163,040254054
1323925163,040408027
1323925163,040457915
1324751487,041912233
1324751487,040356469
1324751487,040546829
1324751487,040300056
1325325457,04069335X
1325325457,040059103
1325325457,964127970
1325325457,041155327
1325355895,123579783
1325355895,041209702
1325355895,040217167
1325355895,040715078
1325355895,040332675
1326155423,1073715981
1326155423,040771504
1326155423,041289145
1326155423,040597660
1326155423,040155080
1326267809,943006597
1326267809,104638838X
1326267809,967629519
1326267809,041842359
1326297341,040118827
1326297341,040310310
1326297341,040334473
1326297341,041230655
1326297341,040658376
1326833251,040336379
1326833251,945130562
1326833251,041253213
1326833251,041235924
1326833251,040792374
1326833251,041315839
1326833251,97200923X
1326833251,957319304
1327156350,040334228
1327156350,041290437
1327156350,04132420X
1327156350,040006263
1327687194,040457915
132768893X,040309932
132768893X,04140677X
132768893X,041697448
1328028372,040334228
1328028372,042580803
1328028372,040052486
1328028372,041634454
1328028372,950181994
1328028372,95439836X
1328028372,1153230569
1328028372,040006263
1328073238,040204707
1328073238,041205677
1328073238,040307360
1328073238,040360504
1328073238,040158330
1330346106,040198308
1330346106,040457915
1330773063,040156028
1330773063,041735455
1330773063,040456609
1331056748,041660439
1331056748,963150790
1331056748,040709140
1331056748,040006263
1332857469,042845122
1332857469,042358507
1333108214,1000953114
1333108214,004815270
1333108214,04172951X
1333108230,041132920
1333108230,040734099
1333108230,982249330
1333411235,041737504
1333411235,040126560
1333411235,040006263
1333411642,040297020
1333411642,1204207380
1333411642,1008538736
1333411642,041156455
1334065535,041737504
1334065535,1025861841
1334065535,04033628X
1334065535,042810140
1334065535,041206304
1334065535,040336433
1334709521,041745442
1334709521,040334228
1334709521,040006263
1334711720,041660277
1334711720,041235924
1334711720,042139120
1334711720,041298950
1334842086,980953987
1334842086,04049716X
1334842086,041143337
1334842086,041311124
1334842086,040006263
1335209182,004876156
1335209182,042290538
1335209182,041763092
1335209182,041550536
1336125977,963847260
1336125977,041270975
1336125977,04113446X
1336125977,040746720
1337117595,042907330
1337117595,040625478
1337117595,041270975
1337117595,040785203
1337640883,040118827
1337640883,040408434
1337640883,04131946X
1337640883,041760964
133811607X,04008003X
133811607X,040465144
133811607X,040205886
133811607X,041256980
133811607X,04066399X
133822977X,118650130
133822977X,043102832
133822977X,04049716X
133822977X,968766218
133822977X,953548708
1338461370,989654257
1338461370,042998026
1338461370,041762053
1339041138,1212473965
1339041138,040795535
1339041138,040413160
1339041138,040792625
1339244888,040665593
1339244888,040470687
1339244888,945731582
1340353229,040104575
1340353229,040309339
1340353229,1161203737
1340353229,040115100
1340353229,1253530262
1341693392,040457915
1341974995,041230655
1341974995,040261409
1342399927,04127993X
1342399927,040216713
1342399927,040541517
1342399927,041286502
1342399927,040470563
1342399927,040158756
