doc_id,doc_title_ger,doc_title_eng
1122545436,Wasserstoffspeicherung in LOHC-Systemen als Basis für industrielle Energiespeicheranwendungen,Hydrogen storage in LOHC systems as a basis for industrial energy storage applications
112254572X,"Bewegung und Zerfall gasbeaufschlagter, laminarer Suspensionsstrahlen im Zentrifugalfeld","Movement and decomposition of gas-charged, laminar suspension streams in a centrifugal field"
1122545738,Kooperationen zwischen Wohnungsgenossenschaften und Genossenschaftsbanken,Cooperation between housing cooperatives and cooperative banks
1122545835,Aktuelle Bloch-Studien 2013-2014,Current Bloch Studies 2013-2014
1122568894,"Analyse, Begründung und Entwicklung von Verbandssportabzeichen im deutschen Sportsystem Konkretisierung am Beispiel des Seesports","Analysis, Justification, and Development of Association Sports Badges in the German Sports System: A Focus on Water Sports"
1122586574,Die @Bedeutung der Histopathologie in translationalen Studien zu chronisch-entzündlichen Darmerkrankungen,The significance of histopathology in translational studies of chronic inflammatory bowel diseases
1122621744,Der @Andere in der Psychoanalyse Die intersubjektive Wende,The Other in Psychoanalysis: The Intersubjective Turn
1122742851,Bewertung der perioperativen Ergebnisse der Karotisendarteriektomie anhand klinischer Entscheidungskriterien,Assessment of perioperative outcomes of carotid endarterectomy based on clinical decision criteria
1122743416,Königsland? – Die Staufer und Ries,Kingsland? – The Staufer and Ries
1122764111,Konjunktur bleibt robust Prognose-Update: Die konjunkturelle Lage in Deutschland zur Jahreswende 2016/2017,The economic outlook for Germany at the turn of 2016/2017 remains robust.
1122825285,Charakterisierung des mRNA-Exportweges bei zellulärem Stress in Saccharomyces cerevisiae,Characterization of the mRNA export pathway in Saccharomyces cerevisiae under cellular stress
1122830890,Weisheit oder Wissen Aspekte eines komplexen Therapiekonzeptes und einer existentiellen Patientenautonomie,Wisdom or Knowledge Aspects of a Complex Therapy Concept and Existential Patient Autonomy
1122831242,Die @geistliche Dimension der Begleitung von Menschen im Strafvollzug der Dienst der Kirche im Gefängnis,The spiritual aspect of accompanying people in prison is the church's service in the prison.
1122831560,Zur Kulturgeschichte moderner Wahlen in vergleichender Perspektive eine Einleitung,An Introduction to the Cultural History of Modern Elections in a Comparative Perspective
1123071527,Purpurogallin als Inhibitor der Thrombozytenaggregation Untersuchungen zur Signaltransduktion,Purpurogallin as an inhibitor of platelet aggregation Investigations of signal transduction
1123071578,Der @Nitrattransporter AtNRT1.5/AtNPF7.3 - Ein Schlüsselprotein in der Regulierung des pflanzlichen Kaliumhaushaltes,The @Nitrate Transporter AtNRT1.5/AtNPF7.3 - A Key Protein in Regulating the Plant Potassium Balance
1123118442,Differenzierung von Rahmenwerken des IT-Risikomanagements,Differentiation of IT Risk Management Frameworks
1123118515,Sieg der Defensive? Evidenz für die 1. Deutsche Fußball-Liga,Victory of Defense? Evidence for the 1. Bundesliga
112312177X,Interne Treiber von CSR-Publizität: Der Einfluss von Corporate Identity,Internal drivers of CSR publicity: The influence of corporate identity
1123191123,Legitimität junger Demokratien Jahrestagung 2016 des DVPW-Arbeitskreises Demokratieforschung am 3. und 4. November 2016 am Deutschen Institut für Entwicklungspolitik in Bonn,"Legitimacy of Young Democracies: Annual Conference 2016 of the DVPW Working Group on Democracy Research on November 3 and 4, 2016, at the German Institute for Development Policy in Bonn"
1123282773,"Die @Reihe und ihre organischen und mechanischen Instrumente Helmholtz, Mach, Schönberg","The @Row and its organic and mechanical instruments Helmholtz, Mach, Schoenberg"
1123282838,Pathos und Ethos eine aristotelische Betrachtung,Pathos and Ethos: An Aristotelian Perspective
1123282862,Mit der Leidenschaft des Anderen ein Kurzführer durch das Werk von Thomas Hirschhorn,A brief guide through Thomas Hirschhorn's work with the passion of another
1123283249,Entwicklungsbiologie bei dem Hyphenpilz Sordaria macrospora,Developmental biology in the hyphen-forming fungus Sordaria macrospora
1123323224,Damage-Control-Konzepte,Damage-Control Concepts
1123323739,dvs Informationen,information
1123335826,Lehranalyse und Institution Die Progression des Verstehens ist im Rahmen des organisierten Vertrauens möglich,Learning analysis and institution The progression of understanding is possible within the framework of organized trust
1123380538,Beten beim Zahnarzt,Praying at the dentist
1123414971,Homo Creans Kreativität und Kreativitätsbildung im Kontext transmedialer Kunst,Homo Creans: Creativity and Creativity Development in the Context of Transmedial Art
1123415145,Vorübungen zum Schreiberwerb: Schwungübungen Lernvoraussetzungen im Anfangsunterricht (1. Klasse/Vorschule),Exercises for handwriting practice: Swing exercises for early education (age 1 to 2 years)
1123421218,Lexikon der Science Fiction-Literatur seit 1900 Mit einem Blick auf Osteuropa,Encyclopedia of Science Fiction Literature since 1900 with a view to Eastern Europe
1123476829,Leuchten und Leuchttürme : diskursanalytische Studien zur Distinktion im deutschen Bildungssystem,Luminaires and Lighthouses: Discursive Analytical Studies on Distinction in the German Education System
1123477132,Schamkultur und Schuldkultur : Revision einer Theorie,Shame Culture and Guilt Culture: A Revision of a Theory
1123477523,In silico und in vitro Untersuchungen zum Sekundärstoffwechsel in Aktinomyceten unter besonderer Berücksichtigung der Biosynthese der Rishirilide aus Streptomyces bottropensis,"In silico and in vitro studies on secondary metabolism in Actinomycetes, with a particular focus on the biosynthesis of rishirilides from Streptomyces bottropensis."
1123478449,Was man mit Pierre Bourdieu über Katastrophen sagen könnte,What could be said about catastrophes with Pierre Bourdieu
112347995X,"Die @eins waren, eins sind oder eins sein möchten","They were, are, or want to be one"
1123480451,"Mentale Modelle, Emotionen und Emotionsregulation : empirische Untersuchungen im Kontext des Problemlösens","Mental Models, Emotions, and Emotion Regulation: Empirical Investigations in the Context of Problem Solving"
1123481415,"Der @Riss im Wissen : zum Problem des Unterschieds zwischen Natur- und Geisteswissenschaft in der griechischen Antike, anhand von Aristoteles' Physik und Politik","The Crack in Knowledge: The Problem of the Difference Between Natural and Social Sciences in Ancient Greece, Using Aristotle's Physics and Politics"
1123481539,Entwicklung und Charakterisierung von spektroskopischen und ortsauflösenden Cadmiumtellurid-Halbleiterdetektorsystemen,Development and characterization of spectroscopic and spatially resolving cadmium telluride semiconductor detector systems
1123483213,"Über ökonomische Theorien der forstlichen Nachhaltigkeit : eine ideengeschichtliche Auseinandersetzung mit Deegens Aufsatz ""Die Stellung der Tharandter Theorien der forstlichen Nachhaltigkeit in Hayeks Klassifikation der Formen menschlicher Ordnung"" (veröffentlicht in ORDO (2013: 79-97)","On Economic Theories of Forest Sustainability: An Ideological Analysis of Deegen's Paper ""The Role of Tharandter Theories of Forest Sustainability in Hayek's Classification of Forms of Human Order"" (published in ORDO (2013: 79-97))"
1123643881,"""Ich bin Feministin""","""I am a feminist"""
1123644314,Passionen der Ordnung,Passions of the Order
1123689490,"Kielmansegg, P. G. (2015). Wohin des Wegs, Europa? Beiträge zu einer überfälligen Debatte. Baden-Baden: Nomos 163 S., ISBN: 978-3-8487-1966-2, € 29,-.","Kielmansegg, P. G. (2015). Where to, Europe? Contributions to an urgent debate. Baden-Baden: Nomos, 163 p., ISBN: 978-3-8487-1966-2, € 29,-."
1123692807,Ethik für die Pflege Gelebte moralische Werte in den Stationsalltag integrieren,Ethics in Nursing - Integrating lived moral values into the daily routine
1123696365,Handwerksunternehmen im Fokus der Regionalförderung?,Craft businesses in the spotlight of regional promotion?
1123699623,Förderung der emotionalen Kompetenz im Schulsport Eine explorative Feldstudie,Promoting Emotional Competence in School Sports: An Exploratory Field Study
1123729433,Konzeption und Untersuchung einer Panoramaanzeige zur Steigerung des Raumbewusstseins von Piloten,Conceptualization and Investigation of a Panorama Display for Enhancing Spatial Awareness of Pilots
1123833753,Islamische Religionsgemeinschaften als politische Akteure in Deutschland eine Analyse zur politischen Strategiefähigkeit,Islamic religious communities as political actors in Germany: an analysis of political strategic competence
1123927022,Diakonik Grundlagen – Konzeptionen – Diskurse,Diaconical Foundations – Concepts – Discourses
112392788X,Die @große Metaphern-Schatzkiste – Band 2: Die Systemische Heldenreise Systemisch arbeiten mit Sprachbildern,The Great Metaphor Treasure Chest – Volume 2: The Systemic Hero's Journey Working Systemically with Language Images
1123928916,Nonkonformismus Indes. Zeitschrift für Politik und Gesellschaft 2016 Heft 03,Nonconformity. Magazine for Politics and Society 2016 Issue 03
1123929173,Lutherjahrbuch 83. Jahrgang 2016,Luther Yearbook 83rd Edition 2016
1123997977,Employer Branding und Personalmarketing - Ausgewählte Ergebnisse der Recruiting Trends 2016 und der Bewerbungspraxis 2016,Employer Branding and Recruitment Marketing - Selected Results from Recruitment Trends 2016 and Application Practice 2016
112400453X,Dynamische Manipulation von NV-Zentren im Diamant für Quantenoptik,Dynamic manipulation of NV centers in diamond for quantum optics
1124007601,Der @Buchführungs-Ratgeber Grundlagen und Beispiele,Guide to Bookkeeping: Fundamentals and Examples
1124131590,"Schneller laden, länger fahren","Faster loading, longer driving"
112413171X,Innovative Prüfstand-architektur zur Ermittlung von Reifeneigenschaften,Innovative testing stand architecture for determining tire properties
1124202757,"Religion, Toleranz, Rassismus im Wirkungsspektrum der Philosophie John Deweys  mit einem Seitenblick auf 100 Jahre ""Demokratie und Erziehung Religion, tolerance, racism in the action spectrum of the philosophy of John Dewey - With a side glance to 100 years of Democracy and Education","Religion, Tolerance, Racism in the Action Spectrum of the Philosophy of John Dewey - With a Side Look at 100 Years of ""Democracy and Education"""
1124202889,Die @Bedeutung der Studierfähigkeit für den Studienerfolg im 1. Semester in Physik The relevance of the study capacity for success in introductory physics courses,The relevance of the study capacity for success in introductory physics courses
1124403396,Die @Entwicklung des Sports in Leverkusen eine historische Analyse von 1880-2015,The development of sports in Leverkusen - A historical analysis from 1880 to 2015
1124434933,"Das @Tabu Was Psychoanalytiker nicht denken dürfen, sich aber trauen sollten","The @Tabu What Psychologists Shouldn't Think, But Should Dare"
1124507019,"Tischtennis mit Timo Boll Wie er spielt, trainiert und gewinnt","Ping-Pong with Timo Boll How he plays, trains, and wins"
1124512322,"Psychologie Heute 12/2016 Heimat finden. Ein Zuhause schaffen, Wurzeln schlagen, sich zugehörig fühlen","Psychology Today 12/2016 Finding Home. Create a Home, Establish Roots, Feel Belonging"
112451287X,Kommunalrecht Rheinland-Pfalz Grundriss für die Aus- und Fortbildung,Communal Law Rhineland-Palatinate Outline for Training and Further Education
1124539719,"Blockupy in Frankfurt 2012-2015 ""Widerstand im Herzen des europäischen Krisenregimes"" ; Analyse – Bewertung – Perspektiven","Blockupy in Frankfurt 2012-2015 ""Resistance at the Heart of the European Crisis Regime"" : Analysis – Evaluation – Prospects"
1124541241,Das @Bild des Papstes Der Lateransalvator in seiner Funktion für die päpstliche Selbstdarstellung,The image of the Pope representing the Lateran Salvator in his role for papal self-presentation
112454139X,Herausforderung Islam Christliche Annäherungen,Challenge of Islam Christian Approaches
1124680454,Identitätskonstruktionen marginalisierter Jugendlicher im informellen Sport Eine qualitative Studie auf dem Bolzplatz,Identity constructions of marginalized youth in informal sports: A qualitative study on the playground
1124763562,Landschaftsökologie,Landscape Ecology
1124841288,"Epidemiologische, klinische und serologische Untersuchungen zum Verlauf von Parascaris spp.-Infektionen bei Fohlen","Epidemiological, clinical, and serological investigations into the course of Parascaris spp. infections in foals"
1124902562,Unabhängigkeit und Stadiendifferenzierung bei Chorea Huntington,Independence and Staging Differentiation in Chorea Huntington
1124904875,Die @Systematik der Bakterien,Bacterial Systematics
1125044241,"Das @Vorurteil: ""wir"" und ""die da"" wie Gruppendynamiken negative und positive Einstellungen gegenüber anderen bestimmen","The prejudice: ""we"" and ""they"" how group dynamics determine negative and positive attitudes towards others."
1125044330,"""Der deutsche Ursprung liegt im Fremden"" warum die Germanen keine Deutschen waren – und wie wissbegierige Barbaren in ihr nationales Dasein schlitterten","""The German origin lies in the foreign"" why the Germans were not Germans - and how curious barbarians slid into their national existence"
1125065761,Bessere Versorgungsstrukturen für seltene Erkrankungen „Gemeinsam“ lautet die Devise,"Better supply structures for rare diseases ""Together"" is the motto"
1125104848,Seventeen (and Counting) zum Prinzip der Reihung in den Büchern von Ed Ruscha,Seventeen (and Counting) on the Principle of Sequence in the Books of Ed Ruscha
1125104864,Von der Reihe zum Loop zur Aktualität des Serialismus in der Musik,From Sequence to Loop to the Relevance of Serialism in Music
1125113618,"Kein Widerruf der Approbation wegen Unwürdigkeit GG Art. 12; BÄO §§3,5","No revocation of approval due to disgrace, GG Art. 12; BÄO §§3,5"
1125229918,Intangible Effekte von Sportgroßveranstaltungen aus Sicht von Athlet/innen am Beispiel der Olympischen Jugendspiele 2010 und 2012,"Intangible effects of large-scale sports events from the perspective of athletes, using the example of the Youth Olympic Games 2010 and 2012."
1125331801,"Sportwissenschaft, Bewegungsförderung und Public Health Eine Bilanz mit Zukunftsperspektiven","Sports science, movement promotion and public health: a review with future prospects"
112534525X,Risikobewertung von Chemikalien mit Fließgewässermodellökosystemen die Entwicklung eines Mesokosmos-Testsystems und eine Pilotstudie mit dem Tierarzneimittel Ivermectin,Risk assessment of chemicals with flow-through water model ecosystems development of a mesocosm-test system and a pilot study with the veterinary drug Ivermectin.
1125386886,"Energiesparende Trocknung mikrokristalliner cellulosischer Gele (MCG), AZ 31481","Energy-saving drying of microcrystalline cellulose gels (MCG), AZ 31481"
112539501X,Vergleichende Untersuchung von Desfluran und Propofol in equipotenten Dosierungen in Kombination mit Dexmedetomidin hinsichtlich zentraler Kreislaufparameter und der peripheren Perfusion und Oxygenierung beim Pferd,Comparative investigation of Desflurane and Propofol in equipotent doses in combination with dexmedetomidine regarding central cardiovascular parameters and peripheral perfusion and oxygenation in the horse
1125461594,"One touch Was Führungskräfte vom Profifußball lernen können. Mit Einwürfen von Jürgen Klinsmann, Joachim Löw & Co.","One touch - Leadership lessons from top football professionals, with insights from Jürgen Klinsmann, Joachim Löw, and more."
112553415X,Kriterienorientierte Konstruktion eines Kompetenzniveaumodells im physikalischen Fachwissen,Criteria-oriented construction of a competency level model in physical knowledge
1125541121,Der @Neopalamismus in der orthodoxen Theologie,Neo-Palamism in Orthodox Theology
1125541288,Dissenter und Nonkonformisten Phänomene religiöser 'Abweichung' zwischen den britischen Inseln und dem europäischen Kontinent,Dissidents and Nonconformists: Phenomena of religious 'deviation' between the British Isles and the European Continent
1125627468,Eine @Referenzarchitektur für die assistierte und automatisierte Fahrzeugführung mit Fahrereinbindung,A reference architecture for assisted and automated vehicle driving with driver involvement
1125631538,Kriminologischer Beitrag Die Schuld der Opfer,Criminological Contribution: The Blame of the Victims
1125885491,"Moral, Religion und Geschichte: Die Untersuchung zum neuzeitlichen Sittlichkeitsbegriff in ""Hegels Phänomenologie des Geistes""","Moral, Religion, and History: An Investigation into the Concept of Morality in Hegel's ""Phenomenology of Spirit"""
1125906057,Im Auge des Betrachters : soziale Präsenz als Moderator kognitiver Prozesse,In the eye of the observer: social presence as a moderator of cognitive processes
1125911638,Windeinfluss auf Cavity-Receiver für solare Turmkraftwerke,Wind influence on cavity receiver for solar tower power plants
1125929316,Unforced Errors – Hinweise zur Endredaktion von Studienarbeiten,Unforced Errors – Tips for the Final Edit of Theses
1125947721,Psychoanalyse als Dialogwissenschaft,Psychanalysis as Dialog Science
112594773X,Zuhöreraktivitäten beim konversationeilen Erzählen,Listener activities during conversational narration
1125947764,Zur Legitimation und Einbettung von Erzählungen in Alltagsdialogen,Legitimation and embedding of stories in everyday dialogues
1125947861,Stadtsprache Forschungsrichtungen und -perspektiven einer vernachlässigten soziolinguistischen Disziplin,City language research directions and perspectives of a neglected sociolinguistic discipline
112599987X,Zur Lösemitteldiffusion in Polymernanoschichten: Schichtdicken- und Konzentrationsabhängigkeit,Polymer nanolayer dissolution: Layer thickness and concentration dependence
1126032417,"Zahlungsmoral. Überlegungen zum Zusammenhang von Schuld und Schulden mit Nietzsche, Weber und Bourdieu","The Paying Morality. Considerations on the Relationship between Debt and Obligation with Nietzsche, Weber, and Bourdieu"
1126086495,Klimawandel als neue Herausforderung für die Modellierung von Pflanzen und Schaderregern – eine kritische Betrachtung,Climate change as a new challenge for the modeling of plants and pests – a critical analysis
1126094269,"ZuS - Zukunftsstrategie Lehrer*innenbildung Köln (Teilprojekt Qualitätssicherung). Skalendokumentation zum Fragebogen des hochschulweiten Bildungsmonitorings, Messzeitpunkt 1, Teil A.","Zus - Future Strategy for Teacher Education, Köln (Sub-project Quality Assurance). Scalability Documentation for the Survey of the University-wide Education Monitoring, Measurement Timepoint 1, Part A."
112611572X,Quantitative Phasenanalyse von ausferritischem Gusseisen mithilfe der Neutronendiffraktometrie,Quantitative Phase Analysis of Out-of-Ferrite Cast Iron Using Neutron Diffractometry
1126122483,Fiktion im Gespräch,Fiction in conversation
112612365X,Kicktionary,Kicktionary
1126128236,Emotionale Kommunikation,Emotional Communication
1126129348,"Analytikerwissen, Teilnehmerwissen und soziale Wirklichkeit in der ethnographischen Gesprächsanalyse","Analyst knowledge, participant knowledge, and social reality in ethnographic conversation analysis"
1126197157,Kommunikation als Grundvoraussetzung für gelingendes Altern,Communication as a prerequisite for successful aging
1126216712,Messung experimenteller Kompetenz  ein computergestützter Experimentiertest Measuring experimental competence - a computer-based performance test,Measure experimental competence - a computer-based performance test
1126247766,Wanderer-Fantasien Franz Liszt und die Figuren des Begehrens,Traveler's Fantasies: Franz Liszt and the Figures of Desire
1126254002,Zur Beschäftigungssituation des akademischen Mittelbaus. Ergebnisse der ersten Befragung der wissenschaftlichen und künstlerischen Mitarbeiter_innen der Stiftung Universität Hildesheim,Occupational situation of the academic middle ranks. Results of the first survey of scientific and artistic employees of the University of Hildesheim Foundation.
1126254169,Gender und Sachunterricht: Konstruiertes Geschlecht im didaktischen Kontext,Gender and subject teaching: Constructed gender in the didactic context
1126254274,A Talking Book. Essays zu Inszenierungen Stevie Wonders,A Talking Book. Essays on Performances by Stevie Wonder
1126254452,Wie die Mehrheit unsere Sicht auf die Dinge verändern kann. Untersuchungen zu den Auswirkungen von Mehrheitseinfluss auf die neuro-kognitiven Prozesse visuellen Entscheidens,How the majority can change our perception. Investigations into the effects of majority influence on the neurocognitive processes of visual decision-making.
1126300144,Nur eine Frage der Haltung? Eine empirische Analyse von personen- und institutionenbezogenen Einflussgrößen auf die Einstellungen von Sportlehrkräften der Sekundarstufe I zur schulischen Inklusion,Is it just a matter of attitude? An empirical analysis of personal and institution-based factors influencing the attitudes of secondary school physical education teachers towards school inclusion
1126387975,IT-Grundschutz bei einem Telekommunikationsdienstleister Besonderheiten bei der Anwendung der Methodik,Basic IT security for a telecommunications service provider - particularities in applying the methodology
112641428X,Aquatische Optische Technologien in Deutschland,Aquatic Optical Technologies in Germany
1126463752,Morphologische und Transkriptom-basierte Untersuchungen zur Pathogenese demyelinisierender Erkrankungen des zentralen Nervensystems unter besonderer Berücksichtigung der Rolle axonaler De- und Regeneration bei der demyelinisierenden Staupe-Enzephalitis,"Morphological and transcriptomic investigations of the pathogenesis of demyelinating diseases of the central nervous system, with particular attention to the role of axonal de- and regeneration in the demyelinating encephalitis."
1126472964,Smart Cams Rechtliche Herausforderungen an eine allumfassende Videoüberwachung,Legal Challenges to Comprehensive Video Surveillance
1126479837,"Meine Bedürfnisse, Deine Bedürfnisse Dem inneren Kind in der Partnerschaft Raum geben","My needs, your needs - Giving space to the inner child in the partnership"
1126504718,"Die @segmentspezifische Lokalisation von Kir4.1, THIK-1 und THIK-2 Kaliumkanälen in der Säugerniere","The @segmentspecific localization of Kir4.1, THIK-1, and THIK-2 potassium channels in the neonatal kidney"
1126524956,"Analyse der Molekularstruktur von Arthropoden-Hämocyaninen (2x6-mer, 4x6-mer, 8x6-mer) mit 3D-Elektronenmikroskopie","Analysis of the molecular structure of arthropod hemocyanins (2x6-mer, 4x6-mer, 8x6-mer) using 3D electron microscopy"
1126538124,G-Quadruplex in DNA und RNA – Strukturen mit biologischer Funktion?,G-Quadruplexes in DNA and RNA – Structures with biological function?
1126538337,Brachten Mikroben uns das Augenlicht?,Did microbes bring us the ability to see?
1126547492,Kartellrecht - Recht gegen Wettbewerbsbeschränkungen,Cartel Law - Law Against Competition Restrictions
112659542X,Tarifpolitischer Monatsbericht Januar 2017,Monthly tariff report January 2017
1126643068,Einfluss von Bakterien und bakteriellen Bestandteilen auf die Interleukin-17-Produktion von Thymus- und Milzzellen unter Berücksichtigung ihrer möglichen Rolle bei T-Zell-vermittelten Autoimmunerkrankungen,"The influence of bacteria and bacterial components on the production of interleukin-17 by thymus and spleen cells, considering their possible role in T-cell-mediated autoimmune diseases"
1126644242,Erschließung einer natürlichen Peptid-Protein-Wechselwirkung als molekulare Grundstruktur zur hochaffinen Kopplung von Proteinen und Entwicklung biotechnologischer Anwendungsmodule,Exploration of a natural peptide-protein interaction as a molecular basis for high-affinity coupling of proteins and development of biotechnological application modules
1126645958,Das @Frauenlied im Mittelalter homogene Gattung oder unpräziser Überbegriff,The @Frauenlied in the Middle Ages was a homogeneous genre or an imprecise overarching term.
1126685356,Twittern als #Alltagspraxis des Kunstpublikums,Tweeting as #everydaypractice of the art audience
1126724599,Förderung der Autonomie von Psychiatrie-Erfahrenen,Promotion of autonomy for psychiatric survivors
112672467X,Effekte der präsymptomatischen Applikation der Rho-Kinase-Inhibitoren Fasudil und Y-27632 im SOD1-(G93A)-Mausmodell der Amyotrophen Lateralsklerose,Effects of pre-symptomatic application of Rho-kinase inhibitors fasudil and Y-27632 in the SOD1-(G93A)-mouse model of Amyotrophic Lateral Sclerosis
1126773506,Wärme steigert Haftfestigkeit von Klebebändern,Heat increases the adhesive strength of tape
1126773514,Duromere und thermoplastische Matrixmaterialien,Duromere and thermoplastic matrix materials
1126844225,"3-Länder-Tagung: Regionalismus in einer entgrenzten Welt, 29. September bis 1. Oktober 2016","Three-Country Conference: Regionalism in a Borderless World, September 29 to October 1, 2016"
1126850640,"Neuordnung der Sicherheitsgemeinschaft: Obama, die transatlantischen Beziehungen und die Bewältigung gemeinsamer sicherheitspolitischer Herausforderungen","Reorganization of the security community: Obama, transatlantic relations, and managing common security policy challenges"
1126895326,Kognitive Leistungsfähigkeit von älteren Beschäftigten erhalten und fördern,Cognitive performance of older employees
1126921777,Metaphern und Märchen in der Supervision,Metaphors and fairy tales in supervision
112692220X,Gewinnung sicherer Lastannahmen aus Simulation und Messung zur Festigkeitsauslegung von Straßen- und Stadtbahnen,Acquisition of safe load assumptions from simulation and measurement for the design of safety in road and urban rail vehicles
1126923443,Kinder in Waffen jugendliche Krieger in der Zeit vom 4. bis 8. Jahrhundert,Children in arms: Youth warriors in the time from the 4th to the 8th century
1126970964,Selbstdarstellung im öffentlichen und beruflichen Gespräch,Self-presentation in public and professional conversations
1127016571,Haptische Fahrpedale Die neue Informationsquelle für den Fahrer,Haptic Pedals: The new information source for the driver
1127044397,Verfahren zur Potenzial- und Risikoanalyse und patentrelevanter Innovationsvorhaben,Method for potential and risk analysis and patent-relevant innovation projects
1127045377,"Die @Auslegung von Art. 101 Abs. 3 AEUV durch die EU-Kommission in Bekanntmachungen, Leitlinien und Gruppenfreistellungsverordnungen","The interpretation of Article 101(3) AEUV by the EU Commission in Notifications, Guidelines, and Block Exemption Regulations"
1127075470,Schwierigkeitsbewertung von Mountainbike-Trails,Evaluation of Mountain Bike Trails Difficulty
1127083597,Konstruktive und funktionale Entwicklung eines selbststeuernden Unterflurbewässerungsverfahrens,Constructive and functional development of a self-regulating subsoil irrigation system
1127104772,"Anstellungsgenehmigung für Strahlentherapeuten nach Bedarfsplanungs-Richtlinie 2012 GG Art. 12 Abs. 1, Art. 20 Abs. 2; SGB V §§91, 92 Abs. 1 S. 2 Nr. 9, 95 Abs. 9, 98 Abs. 2 Nr. 13, 99, 101, 103; Ärzte-ZV §32b, BedarfsplRL v. 20.12.2012 §§9, 14, 48, 63","Appointment approval for radiation therapists according to the demand planning directive 2012 GG Art. 12 Abs. 1, Art. 20 Abs. 2; SGB V §§91, 92 Abs. 1 S. 2 Nr. 9, 95 Abs. 9, 98 Abs. 2 Nr. 13, 99, 101, 103; Doctors' Code of Law §32b, demand planning directive v. 20.12.2012 §§9,"
1127139940,"Studien zur Optimierung der konventionellen Therapie bei der T-Zell- und myeloischen Leukämie unter Verwendung von D,L-Methadon","Studies on the optimization of conventional therapy for T-cell and myeloid leukemia using D,L-methadone"
1127147544,Konversion oder Revision - zur Rationalität moralischen Wandels,Conversion or Revision - Towards Rational Moral Change
1127193538,Speech Pad: Warum gut präsentieren heute anders geht ... und wie Sie es lernen und anwenden können,Why presenting today is different ... and how you can learn and apply it
1127194852,Das @Elend des Christentums Ein Klassiker der Religionskritik in neuer Auflage,The @Misery of Christianity A Classic of Religious Criticism in a New Edition
1127235834,Weltkonjunktur im Frühjahr 2014,Global economic outlook in spring 2014
112724275X,"Automatisierung, Optimierung und Analyse integrierter Produktionsprozesse zur Herstellung rekombinanter Proteine mit Pichia pastoris","Automation, optimization, and analysis of integrated production processes for the manufacture of recombinant proteins with Pichia pastoris"
1127248456,Determinanten für die Membranpassage von Tat-abhängig transportierten Proteinen in Escherichia coli,Factors influencing the membrane translocation of tat-dependent transported proteins in Escherichia coli
1127337017,Die @Bedeutung der Struktur von Produktionsprozessen bei den Offshoring- und Backshoringaktivitäten deutscher Unternehmen,The significance of the structure of production processes in the offshoring and backshoring activities of German companies.
1127338048,Kuriose Effekte der Einführung des Mindestlohns und wie man sie vermeiden kann,Strange effects of the introduction of the minimum wage and how to avoid them
1127338234,Zwischen GREMAIN und GREXIT Euroraum in der Bewährungskrise,"Between GREMAIN and GREXIT, the Eurozone is in a crisis of confidence"
1127453149,Ein @neuer Geist des Kapitalismus? Selbstoptimierung und Burnout in den Wirtschaftsmedien,A New Spirit of Capitalism? Self-Optimization and Burnout in the Media Economy
1127454889,Früher Hautkontakt schützt untergewichtige Neonaten,Earlier skin contact protects underweight newborns
112745501X,Vollmilch versorgt Kinder besser mit Vitamin D,Full-fat milk supplies children better with vitamin D
112752819X,L’espace à la dérive. Situationistische Raum-Bewegungen und ihre Folgen,The Drifting Space. Situationist Spatial Movements and Their Consequences
1127553550,Verhindert ein Mindestlohn eine Ausbeutung des Staates?,Does a minimum wage prevent the exploitation of the state?
112757972X,Eine @sozioökonomische Analyse des Schiedsrichters im deutschen Fußball,A socio-economic analysis of the referee in German football
1127580051,Mikropolitische Ambitionen und Leistungsbeurteilungen von Berufstätigen in Organisationen,Political ambitions and performance evaluations of employees in organizations
1127582399,Schlagmann 2.0 – Bewegungsakustische Dimensionen interpersonaler Koordination im Mannschaftssport,Striker 2.0 – Acoustic Dimensions of Interpersonal Coordination in Team Sports
1127611437,Sportlehrerprofessionalität: Ende einer Misere oder Misere ohne Ende? Zwischenbilanz der Erforschung von Professionalisierungsverläufen,Sports Teacher Professionalism: The End of a Crisis or a Crisis Without End? A Midterm Review of Research on Professionalization Processes
1127622692,Im Glashaus der Evolution,The Evolution Greenhouse
1127623583,„Perfektion ist nicht der Sinn des Lebens.“,"""Perfection is not the purpose of life."""
1127626248,Das @Geheimnis des Laufens Trainingsdaten nutzen - Topleistungen erzielen,Using Training Data to Unlock the Secret of Running - Achieve Top Performance
1127678930,Togo: Ländliche Entwicklung einschließlich Landwirtschaft (ProDRA) II Projektevaluierung: Kurzbericht,Rural Development including Agriculture (ProDRA) II Project Evaluation: Short Report
1127679716,Ruanda: Förderung von Wirtschaft und Beschäftigung (Eco-Emploi) Projektevaluierung: Kurzbericht,Rwanda: Promotion of Economy and Employment (Eco-Emploi) Project Evaluation: Short Report
1127681249,Amerika NA: Stärkung indigener Organisationen in Lateinamerika (PROINDIGENA) Projektevaluierung: Kurzbericht,Evaluation of PROINDIGENA Projects: Short Report
1127682571,Safeguard-Review der Weltbankgruppe Ein neuer Goldstandard für das globale Umwelt- und Sozialrecht?,World Bank Group Review: A New Gold Standard for Global Environmental and Social Law?
1127694812,Prävention im Jugendsport Beurteilung und Umsetzung des Präventionsprogramms „cool and clean“ durch die Trainer,"Prevention in youth sports Evaluation and implementation of the prevention program ""cool and clean"" by the trainers"
1127701290,Bargeld als Garant für Freiheit und Eigentum,Cash as a guarantee for freedom and property
1127801619,Disziplinäres Programm und Forschungsprogramm,Disciplinary Program and Research Program
1127801783,Germanistische Pirouetten,Germanist Turns
1127927981,"Kognitive Karten lesen. Spatial turn in der Literargeschichtsschreibung der Wende (Uwe Tellkamp, Hanns-Josef Ortheil, Wolfgang Hilbig)","Cognitive Maps. Spatial turn in the literary history writing of the transition (Uwe Tellkamp, Hanns-Josef Ortheil, Wolfgang Hilbig)"
1127957120,Ästhetische Experimente. Zur Ereignishaf igkeit und Funktion von Störungen in den Künsten,Aesthetic Experiments. On the Eventfulness and Function of Interruptions in the Arts
1127957260,Schatten im Mittelalter? — Zur Einführung,Shadows in the Middle Ages? — Introduction
1127995782,Strategische Zitate. Zu Friedrich Kittlers Heidegger-Lektüre,Strategic Quotes. On Friedrich Kittler's Heidegger Reading
1128027542,4 Jahre Patientenrechtegesetz Verrechtlichung ärztlicher Tätigkeit?,4 Years of Implementing Patient Rights Legislation: Legalization of Medical Activity?
1128033682,"Beruflich in der Türkei Trainingsprogramm für Manager, Fach- und Führungskräfte",Professionally in Turkey Manager Training Program for Executives and Middle Management
1128074389,"Studien zu Genealogie, Biographie und Werk von Joseph Willibald Michl (1745-1816)","Studies on Genealogy, Biography, and Works of Joseph Willibald Michl (1745-1816)"
1128110504,Liebe und Politik — das geht zusammen,Love and politics — that goes together
112811643X,In memoriam Dieter Pongratz,In memoriam Dieter Pongratz
1128151618,Techno-ökonomische Prozessbewertung der Herstellung synthetischen Flugturbinentreibstoffes aus CO2 und H2,Technological assessment of the production process for synthetic aviation turbine fuel from CO2 and H2
1128158639,"Sozial, politisch, biopolitisch","Social, political, biopolitical"
1128159007,"""Als Mann und Frau...""","""As a man and a woman..."""
1128205955,Legitimationsstrategien von Autokratien im Vergleich: Ergebnisse einer neuen Expertenumfrage,Strategies of Legitimation by Autocracies in Comparison: Results of a New Expert Survey
1128265826,Mechatronische Wankstabilisierung für das 48-V-Bordnetz,Mechatronic active suspension for the 48V electrical network
1128291320,Analyse von CD56-positiven Monozyten im peripheren Blut und Gewebe von Tumorpatienten,Analysis of CD56-positive monocytes in peripheral blood and tissue of tumor patients
1128362538,Subjektive Krankheitserfahrungen und Patientenorientierung Das Website-Projekt DIPEx Germany,Subjective illness experiences and patient orientation The website project DIPEx Germany
1128407175,Dezentralisierung in der Weltwirtschaft,Decentralization in the global economy
1128506513,Mykologie in der Urologie,Mycology in Urology
1128553414,Alles bestens!,Everything is fine!
1128554747,Baugenehmigung für großflächigen Einzelhandel; Klagebefugnis eines Regionalverbandes; Abwehrrechte von Nachbargemeinden,Building permit for large-scale retail; Litigation rights of a regional association; Defense rights of neighboring municipalities
1128556022,Innere Archäologien des Positivismus? Eine Bestandsaufnahme zu neueren Übersetzungen aus dem Feld der Historischen Epistemologie,Inner Archaeologies of Positivism? A Survey of Recent Translations from the Field of Historical Epistemology
1128574136,Messung zellulärer Reaktionen bei mechanischen Stimuli mittels photonischer Kraftmikroskopie und kohärenter Lichtstreuung,Measurement of cellular responses to mechanical stimuli using photonics and coherent light scattering
1128594129,Die @Metamorphose des Geistes durch die Konfrontation mit der Notwendigkeit des eigenen Sterbens - ausgehend von der 'Zeitlichkeit' Heideggers eine Analyse mit Blick auf psychoonkologische Erfahrungen im Umgang mit Sterbenden,The transformation of the mind through the confrontation with the necessity of one's own death - starting from Heidegger's 'temporality' an analysis with a focus on psycho-oncological experiences in dealing with the dying
1128594420,Christliche Sozialethik in der späten Moderne: Grundlinien einer modernitätsintegrativen und -korrektiven Strukturenethik,Christian Social Ethics in Late Modernity: Foundations of a Modernity-Integrating and -Corrective Structural Ethics
112859496X,Spektroskopie an positionierten III-V-Halbleiterquantenpunkten,Spectroscopy of positioned III-V semiconductor quantum dots
1128649667,Reform der Arbeitslosenversicherung und Neuorientierung der Arbeitsmarktpolitik,Reform of the unemployment insurance and reorientation of the labor market policy
1128649829,Erhöhen die Systeme sozialer Sicherung die Arbeitslosigkeit?,Do social security systems increase unemployment?
1128650363,Die @Vorschläge zur Steuerreform in den USA,Suggestions for tax reform in the USA
1128650495,Protektionismus und Entwicklungspolitik EG und Dritte Welt,Protectionism and Development Policy: EU and Third World
112869834X,Handbuch Lehren und Trainieren in der Weiterbildung,Handbook Teaching and Training in Continuing Education
1128728761,Erkennungsleistung mimisch expressiver Emotionen im peripheren Gesichtsfeld,Recognition of expressively mimetic emotions in the peripheral visual field
112873415X,Räumliche Aspekte der Umweltallokation - spatial aspects of the allocation of environment,Spatial aspects of the allocation of the environment.
1128734265,Zur Erklärung der Beschäftigungsprobleme in ausgewählten Industriestaaten Bericht über ein Forschungsprojekt,"To explain the employment issues in selected industrial countries, a report on a research project"
1128734443,Lagerhaltungszyklen aus der Sicht der neuen keynesianischen Makroökonomik,Inventory Cycles from the Perspective of New Keynesian Macroeconomics
1128818442,Berechnungen spektraler Eigenschaften magnetischer Moleküle mittels DMRG Methode,Calculating spectral properties of magnetic molecules using the DMRG method.
1128818574,Die @Erforschung der Argumentation in Gesprächen im Rahmen der Linguistischen Rhetorik,The exploration of argumentation in conversations within the context of linguistic rhetoric
112881899X,Vielfältige Körper? Eine empirische Untersuchung zu Körperbildern von Sportlehrkräften vor dem Hintergrund des Inklusionsdiskurses,Diverse Bodies? An Empirical Study on Body Images of Sports Teachers in the Context of the Inclusion Discourse
1128819341,Analyse von Verbrennungsvorgängen im selbstzündungsdominierten Regime mittels Mischungsstatistik,Analysis of burning processes in a self-igniting regime using mixture statistics
1128898861,Emotionsarbeit – Ein Review zu Gestaltungsaussagen,Emotion Work – A Review of Design Statements
1128996553,Menschlich sein Philosophische Essays,Being Human: Philosophical Essays
1128996685,Philosophie der Tierforschung Band 1: Methoden und Programme,Philosophy of Animal Research Volume 1: Methods and Programs
1129003566,"Was wird aus dem Beschäftigtendatenschutz? Die DS-GVO, das DS-AnpUG und § 26 BDSG-neu","What will happen to employee data protection? The GDPR, the German Data Protection Amendment Act (DSAnpUG), and § 26 BDSG-new"
1129046060,Die @Messung fachdidaktischen Wissens bei Anfängern und Fortgeschrittenen im Lehramtsstudiengang Physik,The measurement of subject-specific knowledge of beginners and advanced students in the teaching degree program in physics.
1129105083,Quantifizierung der Mosaikperfusion bei chronisch thromboembolischer Hypertension im Vergleich zur akuten Lungenembolie und der gesunden Lunge anhand von objektiven Messwerten in der Computertomographie,Quantification of mosaic perfusion in chronic thromboembolic hypertension compared to acute pulmonary embolism and healthy lung using objective measurements in computed tomography
1129105377,Netzwerkanalyse zur bovinen Tuberkulose im bayerischen Voralpenraum,Network analysis of bovine tuberculosis in the Bavarian Alpine foothills
1129140903,HCCI Combustion Using Engine Fuels with and without Oxygenated Compounds,HCCI Combustion Using Engine Fuels with and without Oxygenated Compounds
1129145964,"Geteilte Herrschaft: Obama, die parteipolitische Polarisierung und der Kongress","Divided Power: Obama, the political polarization and the Congress"
1129174506,Forensische Aspekte bei der Hufrehe des Pferdes,Aspects of forensic investigation in the case of laminitis in horses
1129222624,Return-to-Competition Sicher zurück in den Sport,Return to Competition Safely back to sports
1129229319,Regulation der Proteolyse des Masterregulators der generellen Stressantwort RpoS (σs) während des Wachstumszyklus von Escherichia coli,The regulation of proteolysis of the master regulator of the general stress response RpoS (σs) during the growth cycle of Escherichia coli
1129258556,Erweitertes Wild-Basen Nukleotid-Protein-Sequenzalignment,Extended Wild-Type Nucleotide-Protein Sequence Alignment
1129310426,Grundkonzepte der Physik Mit Einblicken für Geisteswissenschaftler,Fundamental Concepts of Physics: Insights for Humanities Scholars
112939302X,"Männliche Homosexuelle in der psychoanalytischen Ausbildung Die Institution, der Kandidat und seine Patient(inn)en","Male Homosexuals in Psychodynamic Training: The Institution, the Trainee, and His/Her Patients"
1129409880,Fluchtzuwanderung ganz oben auf der Liste der dringenden politischen Prioritäten,Immigration as a top political priority
1129451461,Temperatureffekte bei der lasererzeugten Kavitation,Effects of Cavitation Induced by Laser
1129451682,Biochemische und funktionelle Untersuchung der Multidomänenproteine PTPN13 und OCRL1,Biochemical and functional investigation of the multidomain proteins PTPN13 and OCRL1
1129451992,Erweiterung der Systemcodes ASTEC und COCOSYS zur Analyse der Spaltproduktfreisetzung während Schmelze-Beton-Wechselwirkung,Extension of the system codes ASTEC and COCOSYS for the analysis of crack product release during melt-brick interaction
1129487776,Human Centred Engineering Zukunft der Technologieindustrie,Human-Centered Engineering: The Future of the Technology Industry
1129556387,Vergleich der Kombination aus IMRT und IGRT mit konventioneller 3D-CRT bei der Bestrahlung des Prostatakarzinoms Die Untersuchung des Vorteils hängt stark von den Bedingungen ab,Comparison of the combination of IMRT and IGRT with conventional 3D-CRT in the irradiation of prostate cancer The investigation of the advantage depends strongly on the conditions
112968377X,Das @Wissenskapital der Nationen: gute Bildung als Wachstumsmotor,The @Wisdom Capital of Nations: Good Education as a Growth Engine
1129695395,<<Die>> Entwicklung der Trendsportart Slackline im urbanen Raum,The development of the trend sport Slackline in urban space
112974678X,Das @gesamte Kinder- und Jugendrecht Ausgabe 2017; Mit den aktuellen familienrechtlichen Vorschriften,The complete Child and Youth Law Edition 2017; With the current family law regulations
1129779831,Klinische Präsentation und Therapie chromaffiner Tumoren im Kindes- und Jugendalter Daten der GPOH-MET 97 Studie,Clinical Presentation and Therapy of Chromaffin Tumors in Children and Adolescents: Data from the GPOH-MET 97 Study
112979198X,Durchblick im Variantendschungel visuelle Assistenzsysteme als Flexibilitätshebel auf dem Shop Floor,Gaining clarity in the jungle of variants - visual assistance systems as a lever for flexibility on the shop floor
1129875873,"Identifizierung, Charakterisierung und Interpretation der Zelldegradation von Hochtemperatur-Elektrolysezellen im Langzeitbetrieb","Identification, characterization, and interpretation of cell degradation in high-temperature electrolyzers during long-term operation"
1129956687,Entwicklung und prozesstechnische Analyse eines festen und mediendichten Kunststoff - Metall - Verbundes,Development and process analysis of a solid and media-proof plastic - metal compound
112995675X,Interneterfahrungsorte in Dortmund Eine niederschwellige Unterstützungsform zur Teilhabe an der digitalen Gesellschaft,Online locations in Dortmund - A low-threshold support form for participation in the digital society
113001388X,Afrika (Überregional und Horn von Afrika): Stärkung der Kapazitäten von IGAD zur Erhöhung der Dur̈reresilienz am Horn von Afrika Projektevaluierung: Kurzbericht,Strengthening the capacities of IGAD to enhance drought resilience in the Horn of Africa: Project evaluation: Short report
1130030415,Genome Engineering mit CRISPR/Cas — Revolution in der Pflanzenzüchtung,Genome Engineering with CRISPR/Cas — Revolution in Plant Breeding
1130030458,Die @Verteilungsmechanismen von β-barrel-Proteinen in Pflanzenzellen,The distribution mechanisms of β-barrel proteins in plant cells
1130065057,Massenkleinteile wirtschaftlich beschichten,Economically coat small quantities
1130066061,Drehzahlvariable Pumpenantriebe für Mobilanwendungen mit Überlagerungsgetrieben,Variable rotational speed pump drives for mobile applications with superimposed gear trains
1130119815,Untersuchungen zu Kausalität und Pathogenität von zwei verschiedenen Isolaten des Psittaciform 1 bornavirus als Ursache der Psittazinen Drüsenmagendilatation (PDD) am Beispiel des Nymphensittichs (Nymphicus hollandicus),Studies on causality and pathogenicity of two different isolates of Psittaciform 1 bornavirus as a cause of Psittacine Ductal Dilatation (PDD) in the example of the budgerigar (Nymphicus hollandicus)
1130127311,Risikoadäquate Regelungen für das Internet der Dienste und Dinge? Die Neuerungen des Entwurfs für ein neues Bundesdatenschutzgesetz im Überblick,Risk-appropriate regulations for the Internet of Services and Things? The innovations of the draft for a new Federal Data Protection Act at a glance
1130154297,"Geschichte der Philosophie Bd. 12: Die Philosophie des ausgehenden 19. und des 20. Jahrhunderts 2: Neukantianismus, Idealismus, Realismus, Phänomenologie","History of Philosophy, Volume 12: Philosophy of the Late 19th and 20th Centuries 2: Neokantianism, Idealism, Realism, Phenomenology"
1130297071,"Die @neue Macht der Mitarbeiter Wie man Mitarbeiter gewinnt, begeistert und hält. Employer Clienting®","The New Power of Employees How to Attract, Inspire, and Retain Employees - Employer Clienting®"
1130323188,Reaktionstechnische Untersuchungen zur Herstellung von Einzelstrang DNA mit dem Bakteriophagen M13,Reaction-chemical studies for the production of single-strand DNA using the bacteriophage M13
1130326403,Beispiele zur Verknüpfung atomistischer Simulationen mit größeren Skalen,Examples of combining atomic simulations with larger scales
1130455769,Kunststoffe ökonomisch und ökologisch fügen,Economically and ecologically integrating plastics
1130544117,"Unwirksame Wahlarztvereinbarung wegen Verletzung der Hinweispflicht gemäß §17 Abs. 3 S. 1 KHEntgG KHEntgG §§1 Abs. 1, 2 Abs. 1, 17 Abs. 2 S. 1, 17 Abs. 3 S. 1; BGB §§139, 306 Abs. 2, 612 Abs. 2; AGBGB §2; SGB V §115a; KHG §17; BPflV §§7, 22 Abs. 2","Invalid medication agreement due to violation of the duty to inform pursuant to §17 Abs. 3 S. 1 KHEntgG, KHEntgG §§1 Abs. 1, 2 Abs. 1, 17 Abs. 2 S. 1, 17 Abs. 3 S. 1; BGB §§139, 306 Abs. 2, 612 Abs. 2; AGBGB §2; SGB V §115a; KHG §17; BPflV §7,"
1130544125,Betrieb von Pick-up-Stellen außerhalb des Versandhandels ApBetrO §24; ApoG §11a; AMG §69 Abs. 1,Operation of pick-up points outside the distribution network according to ApBetrO §24; ApoG §11a; AMG §69 Abs. 1
1130545784,Empfehlung zum Schutz von Badenden vor Cyanobakterien-Toxinen,Recommendation to protect bathers from cyanobacteria toxins
1130560554,1000 Tipps zum Spritzgießen Band 11: Qualitätskontrolle Qualitätsüberwachung durch Gewichts- und Maßkontrolle,"1000 Tips on Injection Molding, Volume 11: Quality Control Quality Monitoring through Weight and Dimension Control"
1130561771,Subversion oder Assimilation? Trans* und Schwangerschaft in einer heteronormativen Gesellschaft,Subversion or Assimilation? Trans* and Pregnancy in a Heteronormative Society
1130587088,Spurbildung in Strontiumtitanat,Strontium titanate is a compound of strontium and titanium.
113065673X,Kausalniveaus Eine Methodenanalyse zur Kausalforschung der Psychologie,Causal Levels: A Methodological Analysis for the Study of Causation in Psychology
1130704440,Wo bleiben die Proteste gegen Internetabschaltungen?,Where are the protests against internet shutdowns?
1130748774,Plug-in Hybrid Vehicles for the Volume Market,Plug-in Hybrid Vehicles for the Volume Market
1130869598,Entwicklung und Charakterisierung alternativer Arbeitsstoffpaare für den Einsatz in Absorptionskältemaschinen,Development and characterization of alternative working material pairs for use in absorption refrigeration machines
1130922367,Roboterassistierte Leberresektion,Robotic liver resection
1130949516,MEG Marktbilanz Eier und Geflügel 2014,2014 Eggs and Poultry Market Balance
1131007328,Martin Luther,Martin Luther
113125306X,"Berufliche Aufstiege von Menschen mit Migrationshintergrund eine qualitativ-methodische Rekonstruktion ihrer Strategien, Barrieren und Aufstiegsverläufe","Professional advancement of people with a migration background: a qualitative-methodical reconstruction of their strategies, barriers, and advancement paths."
1131254252,Funktion und Regulation des neuen Tubulin-assoziierten Proteins RITA,Function and regulation of the new tubulin-associated protein RITA
1131313585,Riskantes multimediales Verwirrspiel,Risky multimedia mix-up
113131378X,Modulare Karosseriebauweise für ein Stadt-Elektrofahrzeug,Modular body construction for an urban electric vehicle
1131314212,Deutsche Außenpolitik ist Friedenspolitik: Die außen- und sicherheitspolitischen Positionen der SPD in einer Welt in Unordnung,German foreign policy is peace policy: The SPD's positions on external and security policy in a world out of order
113135527X,Einstellung und Bewertung betrieblicher Interessenvertretung von außertariflich und leitenden Angestellten Studienergebnisse der Führungskräftebefragung in der chemisch-pharmazeutischen Industrie,Setting and evaluation of trade union representation for non-union and managerial staff - Results from the leadership survey in the chemical and pharmaceutical industry.
113150576X,Eine @Abluftreinigung die sich bezahlt macht,An exhaust air purification system that pays for itself
113159651X,Das @„Baukastensystem Nachhaltiger Campus“ – ein Instrument zur Umsetzung von Nachhaltigkeitsmanagement und -berichterstattung an Hochschulen,The @„Baukastensystem Nachhaltiger Campus“ – an instrument for the implementation of sustainability management and reporting at universities
1131644484,Drei Streifen gegen Puma Wie aus einem Bruderzwist zwei Weltkonzerne entstanden,Three Stripes vs. Puma How a Family Feud Led to Two Global Conglomerates
1131707060,Die @Rezeptortyrosinkinase FLT3 und ihr Ligand in astrozytären Tumoren,The FLT3 receptor tyrosine kinase and its ligand in astrocytomas
1131707931,Mehrphasige enzymatische Veresterung von Mono- und Polysacchariden mit Fettsäuren in unkonventionellen Lösungsmitteln,Multiphase enzymatic esterification of monosaccharides and polysaccharides with fatty acids in unconventional solvents
1131755340,Beratung ist nicht gleich Beratung,Advising is not the same as advising
1131766423,Zertifizierung Kinderonkologischer Zentren,Certification of Pediatric Oncology Centers
1131800818,Das @Reiseverhalten deutscher Fürstinnen im 15. und 16. Jahrhundert. Mit zwei Itineraren zu den Aufenthaltsorten Kurfürstin Annas von Brandenburg (1437-1512) und Herzogin Marias von Pommern (1515-1583),The travel behavior of German princesses in the 15th and 16th centuries. With two itineraries to the places of residence of Princess Anna of Brandenburg (1437-1512) and Duchess Maria of Pomerania (1515-1583)
113192200X,Obst und Gemüse schützen vor COPD,Fruits and vegetables protect against COPD
1132007453,Behandlung des Fallfußes durch Implantation einer Neuroprothese (ActiGait®),Treatment of the drop foot condition using implantation of a Neuropróthesis (ActiGait®)
1132007755,Korrekter Verrat Erweiterung der Regelverletzungskompetenz durch Coaching,Correct betrayal Extension of the rule violation competence through coaching
1132061059,Histomorphologische Untersuchungen von Lipomen beim Hund,Histological studies of lipomas in dogs
1132108462,Vom Controller zum Prozessanalysten,From controller to process analyst
1132109280,Beziehungserfahrungen und Fantasietätigkeit von Säuglingen in den Theorien von Melanie Klein und Daniel Stern,Relationship experiences and fantasy activity of infants in the theories of Melanie Klein and Daniel Stern
1132111412,Irreversible Elektroporation (IRE) Eine minimal-invasive Methode zur Therapie des Prostatakarzinoms,Irreversible Electroporation (IRE) A minimally invasive method for the treatment of prostate cancer
1132113091,Export von Membranproteinen durch bakterielle Injektionsnadeln,Export of membrane proteins by bacterial injection needles
1132189691,"Sicherheit durch Beton Schutz vor Explosion, Brand und Risikostoffen : 13. Symposium Baustoffe und Bauwerkserhaltung, Karlsruher Institut für Technologie (KIT), 16. März 2017","Security through Concrete: Protection Against Explosion, Fire, and Hazardous Substances : 13th Symposium on Building Materials and Structural Preservation, Karlsruhe Institute of Technology (KIT), 16th March 2017"
1132193079,Entwurfssystematik für den präventiven Schutz Intelligenter Technischer Systeme vor Produktpiraterie,Architectural Approach for Preventive Protection of Intelligent Technical Systems Against Product Piracy
1132200911,Aktivitäten und physiologische Rollen von Phytochelatinsynthasen bifunktionale Enzyme in Metallhomöostase und Nichtwirtsresistenz,Activities and physiological functions of phytochelatin synthases: Bifunctional enzymes in metal homeostasis and non-host resistance.
1132232031,Predigten 1825,Sermons 1825
1132232457,Grundlegung einer Librettologie Musik- und Lesetext am Beispiel der ‚Alceste‘-Opern vom Barock bis zu C.M. Wieland,Foundation of a Librettoology: Music and Literary Text in the Example of the ‚Alceste‘ Operas from the Baroque to C.M. Wieland
1132286379,Think Limbic! - inkl. Arbeitshilfen online Die Macht des Unbewussten nutzen für Management und Verkauf,Think Limbic! - Including online work aids Use the power of the unconscious for management and sales
1132286662,Projektportfolio-Management - inkl. Arbeitshilfen online Strategische Ausrichtung und Steuerung von Projektlandschaften,Project Portfolio Management - including online work aids Strategic orientation and control of project landscapes
1132286875,Schlagfertig in schwierigen Situationen,Being quick-witted in challenging situations
1132288681,Praxishandbuch Projektmanagement - inkl. Arbeitshilfen online,Practical Handbook on Project Management - Including Online Work Aids
1132288789,Positive Psychologie TaschenGuide,Positive Psychology Pocket Guide
1132288916,Rhetorik eBook active,Rhetoric eBook active
1132289211,Praxishandbuch Wohnungseigentum - inkl. Arbeitshilfen online,Practical Handbook on Apartment Ownership - including digital tools
1132291119,Marketing TaschenGuide,Marketing Pocket Guide
113229133X,Praxishandbuch Interim Management - mit Arbeitshilfen online Zusammenarbeit mit Führungskräften und Experten auf Zeit,"Practice Handbook Interim Management - with Online Workbook, Working with Leaders and Experts on a Temporary Basis"
1132291860,Nein sagen Die besten Strategien,Say no The best strategies
113229195X,Vorstellungsgespräche TaschenGuide,Interview Guidelines
1132318475,Die @Entwicklung von diagnostischen Fähigkeiten bei Studierenden der pädagogischen Hochschulen im Laufe ihrer Ausbildung,The development of diagnostic skills among students at teacher training colleges during their training
1132320550,Zur Rolle von Gesten in einer interdisziplinären Unterrichtssequenz Musik A propos du rôle des gestes dans une séquence denseignement interdisciplinaire en musique,The Role of Gestures in an Interdisciplinary Teaching Sequence in Music
113232081X,Integration durch Bildung. Migranten und Flüchtlinge in Deutschland. Gutachten,Integration Through Education: Migrants and Refugees in Germany. Report
113242738X,Adhäsion per Excimer-Laser verbessern,Improving adhesion with an excimer laser
113243419X,Entwicklungsländer durch Handelsliberalisierung stärken,Strengthen developing countries through trade liberalization
1132470617,Eine @Frage der Einstellung,A question about the setting
113247258X,Zivile Gesellschaft und Politik – die Wirkung von Netzwerken,Civil Society and Politics - The Effect of Networks
1132554950,"Ersatzfantasie als manische Abwehr Über den ewigen Wunsch, in den Apfel zu beißen",Substitute fantasy as manic defense The eternal desire to bite the apple
1132751322,Steueränderungen 2011 Alle wichtigen Steueränderungen auf einem Blick,Key tax changes 2011: All important tax changes at a glance
1132754607,Checkbuch für Führungskräfte TaschenGuide,Leadership Checkbook Pocket Guide
1132754933,Fragetechnik für Mahntelefonate,Call Techniques for Debt Collection
1132755158,"Entscheidungen treffen Schnell, sicher, richtig","Make decisions quickly, safely, correctly"
1132755603,BWL Grundwissen TaschenGuide,BWL (Business Administration) Fundamentals Pocket Guide
1132756642,Knigge für Beruf und Karriere TaschenGuide,Knigge for Business and Career Pocket Guide
1132772095,Be prepared 30 Trends für das Business von morgen,Prepare for 30 Trends for the Business of Tomorrow
1132774764,Gewaltfreie Kommunikation Taschenguide,Nonviolent Communication Quick Guide
1132776120,Einfach schreiben im Beruf Wie Sie sich und Ihrem Leser eine Freude machen,Writing Simply in the Workplace: How to Make Yourself and Your Reader Happy
1132822122,Dynamische Fließgleichgewichte und ihre Übergänge in Reaktionsnetzwerken experimenteller Nachweis der Quasi-potential-Landschaft der zellulären Reprogrammierung,Dynamic flow balances and their transitions in reaction networks experimental evidence of the quasi-potential landscape of cellular reprogramming
1132899664,Lack schonender fördern,Gentle promotion
1132934001,I don't like Mondays Die 66 größten Songmissverständnisse,"I don't like Mondays
The 66 biggest song misunderstandings"
1132945844,Kann man Dankbarkeit lernen?,Can gratitude be learned?
1132946638,"Nachsorge, Fertilität, Langzeittoxizität und Survivorship bei Keimzelltumoren","Follow-up, Fertility, Long-term Toxicity and Survivorship in Germ Cell Tumors"
1132948169,Ovarialkarzinom: Neoadjuvante Chemotherapie versus primäre zytoreduktive Operation,Ovarian Carcinoma: Neoadjuvant Chemotherapy versus Primary Cytoreductive Surgery
1132995795,"Einfluss von RSK auf die Aktivität von ERK, den axonalen Transport und die synaptische Funktion in Motoneuronen von \(Drosophila\) \(melanogaster\)","Effect of RSK on the activity of ERK, axonal transport, and synaptic function in motor neurons of \(Drosophila\) \(melanogaster\)"
1133021174,"Gut, besser, am besten Ethische, theologische und historische Reflexionen zu Leistung und Erfolg in Sport, Kirche und Gesellschaft","Good, better, best Because religious, theological and historical reflections on performance and success in sports, church and society"
1133074545,Der @Einfluss von 18F-FDG-PET/CT auf das Therapiemanagement von Patienten mit entzündlichen Wirbelsäulenerkrankungen,The impact of 18F-FDG-PET/CT on the management of patients with inflammatory spinal disorders.
1133078257,"Reise Know-How Wanderführer Algarve - 36 Wandertouren an der Küste und im Hinterland -: mit Karten, Höhenprofilen und GPS-Tracks","Algarve Travel Guide - 36 Hiking Tours on the Coast and in the Interior -: with Maps, Elevation Profiles and GPS Tracks"
1133109055,Bestimmung des neutroneninduzierten Spaltquerschnitts von Pu(242),Determination of the neutron-induced fission cross section of Pu(242)
1133262090,Berufliche Interessen und berufliche Umwelten von Absolventinnen und Absolventen erziehungswissenschaftlicher Studiengänge,Professional Interests and Professional Environments of Graduates of Educational Degree Programs
1133361900,Prävalenz und Koprävalenz sekundärer Hypertonieursachen bei Patienten des Hochdrucklabors®,Prevalence and Comorbid Prevalence of Secondary Hypertonia in Patients of the Hypertension Laboratory®
1133406351,Die @Freizeitoption: Perspektiven von Gewerkschaften und Beschäftigten auf ein neues Arbeitszeitinstrument,The @Leisure Option: Perspectives of Unions and Employees on a New Work Time Instrument
1133459749,Sport an Stationen Spezial Trendsportarten 1-4 Handlungsorientierte Materialien für die Klassen 1 bis 4,Sports and Station Activities Special Trendsports 1-4 Action-oriented Materials for Classes 1 to 4
1133479111,"Clever texten fürs Web So bringen Sie Ihr Unternehmen zum Glänzen - auf Homepage, Blog, Facebook und Co.","Smart writing for the web Bring your business to shine - on homepage, blog, Facebook, and more."
1133479227,Unterrichtsplanung zur Diskussion eines moralischen Dilemmas in der 8./9. Jahrgangsstufe (Thema: Hauptschulabschluß-Prüfung),Lesson planning for discussing a moral dilemma in the 8th/9th grade (Topic: Hauptschulabschluß-Prüfung)
113347926X,Sind Dauerströme noch normal?,Are the DC currents still normal?
113349336X,Manschettendichtringe aus PTFE-Compounds Funktionsmechanismus von PTFE-Manschettendichtungen und Entwicklung von Rückförderstrukturen für beidseitig drehende Wellen,Sealing Rings for PTFE Compounds Functional Mechanism of PTFE Sealing Rings and Development of Feed Structures for Bidirectional Rotating Shafts
1133500366,"Wissen, Wahrheit, Wirklichkeit: ‘Individuelle‘ oder ‘soziale‘ Konstruktion?","Knowledge, truth, reality: ‘Individual’ or ‘social’ construction?"
1133568998,Scherzkommunikation unter Orchestermusikern. Interaktionsformen in einer Berufswelt,Humorous Communication among Orchestral Musicians. Interaction Forms in a Professional World
1133576532,JoSch - Journal der Schreibberatung 01/2017 Ausgabe 13,JoSch - Journal of Writing Consultation 01/2017 Issue 13
113359803X,"„Die Mall als Plattform, um Menschen zu bewegen“","""The mall as a platform to move people"""
1134867131,"Gemeinschaftswerk? Teilhabe der Bürgerinnen und Bürger an der Stadtentwicklung Begriffe, Entwicklungen, Wirklichkeiten, Folgerungen ; Kurzgutachten für das Nationale Forum für Engagement und Partizipation","Participation of citizens in urban development: Concepts, developments, realities, implications ; Brief assessment for the National Forum on Engagement and Participation"
1134958862,Reden und Spielen. Die Kommunikation zwischen Trainern und Spielern im gehobenen Amateurfußball,Talking and playing. Communication between coaches and players in amateur football
1135099588,Homocystein-Spiegel besser in den Normbereich senken?,Lower homocysteine levels to the normal range?
1135116989,Nach 1989,After 1989
1135134464,Über die Bildung von Körperanhängen bei Platynereis dumerilii und die Homologie molekularer Entwicklungsmechanismen innerhalb der Bilateria,On the formation of body appendages in Platynereis dumerilii and the homology of molecular developmental mechanisms within the Bilateria
113518450X,Metriken und Leistungskennzahlen zur Steuerung eines Startups mit einem Abonnement-Geschäftsmodell,Metrics and key performance indicators for managing a startup with a subscription business model
1135266158,Haftmechanismen von funktionalisierten magnetischen Kompositpartikeln in der Hochgradienten-Magnetseparation,Mechanisms of confinement of functionalized magnetic composite particles in high-gradient magnetic separation
1135339724,Mit Diplomatie zum Ziel Wie gute Beziehungen Ihr Leben leichter machen,With Diplomacy as the Goal: How Good Relations Can Make Your Life Easier
1135382409,DNA-Bildzytometrie als prognostischer Marker bei Borderlinetumoren des Ovars,DNA flow cytometry as a prognostic marker in ovarian borderline tumors
1135452946,Der @ehrbare Kaufmann in der Krise? Globale Unternehmensverantwortung in der Hochschullehre aus NGO-Perspektive [Interview],The honorable merchant in crisis? Global corporate responsibility in higher education from an NGO perspective [Interview]
113545339X,Die @kompetenzorientierte Hochschule. Kompetenzorientierung als Mainstreaming-Ansatz in der Hochschule,The @competency-oriented university. Competency orientation as a mainstreaming approach in the university
1135572674,Methodenvalidierung fünf verschiedener Analysegeräte für die Ammoniakmessung des Hundes unter Einbeziehung wichtiger präanalytischer Faktoren,"Validation of methods for five different analysis devices for measuring ammonia in dogs, including important pre-analytical factors"
1135608164,"""Die Kunst, in Zorn zu geraten."" Darstellungsweisen einer Emotion in ausgewählten Dramen des 17. und 18. Jahrhunderts","""The art of getting angry."" Representations of an emotion in selected dramas of the 17th and 18th centuries."
1135628793,Die @ethischen Implikationen der industriellen Nutztierhaltung,The ethical implications of industrial animal farming
1135661154,Geschichte Portugals,History of Portugal
113566160X,Baugesetzbuch/Landesbauordnung für Baden-Württemberg Sammlung der wesentlichen Vorschriften für den Praktiker,Building Code/State Building Regulations for Baden-Württemberg Collection of Essential Provisions for Practitioners
1135663467,Materialmodifikationen in Lithiumniobat- und Lithiumtantalat-Kristallen durch Ionenbestrahlung,Ion irradiation-induced material modifications in lithium niobate and lithium tantalate crystals
1135668868,Emotionale Identität - ihr Einfluss auf die Kommunikation von Emotionen im Gespräch,Emotional identity - its influence on the communication of emotions in conversation
1135670722,Veränderung von Sprache und Kommunikation beim Älterwerden,Change in language and communication in aging
1135670749,Musikfernsehsender,Music television channel
1135687927,"„Ein Land hat ein Recht darauf, regiert zu werden“","""A country has the right to be governed"""
1135792232,Brexit im europäischen Verfassungsverbund,Brexit in the European constitutional union
1135919259,rhetorische Figur,rhetorical figure
1135922160,Die @Europäische Bürgerinitiative im paneuropäischen Kontext,The European Citizens' Initiative in a pan-European context
113592273X,Die @Powergirls - Aspekte des kommunikativen Stils einer Migrantinnengruppe aus Mannheim,The @Powergirls - Aspects of the communicative style of a migrant women's group from Mannheim
1135923000,Das @gescheiterte Referendum zum Friedensvertrag in Kolumbien taugt nicht zur Delegitimierung von Volksabstimmungen,The failed referendum on the peace treaty in Colombia is not suitable for delegitimizing popular referendums.
113596372X,Mehrsprachigkeit im Ruhrgebiet. Zur Sichtbarkeit sprachlicher Diversität in Dortmund,Bilingualism in the Ruhr Area. On the Visibility of Linguistic Diversity in Dortmund
1135964084,"""Wenn du aber betest, ..."". Das Gespräch mit Gott - eine empirische Studie","""If you pray, ..."" - A Conversation with God - An Empirical Study"
1136024298,Groundhog Day in Karlsruhe Und täglich grüßt das Murmeltier…,Groundhog Day in Karlsruhe Every day the groundhog says hello…
1136025286,Zur Theorie und Methode unserer Studie: Der biografische Ansatz in Verbindung mit Ethnografie und Gesprächsanalyse,Biographical Approach in Connection with Ethnography and Conversation Analysis
113605474X,Smart Data Analytics Mit Hilfe von Big Data Zusammenhänge erkennen und Potentiale nutzen,Smart Data Analytics: Identify Connections and Exploit Potential through Big Data
1136055320,Neues Musikalisches Seelenparadies Neuen Testaments (1662) Kritische Ausgabe und Kommentar. Kritische Edition des Notentextes,New Musical Spiritual Paradise of the New Testament (1662) Critical Edition and Commentary. Critical Edition of the Musical Text
1136078819,Entwicklung und Implementierung einer EPICS-basierten Beschleuniger-Steuerungsschnittstelle und automatisierten Strahloptimierung am S-DALINAC,Development and implementation of an EPICS-based accelerator control interface and automated beam optimization at S-DALINAC
1136079866,Drehe die Herzspindel weiter für mich Christine Lavant zum 100.,"Turn the heart spindle further for me, Christine Lavant, for the 100th."
1136131264,Matjušins 'erweitertes Sehen' Klangechos auf der Netzhaut,Matthus' 'Enhanced Vision' Sound Echoes on the Retina
1136131639,Stoßinduzierte Wirbel in der Axialverdichterauslegung,Wake-Induced Vortices in the Axial Compressor Design
1136134107,Europäische Freizügigkeit für Flüchtlinge,European freedom of movement for refugees
1136134182,UN-Ausschuss (CERD),"The UN Committee on Economic, Social and Cultural Rights (CERD)"
1136135057,Ungarns Verfassungsgericht,Hungarian Constitutional Court
1136142770,Smart Country – Vernetzt. Intelligent. Digital.,Smart Country – Networked. Intelligent. Digital.
1136158707,Empfindlichkeit ESBL-bildender E. coli gegenüber Bioziden und Einfluss des Biozids Silber auf Folien mit Lebensmittelkontakt auf die mikrobiologischen und physiko-chemischen Eigenschaften von Putenfleisch,Sensitivity of ESBL-producing E. coli to biocides and the effect of the biocide silver on films with direct food contact on the microbiological and physicochemical properties of poultry meat.
1136268685,Diffusionsgewichtete Magnetresonanztomographie bei Hunden mit idiopathischer Epilepsie Untersuchung der apparenten Diffusionskoeffizienten (ADC) in ausgewählten Arealen des Gehirns von Hunden mit idiopathischer Epilepsie im Vergleich zu gesunden Hunden,Diffusion-Weighted Magnetic Resonance Imaging (DWI) in dogs with idiopathic epilepsy: A study of apparent diffusion coefficients (ADC) in selected brain regions of dogs with idiopathic epilepsy compared to healthy dogs
1136268790,Akkordstrukturen im verzerrten Rockgitarrenriff eine experimentelle Studie physikalischer und psychoakustischer Faktoren,Accord structures in distorted rock guitar riff: An experimental study of physical and psychoacoustic factors
1136285024,Die @Physik der Zeitreise in Hollywood geht es mit der Zeit drunter und drüber,The physics of time travel in Hollywood is all over the map.
1136285245,"""Kinder, wie die Zeit vergeht!"" über Paradoxien in der Zeitwahrnehmung","""Children, how time passes!"" on paradoxes in time perception"
1136285687,Können wir das Ticken der biologischen Uhr verlängern? Alternstheorien geben darauf unterschiedliche Antworten,Can we extend the ticking of the biological clock? Different theories on aging provide different answers
1136290354,"„Vergleichende Beurteilung degenerativer Bandscheibenveränderungen in der Röntgendiagnostik, der FFE-Sequenz und der T2 Gewichtung der Magnetresonanztomographie“","“Comparative assessment of degenerative disc changes in radiography, FFE sequence, and T2 weighting of magnetic resonance imaging”"
1136322604,Zwischen Stabilität und Wandel,Between Stability and Change
1136327843,Effekt selektiver und nicht selektiver nicht steroidaler Antiphlogistika auf die Entzündungsreaktion von durch Ischämie und Reperfusion geschädigtem equinem Jejunum in vivo,Effect of selective and nonselective nonsteroidal anti-inflammatory drugs on the inflammatory response of equine jejunum damaged by ischemia and reperfusion in vivo
1136393110,Identifizierung und Charakterisierung von drei Cutinasen der Hefe Arxula adeninivorans LS3 und deren Einsatz zum Abbau von Polyestern,Identification and characterization of three cutinases from the yeast Arxula adeninivorans LS3 and their application for the degradation of polyesters
1136421777,"Untersuchungen zur Acylierung, Struktur und Glykanbindung des RTX-Toxins Hämolysin A aus Escherichia coli","Investigations on Acylation, Structure, and Glycan Binding of the RTX Toxin Hemolysin A from Escherichia coli"
1136422854,Neue Hochtemperatur-Matrixharze für Kohlenstofffaser-Verbundwerkstoffe,New high-temperature matrix resins for carbon fiber composite materials
1136471138,Das @Testament als literarisches Dispositiv kulturelle Praktiken des Erbes in der Literatur des 19. Jahrhunderts,The Testament as a Literary Device: Cultural Practices of Inheritance in 19th Century Literature
1136471588,Funktionale anorganisch/organische Hybridmaterialien für ultrasteife Hydrogele und antimikrobielle Lotusoberflächen,Functional inorganic/organic hybrid materials for ultra-rigid hydrogels and antimicrobial Lotus surfaces
1136614478,Mitbestimmung in Zulieferketten Instrumente der deutschen Außenwirtschaftspolitik,Co-determination in supply chains Instruments of German foreign economic policy
1136627200,Der @Umbau der europäischen Sozialbürgerschaft,The @Rebuilding of the European Social Citizenship
1136660569,Zeta-Funktionen in der Physik - eine Einführung,Zeta Functions in Physics - an Introduction
1136718281,Über den Einfluss von Phthalocyanin-Monolagen auf die Struktur organischer Dünnfilme auf Metalloberflächen,The influence of phthalocyanine monolayers on the structure of organic thin films on metal surfaces
1136724575,VG Stuttgart Europarecht bremst Grenzschützer,European Law Brakes Border Guards in Stuttgart
1136792295,Untersuchungen zu Aspekten der Parodontitis beim oralen Pemphigus und Pemphigoid,Studies on aspects of periodontitis in oral pemphigus and pemphigoid
1136863826,German Modern Talking vs. Iranian Modern Talking zur Anwendbarkeit der Korpus-Analyse als Mittel des Popmusikverstehens,Modern Talking vs. Iranian Modern Talking: The Applicability of Corpus Analysis as a Means of Pop Music Understanding
1136945946,Wir reisen in die Vergangenheit,We travel to the past
1136946616,Skigymnastik Verletzungsfrei durch die Saison,Injury-free skiing through the season
1136967753,Niederlageerleben im Sportunterricht aus SchülerInnensicht eine qualitative Untersuchung zu Strategie und Mechanismen der Bewältigung durch SchülerInnen im Grundschulbereich,Loss of a game experience in physical education from the perspective of students: a qualitative study of strategies and mechanisms for coping with it by students in the elementary school range.
1137003294,Mit Fragen führen Konstruktiv führen mit Fragen,Conducting constructive conversations through questioning
1137054387,Studien zur Regulation und Funktion der Phosphatase Cdc14 in S. cerevisiae,Studies on the regulation and function of phosphatase Cdc14 in S. cerevisiae
1137206527,Fichtes Begründung der praktischen Philosophie Untersuchungen zur Grundlage der gesamten Wissenschaftslehre von 1794/95 und zur Wissenschaftslehre nova methodo von 1798/99,Fichte's Justification of Practical Philosophy: Investigations into the Foundation of the Entire Science of Knowledge from 1794/95 and the Science of Knowledge nova methodo from 1798/99
1137210184,"Reise Know-How Wanderführer Türkei, Lykische Küste – 42 Wandertouren durch Lykien","Travel Know-How Turkey, Lycian Coast – 42 Hiking Tours in Lycia"
1137210494,The @Brexit Divorce Bill Großbritanniens Welt der alternativen Fakten,The Brexit Divorce Bill: Britain's World of Alternative Facts
1137211431,Reformierter Investitionsschutz in TTIP: Zwei Schritte voran – und gegen die Wand,Revised investment protection in TTIP: Two steps forward – and against the wall
113721144X,"Eine @“Charta der Grundrechte für die digitale Zeit”, und warum wir sie brauchen","A “Charter of Fundamental Rights for the Digital Age”, and why we need it"
1137211555,Brasilien Institutionelle Eigenheiten der politischen Krise,Brazil: Institutional characteristics of the political crisis
1137226226,"Zur Kategorienlehre der Psychologie : Komplementaritätsprinzip, Perspektiven und Perspektiven- Wechsel","The category theory of psychology: Complementarity principle, perspectives and perspective changes"
1137226242,Theoretische Psychologie : eine Systematik der Kontroversen,Theoretical Psychology: A Systematics of Controversies
1137281375,Multimodal-interaktionsräumliche Grundlagen de-facto-didaktischen Handelns im Unterricht,Multimodal interaction space-based principles of de facto didactic action in teaching
1137295759,Die @Fakultät für Physik/The Faculty of Physics,The Faculty of Physics
1137300175,Galina Ivanovna Ustvolskaja Komponieren als Obsession,Galina Ivanovna Ustvolskaya: Composition as Obsession
113732354X,Die @Auswirkung einer druckinduzierten und thermischen Pasteurisation auf ausgewählte Oberflächeneigenschaften von polymeren Packstoffen,The effect of pressure-induced and thermal pasteurization on selected surface properties of polymeric packaging materials
1137359722,"""Der Amtssitz der Opposition""? Politik und Staatsumbaupläne im Büro des Stellvertreters des Reichskanzlers in den Jahren 1933–1934","""The seat of the opposition?"" Politics and plans for a revolution of state in the office of the Reich Chancellor's deputy in the years 1933–1934"""
1137366613,"""Der hebräische Musikgeschmack"" Lüge und Wahrhaftigkeit in der deutsch-jüdischen Musikkultur","""Hebrew Music Taste"" Lie and Truth in the German-Jewish Music Culture"
1137447605,Das @Kieler Kunsthistorische Institut im Nationalsozialismus Lehre und Forschung im Kontext der «deutschen Kunst»,The @Kieler Kunsthistorische Institut in the Context of National Socialism: Teaching and Research in the Field of «German Art»
1137466804,"Brücken für künstlerische Formen, Netzwerke der Kunst zwischen Westdeutschland und der Tschechoslowakei in der Zeit des Kalten Krieges (1968-1989)","Bridges for artistic forms, networks of art between West Germany and Czechoslovakia in the time of the Cold War (1968-1989)"
1137494298,Mikrosimulation von zementgebundenen Baustoffen 3D-Simulation der Permeation von Zementstein,Microsimulation of cement-bound materials 3D simulation of the permeation of cement stone
1137509759,Methodenentwicklung für die Proteomanalyse proteolytischer Prozesse,Method development for proteomic analysis of proteolytic processes
1137555270,"Ultra-hoch gefüllte und orientierte CNT- und 3D-vernetzte Aerographit Epoxidkomposite: Synthese, Herstellung und Eigenschaften","Ultra-highly filled and oriented CNT- and 3D-interconnected aerographite epoxy composites: synthesis, production and properties"
113782896X,"Subjekt und Lebenswelt Personzentrierte Systemtheorie für Psychotherapie, Beratung und Coaching","Subject and life-world Human-centered system theory for psychotherapy, counseling, and coaching"
1137834579,Plädoyer für ein kulturwissenschaftliches Verständnis akademischer Theologie Rede anlässlich der Verleihung des Ehrendoktorats des Fachbereichs Geschichts- und Kulturwissenschaften der Justus-Liebig-Universität Gießen,Plea for a cultural studies understanding of academic theology. Speech on the occasion of the award of the honorary doctorate of the Faculty of Historical and Cultural Studies of the Justus-Liebig-University Giessen
1137834862,Charakterisierung von CdTe-Schichten für die Anwendung als Röntgendetektor,Characterization of CdTe layers for use as X-ray detector
113785183X,Bedeutung und Funktion der somatotropen Achse im Rahmen der metabolischen Adaptation in der Trächtigkeit bei Milchkühen,Meaning and function of the somatotropic axis in the context of metabolic adaptation during lactation in dairy cows
1137867280,"Der @Begriff des Friedens bei Comenius, seine ontologische Begründung und seine aktuelle Bedeutung","The concept of peace in Comenius, its ontological foundation, and its current significance"
1137867515,"Beitrag zur Charakterisierung und Auslegung zugbelasteter Energieabsorberkonzepte mittels experimenteller, analytischer und numerischer Methoden","Contribution to the characterization and interpretation of energy absorber concepts subjected to load using experimental, analytical, and numerical methods."
1137919450,Die @Übertragung von mikrostrukturellen Eigenschaften aus der diskreten Versetzungsdynamik in Kontinuumsbeschreibungen,The transfer of microstructural properties from discrete dislocation dynamics in continuum descriptions
1137920874,Psychosoziale Aspekte in der Diagnostik und Therapie von LVAD-Patienten Leben „on device“ als Grenzerfahrungen im Sinne Jaspers,"Psychosocial aspects in the diagnosis and treatment of LVAD patients Living ""on device"" as boundary experiences in the sense of Jaspers"
1138135038,Segmentale Spezifizierung der Neuroblastenlinie 6-4 in den gnathalen Segmenten von Drosophila melanogaster,Segmental specification of the neuroblast lineage 6-4 in the gnathal segments of Drosophila melanogaster
1138195375,Geschichte des Instituts für Psychologie in Freiburg : von der Vorgeschichte der Psychologie bis ca. 2000,History of the Institute for Psychology in Freiburg: from the origins of psychology to around 2000
1138195642,"Das @merowingerzeitliche Gräberfeld von Neudingen (Stadt Donaueschingen, Schwarzwald-Baar-Kreis)","The Merovingian-era burial field of Neudingen (City of Donaueschingen, Schwarzwald-Baar-Kreis)"
1138233994,Schulfähigkeit und Anfangsunterricht,Schulfähigkeit und Anfangsunterricht
1138234001,Untersuchung des Einflusses ausgewählter Untergrundparameter auf die nachhaltige thermische Nutzung des oberflächennahen Untergrundes im urbanen Raum,Investigation of the influence of selected subsurface parameters on the sustainable thermal utilization of the near-surface subsurface in the urban environment
1138234095,Material- und prozessspezifische Einflüsse auf Oberflächeneigenschaften von endlosfaserverstärkten Thermoplasten,Material and process-specific influences on surface properties of continuous fiber-reinforced thermoplastics
1138276529,Charakterisierung von mikrobiellen Gemeinschaften aus Biogasanlagen mittels Metaproteomanalyse und Korrelationen der Ergebnisse zu den Prozessparametern,Characterization of microbial communities from biogas plants using metaproteomics and correlations of the results with process parameters
113827965X,Auswirkungen der UEFA Champions League auf die Bundesliga und ihre Vereine,Effects of the UEFA Champions League on the Bundesliga and its clubs
1138280321,Der @Perfektionismus der Kritik,The @Perfectionism of Criticism
1138280720,Die @Zeitlichkeit der Musik als Form der Zeitlichkeit des Subjekts: Hegel über Musik und Geschichte,The temporality of music as the form of the subject's temporality: Hegel on music and history
1138282065,"Kants Ablehnung des apagogischen Beweises in der ""Transzendentalen Methodenlehre""","Kant's rejection of the apagogic proof in the ""Transcendental Aesthetic"""
113828212X,Kombinationswirkung der beiden Pflanzenschutzmittel Karate Zeon und Callisto in aquatischen Modellökosystemen,Combination effect of the two plant protection agents Karate Zeon and Callisto in aquatic model ecosystems
1138282200,"Landschaft, Kultur und Ethik. Zur operativen Basis einer Philosophie der bewohnten Welt","Landscape, Culture, and Ethics: The Operational Foundation of a Philosophy of the Inhabited World"
1138283037,Platons semantischer Naturalismus im KRATYLOS,Plato's semantic naturalism in the KRATYLOS
1138285749,"Wege des ""Politischen""","Paths of ""Politics"""
1138285811,Wie hat mein Großvater den Ersten Weltkrieg erlebt?,How did my grandfather experience World War I?
1138286052,Zu einer Re-Etablierung des Begriffs der Muße im Spannungsfeld von Theorie und Praxis bei Th. W. Adorno,For a re-establishment of the concept of leisure in the tension between theory and practice in Th. W. Adorno
1138332151,Schnelleinstieg Controlling - inkl. Arbeitshilfen online,Quick Start for Controlling - including online work aids
1138359637,Hildesheimer Geographische Studien Bd. 6,Hildesheim Geographical Studies Vol. 6
1138359777,"Sigma0-Produktion in p+Nb-Reaktionen bei E  3,5 GeV",Sigma0 production in p+Nb reactions at E  3.5 GeV
1138397113,Äußerst dünn Parteiprogramme unter der SGB VIII-Reform-Lupe,Extremely thin party programs under the SGB VIII reform magnifying glass
1138496081,"""Wir wissen nicht mehr, wer wir sind"" Vergessene Minderheiten auf dem Balkan","""We no longer know who we are"" Forgotten minorities in the Balkans"
1138517607,Molekulare Testungen bei onkologischen Erkrankungen,Molecular testing in oncology
1138568597,NPD-Antrag in Karlsruhe Keine Überraschung,No Surprise NPD Application in Karlsruhe
1138597821,Tierhaltung; Breite und Beschaffenheit von Kastenständen in der Schweinehaltung,Pig housing; width and structure of pig stalls in pig farming
1138600482,Wasser predigen und Wein trinken? Kirchliche Aktivitäten im baden-württembergischen Umwelt- und Klimaschutz,Water preach and wine drink? Church activities in Baden-Württemberg's environmental and climate protection
1138705357,Globale Finanzplätze im Vergleich Frankfurt und Sydney zwischen Global City und lokaler Variation,Global financial centers in comparison: Frankfurt and Sydney - between Global City and local variation
1138734470,Aristoteles gegen Epikur Eine Untersuchung über die Prinzipien der hellenistischen Philosophie ausgehend vom Phänomen der Bewegung,Aristotle against Epicurus: An Investigation into the Principles of Hellenistic Philosophy Beginning with the Phenomenon of Motion
1138757675,Archäologie der Anfänge,Archaeology of the Beginnings
1138837547,Untersuchung von ChMob2 und ChPxmp4 als Virulenzfaktoren von Colletotrichum higginsianum bei der Interaktion mit Arabidopsis thaliana,Investigation of ChMob2 and ChPxmp4 as virulence factors of Colletotrichum higginsianum in interaction with Arabidopsis thaliana
1138934267,Die @'Schattenseite' der 'Promessi sposi' Manzonis Rezeption der Gothic Novel am Beispiel von 'Fermo e Lucia',The 'Schattenseite' of Manzoni's 'Promessi sposi' reception of the Gothic Novel at the example of 'Fermo e Lucia'
113898020X,Die @molekulare Basis des antimikrobiellen Systems von Dictyostelium discoideum,The molecular basis of the antimicrobial system of Dictyostelium discoideum
1139048449,Bildung und Öffentlichkeit eine strukturtheoretische Perspektive auf Bildung im Horizont digitaler Medialität,Theoretical perspectives on education in the context of digital media
1139048899,Kalorimetrie und Phasenkorrelationen eines zweidimensionalen Photonengases,Calorimetry and phase correlations of a two-dimensional photon gas
1139170031,EuGH entkafkaisiert globales Terrorbekämpfungs-Regime,The EU Court of Justice dismantles global anti-terrorism regime
1139170546,'Die Spuren vor den Bildern denken' Reden zur Verleihung des Aby Warburg-Preises der Stadt Hamburg an Sigrid Weigel,'The traces before the images think' Speech for the presentation of the Aby Warburg Prize of the City of Hamburg to Sigrid Weigel
1139170570,Nachleben und Ableben der Bilder,Posthumous and Expiration of Images
1139170716,„Mit Gott und dem Nächsten am Tisch“ Eine theologisch-empirische Studie zur Vesperkirche,“At the Table with God and Neighbor” A Theologically-Empirical Study of the Vesperkirche
1139252232,Quantenrelaxation und Thermalisierung im transversalen Ising-Modell,Quantum relaxation and thermalization in the transverse Ising model
1139329987,Zur Modellbildung und Simulation reibungserregter Schwingungen in Pkw-Schaltgetrieben,Modeling and simulation of friction-induced vibrations in passenger car automatic transmissions
113948236X,Bilanz von neun Jahren SINUS an Grundschulen in Deutschland. Evaluation der mathematikbezogenen Daten im Rahmen von TIMSS 2011 Taking stock after nine years of SINUS at elementary schools in Germany: an evaluation of mathematics-related data within the framework of TIMSS 2011,Evaluation of nine years of SINUS at elementary schools in Germany: an evaluation of mathematics-related data in the context of TIMSS 2011.
1139491148,Biochemical Characterization of RHO GTPases-IQGAPs and NPM1-US11/Rev interactions,Biochemical Characterization of RHO GTPases-IQGAPs and NPM1-US11/Rev interactions
1139604139,Die @mikrobielle Elektrosynthese von Methan Methanogene in der Elektrobiotechnologie,Microbial Electrochemical Methane Synthesis in Electrobiotechnology
1139604783,Flexibel lackieren im Vakuum,Vacuum Spraying Flexible
1139613723,DIE FÜNF ELEMENTE IN DER KAMPFKUNST,THE FIVE ELEMENTS IN COMBAT ART
1139641409,Quantenpunktbasierte Einzelphotonenquellen und Licht-Materie-Schnittstellen,Quantum-dot-based single-photon sources and light-matter interfaces
1139679759,Renaissance des Dorfladens oder Versorgungswüsten? Erfahrungen und Lernpotenziale am Beispiel Schleswig-Holstein,Renaissance of village stores or supply deserts? Experiences and learning potentials in Schleswig-Holstein
1139709313,Wer profitiert von strukturierten Schulungs- und Behandlungsprogrammen?,Who benefits from structured training and treatment programs?
1139709445,"Bildung und Beschäftigung in Sozial-, Erziehungs- und Pflegeberufen - im Spannungsfeld von Professionalisierung und Prekarisierung Trendanalysen auf Basis des Sozio-oekonomischen Panels (SOEP)","Education and Employment in Social, Educational, and Care Professions - in the Tension Between Professionalization and Precarization Trend Analyses Based on the Socio-Economic Panel (SOEP)"
113982404X,Den @Zuhörer im Blick So bauen Sie eine Brücke zum Publikum,The Listener in Focus: Building a Bridge to the Audience
1139843575,MEI Kodierung der frühesten Notation in linienlosen Neumen,My encoding of the earliest notation in linear-free neumes
1139891413,Demokratie als verfassungsfeindlicher Topos,Democracy as a constitutional enemy
1139891499,Einige Gedanken am Tag nach der Bundestagswahl,Some thoughts on the day after the Bundestagswahl
1139961586,Deutschland im Mittelalter Wirtschaft – Gesellschaft – Umwelt,Germany in the Middle Ages - Economy - Society - Environment
1139977210,Identitätspolitiken multilokaler Nachtrennungsfamilien Praktiken der Vergemeinschaftung im paritätischen Wechselmodell,Policies on Identity for Multilocal After-Separation Families Practices of Communalization in the Parity-Based Co-Parenting Model
1139978071,Ein @Opfer des eigenen Erfolges Mehrheitsentscheide als Sprengsatz für die Selbsterneuerung der Europäischen Union,A victim of its own success: Majority decisions as a powder keg for the self-renewal of the European Union
113997811X,Ökologische Auswirkungen von Ufervorschüttungen am Bodensee-Untersee,Ecological Impact of Riparian Revetments at Lake Constance – Untersee
1140165453,Das @Günter-Prinzip fürs Business So werden Sie schweinehundeerfolgreich,The @Günter Principle for Business: How to become incredibly successful
1140176951,Beraterbrief Pflege Ausgabe Mai 2017/9,Advisory Note Care Issue May 2017/9
1140245325,Kreativ aus der Krise Impulse für städtische Transformationen,Creative Impulses for Urban Transformations
1140268260,Kosten und Erlöse bei der Co-Vergärung von mechanisch aufbereitetem Bioabfall in Faultürmen kommunaler Kläranlagen,Costs and revenues from the co-fermentation of mechanically pretreated organic waste in communal sludge treatment plants
1140486705,Entwicklung und Etablierung eines ökologischen Modellsystems zur Identifizierung und Charakterisierung von Sekundärmetabolitgenen in Aspergillus nidulans,Development and establishment of an ecological model system for the identification and characterization of secondary metabolite genes in Aspergillus nidulans
1140544519,Einsichten in flüchtige Leben,Insights into fugitive lives
1140586602,Untersuchungen zum Migrationspotential von Nanomaterialien aus Kunststoff-Lebensmittelverpackungen,Investigations into the migration potential of nanomaterials from plastic food packaging
1140641751,Muss sich Daimler in den USA für Verbrechen in Argentinien verantworten?,Does Mercedes-Benz have to answer for crimes in Argentina in the U.S.?
1140641816,Ist am Sonntag die Fünfprozenthürde verfassungswidrig geworden?,Has the five percent hurdle become unconstitutional on Sunday?
1140735578,Dispersion und Ausrichtung von Korund-Nanoplättchen in bioinspirierten Epoxid- und Vinylester-Harzsystemen und deren Anwendung als chemische Verbundanker,Dispersion and orientation of corundum nanocoatings in bio-inspired epoxy and vinyl ester resin systems and their application as chemical bonding anchors
1140735799,Die @Qualitätseinstufung von Kolostrum mit einem einfachen Präzisionstrichter,The quality grading of colostrum with a simple precision funnel
1140760920,Nachbarschaftsbeziehungen älterer Menschen - Subjektive Konzepte und Hilfepotenziale. Eine Untersuchung organisierter und nichtorganisierter Nachbarschaft,Neighborhood relationships of the elderly - Subjective concepts and potential support. A study of organized and unorganized neighborhoods
1140778595,Nachfolger gesucht Wie Sie Ihre Unternehmensnachfolge aktiv gestalten,Succession sought How to actively shape your company succession
1140818708,Markt und Macht Der Kunsthandel im »Dritten Reich«,Market and Power: The Art Trade in the »Third Reich«
114083472X,Lernprozesse von Chemielehramtsstudierenden hinsichtlich des Experimentierens im Schulpraktikum,Learning processes of chemistry teacher trainees regarding experimentation in the school internship
1140834886,"Import peroxisomaler Matrixproteine über die Ustilago maydis Rezeptoren Pex5a, Pex5b und Pex7","Import peroxisomal matrix proteins via the Ustilago maydis receptors Pex5a, Pex5b, and Pex7."
114087084X,Neue Methoden und Modelle für die diffusionsgewichtete Magnetresonanztomographie der Niere,New Methods and Models for Diffusion-Weighted Magnetic Resonance Imaging of the Kidney
1140946595,"Bemessung des Schmerzensgeldes bei schwerst hirngeschädigt geborenen Kindern BGB §§253, 280, 823","Assessment of pain and suffering compensation for severely brain-injured born children §§253, 280, 823 BGB"
1140946668,"Rechtsanwaltshaftung wegen unterlassener Geltendmachung von Schadensersatzansprüchen gegen den Krankenhausträger BGB §§199, 249, 280, 611, 675, 823","Lawyer's liability for failing to assert claims for damages against the hospital operator under sections 199, 249, 280, 611, 675, and 823 of the German Civil Code (BGB)"
1141177110,"Biobasierte Kunststoffe mit Cellulosefaserverstärkung Zusammenhänge zwischen Struktur, Haftung und mechanischen Eigenschaften","Biodegradable plastics with cellulose fiber reinforcement Interrelations between structure, adhesion, and mechanical properties"
1141196999,Der @Einfluss organisationaler Faktoren und spezifischer Persönlichkeitseigenschaften auf psychologische Verträge im Zeitverlauf Eine Analyse psychologischer Verträge am Beispiel wissenschaftlicher Hochschulmitarbeiter,The impact of organizational factors and specific personality traits on psychological contracts over time. An analysis of psychological contracts using scientific university employees as an example
1141225263,Konfessioneller Religionsunterricht in religiöser Vielfalt II Perspektiven von Schülerinnen und Schülern,Religious Education in religious diversity II Perspectives of students
1141230429,"Auswirkungen des Duftstoffes 2,5-dihydro-2,4,5-trimethylthiazolin auf das räumliche Lernverhalten und die mRNA Expression von cFos und dem Corticotropin Releasing Factor in einem Glutamat-Decarboxylase67-Mausmodell","Effects of the fragrance 2,5-dihydro-2,4,5-trimethylthiazolin on spatial learning behavior and mRNA expression of cFos and the Corticotropin Releasing Factor in a Glutamate-Decarboxylase67 Mouse Model"
1141230585,"16. Sommerkurs Werkstoffe und Fügen Magdeburg, 08. und 09. September 2017","Summer Course Materials and Joining Magdeburg, September 8 and 9, 2017"
1141230690,Artifizielle Transporter-Enzym-Komplexe für Substrate Channeling über die Plasmamembran von Saccharomyces cerevisiae,Artificial transport enzyme complexes for substrate channeling through the plasma membrane of Saccharomyces cerevisiae
1141295652,Befragung,Interview
114137918X,Griechenland in der Krise,Greece in Crisis
1141379430,Anwendungsbezogene Weiterentwicklung der abbildenden Ellipsometrie,Application-oriented further development of imaging ellipsometry
1141381818,Der @Essay als Form der Medientheorie. Max Benses essayistische Medienreflexionen,The essay as a form of media theory. Max Bense's essayistic media reflections
1141480611,"Übertragung von Geschäftsanteilen an einer MVZ-GmbH und Wirksamkeit von Treuhandverträgen EuIMSVO Art. 3 Abs. 1; BGB §134; SGB V §§95 Abs. 1a S. 1, 126 Abs. 3","Transfer of business shares in an MVZ GmbH and effectiveness of trust agreements under EU IMSVO Article 3 (1), BGB Section 134, SGB V Sections 95 (1a) Section 1, and 126 (3)"
1141550512,Ethik trifft Unternehmenssteuerung,Ethics and Corporate Governance
1141552108,Sexuelle Probleme nach Beckenbodenoperationen,Sexual Issues Following Pelvic Floor Operations
114157649X,Mono- und bipedale Tretkoordination von Elitemountainbikern bei unterschiedlicher Kadenz Hinweise auf anforderungsspezifische Innervationsmuster beim Radfahren,Monopedal and bipedal pedaling coordination of elite mountain bikers at different cadences: Implications for demand-specific innervation patterns in cycling
1141577305,"Das @Delikt des Hochverrats im NS-Staat, in der DDR und in der Bundesrepublik Deutschland","The offense of high treason in the Nazi state, in the DDR, and in the Federal Republic of Germany"
1141626462,Adaptive Behavior Assessment System II - eine erste Überprüfung der psychometrischen Eigenschaften der deutschen Erwachsenenversion Adaptive Behavior Assessment system II  a first examination of the psychometric properties of the German adult version,Adaptive Behavior Assessment System II - a first examination of the psychometric properties of the German adult version
1141630826,Hotmelt-Hybride eröffnen neue Einsatzmöglichkeiten,Hotmelt hybrids open up new application possibilities
114164035X,Wildnis: Ein neues Naturschutzziel?,Wildlife: A new conservation target?
1141680173,"Arbeite klüger - nicht härter! So holen Sie das Beste aus Ihrer Zeit, ohne sich auszubeuten. Methoden und Tools für ein neues Zeitmanagement. Zeit optimal nutzen - Freiräume schaffen","Work smarter, not harder! Maximize your time without overworking. Methods and tools for a new time management. Optimize your time - create free spaces"
1141792869,Cybermanners und Wettbewerbsrecht – Einige Überlegungen zum Lauterkeitsrecht,Cybermanners and Competition Law – Some Reflections on Lauterkeitsrecht
114179313X,"Fremdheitskonstruktion durch politische Entscheidungsprozesse - wer zugewandert ist, bleibt fremd!","Immigration construction through political decision-making processes - who has immigrated, remains foreign!"
114179344X,Seguidilla und Mantilla - das Spanienbild im Libretto von opéra-comique und opéra-bouffe,Seguidilla and Mantilla - the Spain image in the libretto of opera-comique and opera-bouffe
1141856050,Konzeption und Evaluation von Tutor-Trainings zur Förderung der intrinsischen Motivation der Tutoren und der Autonomieförderung ihrer Tutees im Cross-age Tutoring,Conceptualization and Evaluation of Tutor Training for Enhancing Intrinsic Motivation of Tutors and Fostering Autonomy of Their Tutees in Cross-Age Tutoring
1141904772,Entwicklung und Anwendung eines fahrerorientierten Versuchskonzepts zur subjektiven Bewertung des Lenkgefühls am schweren Nutzfahrzeug,Development and application of a driver-oriented test concept for the subjective evaluation of steering feel in heavy-duty vehicles
1141906198,Warschauer Innenhöfe Jüdisches Leben um 1900 – Erinnerungen,Warsaw's Inner Courts Jewish Life Around 1900 – Memories
1141907585,Moralerziehung in Elternratgebern eine Gegenüberstellung von Wissenschafts- und Alltagstheorie,Moral Education in Parenting Guides: A Counterposition of Scientific and Everyday Theory
1141930714,Einstellungstransfer durch Sponsoring: Welche Stellhebel zum Erfolg führen,Transfer of settings through sponsorship: Which levers lead to success
1141930749,Sportlicher Erfolg — Treiber für Aktienrenditen von Sponsoren,Athletic success — driver of sponsor stock returns
1141932490,Was die Verschreiber am Entschreiben hindert,What hinders the writers from drafting
1141933055,Kommunikationssystem zur Netzintegration von Elektrofahrzeugen,Communication System for Network Integration of Electric Vehicles
1141937689,Neuronal calcium-binding protein 2 (NECAB2): Charakterisierung eines striatalen Ca 2+ -bindenden Proteins,Neuronal calcium-binding protein 2 (NECAB2): Characterization of a striatal calcium-binding protein
1142001261,Untersuchung der hochfrequenten Oszillationen der somatosensibel evozierten Potentiale bei Patienten mit essentiellem Tremor,Study of high-frequency oscillations of somatosensory evoked potentials in patients with essential tremor
1142001385,"Evaluation intrakranieller In-Stent-Restenosen nach Stenting mit Hilfe digitaler Subtraktionsangiographie, Flachdetektor-CT und Multidetekor-CT","Intracranial In-Stent Restenosis after Stenting Evaluated with Digital Subtraction Angiography, Flat Detector CT, and Multi-Detector CT"
1142003191,Anwendungsorientierte Absicherungsstrategie für Fahrerassistenzsysteme,Application-oriented Security Strategy for Driver Assistance Systems
1142114651,Die @Olympischen Spiele von Antiochia: Zur Geschichte eines Agons im spätantiken Imperium,The Olympic Games of Antioch: A History of an Agon in the Later Roman Empire
1142115135,"""… und steure deiner Feinde Mord"" Gewalt im Kirchenlied","""… and lead your enemies to death"" Violence in hymns"
1142155889,Integration einer generischen Gitterschnittstelle in ESPResSo,Integration of a generic grid interface in ESPResSo
1142233944,Der @Hefepilz Xanthophyllomyces dendrorhous als Produktionsplattform für die Biosynthese von Phytoen und Zeaxanthin,The @Hefepilz Xanthophyllomyces dendrorhous as a production platform for the biosynthesis of phytoene and zeaxanthin
1142374378,Neue Wege in der Feinkornaufbereitung am Steirischen Erzberg – auf alten Pfaden,New paths in fine ore processing at the Styrian Erzberg – on old trails
1142374556,BUBLON®/BUBLITE – Zero Waste bei der Aufbereitung vulkanischer Gläser,BUBLON®/BUBLITE – Zero Waste in the Processing of Volcanic Glasses
1142450295,Supervision von Coaching,Supervision of Coaching
1142527107,Die @Auftragsverarbeitung nach der DS-GVO,The processing of orders under the GDPR
1142528189,Komposition und Aufführung Louis Spohr’s Selbstbiographie (1860/61),Composition and performance of Louis Spohr's Self Biography (1860/61)
114252874X,"Vom sozialwissenschaftlichen Postulat zur historischen Erforschung des ""Wertewandels"". Ein Versuch am Beispiel von Familienwerten und Religion","From the sociological postulate to the historical study of ""value change"". A trial using the example of family values and religion"
1142548929,NS-Euthanasie und internationale Öffentlichkeit Die Rezeption der deutschen Behinderten- und Krankenmorde im Zweiten Weltkrieg,Euthanasia in Germany and international public opinion: The reception of German euthanasia for disabled and sick people during World War II
1142648397,Afghanistan: Förderung der beruflichen Bildung,Afghanistan: Promotion of Vocational Training
1142656616,Der @Preis der Freundschaft — Soziale Interaktion in Produktkonfiguratoren,The Price of Friendship — Social Interaction in Product Configurators
1142656942,Die @Bedeutung von „Leapfrogging“ für die Innovationspolitik von Unternehmen,"The meaning of ""Leapfrogging"" in the context of corporate innovation policy"
1142658058,Herausforderungen und Stellhebel für die erfolgreiche Betreuung von Kleinkunden,Challenges and leverage points for the successful care of small customers
1142658651,Value-to-Value-Segmentierung im Vertrieb,Value-to-Value Segmentation in Sales
1142659496,Wie Social Media Marketing im Fußball wirkt,How Social Media Marketing Works in Football
1142659550,Kunden zu Fans machen,Turning customers into fans
1142730921,Entscheiden im Hören auf Gott 45 Methoden für das Arbeiten und Planen in der Gemeinde,Deciding in Hearing God: 45 Methods for Working and Planning in the Church
1142787311,Untersuchungen zur therapeutischen Wirksamkeit von felinen Antikörpern gegen Parvoviren bei Hunden mit Parvovirose,Studies on the therapeutic efficacy of feline antibodies against parvoviruses in dogs with parvoviral infection
1142920429,Charakterisierung ferroelektrischer Eigenschaften von ultradünnen epitaktischen BaTiO3-Schichten mittels Rastersondenuntersuchungen,Characterization of ferroelectric properties of ultrathin epitaxial BaTiO3 layers by scanning probe microscopy
1142954382,"Ein @neuer, normungsfähiger Berechnungsansatz für den Wirkungsgrad von Schneckengetrieben","A new, standard-compliant calculation approach for the efficiency of worm gear drives"
1142954714,"Anmerkung zu BSG, Beschl. v. 3.8.2016 – B 6 KA 9/16 B (LSG Mecklenburg-Vorpommern)","Note on BSG, Decision of 3.8.2016 – B 6 KA 9/16 B (LSG Mecklenburg-Vorpommern)"
1143065301,Anlage und Umwelt Neue Perspektiven der Verhaltensgenetik und Evolutionspsychologie,New Perspectives on Behavior Genetics and Evolutionary Psychology
114306562X,"Stadtentwicklung, Zivilgesellschaft und bürgerschaftliches Engagement","Urban Development, Civil Society and Civic Engagement"
1143066499,Wissenschaftliches Publizieren: Stand und Perspektiven Themenheft der Zeitschrift Soziale Systeme Heft 1/05,Scientific Publishing: Status and Perspectives - Themes Issue of the Journal Social Systems Issue 1/05
1143067347,Welterzeugung durch Bilder Themenheft Soziale Systeme 1+2/2012,"World creation through images: a special issue on social systems, 1+2/2012"
1143067851,Erinnern als Interaktion Die Gemeinschaft ostdeutscher Trassenerbauer im Transformationsprozess,Remembering as Interaction: The Community of East German Railway Workers in the Transformation Process
1143231066,Untersuchung der Wirkung des antiaggregativen Compounds anle138b auf Löslichkeit und Toxizität von mutierter SOD1,Investigation of the effect of anti-aggregative compound anle138b on solubility and toxicity of mutated SOD1
114325600X,Untersuchung der Wechselwirkung von CFK mit Kühlschmierstoffen,Investigation of the interaction of CFRP with cooling lubricants
1143256077,Automatisiertes Schweißen von thermoplastischen Verbindungselementen auf CFK,Automated welding of thermoplastic connection elements on CFK
1143284119,1970er- und 1980er-Jahre Ölkrise und Umweltschutz,1970s and 1980s Oil Crisis and Environmental Protection
1143365895,Membranöse Glomerulonephritis,Membranous Glomerulonephritis
1143439252,Case Teaching in der politikwissenschaftlichen Lehre,Teaching Case in Political Science Education
1143440366,"Zwischen Absicherung, Abhängigkeit und Autonomie Das Unterhaltsrecht in Österreich, Schweden und Dänemark und seine gesellschaftlichen Implikationen","Between Security, Dependence and Autonomy: Child Support Law in Austria, Sweden, and Denmark and Its Societal Implications"
1143539788,Datenplausibilität am Motorprüfstand Wie wichtig ist der Faktor Mensch?,Data integrity at the test bench: How important is the human factor?
1143539850,Bewertung simulativ ausgelegter Antriebsstränge am Stuttgarter Fahrsimulator,Evaluation of simulated drive forces at the Stuttgart driving simulator
1143650956,Verträge zwischen Krankenhaus und Patient,Contracts between hospital and patient
1143694465,Numerus clausus auf dem Prüfstand,Numerus clausus in the exam
1143696034,Geringeres Gewicht für mehr Leistung,Less weight for more performance
1143703650,Operationstechniken beim Schädel-Hirn-Trauma Unter besonderer Berücksichtigung des Polytraumas,"Techniques in skull-brain trauma, with special consideration for polytrauma"
1143766849,Validierung medizinethischer Entscheidung am Krankenbett durch die Obduktion Erfahrung des Ethikkomitees am Klinikum Stuttgart,Validation of medical ethical decisions at the bedside through autopsy experience of the ethics committee at Stuttgart Hospital
1143948858,Aktivatoren der Ubiquitin-Ligase APC/C: Mechanismen und Regulation im Zellteilungszyklus von S. cerevisiae,Activators of the Ubiquitin Ligase APC/C: Mechanisms and Regulation in the Cell Cycle of S. cerevisiae
1144011728,Outputorientierte Betrachtung der nass-mechanischen Aufbereitung von polyolefinreichen Abfällen für das rohstoffliche Recycling,Process-oriented analysis of the wet-mechanical preparation of polyolefin-rich waste for raw material recycling
1144015758,Demokratie und Bildung Politische Erwachsenenbildung unter Pädagogikstudierenden in Polen,Democracy and Education Political Adult Education among Pedagogy Students in Poland
1144068835,Kritische Situationen gemeinsam reflektieren,Reflecting critical situations together
1144081254,DDR 89. Zu den Ursachen einer spontanen Revolution*,DDR 89. On the causes of a spontaneous revolution
1144081300,Das @innere System sozialer Gruppen*,The @inner system of social groups*
1144133025,Ungeplante/ungewollte Schwangerschaft bei Minderjährigen Fakten und präventive Handlungsoptionen,Unintended/Unwanted Pregnancy in Minors: Facts and Preventive Measures
1144148146,Landtechnische Lösungskonzepte zur Optimierung des Segetalpflanzen- und Krankheitsmanagements im ökologischen Freilandgemüsebau,Agricultural solutions for optimizing crop and disease management in organic field vegetable production
1144177944,Die @Bedeutung von G-Quadruplex Strukturen für die Definition und Effizienz von Replikationsursprüngen,The meaning of G-quadruplex structures for the definition and efficiency of replication origins
1144270200,Untersuchungen zur Wirkung von Biokohlekomposten in Topf- und Feldversuchen mit ausgewählten Pflanzen aus unterschiedlichen Klimazonen,Investigations on the effects of biochar compost in pot and field trials with selected plants from various climate zones
1144379393,Optimismus Warum manche weiter kommen als andere,Optimism: Why some people succeed more than others
114439645X,Neue Isoformen für alte Enzyme durch translationalen readthrough,New isoforms for old enzymes through translational readthrough
1144396468,Kurze Peptide regulieren die Aktivität bakterieller Ribosomen,Short peptides regulate the activity of bacterial ribosomes
1144400236,Prag diesseits der Ansichtskarten-Mythen Fotoreportage als alternativer Reisebericht,Beyond the Postcard Myths: A Photographic Narrative as an Alternative Travel Report
1144401100,"Einstellung und soziale Lebenslage Eine Spurensuche nach Gründen für rechtspopulistische Orientierung, auch unter Gewerkschaftsmitgliedern","Setting and social circumstances A search for the roots of right-wing populism, even among trade union members"
1144401305,„Update on Positive Psychology” Ist die Positive Psychologie eine Anleitung zum Glücklichsein und Wohlbefinden?,Is Positive Psychology a guide to happiness and well-being?
1144401380,Nachruf auf Birgit Rommelspacher,Obituary for Birgit Rommelspacher
1144485274,"Jenseits einer Reihe ‚tönender Punkte‘ Kompositorische Auseinandersetzung mit Schallaufzeichnung, 1900–1930","Beyond a series of 'resounding points' - Composing engagement with sound recording, 1900–1930"
1144615712,Lattice-Boltzmann-Methoden zur Simulation inkompressibler Wirbelströmungen,Lattice-Boltzmann methods for simulating incompressible vortex flows
1144619165,Endkonturnahe Formgebung von Graphitbauteilen durch Pulverspritzguss von Mesophasenkohlenstoff mit wasserbasierten Bindersystemen,Near-net-shape forming of graphite components by powder injection molding of mesophase carbon with water-based binder systems
1144619726,"Musik und Herz Was ist gesichert, was nicht, was ist neu?","What is secured, what is not, what is new?"
1144620015,Internetsucht und „internetbezogene Störungen“ Ursachen und Behandlungsmöglichkeiten,"Internet addiction and ""internet-related disorders"" Causes and treatment possibilities"
1144621186,Vorhofflimmern und Herzinsuffizienz Die komplexe Beziehung zweier wichtiger Entitäten,Atrial fibrillation and heart failure: The complex relationship between two important entities
1144686121,Entwicklungsforschung und entwicklungspolitische Kooperationsansätze. Von der Notwendigkeit eines neuen Designs,Development research and development policy cooperation approaches. On the necessity of a new design
1144738520,Ökonomische Resilienz — Schlüsselbegriff für ein neues wirtschaftspolitisches Leitbild?,Economic Resilience — Key Concept for a New Economic Policy Blueprint?
1144744288,Von anderen Organisationen Ein Essay über Perspektiven kritischer Organisationsforschung,Critical Organizational Research Perspectives: An Essay
1144745624,Die @Beschwörung des Paradiesischen,The Summoning of the Paradisiacal
1144805422,Komplexe Kunststoffteile wirtschaftlich entgraten,Economically deburring complex plastic parts
1144869994,Die @Bedeutung signifikanter Anderer für eine Erklärung sozial differenzierter Bildungsaspirationen,The significance of others for explaining socially differentiated educational aspirations
1144872871,Psychoonkologische Versorgung in Stadt und Land Erfahrungen und Wünsche von Krebspatienten und deren Angehörigen,Psychosocial Care in City and Country Experiences and Wishes of Cancer Patients and Their Relatives
1145035019,Fortunato Santinis Bearbeitung von Carl Heinrich Grauns „Der Tod Jesu“ als Beispiel der Pflege deutscher geistlicher Musik im Italien des frühen 19. Jahrhunderts,Fortunato Santini's editing of Carl Heinrich Graun's „Der Tod Jesu“ as an example of the care of German spiritual music in Italy in the early 19th century
1145241301,Online-Symposium zur Lehre des internationalen Rechts,Online Symposium on the Teaching of International Law
1145327907,"Anmerkung zu OLG Naumburg, Urt. v. 14.3.2016 – 1 U 115/14 (LG Magdeburg)","Note on OLG Naumburg, judgment of 14.3.2016 – 1 U 115/14 (LG Magdeburg)"
1146465467,"Fertilität in der Altersgruppe 40+ Fakten, Trends und Leitbilder für den deutschsprachigen Raum","Fertility in the age group 40+ Facts, trends and guiding images for the German-speaking region"
1146556632,Simulationsgestützte Entwicklung eines Wasserstoffmotors für einen emissionsfreien Verkehr,Simulation-based development of a hydrogen engine for an emission-free traffic
1146932871,Inline-Oberflächenaktivierung im Spritzgießprozess für hohe Klebfestigkeiten,Inline Surface Activation in the Injection Moulding Process for High Adhesive Strength
1147295425,Optische Genregulation in Mikrobioreaktoren,Optical gene regulation in micro-reactors
1147295476,Baukasten der Natur: neue Proteine aus konservierten Fragmenten,Nature's building blocks: new proteins from conserved fragments
114733790X,Perspektiven empirisch-quantitativer Methoden in der Literaturwissenschaft — ein Essay,Perspectives of Empirical-Quantitative Methods in Literary Studies — An Essay
1147344930,Debatte und Aufruf Rolle von Wasserstoff- und batterieelektrischer Mobilität,Debate and Call to Action Role of Hydrogen and Battery Electric Mobility.
1147383316,"Schriften und Vorträge zur Praktischen Theologie (OHPTh) Band 2: Homiletik. Monographien, Aufsätze und Predigtmeditationen","Schriften und Vorträge zur Praktischen Theologie (OHPTh) Volume 2: Homiletics. Monographs, Articles, and Sermon Meditations"
1147543089,Lebensqualität heute Was Hartmut Rosa und J. L. Moreno uns dazu sagen können,Quality of Life Today: What Hartmut Rosa and J. L. Moreno Can Tell Us About It
1147565651,Einfluss von nichtlinearem Materialverhalten auf die Entwicklung und Auswirkung von Zwischenfaserbrüchen in Verbundlaminaten,Influence of nonlinear material behavior on the development and impact of inter-fiber cracks in composite laminates.
114762593X,"Im Spannungsfeld von Konkurrenz, Selbstorganisation und Hierarchie. Ein Praxisbericht aus der Organisationsberatung Between competition, self-organization and hierarchy. A report from organizational consulting","Between competition, self-organization and hierarchy. A report from organizational consulting"
1147681457,Die @unmanipulierte HLA-haploidentische hämatopoetische Stammzelltransplantation mit Posttransplantations-Cyclophosphamid: Einführung eines sequentiellen Therapiekonzepts bei rezidivierter oder refraktärer hämatologischer Neoplasie,Unmanipulated HLA haploident hematopoietic stem cell transplantation with posttransplantation cyclophosphamide: Introduction of a sequential therapy concept in recurrent or refractory hematological neoplasia
1147907749,"Angewandte Philosophie. Eine internationale Zeitschrift/Applied Philosophy. An International Journal Heft/Volume 1,2016: Aufklärung heute. Heft 1 Jg.2016","Applied Philosophy. An International Journal Volume 1, 2016: Enlightenment Today. Issue 1, 2016"
114790796X,Trauer in Familien – wenn das Leben sich wendet,Mourning in families – when life takes a turn
1147924643,"„Burnout haben nur die Starken, Depression nur die Schwachen“","“Only the strong get burnout, only the weak get depression”"
1147924686,Berufsorientierung als studentisches Projekt,Career orientation as a student project
1147927308,Personalentwicklung und Qualifizierung der Controller bei Henkel,Personnel development and qualification of controllers at Henkel
1147930341,Steuerungsdimensionen: Zunehmender Fokus auf Cash bei RWE,Control dimensions: Increased focus on cash at RWE
1148276777,"Anwendung soziologischer Methoden zur Motivation von Landwirten, Impfungen durchzuführen, mit speziellem Fokus auf der Impfung gegen BVD","Application of sociological methods to motivate farmers to carry out vaccinations, with a special focus on vaccination against BVD"
1148277404,Hochauflösende Messung der Geschwindigkeit für Realistische Simulation des Rennradfahrens auf einem Ergometer,High-resolution measurement of speed for realistic simulation of cycling on an ergometer.
114836417X,Telematik: Fristenverlängerung für ärzte,Telematics: Deadlines extension for doctors
1148366989,Wie Unternehmen ihre ausländischen Töchter führen können,How companies can manage their overseas subsidiaries
1148375392,Einfluss von Biostimulanzien und Lichtreflexionsfolie auf die Fruchtqualität und Farbentwicklung bei Apfel,Influence of biostimulants and light reflection film on fruit quality and color development in apples
1148377174,Hyperbel,Hyperbole
1148377212,Topik,Topic
114838782X,Wirtschaft erzählen. Narrative Formatierungen von Ökonomie,Economy Tells Stories. Narrative Formations of Economics
114842492X,Das @Martyrium im Templerorden. Eine Studie zur historisch-theologischen Relevanz des Opfertodes im geistlichen Ritterorden der Templer,The Martyrium in the Templar Order. A Study on the Historical-Theological Significance of the Sacrificial Death in the Spiritual Order of the Templars
1148426272,Rastertunnelmikroskopische Untersuchungen der Adsorption von Sauerstoff und Gold auf der Rhenium (10-10)-Oberfläche,Scanning tunneling microscopy studies of the adsorption of oxygen and gold on the rhenium (10-10) surface
1148452834,Poröse Strukturen für hochsensitive Lumineszenzsensoren,Porous structures for highly sensitive luminescence sensors
1148462910,"""Ästhetisch ist, was hilft""","""Aesthetic is what helps"""
1148463240,Lieblingsbild,Favorite picture
1148475834,Wie christlich ist unsere Gesellschaft? Das Christentum im Zeitalter von Säkularität und Multireligiosität,How Christian is our society? Christianity in the age of secularization and multireligiousness
1148549420,"Personen, Normativität, Moral: Eine Einführung in die Philosophie Derek Parfits","People, Normativity, Morality: An Introduction to Philosophy of Derek Parfit"
1148617094,Erfolgsfaktoren im Ideenmanagement Eine Zusammenfassung Binärer Bäume verschiedener empirischer Erhebungen,Factors of success in idea management A summary of binary trees of various empirical investigations
1148653511,Psychische Gesundheit in der Arbeitswelt Detachment,Mental Health in the Workplace Detachment
1148658203,Psychische Gesundheit in der Arbeitswelt Organisationale Resilienz,Mental health in the workplace Organizational resilience
1148749128,Analyse des Zerfalls \(\chi_{cJ}\) \(\rightarrow\) K\(^{+}\)K\(^{-}\) \(\eta\) bei BESIII und Entwicklung eines Kühlsystems für den Prototypen des \(\bar P\)ANDA-EMC,Analysis of the \(\chi_{cJ}\) \(\rightarrow\) K\(^{+}\)K\(^{-}\) \(\eta\) decay at BESIII and development of a cooling system for the \(\bar P\)ANDA-EMC prototype
1148750460,"Elisabeth Zöller ""Mitgehen, Mitfühlen, Mitdenken""","Elisabeth Zoeller ""Go Along, Feel Along, Think Along"""
1148751718,Untersuchungen zur Regulation muskarinischer Rezeptoren durch das Membranpotential,Investigations of the regulation of muscarinic receptors by membrane potential
1148755780,Pulverlacke als Problemlöser im Korrosionsschutz,Powder coatings as a solution for corrosion protection
1148756191,Zinklamellen im Highspeed-Einsatz,Galvanized steel plates in high-speed use
1148812326,International-vergleichende Forschung zur Bildungspolitik: Literatur-Review theoretischer Ansätze und Perspektiven der vergleichenden Politikwissenschaft,International comparative research on education policy: Literature review of theoretical approaches and perspectives in comparative politics
1148870970,Entwicklungslogik des Schönen Erster Band: Studien zur Kunst- und Kulturwissenschaft,Development Logic of Beauty: Volume 1: Studies in Art and Cultural Science
1148878629,Die @Ethik und die Gefahren der künstlichen Intelligenz,Ethics and the dangers of artificial intelligence
114887884X,Maßgeschneiderte Dualphasenstähle für Front- und Seiten-Lastfälle,Customized dual-phase steels for front and side load cases
1148878920,Längsdynamiksimulation zur Effizienzsteigerung von Nutzfahrzeugen,Longitudinal dynamics simulation for enhancing the efficiency of trucks
1148880178,Die @Affordanzen der Liste,The availability of the list
114894009X,"Rekonstruktion von Kunstunterricht - Sinnüberschüsse und künstlerische Handlungsformen im Kontext von Schule, aktueller Kunst und Theater","Reconstruction of Art Classes - Meaningful Excesses and Artistic Forms of Action in the Context of School, Contemporary Art, and Theater"
1148942068,lnnervationsmuster und bipedale Kraftkinetik bei spezifischer Aufgabenstellung unter Biofeedback-Bedingungen,Nerve patterns and bipedal force kinetics in specific tasks under biofeedback conditions
114904943X,Kostenanalyse & -steuerung in KMU - Empirische Bestandsaufnahme und Ableitung einer praxisorientierten Kostenmanagementkonzeption für KMU,Cost analysis & -control in SMEs - Empirical stocktaking and derivation of a practice-oriented cost management concept for SMEs
1149050772,Theodor W. Adornos Theorie des Naturschönen,Theodor W. Adorno's Theory of Natural Beauty
1149154071,Ein @zellbasierter Biolumineszenzassay zur Untersuchung der Dimersierung und Aggregation des Prionproteins,A cell-based bioluminescence assay for investigating the dimerization and aggregation of the prion protein
1149278315,"Land-Berichte. Sozialwissenschaftliches Journal Jahrgang XX, Heft 3/2017","Reports from the Field. A Sociological Journal Volume XX, Issue 3/2017"
1149324902,Schmerzen nach Schlaganfall,Pain after stroke
1149366575,Vauxhall Songs. Studien zum sozialen Umfeld und zu den Kompositionen von Johann Christian Bach und seinen Zeitgenossen,Vauxhall Songs. Studies on the social environment and compositions of Johann Christian Bach and his contemporaries.
1149408170,A310 Top oder Flop,Should I go with this?
1149507640,"Religion, Politik und Bürgergesellschaft: Das Lied „Nun danket alle Gott“ in Mendelssohns Symphonie Nr. 2 „Lobgesang“","Religion, Politics, and Civil Society: Mendelssohn's Symphony No. 2 ""Lobgesang"" and the Song ""Now Thank We All Our God"""
114951390X,Realisierungen von Teilchenreservoirs zur Erzeugung von balanced gain and loss in zeitabhängigen Bose-Hubbard-Ketten,Realizations of particle reservoirs for producing balanced gain and loss in time-dependent Bose-Hubbard chains
1149544511,Praxisvariation in der Implementierung von Maßnahmen zur Verbesserung der Compliance bzw. Adhärenz bei Patienten mit Schizophrenie,Practice variations in the implementation of measures to improve compliance or adherence in patients with schizophrenia
1149550740,Biologiespezifisches Bildverständnis beim Umgang mit multiplen externen Repräsentationen Entwicklung und Validierung eines Kompetenzmodells zur Integration von Diagrammen und Schemata,Biological-specific image understanding in the handling of multiple external representations Development and validation of a competency model for integrating diagrams and schemas
1149628081,Aufklärung 4.0 - Zur Aufklärung heute,Enlightenment 4.0 - For Enlightenment Today
1149639377,Ruhestandsmigration und Reurbanisierung Trends in Deutschland 1995-2012,Retirement Migration and Urbanization Trends in Germany 1995-2012
1149642009,Achtsamkeit - Entscheidung für einen neuen Weg,Mindfulness - Decision for a new path
1149734655,Abschlussbericht National Model United Nations 2014 New York Delegation der Goethe-Universität Frankfurt am Main,Conclusion Report National Model United Nations 2014 New York Delegation of Goethe University Frankfurt am Main
1150059192,„WÜnsche mir mehr Ehrgeiz zum Erhalt der Unternehmen“,Wish me more ambition to preserve the companies
1150059281,„Digitalisierung differenziert uns vom Wettbewerb“,"""Digitalization differentiates us from the competition."""
1150059338,Digitale Dividende,Digital Divide
1150123761,Biotechnologische Produktion von Basidiomyceten-Proteinen auf industriellen Nebenströmen zur Herstellung von Nahrungsmitteln,Biotechnological production of Basidiomycetes proteins on industrial byproducts for food production
1150124415,Das @Reformprogramm des katholischen Aufklärers Lodovico Antonio Muratori (1672-1750),Muratori's reform program of the Catholic Church
1150160845,Das @Big Data Game Zur spielerischen Konstitution kollaborativer Wissensproduktion in der Hochenergiephysik am CERN,The Big Data Game: A Collaborative Knowledge Production Game for High-Energy Physics at CERN
1150192070,Integration von simulations-basierten Trainings zum Erwerb der praktischen Fertigkeit der transrektalen gynäkologischen Untersuchung beim Rind unter Berücksichtigung von Tierwohlaspekten,"Integration of simulation-based training for the acquisition of the practical skill of transrectal gynecological examination in cattle, considering animal welfare aspects."
1150238119,Automatisierte Einzelbaumextraktion im Forst Analyse und Optimierung von Aufnahmeparametern und Prozessierungsschritten von der Luftbildaufnahme bis zum attributierten Einzelbaum,Automated Single Tree Extraction in Forestry Analysis and Optimization of Acquisition Parameters and Processing Steps from Aerial Photography to Attribute Derived Individual Tree
1150305606,Strukturelle und funktionelle Untersuchungen zum intestinalen Calcium- und Phosphat-Transport beim Pferd,Structural and functional investigations into intestinal calcium and phosphate transport in horses
1150327863,Steuerratgeber für Rentner und Ruhestandsbeamte Ausgabe 2018 - Für Ihre Steuererklärung 2017; Walhalla Rechtshilfen,Tax Advisor for Retirees and Pensioners Edition 2018 - For Your Tax Return 2017; Walhalla Legal Aid
1150510951,Menschen auf der Flucht und die Bedeutung ihrer Dinge Eine gegenstandsbezogene Theoriebildung im doppelten Sinne,People on the run and the significance of their belongings: A theory-building approach in a double sense
1150511109,An der Presse vorbei ein Vergleich von Medienstrategien der US-Präsidenten Roosevelt und Trump,"A comparison of media strategies between US Presidents Roosevelt and Trump, bypassing the press"
1150573384,Die @Fallstricke der unions- und völkerrechtlichen Metamorphose des Umwelt-Rechtsbehelfsgesetzes (UmwRG) im Jahr 2017,The pitfalls of the union and international legal metamorphosis of the Environmental Protection Act (UmwRG) in 2017
1150867116,DNA-Struktur beeinflusst Wirkung von Transkriptionsfaktoren,DNA structure affects the action of transcription factors
1151103810,Bosch geht neue Wege in der Wirtschaftsplanung,Bosch is taking new paths in economic planning
1151195731,Ethik vs. Echtzeit Präsident Trump im Konflikt mit Transparenzakteuren und Kontrollgremien,Ethics vs. Real-Time: President Trump in Conflict with Transparency Actors and Oversight Bodies
1151201839,Spektroskopische Untersuchungen der Exzimerbildung in organischen Halbleitermaterialien,Spectroscopic studies of excimer formation in organic semiconductor materials
1151229385,Untersuchungen zur Aktivierung von PARP-1 und Wechselwirkung mit toxischen Metallverbindungen,Studies on the activation of PARP-1 and its interaction with toxic metal compounds
115143356X,Let’s go driverless Herausforderungen der ersten Saison,Let’s go driverless Challenges of the first season
1151496499,Meditieren - aber wie? Krisen in der Meditation überwinden,Meditation - but how? Overcoming crises in meditation
1151571490,Optische Nanocharakterisierung GaN-basierter Quantenstrukturen für Mikroaktivitäten,Optical nanocaracterization of GaN-based quantum structures for microactivities
1151699187,Burkaverbot: Grundrechtsschutz auf Proportionalitäts-Fläschchen gezogen,Prohibition of the Burkaverbot: Right to proportionality challenged
115178091X,Sport in sozialer Verantwortung Bedeutung und Rolle der Sportpädagogik,Sport in Social Responsibility: The Significance and Role of Sport Pedagogy
1151792918,Messung der Customer Experience im Ladengeschäft mit Location-based Crowdsourcing und Geofencing,Measurement of Customer Experience in the retail store using Location-based Crowdsourcing and Geofencing
1151810487,Ovales Canning für Substrate der Abgasnachbehandlung bei Nutzfahrzeugen,Oval cans for substrate in exhaust gas after-treatment for commercial vehicles
1151810509,Treibhausgas-Lebenszyklus-Vergleich verbrennungsmotorisch und elektrisch angetriebener Fahrzeuge,Comparing the greenhouse gas life cycle of vehicles with internal combustion engines and electric propulsion
1151815179,Wallfahrtsorte als Marken Place Branding durch Volksfrömmigkeit in einer postsäkularen Gesellschaft,Pilgrimage sites as brand places through popular piety in a post-secular society
115181671X,Mehr Regierungsforschung wagen! Entwicklungslinien und Forschungsbedarfe der Regierungsforschung,Bolder Government Research! Development Lines and Research Needs of Government Research
1151818003,"Die @Bedeutung von ""Ökumene"" im Freiburger Diözesan-Archiv","The meaning of ""Ökumene"" in the Freiburg Diocesan Archives"
1151878383,Publisher Correction to: International-vergleichende Forschung zur Bildungspolitik: Literatur-Review theoretischer Ansätze und Perspektiven der vergleichenden Politikwissenschaft,Publisher Correction to: International Comparative Research on Educational Policy: Literature Review of Theoretical Approaches and Perspectives in Comparative Political Science
1151884804,Gicht im Griff in 10 Wochen Das Selbsthilfeprogramm für Betroffene. Viele leckere Rezepte: Purinarme Tagespläne selbst zusammenstellen,Gout Under Control in 10 Weeks: The Self-Help Program for Sufferers. Many delicious recipes: Low-purine daily plans to create yourself.
1151978124,Moderne Physik Von Kosmologie über Quantenmechanik zur Festkörperphysik,Modern Physics From Cosmology to Quantum Mechanics to Solid State Physics
1151991333,Die @Altmark Geschichte einer kurmärkischen Landschaft in der Frühneuzeit (Ende des 15. bis Anfang des 19. Jahrhunderts),"The Altmark, a historical region in the early modern period (late 15th to early 19th century)"
1152002007,Maritime Sicherheit im östlichen Mittelmeer. Ein Bericht zum Stapellauf des Kiel International Seapower Symposiums im August 2017,Maritime security in the eastern Mediterranean. A report on the launch of the Kiel International Seapower Symposium in August 2017
1152002058,Russische (Des‑)Informationspolitik. Bruch oder Kontinuität?,Russian (De-)Information Policy: Breach or Continuity?
1152005456,Schwierigkeitserzeugende Aufgabenmerkmale bei Multiple-Choice-Aufgaben zur Experimentierkompetenz im Biologieunterricht: Eine Replikationsstudie,Difficulty-Inducing Features of Multiple-Choice Questions for Experimental Competence in Biology Lessons: A Replication Study
1152058762,Der @Fall „Ostdeutschland“ „Einheitsfiktion“ als Herausforderung für die Integration am Fallbeispiel der Ost-West-Differenz,"The case of ""Ostdeutschland"" ""Unification narrative"" as a challenge for integration at the example of the East-West difference"
1152077627,"""No hay banda!"" gegenständliches Erzählen bei Kleist und David Lynch","""No band!"" - Counterfactual storytelling in Kleist and David Lynch"
1152078283,Neue Strategien zur Vernetzung von Hochpolymeren,New Strategies for the Networking of High Polymers
1152081535,"""Wer gestorben ist, der ist gerechtfertigt."" zur Trauerspielsprache bei Gryphius","""Who has died has been justified."" in Trauerspiel language by Gryphius"
1152131087,Die @Rolle der emotionalen Kompetenz von Coaches im Coachingprozess,The role of emotional competence in the coaching process
1152138405,Steuerliche Forschungsförderung ist ein stumpfes Schwert,Taxation research promotion is a blunt sword
1152139436,SOEP 2012 - Erhebungsinstrumente 2012 (Welle 29) des Sozio-oekonomischen Panels Begleitinstrumente,SOEP 2012 - Survey Instruments 2012 (Wave 29) of the Socio-Economic Panel (SEP) Supplementary Instruments
1152140191,Methodenbericht zum IAB-SOEP-Migrationssample 2013,Method Report for IAB-SOEP Migrationsample 2013
1152176897,"Wer die Netze hat, hat die Macht",He who has the networks has the power
1152178431,SOEP-RS FiD 2013 - Erhebungsinstrumente 2013 von 'Familien in Deutschland' Personenfragebogen Kurzfassung (Lücke),SOEP-RS FiD 2013 - Interview Instruments 2013 from 'Families in Germany' Person Questionnaire Abridged (Gap)
1152178997,Multi-Itemskalen im SOEP Jugendfragebogen,Multi-item scales in the SOEP Youth Questionnaire
1152179756,"""Staatliche Umverteilung reduziert Ungleichheit der Haushaltseinkommen"" Sechs Fragen an Stefan Bach","""State redistribution reduces income inequality among households"" Six Questions for Stefan Bach"
1152179950,Die @Langzeiteffekte der Sportförderung Auswirkungen des Leistungssports auf den beruflichen Erfolg,The long-term effects of sports promotion on professional success
1152188569,„Der Smart ist prädestiniert als Robotaxi“,"""The Smart is predestined as a robotaxi"""
1152210823,Kunstvereine als Vermittlungsinstanzen der Moderne in der Zeit der Weimarer Republik,Art associations as mediating institutions of Modernism in the Weimar Republic
1152211005,Birgitta von Schweden - eine Heilige in der Krise des späten Mittelalters. Mit einem Verzeichnis Maihinger Handschriften und Drucke der Universitätsbibliothek Augsburg,Birgitta von Schweden - a saint in the crisis of late medieval times. A catalog of Maihinger manuscripts and prints from the university library of Augsburg
1152265377,Strafvollstreckung,Execution of punishment
1152267205,Auf der Suche nach Energiearmut Eine Potentialanalyse des Low-Income-High-Costs Indikators für Deutschland,Energiearmut: A Potential Analysis of the Low-Income-High-Costs Indicator for Germany
1152287087,"„(Gegen-)Bilder“ – Definitorische Annäherungen, wortgeschichtliche Reflexionen, mediale Anwendungsfelder und Diversität der Gegenbilder-Konzepte","“(Counter-)Images” – Definitional Approaches, Etymological Reflections, Media Applications and Diversity of Counter-Image Concepts"
1152303481,Wirtschaftswissenschaften: zu wenig Pluralität der Methoden und Forschungsrichtungen?,Economics: too little plurality of methods and research directions?
1152322559,„...per farne conoscere il merito“. Händels Judas Maccabaeus in der Santini-Sammlung (Münster),...to know his merit. Handel's Judas Maccabaeus in the Santini Collection (Munster)
1152436937,Mitgliederpartizipation Eine Gefahr für die Demokratie?,Participation by members: A threat to democracy?
1152437615,Lichtinduzierte magnetische Defekte in ultradünnen Filmen,Light-induced magnetic defects in ultra-thin films
1152444166,Aktive Thermografie für die automatisierte Prüfung von Verbundbauteilen,Active thermography for automated inspection of composite parts
1152913794,"Agon, Elite und Egalität Zu einem Strukturproblem höfischer Selbstkonzepte im Medium des Artusromans","Agon, Elite, and Equality: A Structural Problem of Courtyard Self-Concepts in the Medium of the Arthurian Romance"
1152944762,Politische Räume des Früh- und Hochmittelalters am Oberrhein - Überlegungen zu Landesgeschichte und spatial turn,Political Spaces of the Early and High Middle Ages in the Upper Rhine - Reflections on Regional History and Spatial Turn
1153005972,Medien und Medienkommunikation,Media and Media Communication
1153007851,Experimentelle Bestimmung der Phononen von Perowskit-Oberflächen,Experimental determination of phonons on perovskite surfaces
1153062623,Hochstift und Stadt Bamberg zwischen 1500 und 1648 Ein Forschungsüberblick,Hochstift and City of Bamberg between 1500 and 1648 A Research Overview
1153062739,Catharinenlehen und Cajenne Migration aus dem Hochstift Bamberg unter Adam Friedrich von Seinsheim,Catharinenlehen and Cajenne Migration from the High Church of Bamberg under Adam Friedrich von Seinsheim
1153087111,Wirtschaftspolitische Herausforderungen 2018 Empfehlungen für die künftige Bundesregierung,Economic Policy Challenges 2018 Recommendations for the Future Federal Government
115309326X,Handbuch Literatur & Materielle Kultur,Guide to Literature & Material Culture
1153093677,Existenz,Existence
1153106477,"Das @Wesen der Begriffe Eine Studie zu G.W.F. Hegels ""Wissenschaft der Logik""","The Essence of the Concept: A Study of G.W.F. Hegel's ""Science of Logic"""
1153120496,Psychoonkologische Versorgung im ländlichen Raum Ergebnisse einer Querschnittsbefragung zur Inanspruchnahme ambulanter Unterstützungsangebote,Psychosocial Care in Rural Areas: Results of a Cross-sectional Survey on the Use of Outpatient Support Services
1153251264,Wer versorgt uns morgen?,Who will serve us tomorrow?
1153258420,Der @Akteur: Konstruktion und Dekonstruktion einer Beobachtungskategorie,The @Actor: Construction and Deconstruction of an Observation Category
1153262983,Regenerative Energietechnik Überblick über ausgewählte Technologien zur nachhaltigen Energieversorgung,Overview of selected technologies for sustainable energy supply
1153324849,"„Open Innovation ist die Kunst, jeden Einzelfall als Sonderfall zu akzeptieren“","""Open Innovation is the art of accepting each individual case as a special case."""
1153325071,Cloud-basierte Kollaborationen in der Logistik,Cloud-based collaborations in logistics
1153326590,Cloud Outsourcing: Risiko IT-Security?,Cloud Outsourcing: Risk of IT Security?
1153337851,Modulation von Retrovirus-spezifischen CD8+ T Zellantworten durch Interferon α Subtypen,Modulation of retrovirus-specific CD8+ T cell responses by interferon alpha subtypes
1153337878,Bestimmung von diffusiblem Wasserstoff in hochfesten Stählen in Bezug auf die Gitterstruktur,Determination of diffusible hydrogen in high-strength steels in relation to the crystal structure
1153346427,Drei Fußnoten der Wirtschaftswissenschaften zur deutschen Einheit Und eine Fußnote zur wissenschaftlichen Politikberatung,Three footnotes of economics on the German unity And one footnote to scientific political consulting
1153401800,Die @Konstruktion einer artifiziellen Oxidoreduktase Implementierung des CXXC-Tetrapeptids in das Strukturprotein M7,The construction of an artificial oxidase implementation of the CXXC tetrapeptide into the structural protein M7
1153408112,Ein @nackter Gott? Theologische Perspektiven zur Nacktheit im Mittelalter,A Naked God? Theological Perspectives on Nudity in the Middle Ages
1153408171,Der @nackte Theoderich Ein Verfolger auf dem Weg in die Verdammnis,The naked Theodorich: A Pursuer on the Road to Damnation
1153409798,Brexit darf Reform des EU-Emissionshandels nicht unterbrechen,Brexit should not disrupt the reform of the EU emissions trading system.
1153467089,Grüne Infrastruktur als Standortfaktor und als Potenzial für das Standortmarketing Städte in Nordrhein-Westfalen im Vergleich,Green infrastructure as a location factor and as a potential for location marketing cities in North Rhine-Westphalia
1153470802,Dieseleinspritztechnik beim Pkw Zukunft mit Tradition,Diesel injection technology in passenger cars: Future with tradition
1153470853,Optimierung der Verbrennung im Nutzfahrzeugmotor,Optimization of combustion in the commercial vehicle engine
1153473054,Lagerstabilität und Betriebsverhalten von Biokraftstoffmischungen,Stability and operational behavior of biofuel blends
1153474107,Standardisierte Katalysatorarchitektur für Diesel- und Ottomotoren,Standardized Catalyst Architecture for Diesel and Gasoline Engines
115347414X,Modulares Siebengang-Hybrid-Doppelkupplungsgetriebe,Modular seven-speed hybrid dual-clutch transmission
115347462X,16. Akustik von Pkw mit elektrifizierten Antrieben,Acoustics of electric vehicle powertrains
1153474700,Neuer Ansatz zur Berechnung von Radialverdichtern,New Approach to Calculating Radial Compressors
1153476959,Aktive Methoden für freie Gestaltung des Motorengeräuschs,Active methods for free design of the engine sound
1153478129,Sicherheit für vernetzte Fahrzeuge,Safety for connected vehicles
1153480468,Akustik für Fahrzeuge mit elektrifiziertem Antrieb,Acoustics for vehicles with electrified drive
1153480867,Leichtbautrends im Dachbereich,Lightweight Construction Trends in the Roof Area
1153481480,Kunststoffmedienleitungen im Motorraum,Plastic media lines in the engine compartment
1153482649,Hybrides Simulationsverfahren zur Vorhersage der strömungsinduzierten Innenraumakustik,Hybrid Simulation Method for Predicting Flow-Induced Interior Room Acoustics
115348370X,Neue Effizienztechniken für Nutzfahrzeuge,New efficiency technologies for commercial vehicles
1153484358,Modellbasierter Test von Startermotoren mit einer Synchronmaschine,Model-based testing of starter motors with a synchronous machine
1153485109,Wirkungsanalyse von Abstandsregelung und Abstandswarnung,Effectiveness analysis of distance regulation and distance warning
1153485168,Aluminiumschweissen Ohne Zusatzwerkstoff,Aluminum Welding Without Filler Material
115348921X,Entwurf moderner Bordnetze mittels Co-Simulation und Modellbibliothek,Design of modern power networks using Co-Simulation and Model Library
1153489651,"„Nicht nur eine Herausforderung, sondern vielmehr eine klare Notwendigkeit“","“Not only a challenge, but rather a clear necessity”"
1153489775,Elektrische Antriebe im Kontext globaler Entwicklung und regionaler Differenzierung,Electrical drives in the context of global development and regional differentiation
1153489929,Systemkomplexität beherrschen Von einer test- zu einer anforderungsbasierten Entwicklung,Mastering System Complexity: From Test-Driven to Requirements-Based Development
1153499649,Sicherheit für das 48-V-Bordnetz Lichtbögen unter Kontrolle,Safety for the 48V on-board network Light arcs under control
1153501686,“Wir müssen pilotiertes Fahren Schritt für Schritt einführen”,“We need to gradually introduce piloted driving”
1153502372,Energieverteilung neu gedacht E/E-Architektur als Enabler für innovative FahrzeugBordnetze,Redesigning Energy Distribution: E/E-Architecture as an Enabler for Innovative Vehicles
1153502615,Ladeinfrastruktur Induktives Laden 2.0,Charging infrastructure Inductive Charging 2.0
1153503484,Kapazitive Messtechnik zur RTM-Prozessüberwachung Sensortechnik im Werkzeug,Capacitive measurement technology for real-time monitoring of RTM processes - Sensor technology in the tool
1153503603,Serienfertigung von Carbon-Karosserieteilen wird Realität Neue Technologie,Serial production of carbon body parts is now a reality. New technology
1153504677,Neue Ansätze zur Schlagzähigkeitsmodifizierung von RTM-Bauteilen Thermoplastische Gitter,New approaches to modifying the impact strength of RTM components Thermoplastic grids
1153505142,Funktionalisierte hybride Laminate auf Thermoplastbasis Schichtverbunde der Zukunft,Functionalized hybrid laminates based on thermoplastic composites of the future
1153505444,Laserbasierte Fügeverfahren Photonik im Leichtbau,Laser-based joining processes in photonics for lightweight construction
1153505754,Verbundwerkstoffe aus Recyclingcarbonfasern rCF-Organobleche,Composite materials from recycled carbon fiber rCF-organo-plates
1153506963,Neue Gestaltungsmöglichkeiten thermoplastischer FVK-Leichtbauteile „InProLight“-Prozesskette,"New design possibilities for thermoplastic FVK lightweight components – ""InProLight"" process chain"
1153509210,Effizienzpotenziale durch Elektrifizierung bei mobilen Arbeitsmaschinen,Efficiency potentials through electrification in mobile working machines
1153511436,„Erst Getriebe beleben den elektrischen Antriebsstrang“,"""First transmission revives the electric powertrain"""
1153544288,Evaluation von Herstellprozessen alternativer Kraftstoffe durch mikrobielle Photosynthese. Eine techno-ökonomische Betrachtung,Analysis of the production processes of alternative fuels through microbial photosynthesis. A techno-economic assessment
1153548054,Ausbildungsreform als Chance für einen Musterwechsel im Verständnis pädagogisch-psychologischen Professionswissens,Educational Reform as an Opportunity for a Paradigm Shift in Pedagogical-Psychological Professional Knowledge
1153555557,Ulrichs von Hutten polemische Dialoge im Spannungsfeld von Humanismus und Politik,Ulrich's PolemicDialogues in the Tension of Humanism and Politics
1153606585,Die @Sicherheit von Zweitlinien-Antibiotika bei der Therapie der Tuberkulose in Bezug auf psychiatrische Nebenwirkungen im Vergleich zur Standardtherapie der WHO,The safety of second-line antibiotics in the treatment of tuberculosis concerning psychiatric side effects compared to the standard therapy of the WHO
1153611082,Brexit-Votum hinterlässt erste Spuren DIW Konjunkturbarometer August 2016,Brexit vote leaves first traces DIW economic climate barometer August 2016
1153611678,Panel-basierte Mixed-Methods-Studien,Panel-based Mixed Methods Studies
1153669102,"Lieber Karl Marx, lieber Papst Franziskus Briefwechsel","Dear Karl Marx, Dear Pope Francis Correspondence"
1153687534,"In Pompeji Was Mozart, Twain und Renoir faszinierte","In Pompeii, Mozart, Twain, and Renoir were fascinated"
1153687607,Was ist Popmusik?,What is pop music?
1153706334,"Adoption und die mythopoietische Funktion Ein kritisches Ereignis, das Kreativität fördern kann",Adoption and the mythopoetic function: A critical event that can foster creativity
1153768100,Die @Fachsprache der Ökologie im 20. Jahrhundert,The Terminology of Ecology in the 20th Century
1153772809,IAB-BAMF-SOEP-Befragung von Geflüchteten Überblick und erste Ergebnisse,IAB-BAMF-SOEP Survey of Refugees Summary and Preliminary Results
1153831384,Molekulare Charakterisierung des neu aufgetretenen Schmallenberg-Virus,Molecular characterization of the newly emerged Schmallenberg virus
115430700X,Moralische Rollenkonflikte in der Wirtschaft,Moral Dilemmas in Business
1154307468,"Einfluss des Weideangebotes auf Wohlbefinden, Gesundheit und Leistung von Milchkühen","The influence of the turnout on the well-being, health, and productivity of dairy cows"
115430941X,Protein-Engineering von Enzymen mit Alpha/Beta Hydrolasefaltung,Protein Engineering of Enzymes with Alpha/Beta Hydrolase Fold
1154335186,Der @Ukraine-Konflikt und die gesamteuropäische Sicherheit,The Ukraine conflict and European security
115443396X,Funktionen des Buchgeschenks im angelsächsischen England,Functions of the book gift in the Anglo-Saxon England
1154485692,Zum Deformationsverhalten von spritzgegossenen Bauteilen aus talkumgefüllten Thermoplasten unter dynamischer Beanspruchung,Deformation behavior of injection-molded components made of talc-filled thermoplastics under dynamic loading
1154486176,Ein @brennendes Feuer in meiner Brust,A burning fire in my chest
1154486206,Häresie – Kirchliche Normbegründung im Mittelalter zwischen Recht und Religion,Heresy – Ecclesiastical Norm Justification in the Middle Ages between Law and Religion
1154507513,CO2-Potenziale von Doppelkupplungsgetrieben Ein Technologieausblick,CO2 Emission Potential of Dual Clutch Transmissions A Technology Outlook
115455225X,Effizienz ist noch steigerungsfähig Kreditgeschäft,Efficiency is still further improvable in credit business
1154555313,Staat,State
1154665070,"""Mittelschichten würden von Senkung der Mehrwertsteuer profitieren"" Interview mit Stefan Bach","""Middle classes would benefit from a reduction in the value-added tax"" Interview with Stefan Bach"
1154665100,"""In Großstädten ist die Industrie besonders leistungsstark"" Interview mit Alexander Eickelpasch","""In large cities, industry is particularly robust."""
1154680509,"Wehling, Elisabeth. 2016. Politisches Framing: Wie eine Nation sich ihr Denken einredet - und daraus Politik macht. Köln: Herbert von Halem Verlag. Besprochen von Bianca Seidel, TU Dresden.","Wehling, Elisabeth. 2016. ""Political Framing: How a Nation Persuades Itself - and Turns It into Policy."" Koeln: Herbert von Halem Verlag. Reviewed by Bianca Seidel, TU Dresden."
1154764710,Die @Konversion türkischsprachiger Personen in Deutschland zum Christentum. Eine nicht-denominationale Gruppe: İsa Mesih İmanlıları,The conversion of Turkish-speaking persons in Germany to Christianity. A non-denominational group: Isa Mesih Imanlıları
1154764958,Inklusionsmotor Sport Teilhabe im und durch Fußball,Inclusion Engine Soccer Participation in and Through Football
1154785262,Zur sozio-ökonomischen Lage von Zuwanderern in West-Deutschland,The socio-economic situation of immigrants in Western Germany
1154785971,Zur Bedeutung von Interviewereffekten im Sozio-oekonomischen Panel (SOEP) Eine Analyse mit Hilfe kumulierter Logits,The significance of interviewer effects in the Socio-Economic Panel (SOEP) – An analysis using cumulative logits
1154787206,"Gegenwärtiger Geburtenrückgang in Ostdeutschland läßt mittelfristig einen ""Babyboom"" erwarten","Current birth decline in East Germany is expected to lead to a ""Baby Boom"" in the medium term."
1154840557,"VW Golf 9/74 bis 8/83, Scirocco von 3/74 bis 4/81, Jetta von 8/79 bis 12/83 So wird´s gemacht - Band 10","VW Golf 9/74 to 8/83, Scirocco 3/74 to 4/81, Jetta 8/79 to 12/83 - How it’s made - Volume 10"
1154847950,Energetische Nutzung von Fettabscheiderinhalten – Potenzial zur Erzeugung von Biodiesel und Biogas,Energy utilization of grease separator contents – Potential for the production of biodiesel and biogas
1154851079,Entwicklung einer selektiv arbeitenden Reihenhackmaschine mit elektrisch angetriebenem Werkzeug zur Unkrautregulierung im ökologischen Zuckerrübenanbau,Development of a selective row-cleaning machine with an electrically driven tool for weed control in organic sugar beet cultivation
1154899241,DGRI Jahrbuch 2015,DGRI Yearbook 2015
1154924386,Reinigungsprozess auf die Verschmutzung abstimmen Auswahlsystem für Reiniger,Adapting the cleaning process to the type of contamination and selecting a suitable cleaning agent.
1154929515,Ferdinand Franz Wallraf und sein Kreis,Ferdinand Franz Wallraf and his circle
1154929930,Biozidpolymere für antimikrobielle Anwendungen Pulverlacke und Anstrichsysteme im Fokus,Biozid polymers for antimicrobial applications. Focus on powder coatings and paint systems
1154930807,"UV-Lacke — schnell, beständig und umweltfreundlich Aktuelle Entwicklungen und Praxisbeispiele","UV-Lacke — fast, durable and environmentally friendly Current developments and practical examples"
115493120X,Optimaler Oberflächenschutz in der Kunststoffverarbeitung Hochglanzoberflächen zuverlässig herstellen,Optimal Surface Protection in Plastic Processing Reliably Produce High-Gloss Surfaces
1154931560,EU-Definition von Nanomaterialien Aus der Sicht eines Lackherstellers,The EU Definition of Nanomaterials from the Perspective of a Paint Manufacturer
1154931595,Reappraisal als Fähigkeit - Entwicklung des Reappraisal Inventiveness Test,Reappraisal as a skill - Development of the Reappraisal Inventiveness Test
1154932230,"Zielgerichtete, altersstrukturgerechte Vermittlung arbeitsplatzbezogener Kompetenzen durch Lernfabriken","Targeted, age-appropriate imparting of workplace-related skills through learning factories"
1154941035,SOEP-IS 2016 - Methodenbericht zum Befragungsjahr 2016 des SOEP-Innovationssamples,SOEP-IS 2016 - Methods Report for the Survey Year 2016 of the SOEP-Innovations Sample
1154942643,Mit neuer Software zu mehr Wirtschaftlichkeit Enterprise Ressource Planning,New Software for Greater Economic Efficiency Enterprise Resource Planning
1154944409,Musikalischer Humor als ästhetische Distanz?,Musical humor as aesthetic distance?
1154944433,Das @Physikalische Praktikum Band I Handbuch 2015/2016 für Studentinnen und Studenten der Physik,The Physical Experimentation Handbook Volume I 2015/2016 for female and male students of Physics
1154944700,Nanomere als hochstrukturierte Beschichtungen Oberflächeneigenschaften gezielt einbringen,Nanomeres as highly structured coatings to introduce surface properties
1154964612,Banken fürchten PayPal & Co. — die Kunden aber auch Neues aus Social Media,Banks fear PayPal & Co. — customers also like something new from Social Media
1154986241,"Das @Arbeitsgedächtnis nach zu langem Schlaf. Eine transversale, psychometrische Studie","The @Working Memory after prolonged sleep. A cross-sectional, psychometric study."
1154988694,"Zur Lage der Nation. Konzeptionelle Debatten, gesellschaftliche Realitäten, internationale Perspektiven. Bericht der 35. Jahrestagung der Deutschen Gesellschaft für Politikwissenschaft","The State of the Nation: Conceptual Debates, Social Realities, International Perspectives. Report on the 35th Annual Conference of the German Society for Political Science"
1155004787,Protest vor Ort,Protest at location
1155073231,Einschätzungen der schulischen Motivation und des Arbeitsverhaltens durch Grundschullehrkräfte und deren Bedeutung für Verzerrungen in Leistungserwartungen,Assessments of school motivation and work behavior by primary school teachers and their significance for biases in performance expectations
1155083113,Klebrohstoffe in konzentrierter Form Vorbericht zur European Coatings Show 2015,Adhesives in concentrated form Report for the European Coatings Show 2015
115508358X,Richtiger Einsatz verbessert die Lebensdauer Silane als Haftvermittler für Glas,Correct use improves the lifespan of silanes as adhesion promoters for glass
1155084705,Neue Klebstoffe und Anlagen für die Verarbeitung Ausblick auf die Bondexpo 2015,New adhesives and plants for processing Outlook for the Bondexpo 2015
1155085523,Elektronische Bauteile zuverlässig geschützt Niederdruck-Spritzgussverfahren mit kurzen Zykluszeiten,Electronic components reliably protected Low-pressure spray mold process with short cycle times
1155085531,Höchsten Prozessanforderungen gewachsen Zweikomponenten-Strukturklebstoffe für Rohbauanwendungen,"Meeting the highest process requirements, two-component structure adhesives for frame construction applications"
1155085949,Bessere Adhäsion dank Pfropfen Hot-Melt-Systeme auf Basis von Polyolefinen,Better adhesion due to hot-melt systems based on polyolefins
1155086015,Dauerhaft besser klebbar Oberflächenmodifizierung von Sheet Moulding Compounds (SMC),Permanent improvement of adhesive surfaces on sheet moulding compounds (SMC)
1155086317,Teil 1: Syntheseprinzip und Eigenschaften Funktionalisierte PU-Nanopartikel für Reaktivverdünner,Part 1: Synthesis principle and properties of functionalized PU nanoparticles for reactive diluents
1155086333,Von der Materialherstellung bis zur Reparatur Kleben im Leichtbau,From material manufacturing to repair bonding in lightweight construction
1155086627,Composites strukturell kleben 2K-Polyurethansysteme,Structural 2K polyurethane adhesives
1155098021,Untersuchung von Sphingolipiden und anderen Membrankonjugaten mittels hochauflösender Fluoreszenzmikroskopie,Investigation of sphingolipids and other membrane conjugates using high-resolution fluorescence microscopy
115514810X,Alkoholintoxikierte in der Notfallmedizin,Alcohol intoxication in emergency medicine
1155148797,Wenn ein Berater sich umorientiert,When a consultant changes orientation
1155165276,Fixkostenmanagement in mittelständischen Unternehmen,Fixed cost management in medium-sized companies
1155303024,Ein @Fortpflanzungsmedizingesetz für Deutschland Oktober 2017,"A Fertility Medicine Act for Germany, October 2017."
1155338138,Weniger Risiken Mit Entwicklungsstandards aus der Automobilindustrie,Reducing Risks with Development Standards from the Automotive Industry
1155359232,Wahl der Wahl Zum andauernden Reformbedarf des Bundestagswahlrechts,Selection of the election To the continuing need for reform of the Bundestag election law
1155360303,"Sechs Fragen an… Prof. Dr. em. Udo Steiner, Richter am Bundesverfassungsgericht a.D. Interview im Rahmen der 58. Assistententagung Öffentliches Recht in Regensburg","Six questions for Prof. Dr. em. Udo Steiner, former judge at the Federal Constitutional Court, interview at the 58th Assistant Training Public Law in Regensburg"
1155365364,Der @christliche Glaube erklärt in 50 Briefen,The Christian Faith Explained in 50 Letters
1155408586,Effektive Führung heterogener Teams Wie kann das Erfolgspotential von Diversity genutzt werden?,Effective Leadership of Heterogeneous Teams How can the potential for success through diversity be leveraged?
1155427645,„Wir sind besser als die anderen“ optimistic bias als Schema der Medienberichterstattung,"""We are better than the others"" as a schema in media reporting."
1155439007,Nachhaltige Nutzung biogener Haushaltsabfälle durch die aerobe Behandlung von getrennt gesammelten biogenen Abfallstoffen und die Anwendung von Kompost in der Landwirtschaft im Südkaukasus,Sustainable use of biogenic household waste in the South Caucasus through the aerobic treatment of separately collected biogenic waste materials and the application of compost in agriculture
1155469895,Wasserelektrolyse und regenerative Gase als Schlüsselfaktoren für die Energiesystemtransformation,Water electrolysis and regenerative gases as key factors in the energy system transformation
1155521110,Unser täglich Brot: Helfer in der Lebensmittelfermentation,Our daily bread: Helper in food fermentation
1155521161,Automatisiertes Klonscreening und Vorhersage der Expressionsleistung,Automated clone screening and prediction of expression performance
1155533046,Platin-Nanopartikel für die heterogene Katalyse: Synthese und Charakterisierung durch die Röntgenphotoelektronenspektroskopie,Platinum nanoparticles for heterogeneous catalysis: synthesis and characterization by X-ray photoelectron spectroscopy
1155533054,Coaching und Neurowissenschaften,Coaching and Neuroscience
1155576721,Charakterisierung von Gerüchen in Klebstoffen,Characterization of smells in adhesives
1155587278,Fou du Roi - Panorama und Panoptikum. Paradigmen visueller Wahrnemung,King's Panorama and Panopticon. Paradigms of Visual Perception
115558774X,"Prognostische Aussagekraft von Laborparametern bei Toxischer Epidermaler Nekrolyse, Nekrotisierender Fasziitis und Sternumosteomyelitis","Predictive value of lab parameters in toxic epidermal necrolysis, necrotizing fasciitis, and sternum osteomyelitis"
1155637267,Digitale Disruption erfordert Bewegung — das Internet of Everything,Digital disruption requires movement — the Internet of Everything
1155638247,Industrie 4.0 aus der Perspektive der Wirtschaftsinformatik,Industry 4.0 from the perspective of business informatics
115563831X,Darstellung von Geschäftsprozessen mittels standardisierter Notationen — Fluch oder Segen?,Representation of business processes using standardized notations — Curse or Blessing?
1155639839,Schulformwechsel im zweigliedrigen Schulsystem Determinanten für das Nichtbestehen des Probejahres am Gymnasium in Berlin,School transitions in the two-track school system Determinants of failing the transition year at the Gymnasium in Berlin
115564039X,Polyurethan für die Produktion einer Blattfeder Flexibles Harzsystem,"Polyurethane for the production of a leaf spring, a flexible resin system"
1155640667,Software für die Auslegung eines Monocoques,Software for the design of a monocoque
1155648501,Rückbau der Altanlage Kraftwerk Rheinfelden,Demolition of the old power plant Kraftwerk Rheinfelden
115565532X,Effekte anthropogener Landnutzung auf eine wichtige Ökosystemfunktion in Fließgewässern der Südpfalz,Effects of anthropogenic land use on an important ecosystem function in streams of the Southern Palatinate
115567670X,Medizinprodukt mit hoher Verträglichkeit,Medical product with high solubility
1155690885,Zum Umgang mit fehlenden formalen Qualifikationen Ansätze der Kompetenzanerkennung bei Flüchtlingen,Dealing with Missing Formal Qualifications: Approaches to Competence Recognition for Refugees
1155691067,"Größen in der Grundschule Hohlmaße 3-4 Das Komplettpaket: Einführungsstunden, differenz ierte Übungsblätter, Kompetenztests & vieles mehr (3. und 4. Klasse)","Measurement in primary school: Cylindrical volumes from 3 to 4 (Complete package: introduction hours, differentiated practice sheets, competency tests, and much more (3rd and 4th grade))"
1155691091,Förderung von Repräsentationskompetenz und Experimentbezug in den vorlesungsbegleitenden Übungen zur Experimentalphysik Empirische Untersuchung eines videobasierten Aufgabenformates,Enhancing Representational Competence and Experimental Focus in Supplementary Exercises for Experimental Physics Empirical Investigation of a Video-Based Task Format
1155710177,Die @aktuelle Kritik an der makroökonomischen Geldtheorie: Replik und Erwiderung,The current criticism of the macroeconomic monetary theory: Reply and Response
1155760611,e-Auctions – Fluch oder Segen für Lieferanten-Abnehmer-Beziehungen?,E-Auctions – Curse or Blessing for Supplier-Buyer Relationships?
1155760999,Vergleichende ökonomische Analyse von Produktionsverfahren auf einem Demonstrationsbetrieb in Nordostchina mit Hilfe von On-Farm Experimenten und räumlicher Statistik,Comparative economic analysis of production processes on a demonstration farm in Northeast China using on-farm experiments and spatial statistics
1155786424,"Grenzüberschreitende Kooperation theoretisch:Erklärungsansätze aus europäischer Integration,Regionalismus und Governance","Transborder cooperation theoretically: Explanatory approaches from European integration, regionalism and governance"
1155788125,Die @Metropolisierungsstrategie der Großregion im Entstehen,The @MetropolisizationStrategy of the large region in the making
1155969162,Lied und populäre Kultur/Song and Popular Culture 62 (2017) Jahrbuch des Zentrums für Populäre Kultur und Musik  62. Jahrgang - 2017. Musik und Profesisonalität  Music and Professionalism,Song and Popular Culture 62 (2017) Yearbook of the Center for Popular Culture and Music 62nd Volume - 2017. Music and Professionalism
1156018269,Deterministische Quantenpunktmikrolinsen als effiziente Quantenlichtquellen,Deterministic quantum dot micro-lenses as efficient quantum light sources
1156169879,Konzeptwechsel als Chance – Schwarmtechnologien und Digitalisierung der Landwirtschaft,Concept Change as Opportunity – Swarm Technologies and Digitalization of Agriculture
1156173027,"Untersuchung des nasalen Mikrobioms bei gesunden Katzen, Katzen mit Katzenschnupfen und Katzen mit Nasentumoren","Study of the nasal microbiome in healthy cats, cats with feline rhinitis and cats with nasal tumors"
1156178711,Aktive Beeinflussung der tonalen Geräuschentstehung axialer Strömungsmaschinen mittels Hinterkantenausblasens aus dem Rotor,Active manipulation of the tonal noise generation of axial flow machines by back edge blowing from the rotor
1156181542,α-Dicarbonylverbindungen in Würze und in Bier,α-Dicarbonyl compounds in spices and beer
1156181828,Aktive Beeinflussung von Querströmungsinstabilitäten mit pneumatischen Aktuatoren,Active control of cross-flow instabilities using pneumatic actuators
1156186226,Analyse der Tropfendeformation und des Tropfenbruchs in turbulenter Strömung,Analysis of the drip deformation and drop breakup in turbulent flow
1156264618,Förderung konzeptuellen Wissens über Energie durch den Einsatz von Repräsentationen,Promotion of conceptual energy knowledge through the use of representations
1156276853,Untersuchung des belastungsabhängigen Bauteilverhaltens zur Gewichtsoptimierung von Antriebsgelenkwellen,Investigation of load-dependent component behavior for weight optimization of drive shaft joints
1156330327,Zwölf Sekunden ungeteilte Aufmerksamkeit Geldautomaten,Twelve seconds of undivided attention to an ATM
1156346541,Annexkompetenzen am Delikts- und Vertragsgerichtsstand der Brüssel Ia-VO bei Anspruchsgrundlagenkonkurrenz,Treaty competence in the context of the Brussels I Regulation's jurisdiction in civil and commercial matters and the application of conflict of law rules.
1156444004,Bildungsbeteiligung von Schülerinnen und Schülern mit Migrationshintergrund - in Abhängigkeit von der schulstatistischen Operationalisierung Educational participation of students with migration background - as a function of the specific school statistical operationalization,Educational participation of students with a migration background - as a function of the specific school statistical operationalization
1156444683,Die @zunehmende Ungleichheit,Greater inequality
1156444772,Friedenskompetenz durch Friedensbildung? Ausgewählte aktuelle Dilemmata und Diskursbereiche der Friedenspädagogik,Peace literacy through peace education? Selected current dilemmas and discourse areas of peace pedagogy
1156445809,45 Jahre Unterricht in Musik – Versuch einer Rekonstruktion 45 years Unterricht in Musik – Attempts at a reconstruction,45 years of teaching music – Attempts at reconstruction
1156445868,Pädagogische Antinomien in der professionellen Instrumentalausbildung – eine rekonstruktive Studie zum Erfahrungsraum der ehemaligen Spezialschule für Musik Dresden Pedagogical antinomies in the training of professional musicians – a reconstructive study concerning the conjunctive experiential space of the former “Spezialschule für Musik Dresden”,Pedagogical antinomies in the training of professional musicians – a reconstructive study concerning the conjunctive experiential space of the former “Spezialschule für Musik Dresden”
1156460034,Jenseits des Todestriebs Freuds Lebenswissenschaft an der Schwelle von Natur- und Kulturwissenschaft,Beyond Freud's Death Instinct: Life Science on the Threshold of Natural and Cultural Sciences
1156462126,Entwicklung einer funktionalen Referenzarchitektur für Assistenzsysteme zur energetischen Optimierung des Fahrzeugbetriebs,Development of a functional reference architecture for assistive systems for the energetic optimization of vehicle operation
115646255X,Simulation und Analyse einer Verdichterkaskade mit aktiver Strömungsbeeinflussung,Simulation and analysis of a compressor cascade with active flow control
1156497272,Karriere im Umbruch. Strategien für Manager in der digitalen Arbeitswelt,Career in Transition. Strategies for Managers in the Digital Workplace
1156532612,"Integrative Musikprojekte für Flüchtlinge : kann Musik dazu beitragen, ein Gefühl von Heimat zu entwickeln?",Integrative Music Projects for Refugees: Can Music Contribute to a Sense of Belonging?
1156602211,Was ist an einer Schule wichtig? Das Bild von Schule aus Lehrer- und Elternsicht,What is important at a school? The image of school from the perspective of teachers and parents
115660270X,Freiheit und Sicherheit,Freedom and Security
1156602750,Maßhalten!,Practice restraint!
1156602793,Darwin lupft die Decke,Darwin lifts the blanket
1156602815,Der @kurze Frühling der Freiheit,The Brief Spring of Freedom
115660284X,"Ein @Geist, der Ost und West umfasst",A spirit that encompasses East and West
115667980X,Initial Coin Offering (ICO) Unternehmensfinanzierung auf Basis der Blockchain-Technologie,Initial Coin Offering (ICO) for corporate financing based on blockchain technology
1156683955,Unschätzbare Meisterwerke der Preis der Kunst im Musée Napoléon,Priceless masterpieces of art in the Museum Napoleon
1156687055,"Sterben für den Glauben Ursprung, Genese und Aktualität des Martyriums in Christentum und Islam","Dying for faith: origin, genesis, and actuality of martyrdom in Christianity and Islam"
1156780357,Transportuntersuchungen an magnetischen und nicht-magnetischen II-VI-Heterostrukturen,Transport studies on magnetic and non-magnetic II-VI heterostructures
1156833663,"Muslim Girls Wer sie sind, wie sie leben","Muslim Girls: Who They Are, How They Live"
1156901138,Ein @Multi-View-Modellierungswerkzeug für SOM-Geschäftsprozessmodelle auf Basis der Meta-Modellierungsplattform ADOxx,A multi-view modeling tool for SOM business process models based on the Meta-Modeling Platform ADOxx
1156993768,Religionspolitischer Multikulturalismus in einem multikulturalismuskritischen Land: Deutschland und der Islam,Religious political multiculturalism in a multiculturalism-critical country: Germany and Islam
1156993997,Flitterwochen mit der Demokratie? Politische Unterstützung von Migranten in Europa,Honeymoon with democracy? Political support for migrants in Europe
1157083757,NEUER GESUNDHEITSAUSSCHUSS,NEW HEALTH COMMITTEE
1157091407,Digitalisierung: Definition und Reife Quantitative Bewertung der digitalen Reife,Digitalization: Definition and Quantitative Assessment of Digital Maturity
1157124240,Qualitative Evaluation ethischer Fallbesprechungen,Evaluation of Ethical Case Studies
1158597606,Sport in der Jugendsozialarbeit Studie in marokkanischen Großstädten zur Wirksamkeit von sportpädagogischen Maßnahmen bei jungen Strafgefangenen bezogen auf die Selbstwirksamkeit und die Entwicklung von Sozialkompetenz,"Sport in Youth Social Work: A Study in Moroccan Metropolitan Cities on the Effectiveness of Sports Pedagogical Measures for Young Prisoners, Focusing on Self-Efficacy and the Development of Social Competence"
1158598076,Sozioökonomische Bildung und Wissenschaft Entwicklungslinien und Perspektiven,Social and Economic Education and Science: Development Trends and Perspectives
1158598181,Bildungspotentiale des Fußballs Soziokulturelle Projekte und Analysen,Potential of Football for Socio-Cultural Projects and Analyses
1158660367,"Neuroethik – Geschichte, Definition und Gegenstandsbereich eines neuen Wissenschaftsgebiets","Neuroethics – History, Definition, and Scope of a New Field of Science"
1158693079,Der @Recessus olfactorius von Bombina orientalis: Eine vergleichende Analyse,The Recessus olfactorius of Bombina orientalis: A comparative analysis
1159373892,Staatlicher „Hygienepranger“ vor dem Bundes­verfassungs­gericht,"State's ""hygiene shaming"" before the Federal Constitutional Court"
1159506795,Dreidimensionale Sonographie am Masthähnchenauge unter diskontinuierlichen Beleuchtungsbedingungen,Three-dimensional ultrasound at the chicken eye in discontinuous illumination conditions
1159622140,Charterführer Ostpeloponnes Saronischer & Argolischer Golf von Athen bis Monemvasia,Charter Leader for the Peloponnese Saronic and Argolic Gulf from Athens to Monemvasia
1159632871,Untersuchung der natürlichen Variation der Metalltoleranz von Arabidopsis thaliana Ökotypen und Identifikation von Genen verantwortlich für Toleranzunterschiede,Investigation of the natural variation of metal tolerance in Arabidopsis thaliana ecotypes and identification of genes responsible for differences in tolerance.
1159642109,Von den Schwierigkeiten der Begründung einer christlichen Poetik und ihrer Überwindung im Werk Dantes,Difficulties in the Founding of a Christian Poetry and Its Overcoming in Dante's Work
1159754071,"Struktur und Entwicklung von Musikalischem Selbstkonzept, Musikalischer Erfahrenheit und Interesse am Schulfach Musik Eine empirische Längsschnittuntersuchung von Schülerinnen und Schülern (9 bis 17 Jahre) an Haupt-, Gemeinschafts- und Realschulen sowie Gymnasien in Baden-Württemberg Structure and development of musical self-concept, musical sophistication and interest in the school subject ‘music’ An empirical long-term study of German students (9 to 17 years) at secondary modern, inter-denominational and middle schools as well as grammar schools","Structure and development of musical self-concept, musical sophistication and interest in the school subject ‘music’ An empirical long-term study of German students (9 to 17 years) at secondary modern, inter-denominational and middle schools as well as grammar schools"
115975408X,"Design-Based Research als eine der Praxis verpflichtete, theoretisch fundierte Methode der Unterrichtsforschung und -entwicklung. Methodologische Grundlagen, dargestellt am Beispiel eines Forschungsprojektes im Bandklassen-Unterricht Design-Based Research as a contribution to the discourse on theory and practice","Design-Based Research as a theoretically grounded, practice-oriented method of educational research and development. Methodological foundations illustrated by a research project in band class teaching."
1159881227,Volksgesetzgebung und politischer Entscheidungsprozess Eine empirische Analyse der Wirkungsweise der Volksgesetzgebungsverfahren auf den politischen Entscheidungsprozess anhand der Bundesländer Brandenburg und Schleswig-Holstein,Legislation and political decision-making process An empirical analysis of the operation of the popular legislation process on the political decision-making process using the federal states of Brandenburg and Schleswig-Holstein
115990040X,Konstruiere die Lösung selbst Auswirkungen des Einsatzes von und des Verzichts auf Distraktoren bei Intelligenztestaufgaben zur Erfassung räumlichen Denkens und fluider Intelligenz,Construct the solution's effects of the use and non-use of distractors in intelligence test tasks for the assessment of spatial thinking and fluid intelligence
1159977712,Auswirkung von Arbeitsunterbrechungen und Multitasking auf Leistungsfähigkeit und Gesundheit Eine Tagebuchstudie bei Gesundheits- und KrankenpflegerInnen,Effects of Work Interruptions and Multitasking on Performance and Health: A Diary Study Among Health and Nursing Professionals
1160157855,Was Kunden wollen und Makler wissen sollten,What customers want and what agents should know
1160182043,Der @Heiratsmarkt brummt,The marriage market is buzzing
1160186197,Massenspektrometrische Erforschung des Proteoms neutrophiler Granulozyten von Patienten mit ST-Hebungsinfarkt,Mass Spectrometric Investigation of the Proteome of Neutrophil Granulocytes from Patients with ST-Elevation Myocardial Infarction
1160303835,Seelsorgefelder Annäherung an die Vielgestaltigkeit von Seelsorge,Exploring the Diversity of Pastoral Care
1160303894,Bach-Facetten Essays – Studien – Miszellen. Mit einem Geleitwort von Peter Wollny,Bach Facets – Essays – Miscellaneous. With an introduction by Peter Wollny
1160304033,"Tod, wo ist dein Stachel? Todesfurcht und Lebenslust im Christentum","Death, where is your sting? Fear of death and desire for life in Christianity"
1160307520,Europäische Sportpolitik Zugänge - Akteure - Problemfelder,European Sports Policy - Actors - Challenges
1160309159,Politische Ikonographie und Differenzrepräsentation Leviathan Sonderband 34 | 2018,Political Iconography and Differentiation Representation Leviathan Supplement 34 | 2018
1160312516,"Entwicklung und Untersuchung eines neuartigen, kombinierten Hydraulik- und Rückkühlaggregates für Werkzeugmaschinen, AZ 31555/01","Development and study of a novel, combined hydraulic and return flow unit for machine tools, AZ 31555/01"
1160313199,Jahrbuch der Europäischen Integration 2017,Yearbook of European Integration 2017
1160324158,"Sichere Produkte im Onlinehandel: Wegweiser für Hersteller, Einführer und Händler","Guiding the way for manufacturers, importers and retailers: A guide to safe products in e-commerce"
1160340196,August 1938 - Juni 1939,August 1938 - June 1939
1160344256,Produktionsmanagement Grundlagen der Produktionsplanung und -steuerung,Production Management Fundamentals of Production Planning and Control
1160344868,Vorlesungen über das Wesen der Religion Nebst Zusätzen und Anmerkungen,Lectures on the Essence of Religion with Additions and Notes
1160345309,„SAP setzt CRM auf eine völlig neue Technologie-Basis”,SAP is setting CRM on a completely new technology platform
1160347549,Motornahe Abgasenergierekuperation bei einem Ottomotor,Exhaust energy recovery near a gasoline engine
1160349754,Von den Top-Performern lernen,Learning from the top performers
1160350124,„Wachstum braucht Innovationen“,“Growth needs innovations”
1160350442,EU-Konformitätsprozess für Wasserkraftanlagen,EU conformity process for hydroelectric power plants
1160354375,Alternatives Vorderwagenkonzept in Mischbauweise,Mixed construction front-end concept
1160361908,Simulation der Fahrdynamik eines Quads mit aktivem Fahrer,Simulation of the driving dynamics of a quad with active driver
1160363102,Betriebsbereiche und Wirkungsgrade der Wasserkraftschnecke,Operating areas and efficiencies of the water screw pump
116038004X,Unpolare Kunststoffe ohne Vorbehandlung beschichten,Unpolar plastics without pretreatment can be coated
1160381194,Ordnungsreduzierte Simulationsmodelle und Berücksichtigung der additiven Fertigung in der mathematischen Optimierung mechanischer Strukturen,Reduced-order simulation models and consideration of additive manufacturing in the mathematical optimization of mechanical structures
1160405476,Poröse Keramiken — Herstellverfahren und Anwendungen,Porous Ceramics — Manufacturing Methods and Applications
1160428581,Höhere Fahrdynamik und niedrigerer Verbrauch durch elektrifiziertes Verteilergetriebe,Higher driving dynamics and lower consumption through an electrified power take-off
1160486336,Regeln guter wissenschaftlicher Praxis im Spiegel (mehr zufälliger) literaturhistorischer und wissenschaftsgeschichtlicher Funde Insbesondere zu Gustav Freytags 'Verlorener Handschrift',"Rules of good scientific practice in the mirror of (more) accidental finds of literary history and the history of science In particular, concerning Gustav Freytag's 'Lost Manuscript'"
1160488134,Modernisierung der Universitäten Umsetzungsstand und Wirkungen neuer Steuerungsinstrumente,Modernization of Universities Implementation Status and Effects of New Control Instruments
116052095X,Zur Variabilität kognitiver Repräsentationen von Fußballspielerinnen und -spielern über ihre Mannschaft eine Prototypenanalyse am Beispiel des Konstrukts Aggression,Variability in cognitive representations of female and male football players about their team: A prototypical analysis using the construct of aggression
1160550506,Wandel in der Automobilindustrie,Change in the automotive industry
1160551529,Knock with Exhaust Gas at Full Load,Knock with Exhaust Gas at Full Load
1160556695,"""RDE ist aus Verbrauchssicht kein vernünftiger Ansatz""","""From a consumer perspective, RDE is not a reasonable approach."""
1160593442,Selbstbestimmung. Das Prinzip der Individualität Reclams Universal-Bibliothek,Self-Determination. The Principle of Individuality Reclams Universal-Bibliothek
1160684456,Abhängigkeit des visuellen Arbeitsgedächtnisses von der Distanz der Bewegungsreize –Eine psychophysische Studie an Gesunden,Dependency of visual working memory on the distance of motion stimuli – A psychophysical study on healthy individuals
1160810044,"Forschendes Lernen im Praxissemester Begründungen, Befunde und Beispiele aus dem Fach Sport","Research-Based Learning in the Practical Semester: Reasons, Findings, and Examples from the Field of Sports"
1160819106,Düngewirkung unterschiedlicher Siedlungsabfälle und Wirtschaftsdünger in einem langjährigen Vergleich,Thin layer effect of different settlement waste and commercial fertilizers in a long-term comparison
1160861730,Kontoführung,Accounting
116100758X,Stabiles Geld – eine Illusion? Alternative Währungssysteme – Hayeks Fundamentalkritik – Unabhängigkeit der Notenbanken,Stable Money – An Illusion? Alternative Currency Systems – Hayek's Fundamental Critique – Bank Independence
1161047190,Der @„DARIO“ - Artikelentwurf über die Verantwortlichkeit Internationaler Organisationen Eine kritische Analyse,The DARIO - Article Draft on the Responsibility of International Organizations A Critical Analysis
116107662X,(Von 1790–1796.),(1790-1796.)
116113929X,Das @Private ist politisch! eine Re-Aktualisierung im Lichte von Facebook & Co,The @Private is politically charged! A re-evaluation in the light of Facebook & Co
1161235337,Prügel von den Eltern — und der ersten Liebe,Beating by parents — and first love
1161298118,LfD Sachsen: Zur aufsichtsbehördlichen Tätigkeit gegenüber Unternehmen der Unister-Unternehmensgruppe,LfD Sachsen: Regarding supervisory activities concerning companies in the Unister group of companies
1161298355,Neue Regeln für die Videoüberwachung? Visuelle Kontrolle im Entwurf der EU-Datenschutz-Grundverordnung,New rules for video surveillance? Visual control in the draft of the EU Data Protection Regulation
1161299041,"Berichte aus dem Nationalkomitee Deutschland im ICTM, Tagungen 2010-2013 Bd. XX: Musik-Transfer, Musikinstrumente – Seele und Vermächtnis; Bd. XXI: Musik und Transkulturalität, Traditionelle Musik europäischer Regionen im globalen Kontext; Freie Berichte","Reports from the National Committee Germany in the ICTM, Conferences 2010-2013 Vol. XX: Music Transfer, Music Instruments – Soul and Legacy; Vol. XXI: Music and Transculturality, Traditional Music of European Regions in a Global Context; Free Reports"
1161334262,„Wir haben uns besser auf Beschaffungsmärkte eingestellt“,We have better adapted to procurement markets
1161334300,Künstliche Identifizierung Begutachtung von Werbemotiven durch KI-Bilderkennung,Artificial identification assessment of advertising motifs through AI image recognition
1161335021,Gelungenes Leben,Successful Life
116134005X,Auswirkungen von Stereotype Threat (deutsch: Bedrohung durch Stereotype) auf die Arbeitsgedächtnisleistung bei Menschen mit Depression in der Vorgeschichte,Effects of Stereotype Threat on Working Memory Performance in Individuals with a History of Depression
1161341498,Abbau und Effekt ausgewählter anthropogener Stoffe im Biogasprozess,Degradation and Effect of Selected Anthropogenic Compounds in the Biogas Process
1161341757,Rendezvous Verfahren am oberen Gastrointestinaltrakt,Upper Gastrointestinal Tract Meeting Procedure
1161410538,"SOEP-IS 2014 Fragebogen für die SOEP-Innovations-Stichprobe (Aufwuchsstichprobe, Update soep.is.2016.1)","SOEP-IS 2014 questionnaire for the SOEP-Innovations-Sample (Growth sample, update soep.is.2016.1)"
1161410635,SOEP-IS 2012 Fragebogen für die SOEP-Innovations-Stichprobe (Update soep.is.2016.1),SOEP-IS 2012 Questionnaire for the SOEP Innovations Sample (Update soep.is.2016.1)
1161412603,Thermisch gespritzte Gleitlagerwerkstoffe für die Rotorlagerung von Windenergieanlagen,Thermally sprayed bearing materials for the rotor bearing of wind energy plants
116141536X,Wissenschaftssprache Eine Gebrauchsanweisung,Technical Language: A User Manual
1161458174,"Klassiker der Psychologie Die bedeutenden Werke: Entstehung, Inhalt und Wirkung","Classics of Psychology: Origin, Content, and Impact"
1161459057,"»Wie schön wäre es, wenn auf der ganzen Welt die Menschen solche Liebe und Güte zueinander hätten …« Feldpostbriefe eines jungen deutschen Soldaten aus den Jahren 1942-1944",»How beautiful it would be if people all over the world had such love and kindness towards each other …« Letters from a young German soldier during the years 1942-1944
1161479872,"""Pharmakologisch aktive Oliven-Polyphenole aus Olea europaea Zellkulturen - Alternative Technologieplattform zur Vermeidung von Lösungsmittelextraktion aus hochwertigen Lebensmittelölen"" - OleoCell, AZ 32456/01","""Pharmacologically active olive polyphenols from Olea europaea cell cultures - An alternative technology platform for avoiding solvent extraction from high-quality food oils"""
1161498575,"Angewandte Philosophie. Eine internationale Zeitschrift/Applied Philosophy. An International Journal Heft/Volume 1,2017: Angewandte Philosophie und Formen des Philosophierens /Applied Philosophy and Forms of Philosophizing","Applied Philosophy. An International Journal. Volume 1, 2017: Applied Philosophy and Forms of Philosophizing"
1161530339,"Glutarazidurie Typ 1 Untersuchungen zu Auswirkungen von „missense“-Mutationen auf Enzymexpression, Enzymsortierung, Enzymstabilität und den Abbau der Glutaryl-Coenzym A Dehydrogenase in der Zellkultur","Investigations on the effects of „missense“-mutations on enzyme expression, enzyme sorting, enzyme stability, and the breakdown of glutaryl-CoA dehydrogenase in cell culture"
1161530460,Privatrechtliche Grenzen kommunikativer Entfaltung in Sozialen Netzwerken - Eine Untersuchung der Kommunikationsstandards Sozialer Netzwerke,Private legal boundaries of communicative expression in social networks - A study of communication standards in social networks
1161606971,Biophysikalische Einblicke in die Wechselwirkungen von lipidierten Signalproteinen mit Membranen und Regulatorproteinen,Insights into the interactions of lipidated signal proteins with membranes and regulatory proteins
1161649263,Arbeitsblätter Tierhaltung. Lösungen,Solutions for Animal Husbandry
1161671447,Die @veränderte Rolle der Kurator*innen bei der Exposition moderner Kunst,The changed role of curators in the exhibition of modern art
1161730044,Studien zur katalytischen Promiskuität von Imin-reduzierenden Enzymen,Studies on the catalytic promiscuity of imine-reducing enzymes
1161730109,Die @Klausur als Orakel? Arbeitsergebnisse einer Klausurentwicklung in der Technischen Thermodynamik,The Klausur as Oracle? Results of a Klausur Development in Technical Thermodynamics
1161805834,Die @Wüste des Realen Slavoj Žižek und der deutsche Idealismus,The Desert of the Real: Slavoj Žižek and German Idealism
116183186X,„Der Marktführer wird immer angegriffen“,"""The market leader is always attacked"""
1161832211,Institute vergeben leichter Kredite,Institute granting loans more easily
1161843655,Populistische Demokratiekonzeptionen und die Wahl der AfD: Evidenz aus einer Panelstudie,Populist democratic conceptions and the election of the AfD: Evidence from a panel study
1161849254,Stickstoffbasierte Kraftstoffe: eine “Power-to-Fuel-to-Power”-Analyse,"Nitrogen-based fuels: a ""Power-to-Fuel-to-Power"" analysis"
116191773X,„Die Zahl der Unfälle wird von Anfang an dramatisch sinken“,The number of accidents will dramatically decrease from the start.
1161918078,Nutzerakzeptanz von Blendschutzbrillen,User acceptance of polarized sunglasses
1161942130,Analyse der Kanäle χ c2   →  π + π −,Channel analysis of χ c2 → π + π -
1161943625,Aus dem Wald nichts Neues? Aspekte zur Siedlungs- und Wirtschaftsgeschichte des Pfälzerwaldes im Früh- und Hochmittelalter,Nothing new from the woods? Aspects of the settlement and economic history of the Palatinate Forest in the Early and High Middle Ages
1161943862,"Bildende Künstlerinnen im Berliner ""Sturm"" der 1910er Jahre","Artists in the Berlin ""Storm"" of the 1910s"
1161976892,Einlagensicherung spaltet die Eurozone,Deposit insurance divides the Eurozone
1162018011,Ixekizumab bei Genital- und Nagel-Psoriasis Neue Daten zur Wirksamkeit des IL-17 A-Inhibitors,Ixekizumab for Genital and Nail Psoriasis New Data on the Efficacy of the IL-17A Inhibitor
1162042621,Rettung aus dem Anlagenotstand Bausparen und Baufinanzierung,Escape from the emergency situation of building up savings and financing construction
1162048042,Alternativen zur Klassik Indexpolice,Alternatives to the Classic Index Policy
1162048484,Die @Devise lautet: Rettet die Beiträge! Wiederanlage,The @Device reads: Save the contributions! Reinvestment
116210628X,Nichts für schlechte Nerven,Nothing for bad nerves
1162129948,"Migration und Flucht aus Afrika südlich der Sahara Historische Ursachen, aktuelle Auswirkungen, Lösungsansätze","Migration and flight from Africa south of the Sahara: Historical causes, current impacts, and solutions"
1162133953,Zur Pultrusion von thermoplastischen Halbzeugen: Prozessanalyse und Modellbildung,Process analysis and modeling of thermoplastic semi-finished products for pultrusion
1162134836,Sozialpsychologie und Sozialtheorie Band 1: Zugänge,Psychology of Social Life and Social Theory Volume 1: Aspects
1162189940,Einfluss der kortikalen Extrazellulären Matrix auf kortexabhängige Lernleistungen in adulten Nagetieren,The influence of the cortical extracellular matrix on cortex-dependent learning performances in adult rodents
1162190027,CFD-basierte Analyse der Gemischbildung mit einem skalenauflösenden Turbulenzmodell,CFD-based analysis of the mixture formation with a scale-resolving turbulence model
1162263644,Datenschutz im Betrieb,Data protection in business
1162279680,Antizipation von Fußballtorhütern - Untersuchung zur Konzeption einer kognitiven Leistungsdiagnostik im Kontext der sportwissenschaftlichen Talentforschung,Anticipation of football goalkeepers - Investigation into the conception of a cognitive performance diagnostics in the context of sports science talent research
1162279753,"Selbst- und Fremdbeschreibungen des Extremsports Eine empirische Untersuchung des Extremsport-Begriffs aus den Perspektiven der Wissenschaft, der Extremsportler und Nicht-Extremsportler sowie der Massenmedien","Self- and outsider descriptions of extreme sports An empirical investigation of the extreme sports concept from the perspectives of science, extreme athletes, non-extreme athletes, and the mass media"
1162330538,Selbstkritischer Überzeugungstäter,Self-critical conviction holder
1162357371,Untersuchung zur Vereinbarkeit von Studium und Familie an der Stiftung Tierärztliche Hochschule Hannover unter Berücksichtigung der Digitalisierung der Lehre,"Investigation of the compatibility of study and family at the Foundation Veterinary Medical University of Hanover, considering the digitization of teaching"
1162358874,Management der Trockensteh- und Transitphase von Milchkühen in Boxenlaufställen in Niedersachen,Management of the dry and transit phase of dairy cows in box stalls in Lower Saxony
1162370734,Umsatz und Persönlichkeit hängen zusammen,Sales and personality are connected
1162443847,"Entstehungs- und Entwicklungsgeschichte der International Federation of Psychoanalytic Societies (IFPS) zwischen 1960 und 1980 im Kontext der internationalen, insbesondere der deutschen Psychoanalyse","Origin and development of the International Federation of Psychoanalytic Societies (IFPS) between 1960 and 1980 in the context of international, particularly German psychoanalysis"
1162451009,Gütekriterien zur Bewertung der Eigenschaften von Tiltwingflugzeugen zur Auslegung ihrer Basisregelung,Criteria for evaluating the properties of Tiltwing aircraft for their base control design
1162528338,Sichere Stromversorgung bei hohen Anteilen volatiler erneuerbarer Energien Was kann ein Strommarkt 2.0 leisten?,Secure power supply with high shares of volatile renewable energies What can a Smart Grid 2.0 accomplish?
1162556811,Frauen in die Technik,Women in technology
1162559071,Effizienzsteigerung im Produktentwicklungsprozess durch den Einsatz von Drehschwingungssimulation in frühen Entwicklungsphasen,Efficiency improvement in the product development process through the use of rotational vibration simulation in early development phases
1162608463,Festkörperphysik Aufgaben und Lösungen,Solid State Physics Problems and Solutions
1162621125,Spin-Transfer-Torque-Effekte in Mn1-xFexSi-Volumenkristallen und epitaktischen MnSi-Schichten,Spin-Transfer-Torque Effects in Mn1-xFexSi Bulk Crystals and Epitaxial MnSi Layers
1162642149,Triathlon für Kids Motivation und Training,Triathlon for Kids Motivation and Training
1162683244,Sprachkompetenz als Prädiktor mathematischer Kompetenzentwicklung von Kindern deutscher und nicht-deutscher Familiensprache,Language competency as a predictor of mathematical competency development in children from German and non-German family backgrounds
1162683848,"""Kopfhörer rein, Welt aus."" Individuelle Perspektiven auf musikalisch-kulturelle Teilhabe vor dem Hintergrund des capability approach ""Put on your headphones; tune out the world."" Individual perspectives on cultural participation in light of the capability approach","""Put on your headphones; tune out the world."" Individual perspectives on cultural participation in light of the capability approach"
1162683961,"""I wanna do b-boy moves, but I wanna be known as a b-girl"": Breaking lernen als Prozess der Identitätskonstruktion ""I wanna do b-boy moves, but I wanna be known as a b-girl"": Learning to break as an identity construction process","""I wanna do b-boy moves, but I wanna be known as a b-girl"": Learning to break as an identity construction process"
1162684062,"""...das Wörtlein: und"": Überlegung zur Erkundung und Gestaltung des Verhältnisses zwischen Musikpädagogik und Kulturwissenschaften ""…das Wörtlein: und"": Reflections in the exploration and development of the relationship between music education and cultural studies","""…the word: and"": Reflections on the exploration and development of the relationship between music education and cultural studies"
1162684240,"Musikalisches Selbstkonzept und Musikalische Erfahrenheit beeinflussen die Entwicklung des Interesses am Schulfach Musik. Eine empirische Längsschnittuntersuchung von Schülerinnen und Schülern an Haupt-, Gemeinschafts- und Realschulen sowie Gymnasien in Baden-Württemberg Musical self-concept and musical sophistication influence the development of interest in music as a school subject. An empirical long-term study of German students at secondary schools",Musical self-concept and musical sophistication influence the development of interest in music as a school subject.
1162684313,Kompetenzorientierung und Motivation von Lehrern im Musikunterricht Competence orientation and motivation of teachers in music lessons,Competence orientation and motivation of teachers in music lessons
1162763558,Therapie der Lunatumnekrose,Treatment of lunate necrosis
1162797282,Stellungnahme zur Greenpeace-Studie „Chinesische Heilkräuter in Deutschland mit Pestiziden belastet“,Statement on the Greenpeace study „Chinese herbs in Germany contaminated with pesticides“
1162835990,Medizinische Instrumente 2 Nicht-schneidende Instrumente,Medical Instruments 2 Non-cutting Instruments
1162840536,Traditionelles Taekwondo als Ethik des Selbst die Selbstpraxis einer Kampfkunst aus der Perspektive der Ethnologie der Ethik,"Traditional Taekwondo as ethics of the self, the self-practice of a martial art from the perspective of ethnological ethics."
1162840684,"Funkenschlag zwischen Wissen und Macht eine Rekonstruktion der Prozesse, Wirkungen und Herausforderungen wissenschaftlicher Policy-Beratung deutscher Außenpolitik","Spark between knowledge and power: A reconstruction of the processes, effects, and challenges of scientific policy advice in German foreign policy"
1162844418,Die @Bedeutung von Kinesin-1 und Kinesin-3 basiertem Transport für die Entwicklung und Stabilisierung von Synapsen in Drosophila melanogaster,The meaning of Kinesin-1 and Kinesin-3 based transport for the development and stabilization of synapses in Drosophila melanogaster
1162885629,Pneumonie hat kognitive Langzeitfolgen,Pneumonia has long-term cognitive effects
1162892226,"Gesellschaftliches Wesen und soziales Phänomen Zur negativen Dialektik von Phänomen, Wesen, gesellschaftlicher Totalität und der Bedeutung für die Kritik des modernen Antisemitismus","Social Phenomenon and Societal Being: The Negative Dialectic of Phenomenon, Essence, Social Totality, and Its Significance for the Critique of Modern Anti-Semitism"
1162892676,Molekulargenetische Charakterisierung klonaler Immunglobulingen-Rearrangements und Bestimmung von minimaler Resterkrankung bei aggressiven Non-Hodgkin-Lymphomen der B-Zell-Reihe,Molecular characterization of clonal immunoglobulin rearrangements and determination of minimal residual disease in aggressive non-Hodgkin lymphomas of the B-cell type
1162894296,Zukunft elektrochemischer Speicher für Hybridantriebe - Studienreport am Beispiel von Hybridrangierlokomotiven,Future electrochemical storage for hybrid drives - study report on the example of hybrid shunting locomotives
1162897244,Direkte Kopplung von Rubidiumatomen und Oberflächenplasmonen an einer Gold-Vakuum-Grenzfläche,Direct coupling of rubidium atoms and surface plasmons at a gold-vacuum interface
1162926686,Narrative Interaktion: Entwicklungsaufgabe und Ressource des Erzählerwerbs,Narrative Interaction: Development Task and Resource of Storytelling
1162955171,Aufbereitung metallurgischer Schlacken,Preparation of metallurgical slags
1162988525,Kognitive Handlungsrepräsentationen als Strukturgrundlage zur Definition von kognitiver Aktivierung im Sportunterricht,Cognitive action representations as structural basis for defining cognitive activation in physical education
1163008990,Honorarrunde 2016: Krankenkassen wollen Arzthonorare absenken,Honorar Round 2016: Health insurance companies want to reduce physician fees
1163010065,"Prozessoptimierung für Immobilienverwaltungen - inkl. Arbeithilfen online Effizienz steigern, Profitabilität erhöhen","Process optimization for real estate management - including online work assistance Efficiency improvement, increase in profitability"
116320188X,Gute Musik. Repräsentation und Wirkung prosozialer Musik,Good music. Representation and effect of prosocial music
1163236330,Charakterisierung des Einflusses einer Hochfett Diät auf die Neurodegeneration eines Mausmodells für α-Synukleinopathie,Characterization of the effect of a high-fat diet on neurodegeneration in a mouse model for α-synucleinopathy
1163236403,Noch einmal - Das Rätsel von Regenbach. Wirklich ein Rätsel?,Once again - The Riddle of Regenbach. Really a riddle?
1163236683,"Kids unterwegs im WWW ""Digital Natives"" oder ""Digitale Analphabeten""? Internetkompetenz bei Kindern und Jugendlichen zwischen Anspruch und Wirklichkeit - Eine Bestandsaufnahme","Children navigating the internet: ""Digital Natives"" or ""Digital Illiterates""? Internet competency among children and adolescents: A survey"
1163252565,"""Ich plädiere für einen Wettbewerb der Technologien""","""I plead for a competition of technologies"""
1163274550,Einfluss von Pigmentepithelabhebungen auf das morphologische und funktionelle Ergebnis nach Vitrektomie mit subretinaler Ko-Applikation von rtPA und Avastin und intravitrealer Gaseingabe bei exsudativer altersbedingter Makuladegeneration mit submakulärer Blutung,Influence of pigment epithelial detachments on the morphological and functional results after vitrectomy with subretinal co-application of rtPA and Avastin and intravitreal gas injection in exudative age-related macular degeneration with submacular hemorrhage
1163274623,Innere und äußere Einflussgrößen auf die Entwicklung von Bildungsmerkmalen der Kinder- und Jugendsportschulen der DDR während und nach der Wende von 1989/1990,Influence factors on the development of educational features of children's and youth sports schools in the DDR during and after the transition of 1989/1990
1163281972,Reintegration studentischer Remigranten in Rumänien,Reintegration of student remigrants in Romania
1163301280,Länderbericht Türkei,Country Report Turkey
1163319724,Business Medi(t)ation 1 Gesunde Selbstführung und Konfliktkompetenz,Healthy Self-Leadership and Conflict Competence
1163320811,Inbetriebnahme und Modifikation eines Tieftemperatur-Raster-Polarisations-Mikroskops (TTRPM) und Abbildung der lokalen Flussdichteverteilung in supraleitenden Niob-Proben,Initialization and modification of a low-temperature raster-polarization microscope (TTRPM) and imaging of the local magnetic field distribution in superconducting niobium samples
1163388602,Einstellungen von Sportlehramtsstudierenden zur Sprachbildung im Sportunterricht Entwicklung und Validierung des ESBiS-Instruments,Settings of future PE teachers regarding language formation in physical education classes - Development and validation of the ESBiS instrument
1163391131,A tale of a tail – eine kurze Geschichte der Biosynthese von Flagellen,A tale of a tail – a short story of the biosynthesis of flagella
1163391220,Knallgasbakterien – neue Synthesewege mit Cupriavidus necator,Knallgasbacteria – new synthesis pathways with Cupriavidus necator
1163439622,Bollwerk Zivilgesellschaft? Der Drang zum Extremen und Fanatismus in diesen unsicheren Zeiten,Civic Society: The Drive towards Extremism and Fanaticism in These Uncertain Times
1163451371,Anatomische Varianten der Sylvischen Fissur und der Einfluss auf die Operationsstrategie und das Outcome nach geclippten intrakraniellen Aneurysmen,Anatomical variants of the sylvian fissure and their impact on surgical strategy and outcome after clipped intracranial aneurysms
1163452181,Biotechnologie als Medialität Strategien Organischer Medienkunst,Biotechnology as a Media Strategy: Organic Media Art
1163514136,Welche Zukunft hat das Christentum? Anstöße aus dem Denken Bernhard Weltes und Klaus Hemmerles,What is the future of Christianity? Impulses from the thinking of Bernhard Weltes and Klaus Hemmerle
1163529826,Einstweilige Anordnung im Normenkontrollverfahren gegen die Verordnung über die einstweilige Sicherstellung des geplanten Landschaftsschutzgebietes “Hohe Geest”; Genehmigung zur Errichtung von Windkraftanlagen,"Temporary injunction in the Normenkontrollverfahren against the Decree on the temporary safeguarding of the planned landscape conservation area ""Hohe Geest""; Permission for the construction of wind turbines"
1163536393,Wissenschaftsphilosophen im Krieg - Impromptus,Philosophers of Science at War - Impromptus
116362781X,Call- und Service-Center Konsolidierung der Kundenservice-Dienstleistungen,Consolidation of Customer Service Services
1163628654,Branchenanalyse Möbelindustrie Forschungsförderung Working Paper,Industry Analysis Furniture Industry Research Promotion Working Paper
116365034X,"11 Köpfe - 1 Ziel Wie Fußballprofis, Trainer & Fans von den Geheimnissen der Motivation profitieren","Eleven Heads - One Goal: How Football Professionals, Coaches, and Fans Benefit from the Secrets of Motivation"
1163664634,"Alter, Technik, Ethik. Ein Fragen- und Kriterienkatalog","Age, Technology, Ethics. A Guiding and Criteria Catalog"
1163703559,Einfluss der Verschmutzung auf blendfreie Fernlichtsysteme,The impact of pollution on non-dazzling high beam systems
1163719900,Selbstheilende Beschichtungen im maritimen Bereich,Self-healing coatings in the marine environment
1163720100,Zuverlässige und effiziente Aufbereitung von Emulsionen,Reliable and efficient preparation of emulsions
1163756768,Migrationsdruck durch Flüchtlinge: Die Südostbayerischen Grenzräume am Ende der Balkanroute 2015–2016,Migration pressure due to refugees: The southeastern Bavarian border regions at the end of the Balkan route 2015–2016
1163756946,Makroregionale Strategien als Katalysator der Weiterentwicklung des europäischen Mehrebenensystems?,Regional strategies as a catalyst for the further development of the European multi-level system?
1163780723,Arbeiterbewegung von rechts? Motive und Grenzen einer imaginären Revolte,Workers' movement from the right? Motivations and limits of an imaginary revolt
116380066X,Was ist Rechtspopulismus?,What is right-wing populism?
1163805564,Einfluss von Östrogenrezeptor-β-Modulatoren auf die Chemotherapeutika-induzierte Apoptose von Mammakarzinomzellen,Effect of Estrogen Receptor-β Modulators on Chemotherapy-Induced Apoptosis of Breast Cancer Cells
1163855103,Neues Verfahren Echtzeit-Temperaturmessung von Halbleitern,New method: Real-time temperature measurement of semiconductors
1163927503,"Majority Report Krankheiten vorhersagen und entgegenwirken — das ist eine Vision von Philips, weshalb der Konzern jetzt radikal für den digitalen Megamarkt im Gesundheitswesen umbaut","Predicting and counteracting diseases — that is the vision of Philips, which is why the company is now radically transforming itself for the digital megamarket in the healthcare sector"
1163927805,"Sinnvolle Software Vertrieb: CRM-Systeme alleine sorgen nicht für Transparenz, Steuerung und Effizienz","Meaningful Software Sales: CRM systems alone don't ensure transparency, control, and efficiency."
1163928232,Flexiblere Arbeit? return kontrovers: Diskurs und Debatte,Flexible work? return controversial: Discussion and debate
1163931497,"Weimar IFF-Baustoff-Forum: Ziegel — Entwicklungen, Trends, Perspektiven","Weimar IFF-Baustoff-Forum: Brick — Developments, Trends, Perspectives"
116393173X,Bayreuth 90. Jahrestagung der Deutschen Keramischen Gesellschaft,Bayreuth 90th Annual Meeting of the German Ceramic Association
1163931985,"Die @ältesten und vielseitigsten Nano-Partikel der Welt — geogene nanoskalige Partikel und ihre Verwandten, Teil 1: Charakterisierung und Anwendungen","The oldest and most versatile nano-particles in the world — geogenic nano-scale particles and their relatives, Part 1: Characterization and Applications"
1163937541,Statistische Versuchsplanung bei der Konsolidierung SiC-gefüllter Precursorkeramiken,Statistical experimental design for the consolidation of SiC-filled precursor ceramics
1163938173,"Sommerkolloquium 2016 des Instituts für Gesteinshüttenkunde (GHI), RWTH Aachen: „Glas?Klar! — Ein Streifzug durch die vielfältige Welt des Glases“","Summer Colloquium 2016 of the Institute for Geological Sciences (GHI), RWTH Aachen: „Glass?Clear! — A Stroll through the Diverse World of Glass“"
1163955884,Tofacitinib (Rheumatoide Arthritis) Nutzenbewertung gemäß § 35a SGB V (Ablauf Befristung),"Tofacitinib (Rheumatoid Arthritis) Benefit Assessment pursuant to § 35a SGB V (Procedure, Duration)"
1164001264,Thermoökonomische Optimierung und Steigerung der Exergie-Effizienz keramischer Produktionsprozesse am Beispiel eines Rollenofens,Thermoeconomic Optimization and Improvement of Exergy Efficiency in Ceramic Production Processes using a Rotary Kiln as an Example
1164001299,"Experimentelle Untersuchungen zum Liquidus-Bereich des Systems ZrO2-SiO2 mittels aeroakustischer Levitation, Teil 1: Monotektikum und Mischungslücke","Experimental studies on the liquidus region of the ZrO2-SiO2 system using aeroacoustic levitation, Part 1: Monotectic and compositional gap"
1164001477,Großserientaugliche Formgebung durch Duroplast-Spritzgießen zur Herstellung von faserverstärkter Keramik,Mass production suitability through Duroplast injection moulding for the manufacture of fiber-reinforced ceramic
1164001639,"Die @ältesten und vielseitigsten Nano-Partikel der Welt — geogene nanoskalige Partikel und ihre Verwandten, Teil 2: Haupt- und Untergruppen tonkeramischer Rohstoffe","The oldest and most diverse nanoparticles in the world — geogenic nanoscaled particles and their relatives, Part 2: Main and sub-groups of clay-forming raw materials"
116400185X,Reaktionssintern von transparentem Al2O3-reichem Mg-Al-Spinell,Transparent Al2O3-rich Mg-Al-spinel reaction
1164017934,Dynamische Instabilität eines Bose-Einstein Kondensats in einem optischen Ringresonator,Dynamic instability of a Bose-Einstein condensate in an optical ring resonator
1164057170,Assistenzsystem für Schmalgangstapler gleicht Bodenunebenheiten aus,Assist system for narrow aisle trucks compensates for ground irregularities
1164057391,Eine @Einführung in die Mechanik über die zweidimensionale Dynamik Die Wirksamkeit des Design-Based Research Ansatzes,An Introduction to Mechanics through Two-Dimensional Dynamics: The Effectiveness of the Design-Based Research Approach
1164071335,"Der @Bodensee Obersee, Untersee, Überlinger See","Lake Constance (Obersee, Untersee, Überlinger See)"
1164076868,Technologiebericht 4.2b Power-to-gas (Methanisierung biologisch) innerhalb des Forschungsprojekts TF_Energiewende,Technology Report 4.2b Power-to-gas (biological methanization) within the research project TF_Energiewende
1164085646,Profit und Nachhaltigkeit beschäftigen Landwirte,Farmers focus on profit and sustainability
1164156195,Narrative Bioethik in der klinischen Ethikberatung - am Beispiel des Marburger Modells und unter besonderer Berücksichtigung des Storykonzepts von Dietrich Ritschl,Narrative Bioethics in Clinical Ethics Consultation - Using the Marburg Model and Focusing on the Storytelling Concept by Dietrich Ritschl
1164214950,Bildung für alle? Wer an Volkshochschulkursen teilnimmt und wer nicht Education for everyone? Who participates in adult education courses and who doesn‘t,Education for everyone? Who participates in adult education courses and who doesn‘t
1164277634,PSIAC: Interaktionsdatenbank für Ärzte und Apotheker,PSIAC: Interactive Database for Doctors and Pharmacists
1164290657,"Autoimmunhepatitis – Klinik, Diagnostik, Therapie","Autoimmune Hepatitis – Clinic, Diagnosis, Therapy"
1164295136,Handbuch Geschichte der deutschsprachigen Soziologie Band 3: Zeittafel,Handbook of the History of German-speaking Sociology Volume 3: Timeline
1164427970,Jäger und Farmer räumlich und thematisch trennen,Hunters and farmers are spatially and thematically separate
1164428314,Gerontopsychosomatischer Konsil‑/Liaisondienst in der stationären Akutgeriatrie Effekte des Vertrauens und der Unterstützung auf die Patient-Pflegenden-Interaktion,Gerontopsychosomatic Consultation-Liaison Service in Inpatient Geriatrics Effects of Trust and Support on Patient-Caregiver Interaction
1164433067,Lähmender Datenschutz?,Sluggish Data Protection?
1164498142,Projektbericht. Partizipation mainstreamen Politikempfehlungen des Forschungsprojekts „DELIKAT – Fachdialoge deliberative Demokratie”,Project Report. Incorporating Participation in Mainstream Politics: Policy Recommendations from the Research Project “DELIKAT – Fachdialoge deliberative Demokratie”
1164505114,"92. Jahrestagung der Deutschen Keramischen Gesellschaft (DKG), Teil 1","92nd Annual Meeting of the German Ceramic Society (DKG), Part 1"
1164545949,Mit dem Dritten sieht man besser Triaden und Triangulierung in der Beratung,"With the third one, one sees better triads and triangulation in counseling"
1164589148,Frieden im Niemandsland - Die Waffenruhen um Weihnachten 1914 an der Westfront,Peace in No Man's Land - The Christmas Truce of 1914 on the Western Front
1164605445,"Heimatbilder und -konstruktionen in Werken der deutschsprachigen Autorinnen und Autoren tschechischer Herkunft (Moníková, Faktor, Fusek)","Home Images and Constructions in Works by German-Speaking Authors of Czech Origin (Moníková, Faktor, Fusek)"
1164763814,Zentrum und Peripherie aus literaturwissenschaftlicher Sicht,Center and Periphery from a Literary Studies Perspective
1164768468,"Integration von chromatographischen Verfahren, Membranverfahren und (bio)-chemischen Reaktionen","Integration of chromatographic methods, membrane processes and (bio)-chemical reactions"
1164812777,"Überlegungen zu Entstehung, Begriff und Methode von Aby Warburgs Bilderatlas","Considerations on the Origin, Concept, and Method of Aby Warburg's Bildatlas"
1165079178,Kreislaufwirtschaft von MgO-C Feuerfeststeinen,Recycling of MgO-C firebricks
1165132826,Kein Anspruch des Patienten auf Herausgabe krankenhausinterner Unterlagen BGB §§275 Abs. 1; 630 g; 810,No claim by the patient to disclose hospital internal records §275 Abs. 1; 630 g; 810 BGB
116514137X,"Erst sparen, dann kaufen? Privatverschuldung in Deutschland","Save first, then buy? Private debt in Germany"
1165227614,Über die Reaktivität von Betonzusatzstoffen -Ein versuchsbasiertes Hydratationsmodell-,On the Reactivity of Concrete Additives - An Experimental Hydration Model
1165301741,Frühlingsklänge Eichendorffs Antwort auf Goethes Osterspaziergang,Eichendorff's Response to Goethe's Easter Walk
1165302012,Mikrodidaktische Planungen von Lehrenden in der Erwachsenenbildung Theoretische und empirische Annäherungen an ein Forschungsdesiderat,Microdidactic Planning of Educators in Adult Education Theoretical and Empirical Approaches to a Research Need
1165304716,Untersuchung der Zusammenhänge von Selbstdiffusion und Viskosität in flüssigen metallischen Schmelzen,Investigation of the relationships between self-diffusion and viscosity in liquid metallic melts
1165304821,"""Ihr gehört auch zur Avantgarde"". Afrikanische Gewerkschafter an der FDGB-Hochschule Fritz Heckert (1961-1963)","""You are also part of the avant-garde"". African trade unionists at the FDGB Fritz Heckert College (1961-1963)"
1165390868,Neustart des LHC: die Entdeckung des Higgs-Teilchens Die Weltmaschine anschaulich erklärt,Restart of the LHC: the discovery of the Higgs boson explained in a comprehensible way
1165460580,Interkulturelle Schulentwicklung an Grundschulen Die Perspektiven von Lehrer/innen und Schulleiter/innen,Intercultural School Development at Primary Schools: Perspectives of Teachers and School Leaders
1165503069,Adel (Frühe Neuzeit),Nobility (Early Modern Period)
1165503158,"Märtyrer (Christentum, Frühe Neuzeit)","Martyrs (Christianity, Early Modern Period)"
1165506998,Variationszugang zur QCD in Coulombeichung,Variation access to QCD in Coulomb coupling
1165576910,DIE F-DIMENSION - Einführung eines psychoemotionalen Elementes in die Bion’sche Psychoanalyse und darüber hinaus,THE F-DIMENSION - An Introduction to the Incorporation of a Psychoemotional Element in Bion's Psychoanalysis and Beyond
1165649365,Gedanken über „das Dunkle“,Thoughts on „the Dark“
1165683431,Haushalts- und Rechnungswesen: Komponenten für eine weniger aufwendige Umstellung,Accounting and Financial Reporting: Components for a less cumbersome transition
1165826097,Verfassungsunmittelbare Leistungsansprüche und demokratische Legitimation des G-BA,Constitutionally independent performance claims and democratic legitimization of the G-BA
116586892X,#Erdogan-Diktatur Hashtags als Elemente von Substantivkomposita in politischen Tweets,#Erdogan-Dictatorship Hashtags as Elements of Substantive Compounds in Political Tweets
1165925613,Die @Energieeffizienz von Hochtemperatur-Tunnelöfen,The energy efficiency of high-temperature furnaces
1166017176,Data Provenance Technische Lösungskonzepte für das Datenschutzrecht auf Auskunft,Data Provenance Technical Solutions for Data Protection Law on Information
116601990X,LAG Sachsen: Entfernung einer Abmahnung aus der Personalakte,Saxony: Removal of a Warning from Personnel File
1166044645,Additive Fertigung mit technischer Keramik,Additive Manufacturing with Technical Ceramics
1166053415,Effekt der von Bor und Stickstoff induzierten isovalenten Störstellen auf den Leitungsbandtransport in III-V-Halbleitern,Effect of the isovalent defects induced by boron and nitrogen on the conduction band transport in III-V semiconductors
1166068129,"Soziales Kapital geht verloren Migranten erhalten eine Chance: Pro: Wiedereinführung der Meisterpflicht, Contra: Wiedereinführung der Meisterpflicht","Social capital is lost Migrants get a chance: Pro: Reintroduction of Master Craftsman Status, Contra: Reintroduction of Master Craftsman Status"
1166068218,Die @„Diesel-Debatte“: ökonomische Handlungsempfehlungen an die Politik,"The ""Diesel Debate"": Economic Policy Recommendations"
1166068315,Lebensstandardsicherndes Niveau der gesetzlichen Rentenversicherung erforderlich,Level of the legal pension insurance required for life standard
1166074331,Verteilungseffekte von Finanzialisierung,Distribution effects of financialization
1166091317,Zur Schallentstehung an den Seitenkanten von Wölbklappen für Windenergieanlagen,On the side edges of wind turbine blade flaps
1166122050,Wer bleibt gesund? Zum Problem der Vorhersage von Resilienz,Who stays healthy? The problem of predicting resilience
1166190102,Zum Einfluss der viskoelastischen Eigenschaften des beschichteten Bewährungsmaterials auf das Zugtragverhalten von carbonbewehrtem Beton,The influence of the viscoelastic properties of the coated test material on the tensile strength behavior of carbon-reinforced concrete
1166219305,Emissionen nachhaltig reduzieren,Reduce emissions sustainably
1166260283,Erosionsvorsorgende Landwirtschaft,Erosion-protective agriculture
1166293890,Briefwechsel III (1845-1852),Letters III (1845-1852)
1166305414,"Entwicklung in sozialen Beziehungen Heranwachsende in ihrer Auseinandersetzung mit Familie, Freunden und Gesellschaft","Development in social relationships: Adolescents in their dealings with family, friends, and society"
1166315274,Hydrothermale Carbonisierung von Proteinen und Ölen/Fetten,Hydrothermal carbonization of proteins and oils/fats
1166380793,Das @Paderborner Modell des Praxissemesters im Fach Philosophie,The Paderborn Model of the Practical Semester in the Field of Philosophy
1166382761,ATO-Tagung 2017: Nutzenbewertung in der Onkologie Zentren im Spannungsfeld zwischen (politischen) Rahmenbedingungen und Patientenwunsch,ATO Conference 2017: Patient Benefit Assessment in Oncology: Balancing Political Framework and Patient Wishes
1166400263,Grundkurs Theoretische Physik 1 Klassische Mechanik und mathematische Vorbereitungen,Basic Course Theoretical Physics 1 Classical Mechanics and Mathematical Preparations
1166420272,Wie bei Typ-2-Diabetes die Bereitschaft zur Insulintherapie erhöht werden kann,How the readiness for insulin therapy can be increased in type 2 diabetes
1166547175,HDX-MS in den Lebenswissenschaften,HDX-MS in the Life Sciences
1166559459,Zwitterionische und vernetzbare Copolymer-Bausteine für Antifouling-Beschichtungen,Zwitterionic and cross-linkable copolymer building blocks for antifouling coatings
1166559734,Auswertung von Reproduktionsdaten nach Implementierung einer Impfung gegen das Influenzavirus A(H1N1)pdm09 in Schweinebeständen mit dem Nachweis pandemischer Influenzaviren,Evaluation of reproduction data after implementation of vaccination against the Influenza A(H1N1)pdm09 virus in pigs with the detection of pandemic influenza viruses
116658058X,"Kants Kritik an Spinoza (KdU §§ 72, 73) und die Individuation organisierter Naturdinge","Kant's Critique of Spinoza (KdU §§ 72, 73) and the Individuation of Organized Natural Objects"
1166581942,Précis zu Determined by Reasons: A Competence Account of Acting for a Normative Reason,Abstract of 'Determined by Reasons: A Competence Account of Acting for a Normative Reason'
1166604152,"Christian Krijnen, Kurt Walter Zeidler (Hg.): Reflexion und konkrete Subjektivität. Beiträge zum 100. Geburtstag von Hans Wagner (1917–2000)",Christian Krijnen and Kurt Walter Zeidler (eds.): Reflection and Concrete Subjectivity. Contributions to the 100th Birthday of Hans Wagner (1917–2000)
1166607119,Robert H. Gassmann: Menzius. Eine kritische Rekonstruktion mit kommentierter Neuübersetzung,Robert H. Gassmann: Menzius: A Critical Reconstruction with Commented New Translation
1166756920,"Differentialpsychologische Untersuchung der mimischen Emotionserkennung hinsichtlich der Faktoren Alexithymie, Emotionale Intelligenz, Emotionsregulation und Persönlichkeit eine korrelative Studie","Correlational study of the differential psychological investigation of facial emotion recognition in relation to alexithymia, emotional intelligence, emotion regulation, and personality"
1166820645,Europa ohne Identität? Indes. Zeitschrift für Politik und Gesellschaft 2017 Heft 02,Europe Without Identity? Indes. Journal of Politics and Society 2017 Issue 02
116685082X,Evaluierung der Nutzungsmöglichkeiten verschiedener Blutparameter zur retrospektiven Diagnose von Stress beim Schwein,Evaluation of the usability of various blood parameters for the retrospective diagnosis of stress in pigs
1166923568,"Wo das Plattenepithelkarzinom der Lippe sitzt, ist entscheidend",Where the squamous cell carcinoma of the lip is located is crucial
116692808X,Integriertes Versorgungssystem für Luftfedern,Integrated air spring supply system
1166932486,Telematik und telemedizinische Leistungen unter rechtsophthalmologischen Aspekten,Telemedicine and telematics services under ophthalmological legal aspects
1166950492,Circadiane Expression der Uroplakine in der murinen Harnblase,Circadian Expression of Uroplakin in the Mouse Urinary Bladder
1166957853,Untersuchungen zum Druckschlickerguss von kohlenstoffgebundenem Aluminiumoxid,Research on the pressure casting of carbon-bonded aluminum oxide
1167109201,Spezielle nephrologische Bildgebung in der Pädiatrie,Pediatric Nephrology Imaging
1167133722,Steer-by-Wire-System für Dreirad-Elektrogegengewichtsstapler,Wireless Steering System for Three-Wheel Electric Lift Truck
1167194500,Schneller am Berg mit dem Mountainbike,Faster uphill on the mountain bike
1167195140,VW Passat 9/80 bis 3/88 So wird´s gemacht - Band 27,VW Passat 9/80 to 3/88: So wird's gemacht - Volume 27
1167231058,"Fehler, Fehlkonzepte und spezifische Vorgehensweisen von Schülerinnen und Schülern beim Experimentieren Ergebnisse einer videogestützten Beobachtung","Errors, flawed concepts, and specific approaches of students in experimentation - Results of a video-assisted observation"
1167232127,Trinkwasserversorgung: privat gleich teuer?,Drinking water supply: Private just as expensive?
1167244192,Effektanalytische Untersuchungen mit Biotests und Biomarkern zur Erfassung des Einflusses von Kläranlagen und Regenwasserentlastungen auf Oberflächengewässer,Effector analysis studies using biotests and bioindicators to assess the impact of wastewater treatment plants and stormwater discharge on surface water
1167307127,Mikromechanische Wirkungsweise von Schichtsilikaten der zweiten Generation ein neuartiger Nanofüllstoff zur Steigerung der Steifigkeit und Zähigkeit von PMMA,Micromechanical mechanism of action of second-generation layered silicates novel nano-filled material for increasing the stiffness and toughness of PMMA
1167344413,Ein @erweitertes Effizienzmaß für DMUs im BCC-Modell Eine ökonomiegerechte DEA-Anpassung,An extended efficiency measure for DMUs in the BCC model An economically appropriate DEA adjustment
1167362411,Währungsunion und Weltwirtschaft Festschrift für Wilhelm Hankel zum 70. Geburtstag,Currency Union and World Economy Festschrift for Wilhelm Hankel on his 70th Birthday
1167362942,Dorfgesellschaft – Konflikterfahrung - Partizipationskultur Sozialer Wandel und politische Kommunikation in Landgemeinden der badischen Rheinpfalz (1720-1850),Rural Society – Conflict Experience - Participatory Culture Social Change and Political Communication in Villages in the Baden Rhine Palatinate (1720-1850)
1167363299,Die @Huldigung der Untertanen Rechtskultur und Herrschaftsordnung (800-1800),The Homage to the Subjects (800-1800)
1167365410,Bildendes Sehen,Visual Perception
1167370716,Der @Gegenstand der Erkenntnis Historisch-kritische Ausgabe. Teil 1: 2. Auflage (1904). 1. Auflage durch editorischen Apparat. Teil 2: 6. Auflage (1928). 3. und 4./5. Auflage durch editorischen Apparat,The object of knowledge: Critical Historical Edition. Part 1: 2nd edition (1904). 1st edition with editorial apparatus. Part 2: 6th edition (1928). 3rd and 4th/5th edition with editorial apparatus
1167406389,Tier werden,Becoming Animals
1167415558,Die @europäische Schuldenkrise als Schub systemischer Vergesellschaftung: Von Partizipationsversprechen zu Partizipationszwang,The European debt crisis as a push towards systemic socialization: From participation promises to participation compulsion
1167508351,Faszination Psychologie – Berufsfelder und Karrierewege,Fascination Psychology – Career Fields and Career Paths
1167595696,Grundlagen der Sportmotorik im Bachelorstudium (Band 1),Fundamentals of Sports Motorics in Bachelor Studies (Volume 1)
1167662741,Internationalrechtliche Regulierung des Whistleblowing Anpassungsbedarf im deutschen Recht,International legal regulation of whistleblowing - Adaptation needs in German law
1167663152,Wieso wir mit Staaten nicht Verstecken spielen sollten,Why we should not play hide and seek with states
1167664094,Vereint gegen den Terror? Die Anwendung der europäischen Bündnisklausel nach den Pariser Anschlägen,United against terrorism? The application of the European solidarity clause after the Paris attacks.
1167682904,Funktionelle Anatomie des equinen Kiefergelenkes: Kollagenfaserarchitektur und Histologie der Gelenkflächen,Functional anatomy of the equine temporomandibular joint: collagen fiber architecture and histology of joint surfaces
1167691318,Implementierte Industrie,Implemented Industry
1167717139,Verpackungstechnologische Einflussfaktoren auf leichtes Öffnen und sichere Handhabung von Verbraucherverpackungen,Packaging technological factors influencing easy opening and safe handling of consumer packaging
1167772318,"""Bauwirtschaft und privater Konsum haben nach wie vor kräftig Dampf"" Interview mit Claus Michelsen","""Construction industry and private consumption still have strong momentum"" Interview with Claus Michelsen"
1167800532,"Dynamiken des Apokryphen Lukians Schrift ""Von der syrischen Göttin""","Dynamics of the apocryphal book ""On the Syrian Goddess"" by Lucian"
1167919173,Wissensarbeit mit Social Media Plattformen – Unsicherheitsfaktoren als Managementansatz,Knowledge Work with Social Media Platforms – Uncertainty Factors as a Management Approach
1167927613,Jahrbuch der Hambach-Gesellschaft 24 (2017),Yearbook of the Hamburg Society 24 (2017)
1167939875,Sterben und Tod in der Moderne,Death and Dying in Modernity
1168010225,"Kompetenzorientierung und Aufgabenkultur in der Trainerbildung Leistungssport. Eine Differenzanalyse zwischen Ausbildungsansprüchen und Ausbildungswirklichkeit im DOSB hinsichtlich Kompetenzverständnis, Zielen und methodischer Gestaltung","Competency orientation and task culture in sports coaching education. A comparative analysis between educational requirements and educational reality in the German Olympic Sports Confederation (DOSB) regarding competency understanding, goals, and methodological design"
1168145821,Das @Proteom der Mitochondrien: Submitochondriale Kompartimentierung,The mitochondrial proteome: Submitochondrial compartmentalization
1168145929,Newcastle Krankheit (ND) bei Puten und ihre Prävention durch Impfung mit einer attenuierten ND-Vakzine,Newcastle Disease (ND) in Chickens and Its Prevention by Vaccination with an Attenuated ND Vaccine
1168146461,Oszillometrische Pulswellenmessung - Alters- und geschlechtsspezifische Verteilungsmuster und Stellenwert in der kardiovaskulären Risikostratifizierung,Oscillometric Pulse Wave Measurement - Age- and Gender-Specific Distribution Patterns and Role in Cardiovascular Risk Stratification
1168229707,Modellierung der Zuverlässigkeit technischer Systeme mit stochastischen Netzverfahren,Modeling the reliability of technical systems using stochastic network methods
1168229898,Statistische Physik Lehrbuch zur Theoretischen Physik IV,Statistical Physics Textbook for Theoretical Physics IV
116832341X,»Skandal um Eva« Repräsentationen und Imaginationen weiblicher Delinquenz in Illustrierten Magazinen der Weimarer Republik,»Scandal of Eva« Representations and Imaginations of Female Delinquency in Illustrated Magazines of the Weimar Republic
1168324165,Moral - Sitte - Utopie. Hegel über Platons Politeia,Moral - Ethics - Utopia. Hegel on Plato's Politeia
1168325633,Modellkompatible Beschreibung der Festigkeit ferritischer und austenitischer ODS-Stähle mittels skalenübergreifender Werkstoffcharakterisierung,Scale-covering characterization of the strength of ferritic and austenitic ODS steels
1168380049,Was machen/macht KuratorInnen?: Subjektivierungsformen in neuen Programmen kuratorischer Aus- und Weiterbildung in Deutschland,What do curators do?: Subjectivization forms in new curatorial training programs in Germany
1168380235,Identifizierung natürlicher Liganden der Abscisinsäure-Rezeptorkomplexe,Identification of natural ligands of the abscisic acid receptor complexes
1168462762,Migration und Lebenszufriedenheit. Eine theoriegeleitete empirische Analyse,Migration and life satisfaction. A theory-based empirical analysis
1168471583,Effizientes Recyceln von Traktionsbatterien,Efficient recycling of traction batteries
1168571901,Jahrbuch für Kulturpolitik 2017/18 Welt. Kultur. Politik. - Kulturpolitik in Zeiten der Globalisierung,"Yearbook for Cultural Politics 2017/18: World, Culture, Politics - Cultural Politics in the Age of Globalization"
1168590914,Auftreten von Spätfolgen nach caniner Parvovirose,Delayed complications after canine parvovirus infection
116872144X,Empathie Hilfe oder Hindernis bei aktuellen Integrationsaufgaben und dem Umgang mit Radikalisierung?,Empathy: Help or Hindrance in Current Integration Tasks and Dealing with Radicalization?
1168723760,Theorie der Fermiflüssigkeit in Metallen Ein kompakter Überblick als Einführung in die Theoretische Festkörperphysik,Theory of Fermi Liquidity in Metals A brief overview as an introduction to theoretical solid-state physics
1168728843,Ästhetische Erziehung in Deutschland und Südkorea Eine vergleichende Studie zur Musikerziehung im Kindergarten,Aesthetic Education in Germany and South Korea: A Comparative Study on Music Education in Kindergarten
1168900603,Zum Einfluss der sexuellen Orientierung auf soziale Fähigkeiten,The influence of sexual orientation on social skills
1169131077,Wirtschaftlichkeitsbewertung von Pflanzenschutzstrategien in E- und A‑Weizen anhand eines Feldversuches in Brandenburg mit sechsgliedriger Fruchtfolge in den Jahren 2004 bis 2016,Economic evaluation of plant protection strategies in einkorn (E) and winter wheat (A) using a field experiment in Brandenburg with a six-year crop rotation system from 2004 to 2016
1169131085,Berechnung des Umweltrisikos der Pflanzenschutzmittelanwendungen in den Vergleichsbetrieben mittels SYNOPS,Calculation of environmental risk of plant protection agent applications in the comparison farms using SYNOPS
1169291732,So gut wie neu Reparieren mit 2K-Strukturklebstoffen,As good as new: Repairing with 2K-structural adhesives
1169293360,Ein @aufstrebendes Land voller Widersprüche China,A rising land full of contradictions: China
1169300081,Kritik auf neuen Wegen. Die politische Beteiligung junger und alter „critical citizens“ im Vergleich,"Criticism on New Paths. The Political Participation of Young and Old ""Critical Citizens"" Compared"
1169300928,Der @Sponsoring-Funnel empirische Untersuchung eines modelltheoretischen Ansatzes zur Darstellung des Einflusses von Sportsponsering auf das Konsumverhalten in der Automobilindustrie,The @Sponsoring-Funnel empirical study of a model-theoretical approach to the representation of the influence of sportsponsoring on consumption behavior in the automotive industry.
116941379X,Modularer Ansatz für die Elektrifizierung von Stadtbusflotten,Modular approach to electrifying city bus fleets
1169466559,Rauchverbote rund um die Praxis,Smoking bans around the practice
1169513433,"Man weiß nie, was drin ist",You never know what's in it
1169520421,Lichtstrukturierte Matrizen für die räumlich-zeitliche Proteinanordnung,Lattice-structured matrices for the spatial-temporal protein arrangement
1169538762,Die @Körperzusammensetzung von Hobbygamern im Vergleich zu deutschlandweit erhobenen Referenzdaten,The body composition of hobby gamers compared to Germany-wide reference data
1169538797,"Kommentar zu: Borchert, Schulke und Schneider (2018) „eSport: Vom Präfix zum Thema für den organisierten Sport!?“","Comment on: Borchert, Schulke, and Schneider (2018) „eSport: From Prefix to Theme for Organized Sports!?“"
1169568661,Herausforderungen für die europäische Zusammenarbeit mit dem südlichen und westlichen Afrika,Challenges for European cooperation with Southern and Western Africa
1169568696,Power of Rules and Rule of Power. Ein Tagungsbericht zur 59. ISA Annual Convention in San Francisco,Power of Rules and Rule of Power: A Report on the 59th ISA Annual Convention in San Francisco
1169652832,Vergleich der Immobilisierung während Pars plana-Vitrektomie unter Intubationsnarkose mit Muskelrelaxierung und unter Narkose mit Verwendung einer Larynxmaske ohne Muskelrelaxierung,Comparison of immobilisation during pars plana vitrectomy under intubation anaesthesia with muscle relaxation and under anaesthesia using a laryngeal mask without muscle relaxation
116965696X,Linkshändigkeit als Privileg oder Nachteil bei Notebookeingabegeräten?,Disadvantages of clacking as a privilege or disadvantage in notebook input devices?
1169744508,"Respondance: Das der Rede eingeschriebene Andere, die Echoräume der Rede (mit Ovids Echo)","Response: The other inscribed in the speech, the echo chambers of speech (with Ovid's echo)"
1169840329,Welche Fintechs ihre Heimat in Frankfurt finden,Fintechs that call Frankfurt home
1169873502,10 Jahre nach der Lehman-Insolvenz Ist nach der Finanzkrise vor der Finanzkrise oder wie unterscheidet sich die Lage von damals zu heute?,"10 years after the Lehman Brothers' collapse: After the financial crisis, before the financial crisis, or how does the situation then differ from today?"
1169905617,Sozialer Status und Spendenverhalten Ehrenamtlicher in Sportvereinen,Social Status and Volunteering Behavior of Volunteers in Sports Clubs
1170015433,Die @Zulässigkeit von ärztlichen Fernbehandlungsleistungen nach der Änderung des §7 Abs. 4 MBO-Ä,The admissibility of medical telemedicine services after the amendment of §7 (4) MBO-A
1170015522,"Untersagung der Tätigkeit als Heilpraktiker ohne Erlaubnisentzug nicht möglich OBG NRW §14 Abs. 1, ÖGDG NRW §28 Abs. 4, ÖGDG NRW §18 Abs. 4","The prohibition of activity as a healing practitioner without revocation of the license is not possible according to OBG NRW §14 Abs. 1, OGDG NRW §28 Abs. 4, OGDG NRW §18 Abs. 4."
1170020747,Quantum Computing — ein Blick unter die Haube Weshalb hardwareorientierte Quanten-Softwareentwicklung von so großer Bedeutung ist,Quantum Computing — A Look Under the Hood Why Hardware-Oriented Quantum Software Development is So Important
1170024351,Was spricht für eine chemotherapiefreie Erstlinientherapie?,What speaks for a chemotherapy-free first-line therapy?
1170047475,"„Also, ich habe Dauerstress“ Stressauslöser und Stressempfinden im Alltag Jugendlicher und junger Erwachsener","""So, I have chronic stress. Stress triggers and stress perception in the daily lives of adolescents and young adults."""
1170101615,Altern in Betrieb Alterung und Alter(n)smanagement in kleineren und mittleren Unternehmen - vom Einzelfall zur professionalisierten Systematik,Operational Aging and Age Management in Small and Medium-Sized Enterprises - From Single Cases to Professionalized Systematics
1170108334,Branchenanalyse Chemieindustrie Der Chemiestandort Deutschland im Spannungsfeld globaler Verschiebungen von Nachfragestrukturen und Wertschöpfungsketten,Chemical Industry in Germany: Analysis of the chemical industry in Germany in the context of global shifts in demand structures and value chains.
1170287484,Das @Evangelium Matthaei,The Gospel According to Matthew
1170293638,"C. F. Koch’s Formularbuch und Notariatsrecht für den Geltungsbereich des Allgemeinen Landrechts Zum Gebrauche für Richter, Notare, Rechtsanwälte und Referendare","C. F. Koch’s Formulary and Notarial Law for the Area of General Law Application For Use by Judges, Notaries, Lawyers, and Trainees"
1170355579,Funktionelle Analyse von TALEs in Xanthomonas oryzae und Entwicklung von TALENs zum Genome Editing,Functional analysis of TALEs in Xanthomonas oryzae and development of TALENs for genome editing
1170360823,Pop-Up Planning After Disaster Katastrophenbewältigung und Reformfähigkeit nach Hurrikan Katrina in New Orleans am Beispiel strategischer Stadtentwicklungsplanung,Disaster Management and Reform Capability After Hurricane Katrina in New Orleans: A Case Study on Strategic Urban Development Planning
1170395384,Strukturelle und kinetische Untersuchungen des Zeolithkollaps,Structural and kinetic studies of zeolite collapse
1170396615,Die @soziale Beschleunigung in den nicht-westlichen Gesellschaften die Fallstudie Iran,The @social acceleration in the non-Western societies: the case study of Iran
1170399371,Der @beziehungsunfähige Mensch Vom Umgang mit Ambiguität in psychodynamischer Psychotherapie und kognitiver Verhaltenstherapie,The relationship-averse person Handling ambiguity in psychodynamic psychotherapy and cognitive-behavioral therapy
1170399576,"Wir machen kein Theater! Passagen der Performance Art der 60er Jahre bis heute, mit Hinblick auf Einschreibung, Aufzeichnung und Neubewertung von ephemerer Kunst","We're not making a spectacle! Passages of performance art from the 1960s to the present, considering inscription, recording, and reevaluation of ephemeral art."
1170581978,Eliten und Gesellschaft in der Côte dIvoire Perzeptionen des Sozial- und Strukturwandels im Kontext von Identität und Gedächtnis,Elites and Society in Côte d'Ivoire Perceptions of Social and Structural Change in the Context of Identity and Memory
1170582494,Pferd,horse
117058280X,Untersuchungen zu Einflüssen auf die Beta-Hydroxybutyrat-Konzentration im Blut und die Infrarotspektren der Milch sowie auf die Aussagekraft eines Frühwarnsystems für das Auftreten von Ketonämien bei Milchkühen,"Investigations into the influences on the concentration of beta-hydroxybutyrate in the blood and the infrared spectra of milk, as well as the reliability of an early warning system for the occurrence of ketonaemia in dairy cows"
1170582885,DNA-Reparatur und Chromatinstruktur - wechselseitige Beeinflussung nach DNA-Schädigung durch ionisierende Strahlung,DNA Repair and Chromatin Structure - Mutual Influence after DNA Damage by Ionizing Radiation
1170583008,Die @Musik bei den Augsburger Reichstagen im 16. Jahrhundert,The music at the Augsburg Imperial Diets in the 16th century
1170583105,Patronage im frühneuzeitlichen Frankreich,Patronage in early modern France
117067061X,Identitätskonstruktionen von Kindern und Jugendlichen in Bezug auf Physik – Das Identitätskonstrukt als Analyseperspektive für die Physikdidaktik?,Identity constructions of children and adolescents in relation to physics – Identity construction as an analytical perspective for physics education?
1170780393,Wozu Mittelalterforschung? Zum 30. Jubiläum des CLUDEM,What is the purpose of medieval studies? For the 30th anniversary of CLUDEM
1170780512,Simon of Apulia. Randbemerkungen zu der Edition der Dekretsumme des Simon von Bisignano,Simon of Apulia. Remarks on the edition of the summa of decrees of Simon of Bisignano
1170814522,Identifizierung und Charakterisierung von P-Glykoproteinen in kleinen Strongyliden,Identification and characterization of P-glycoprotein in small strongylids
1170814646,Autologes Conditioniertes Serum (ACS) in der Behandlung von Osteoarthritis des Hufgelenks und Komplikationen nach intraartikulärer Anwendung beim Pferd,Autologous Conditioned Serum (ACS) in the treatment of osteoarthritis of the hock joint and complications after intraarticular application in horses
1170876811,Identifizierung und Charakterisierung von differentiell exprimierten Genen im Knochenmarkstroma bei der akuten myeloischen Leukämie,Identification and characterization of differentially expressed genes in the bone marrow stroma in acute myeloid leukemia
1170892078,Achtung kafkaesk! zur Autorinszenierung in Rolf Schneiders Erzählung Metamorphosen,"Be careful, kafkaesque! On the author's acting in Rolf Schneider's story Metamorphosen"
1170892159,"""Kriegstrauma"" als eine der bedeutendsten Herausforderungen in der Antikriegsliteratur am Beispiel von Erich Maria Remarques Roman ""Im Westen nichts Neues""","""War trauma"" as one of the most significant challenges in anti-war literature, illustrated by Erich Maria Remarque's novel ""All Quiet on the Western Front"""
1170914837,"""Das Loch in meinem Herzen könnte man mit einem einzigen Faden zunähen..."" Malik, Briefe an Franz Marc von Else Lasker-Schüler","""The hole in my heart could be sewn up with a single thread..."" Malik, Letters to Franz Marc by Else Lasker-Schüler"
1170915175,Identitäts- und Türkeiperspektiven ein literaturanalytischer Ansatz von Identität und Türkeiwahrnehmung in Ulrike Almut Sandigs Erzählung 'Die Blauen Augen Deiner Mutter',Identity and Turkish perspectives: A literary-analytical approach to identity and Turkey perception in Ulrike Almut Sandig's story 'The Blue Eyes of Your Mother'
1170955304,Ungarn – was tun?,Hungary – what to do?
1170955525,"„Wie viele Divisionen hat der Papst?“ Die EU, Putins Russland und der lange Atem normativer Außenpolitik","""How many divisions does the Pope have?"" The EU, Putin's Russia and the long breath of normative foreign policy"
1170956599,Die @aber auch allereinfachste Darstellung der Lorentz-Transformation mit und ohne GAALOP,The simplest representation of the Lorentz transformation with and without GAALOP
1170958273,Medieneinsatz im mathematisch-naturwissenschaftlichen Unterricht – Entwicklung einer Modulkonzeption zur Aus- und Weiterbildung von Lehrkräften,Media Use in Mathematics and Science Education – Developing a Module Concept for Teacher Training and Professional Development
1171030401,"Prädiktive Validität von Noten für Berufsprestige, Einkommen und Arbeitszufriedenheit","Predictive validity of grades for occupational prestige, income, and job satisfaction"
117106652X,Wie sich Hauseigentümer vor steigenden Zinsen schützen,How homeowners protect themselves from rising interest rates
1171069243,Controlling in unterschiedlichen Führungskontexten — Ein Überblick,Controlling in Different Leadership Contexts — An Overview
117112824X,Transformative Sprache Der Anteil der Sprache am Effekt einer Deutung,The contribution of language to the effect of interpretation
117112953X,Rapid Shaping Prozess zur Herstellung von CFK-Bauteilen,Rapid Shaping Process for the Production of CFK Components
117121510X,Modell mit Mastergleichung zur Beschreibung der Exziton-Phonon-Wechselwirkung in Cu2O,Model with master equation to describe the exciton-phonon interaction in Cu2O
1171279701,Minimale RNA-freie RNase P in einem hyperthermophilen Bakterium,Minimum RNase P in a hyperthermophilic bacterium
1171312806,Europa - von Krisen gezeichnet raumtheoretische Analysen zum literarischen Europa-Diskurs der Gegenwart,Europe - crisis-ridden space-theoretical analyses of the contemporary European literary discourse
1171425511,"Bypassströmungen im Füllprozess textiler Strukturen: Charakterisierung, Abbildung und Optimierung","Electromagnetic Filling Processes in Textile Structures: Characterization, Mapping, and Optimization"
1171428480,„Unser Spaß überträgt sich auf die Kunden“,Our fun is contagious to our customers
1171428510,Compliance — quo vadis? Über den Wandel zum relevanten Erfolgsfaktor,Compliance — Where are we headed? On the change towards a relevant success factor
1171490852,Ehefrau oder Mutter? zur Darstellung der böhmischen Königin Margarethe von Österreich bei Franz Grillparzer und Vlastimil Vondruška,Wife or mother? Representation of the Bohemian Queen Margaret of Austria in Franz Grillparzer and Vlastimil Vondrůska
1171591772,Fragen mit gesellschaftspolitischer Relevanz,Questions of societal relevance
117160467X,Diagnosen von Schilddrüsenerkrankungen in HNO-Praxen und Hausarztpraxen in Deutschland 2008–2016,"Diagnoses of thyroid diseases in ENT practices and general practitioner practices in Germany, 2008-2016"
117163207X,Mieterhöhung: Sachverständiger muss Wohnung nicht sehen,Tenant increase: Expert does not have to see the apartment
1171633904,Narbenbehandlung mit Radiofrequenz-Needling,Scar treatment with radiofrequency needling
1171696396,Die @Kreditwürdigkeit von Firmenkunden prüfen,Assess the creditworthiness of business customers
1171705476,Umkämpfte Deutungen – Gesellschaftstheorie und die Kritik szientifischer Bestimmungen menschlicher Existenz in der biotechnologischen Medizin,Struggled Interpretations – Sociological Theory and the Criticism of Scientific Determinations of Human Existence in Biotechnological Medicine
117179908X,Standortübergreifende Lehre in der Politikwissenschaft: Nutzen und Beitrag eines innovativen Ringseminars,Interdisciplinary Teaching in Political Science: The Benefits and Contribution of an Innovative Ring Seminar
1171808453,Kunststoffe mit unidirektionaler Verstärkung für die Serie,Unidirectional composites for the series
1172071586,Populismus als Herausforderung für Wissenschaft und Praxis,Populism as a challenge for science and practice
1172071926,Trans* und Elternschaft Wie trans* Eltern normative Vorstellungen von Familie und Geschlecht verhandeln,Trans* Parents and the Negotiation of Normative Family and Gender Concepts
1172154643,Praxisbuch FEM mit ANSYS Workbench Einführung in die lineare und nichtlineare Mechanik. Mit 30 Übungsbeispielen,Practice Book FEM with ANSYS Workbench Introduction to linear and nonlinear mechanics. With 30 exercise examples
1172288453,"Charakterisierung umweltneutraler, natürlicher eisenhaltiger Sauerstoffträger für Chemical-Looping-Combustion (CLC)-Kraftwerke","Characterization of environmentally neutral, natural iron-rich oxygen carriers for Chemical Looping Combustion (CLC) power plants"
1172332770,„Auch rechtlich ist ein Ignorieren grundlegender Vorbereitungen gegen Angriffe nicht mehr vertretbar“,"""Even legally, ignoring basic preparations against attacks is no longer justifiable."""
1172346690,Brittle-Cornea-Syndrom Typ 1 durch Compound-Heterozygotie zweier Mutationen im ZNF469-Gen,Brittle Cornea Syndrome Type 1 due to compound heterozygosity of two mutations in the ZNF469 gene
1172414092,Identifizierung von Komponenten der single-cell C4 Photosynthese in Bienertia sinuspersici durch vergleichende Transkriptomik photosynthetischer Gewebe und proteomische Untersuchung der Hüllmembranen dimorpher Chloroplasten,Identification of components of the single-cell C4 photosynthesis in Bienertia sinuspersici by comparative transcriptomics of photosynthetic tissues and proteomic analysis of the envelope membranes of dimorphic chloroplasts
1172414335,Ermüdungsverhalten von hochfestem Beton unter Wasser,Fatigue behavior of high-strength concrete under water
1172414424,Resonanz-Ramanspektroskopie an Carotinoiden in Algen zur Bestimmung der Kinetik des Violaxanthinzyklus,Vibrational Raman spectroscopy of carotenoids in algae for determining the kinetics of the violaxanthin cycle
1172414505,MnFe2O4 Hybridmaterialien als Grundlage für Magnetisch-Aktive Elastomere (MAE),MnFe2O4 Hybrid materials as a basis for magnetically active elastomers (MAE)
1172414793,Physikalische Testfeld-Architektur für die Unterstützung der Entwicklung von automatisierten Schiffsführungssystemen,Physical Test Field Architecture for the Support of the Development of Automated Ship Navigation Systems
1172488878,Zur Professionalisierung von Lehrkräften im bilingualen Unterricht The professional development of CLIL teachers,For the professional development of CLIL teachers
1172527814,"Mechanik, Akustik, Wärmelehre","Mechanics, Acoustics, Heat"
1172634270,Der @Einfluss von Besatzdichte und Beschäftigungsmaterial auf das Verhalten von nicht-schnabelkupierten Junghennen von Lebenstag 36 bis 120,The influence of stocking density and feeding material on the behavior of non-beak-clipped young hens from day 36 to 120
1172634696,Die @Liedmelodie Herzlich tut mich verlangen im geistlichen Werk Johann Sebastian Bachs,"The melody of the song ""Herzlich tut mich verlangen"" is from the spiritual work of Johann Sebastian Bach"
117263498X,Hochrepetierende Erzeugung und Phasenkontrolle hoher optischer Harmonischer in Festkörpern,Generation and phase control of high optical harmonics in solids
1172665788,Bewertung des Luftrisikos beim Betrieb von kleinen unbemannten Fluggeräten im untersten Luftraum - Ein einfacher und quantitativer Ansatz,Assessment of air risk in the operation of small unmanned aircraft in the lowest airspace - A simple and quantitative approach
1172668639,Die @Wahrheit der Legende. Geltungsbedingungen und Geltungsstrategien legendarischen Erzählens am Beispiel der Legenda aurea,The Truth of the Legend. Validity Conditions and Strategies of Legendary Storytelling at the Example of the Legenda Aurea
1172672393,"Reinigung von silberhaltigen, anthropogen geschädigten, historischen Textilien mittels Atmosphärendruck-Plasmaverfahren am Modellbeispiel der national bedeutenden Sammlung des Deutschen Textilmuseums Krefeld, AZ 32230/01","Cleaning silver-bearing, anthropogenically damaged, historical textiles using atmospheric pressure plasma process as a case study of the national significant collection of the German Textile Museum Krefeld, AZ 32230/01"
1172716382,In die Stille geleiten. Darstellungsprinzipien und Erfahrungsweisen eines musikalischen Grundphänomens,Guiding into the stillness: Representational principles and experiences of a fundamental musical phenomenon
1172717370,Weiterentwicklung und Erprobung eines semikontinuierlichen Online-Verfahrens zur Bestimmung von Teerkonzentrationen in Biomassevergasungsprozessen,Further development and testing of a semidiscontinuous online method for determining the concentration of creosote in biomass gasification processes
1172717397,Realisierung PT-brechender Zustände in Bose-Hubbard-Ketten mit Teilchenverlust,Realization of PT-breaking states in Bose-Hubbard lattices with particle loss
1172796920,Die @NRW-Sportschule Chronischer Stress und Selbstkonzeptentwicklung von Sportprofilklassen,"The NRW-Sport School, Chronic Stress and Self-Concept Development of Sports Profiles Classes"
1172807914,Die @UnVollendete: Tradition in praktisch-theologischer Neuinszenierung - eine wissenschaftstheoretische Note,@Unfinished: Tradition in practically theological reinterpretation - a scientific-theoretical note
1172809674,Funktionelle Bedeutung unterschiedlicher NPR-Proteine für die Salicylsäure-abhängige Genexpression im Rahmen der systemisch aktivierten Resistenz in Arabidopsis thaliana und Nicotiana tabacum,Functional significance of different NPR proteins for salicylates-dependent gene expression in the context of systemically activated resistance in Arabidopsis thaliana and Nicotiana tabacum
1172875154,Praxiswissen Betriebliche Altersversorgung,Practical knowledge about Occupational Pension
1172875235,Reich an Kunden Verkaufen mit Leidenschaft & einer Portion knallharter Disziplin,Sell to customers with passion and a dash of tough discipline
1173086781,Produktion eines natürlichen Aromas,Production of a natural aroma
1173087540,"Schmerz, Schmerzevaluierung und Analgesie bei Reptilien, Vögeln und Fischen eine Literaturübersicht","Pain, Pain Evaluation and Analgesia in Reptiles, Birds, and Fish: A Literature Review"
1173194479,Golgatha erzählen. Das Sterben Jesu von Nazareth zwischen neutestamentlicher Überlieferung und literarischer Moderne,Narrating Golgatha: The Death of Jesus of Nazareth between New Testament Tradition and Modern Literary Reinterpretation
1173249087,Forschungsdesign in der Politikwissenschaft Eine theorieorientierte Perspektive mit Anwendungsbeispielen,Research Design in Political Science: A Theory-Oriented Perspective with Application Examples
1173280804,Martin Bondeli: Kant über Selbstaffektion,Martin Bondeli: Kant on Self-Affect
1173283579,Dorothee Schmitt: Das Selbstaufhebungsargument. Der Relativismus in der gegenwärtigen philosophischen Debatte,Dorothee Schmitt: The Self-Denying Argument. Relativism in Contemporary Philosophical Debate
1173337660,"Egoismus, Altruismus und die Furcht vor dem eigenen Tod. Ein Beitrag zur analytischen Existenzphilosophie","Egoism, Altruism, and the Fear of One's Own Death. A Contribution to Analytical Existential Philosophy"
1173337873,"""[...] wollen wir den Begriff der Pflicht vor uns nehmen [...]"". Die vier ersten der ,drei Sätze' in Grundlegung I (04:397–400)","""[...] let us take the concept of duty before us [...]"""
1173338845,Nationalstereotypen im deutsch-syrischen Verhältnis,National stereotypes in the German-Syrian relationship
1173390014,Effizienzsteigerung von Landwirtschaftsmaschinen durch Aluminium-Speicherzylinder,Efficiency enhancement of agricultural machinery through aluminum storage cylinders
1173395687,Risikofaktor Chef,Risk Factor Manager
1173395814,Algorithmen helfen bei der Personalarbeit,Algorithms help with personnel work
1173400354,Unterrichtsbeispiele vergleichen Eine experimentelle Studie mit Sportlehramtsstudierenden,Comparing teaching examples: An experimental study with PE teacher trainees
1173420290,"""Großmutsoper"" oder tragische Operette? zu Mozarts ""Fragment"" Zaïde","""Grandmother Opera"" or tragic operetta? on Mozart's ""Fragment"" Zaïde"
1173421394,Das @Gefühl der Scham im Kontakt mit Menschen mit einer geistigen Behinderung,The sense of shame when interacting with people with a mental disability
1173565779,Wie wird Arbeitslosigkeit gemessen? Arbeitsmarkt,How is unemployment measured? Labour market
1173586520,Oberflächenaktivierung durch Plasmabeschichtung,Surface activation by plasma coating
1173586555,Hohe Wirtschaftlichkeit bei der Verarbeitung von Wasserlacken,High efficiency in the processing of water-based paints
117358708X,Vom Glücksritter zum Marktmeister,From the lucky gambler to the market master
1173587160,Der @menschliche Kontakt entscheidet,Human contact decides
1173660275,"Visualisierungen von Gewalt Beiträge zu Film, Theater und Literatur","Visualizations of violence Contributions to film, theater, and literature"
1173700188,Individuell gestaltete plasmonische Gold-Nanostrukturen für die Anwendung in hybriden Systemen,Individually designed plasmonic gold nanostruktures for use in hybrid systems
1173791078,Photochemische Reaktionen als schaltbares Werkzeug zur grundlegenden Untersuchung von Stofftransportprozessen in Gas/Flüssig-Strömungen,Photo-chemical reactions as a switchable tool for the fundamental investigation of mass transport processes in gas/liquid flows
1173898204,Unkrautbekämpfung mit heißen Ölen aus nachwachsenden Rohstoffen,Weed control with hot oils from renewable resources
117397797X,Faschismus – eine Warnung,Fascism – a warning
1174057947,"Der @Wert der Worte – Wie digitale Methoden helfen, Kommunikations- und Wirtschaftswissenschaft zu verknüpfen",The value of words – How digital methods help to connect communication and economic sciences
1174064234,Möglichkeiten der Gestaltung individualisierbarer Montagearbeitsplätze vor dem Hintergrund aktueller technologischer Entwicklungen,Options for designing individualizable assembly workstations in light of current technological developments
1174128534,"Multigentest hilft, Frauen mit Brustkrebs die Chemo zu ersparen",MultiGenTest helps women with breast cancer to avoid chemotherapy
1174181435,Grammatologie der Bilder,The grammar of images
1174181567,"Anti-Europäer Breivik, Dugin, al-Suri & Co.","Anti-Europists like Breivik, Dugin, al-Suri, and their ilk."
1174181958,"Die @Außenseiter Flucht, Flüchtlinge und Integration im modernen Europa",The Outsiders: Refugees and Integration in Modern Europe
1174284137,Philosophie als Denken der Welt gemäß dem Prinzip des kleinsten Kraftmaßes Prolegomena zu einer Kritik der reinen Erfahrung,Philosophy as thinking of the world according to the principle of the smallest amount of force Prolegomena to a Critique of Pure Experience
1174284544,"Das @Reichsgesetz betreffend die Abzahlungsgeschäfte vom 16. Mai 1894. Mit Einleitung, Anmerkungen und Sachregister","The Reichsgesetz concerning installment transactions of May 16, 1894. With introduction, notes and index of contents"
1174295430,"Disruptive Thinking Das Denken, das der Zukunft gewachsen ist",Disruptive Thinking: Thinking That Is Future-Proof
1174349891,"Medienrituale und ihre Bedeutung für Kinder und Eltern. Erster Bericht der Teilstudie ""Mobile Medien und Internet im Kindesalter – Fokus Familie""","Rituals and Their Significance for Children and Parents. First Report of the Substudy ""Mobile Media and Internet in Childhood – Focus Family"""
1174418001,Systems Engineering Ganzheitlicher Ansatz mit großem Potenzial,Holistic Systems Engineering Approach with Great Potential
1174428589,Geistig-moralische Wende. Die Erschöpfung des deutschen Konservatismus,Spiritual and moral turnaround. The exhaustion of German conservatism
1174430184,Smartopia Geht Digitalisierung auch nachhaltig?,Can digitization be sustainable?
1174439181,Management von Ligen in Individualsportarten Eine empirische Untersuchung auf Basis der Anreiz‐Beitrags‐Theorie,Management of leagues in individual sports: An empirical study based on the incentive-contribution theory
1174512512,"Homo Faber Zeitschrift für Kulturwissenschaften, Heft 2/2018","Homo Faber Journal of Cultural Studies, Vol. 2/2018"
117457626X,Konstruktion eines Fragebogens im Rahmen der Selbstbestimmungstheorie der Motivation im außerschulischen Sport im Kindesalter,Construction of a questionnaire in the framework of the Self-Determination Theory of motivation in extracurricular sport in childhood
1174587830,Subjektive Theorien spanischer Immigranten in Deutschland ausgehend von deren Alltagserfahrungen,Subjective theories of Spanish immigrants in Germany based on their everyday experiences
1174667591,Fortgeltung der Freistellung vom Biotopschutz; Auswirkungen von artenschutzrechtlichen Verbotstatbeständen auf die Vollzugsfähigkeit eines Bebauungsplans,Extension of the Exemption from Biotope Protection; Impact of Species Protection Regulations on the Implementation Capability of a Building Plan
1174687878,Qualifizierungstools für Führungskräfte und Betriebsräte bei betrieblichen Restrukturierungen,Qualification tools for management and works council members during corporate restructuring
1174837128,Bioporengenese durch homo- und allorhize Kulturpflanzen Einfluss auf das Wurzelwachstum der Nachfrüchte,Evolution of plant biodiversity under homorhizable and allorhizable cropping systems: Impact on the root growth of subsequent crops.
1174922133,Social Media. Chancen und Herausforderungen für die räumliche Planung und Mitwirkung,Social Media. Opportunities and Challenges for Spatial Planning and Participation
1174938811,Säkulare Soteriologie? christliche Anthropologie und Psychotherapie,Secular Soteriology: Christian Anthropology and Psychotherapy
1174955147,Der @Masterplan Chinas Weg zur Hightech-Weltherrschaft,China's Master Plan for High-Tech Global Domination
117495812X,Beherzte Freiheit,Bold Freedom
1174958820,Die @psychologische Hintertreppe Die bedeutenden Psychologinnen und Psychologen in Leben und Werk,The @psychological Backstairs The significant psychologists in life and work
1174990678,Entwicklung und Anwendung einer neuartigen Methode zur Identifizierung von Back- und Brauhefen mittels MALDI-TOF-MS und der multivariaten Datenanalyse,Development and application of a novel method for identifying back and brewing yeasts using MALDI-TOF-MS and multivariate data analysis
1175068942,"""Wir haben bereits jetzt einen globalen Fußabdruck""","""We already have a global footprint"""
1175091936,Kryogene Wasserstofftargets für Experimente zur Laser-Materie-Wechselwirkung,Cryogenic hydrogen targets for experiments on laser-matter interaction
117520529X,"Leasing und Factoring Formen, Rechtsgrundlagen, Verträge","Leasing and Factoring Forms, Legal Bases, Contracts"
1175311170,Kirchenhistoriker befragen,Historians of the church to be interviewed
1175343293,Trockene und effektive Bauteilreinigung,Dry and effective component cleaning
1175354783,Nicht auf sich selbst gestellt,Not standing on its own
1175380695,Nachhaltiges Beziehungsmanagement im Influencer Marketing,Sustainable Relationship Management in Influencer Marketing
1175380725,Cleaning in Place Konzept zum Dauerbetrieb optischer Sonden in der Prozessanalytik der Polymerextrusion,Cleaning in Place Concept for Continuous Operation of Optical Probes in Polymer Extrusion Process Analytics
1175512826,Ultraschnelle elektrische Kontrolle optischer Eigenschaften und Übergänge einzelner Halbleiter-Quantenpunkte,Ultra-fast electrical control of optical properties and transitions in single semiconductor quantum dots.
1175554898,Experimentelle Untersuchung und Validierung der Strömungsvorgänge einer Kaplan-Turbine mit zugehöriger Kennfeldbestimmung,Experimental investigation and validation of the flow processes of a Kaplan turbine with corresponding characteristic curve determination
1175575976,"Lernen, Chinesen zu werden",Learning to become Chinese
1175770914,Enzymatisches Débridement als Therapieoption bei tiefdermalen Verbrennungen der Hand,Enzymatic debridement as a therapeutic option for deep dermal burns of the hand
1175839280,Systematischer Transformer,Systematic Transformer
1175878146,Morphometrische Untersuchungen bei genetischer Kleinhirnhypoplasie des Hundes,Morphometric investigations in genetic cerebellar hypoplasia of dogs
1175878243,"1+1=3, der kollaborative Autor Autorschaft in temporären Zusammenarbeiten der zeitgenössischen Kunst : Louise Bourgeois und Tracey Emin, 3 Hamburger Frauen, Jonathan Meese und Albert Oehlen, Guyton\Walker","1+1=3, the collaborative authorship in temporary collaboration of contemporary art: Louise Bourgeois and Tracey Emin, 3 Hamburger Frauen, Jonathan Meese and Albert Oehlen, Guyton/Walker"
1175879789,Zwei-Stufen-Theorie und praktische Überlegung,Two-stage theory and practical consideration
117595053X,Funktionelle Charakterisierung einer Isoprenyldiphosphat-Synthase aus Arabidopsis thaliana,Functional characterization of an isoprenyl diphosphate synthase from Arabidopsis thaliana
1175994561,Einleitung,Introduction
1176020900,Die @Rationalität eingefrorener Konflikte,The rationality of frozen conflicts
1176031465,Implementierung einer dualen Hochschulausbildung an Hochschulen und in Unternehmen im In- und Ausland,Implementation of a dual higher education at universities and companies in Germany and abroad
1176106856,"Die @Pflicht des Arbeitgebers zur Sicherheitsfürsorge nach japanischem Recht - Eine materiell- und prozessrechtliche Untersuchung zu den Hintergründen, den Mechanismen und der Bedeutung der Sicherheitsfürsorgepflicht im japanischen Schadensersatzprozess","The Obligation of the Employer to Ensure Safety Under Japanese Law - A Material and Procedural Investigation into the Backgrounds, Mechanisms, and Significance of the Duty of Safety in Japanese Tort Law"
1176106872,Milch und Macht: Die Pluralisierung des slowenischen Milchsektors. Entwicklungen kleinbäuerlicher Strukturen im Kontext einer globalisierten Milchwirtschaft,Milk and Power: The Pluralization of the Slovenian Milk Sector. Development of small-scale structures in the context of a globalized dairy industry.
1176131788,"Ritter, Riesen, Zauberer Gegnerfiguren in den 'nachklassischen' Artusromanen","Knights, Giants, Sorcerers Enemy figures in the 'post-classical' Arthurian romances"
1176176374,"Familie und Beruf – oder? Hegemoniale Diskurse, (un)zureichende Alternativen und die Suche nach dem ""guten Leben""","Family and Career – or? Hegemonic Discourses, (In)sufficient Alternatives and the Search for the ""Good Life"""
1176177257,... nicht uninteressanter als andere Dinge auch'. Zeitgeschichte der ostdeutschen Hochschulen aus der Sicht ihrer Akteure,... no less interesting than other things also'. History of East German universities from the perspective of their actors
1176177397,Die @ästhetische Bildung sozialistischer Persönlichkeiten'. Institutionelle Verflechtungen der Kunstlehrerausbildung an den Hochschulen der DDR,The @aesthetic education of socialist personalities'. Institutional entanglements of art teacher training at the universities of the GDR
1176177400,Die @Dreiecksbeziehungen der Fachhistoriker. Über den Umbruch in der ostdeutschen Geschichtswissenschaft,The Triangular Relations of Historians. On the Transformation in East German Historical Science
1176372548,Mit Cloud-Anbindung Sicherheit,With Cloud Connection Security
1176409034,Beweis für die Demokratieunverträglichkeit des politischen Islam oder Beleg der „Säkularismus-Falle“? Die Entwicklung der AKP zwischen „Muslim democracy“ und populistischer Partei,"Proof for the compatibility of political Islam with democracy or evidence for the ""secularism trap""? The development of the AKP between ""Muslim democracy"" and populist party"
1176410210,Manipulation der Kopplung einzelner Elektronen an Photonen und Phononen in hybriden Festkörper-Quantenstrukturen,Manipulation of the coupling of individual electrons to photons and phonons in hybrid solid-state quantum structures.
117643909X,"Palladiumsubstitution durch direkte Polymergalvanisierung (PaSuP), AZ 29737/01","Palladium substitution through direct polymer galvanization (PaSuP), AZ 29737/01"
1176522264,Die @AfD und der Rechtsextremismus Eine Analyse aus politikwissenschaftlicher Perspektive,The AfD and Right-wing Extremism: An Analysis from a Political Science Perspective
1176636111,Der @Einfluss von Levodopa auf implizites Lernverhalten bei de novo Patienten mit Morbus Parkinson,The influence of levodopa on implicit learning behavior in newly diagnosed Parkinson's patients
1176638548,Prävention der vertikalen Übertragung von HIV: Ergebnisse der Anwendung von „Option B+“ mit Fokus auf der Therapieadhärenz während der Stillzeit,"Prevention of vertical transmission of HIV: Results of implementing ""Option B+"" with a focus on therapy adherence during breastfeeding"
1176701487,Kommunikationsmacht in den privatisierten Diskursräumen der (digitalen) Öffentlichkeit,Communicative power in the privatized discourse spaces of (digital) public sphere
117670785X,Auswirkungen des Einsatzes von Biokohlesubstraten auf die Bodenfruchtbarkeit ertragsschwacher sandiger Ackerböden am Beispiel der Niederlausitz,Effects of using biochar substrates on the soil fertility of low-yielding sandy arable soils in the example of the Niederlausitz
1176806955,Das @NC-Urteil des BVerfG vom 19.12.2017 aus Sicht der universitären Ausbildung,The @NC-judgment of the BVerfG from 12/19/2017 from the perspective of university training
1176807463,Gemeinnützige Daseinsvorsorge und Wettbewerbsordnung Eine Untersuchung am Beispiel der Sportförderung,Non-profit Daseinsvorsorge and Competition Order: A Study Based on the Example of Sports Promotion
117680975X,"Katamnestische Befragung von Nierenlebendspendern über Persönlichkeitseigenschaften, Resilienz und Autonomieerleben während der Organspende","Interview with living kidney donors about personality traits, resilience, and experience of autonomy during organ donation"
1176913166,Physical Activity: Analysen zum Aktivitätsniveau von Schülerinnen und Schülern im Förderschwerpunkt Sehen in Deutschland,Physical Activity: Analyses of the Activity Level of Students with Visual Impairment in Germany
1176913417,Deutsche Betriebsrente will Rentenwerk schlagen,German operates will beat Rentenwerk
1176956833,"Wiederherstellung der aufschiebenden Wirkung eines Widerspruchs/Sofortvollzug SGG §86 Abs. 2 Nr. 5, 86a Abs. 1, 86b Abs. 1 Nr. 2; SGB V §§96 Abs. 4, 103 Abs. 4","Reinstatement of the suspensive effect of a appeal/Summary execution SGG §86 Abs. 2 Nr. 5, 86a Abs. 1, 86b Abs. 1 Nr. 2; SGB V §§ 96 Abs. 4, 103 Abs. 4"
1176971735,"Serumaktivitäten, Serumkonzentrationen und Aussagekraft von Leberparametern in der Diagnostik von Lebererkrankungen des Kaninchens","Serum activities, serum concentrations, and interpretability of liver parameters in the diagnosis of liver diseases in rabbits"
1176974599,Der @Hedgehog Signalweg und dessen Regulation durch microRNAs in der postnatalen Darmentwicklung des Schweins,The Hedgehog signaling pathway and its regulation by microRNAs in the postnatal intestinal development of the pig
1177033577,"Beitrag zum Zugkriechen in gerissenem, ultrahochfestem, stahlfaserverstärktem Beton","Contribution to the creep of cracked, ultra-high-strength, steel fiber-reinforced concrete"
1177045281,Thrombozyten CD40-Ligand induzierte Endothelzellen-Monozyten Interaktion an Prädilektionsstellen für die Atherosklerose,Thrombozyten CD40-Ligand induced endothelial cells-monocyte interaction at predilection sites for atherosclerosis
1177045532,Entwicklung gaschromatographischer online Messverfahren nach dem Prinzip der Multiplexing Gaschromatographie für Hochdurchsatz- und Spurenmessungen in der Prozessanalytik,Development of online measurement methods using gas chromatography under the principle of multiplexing gas chromatography for high-throughput and trace measurements in process analytics.
1177108089,Leistungsstarke Turboaufladung für Pkw-Dieselmotoren,Powerful turbocharging for passenger car diesel engines
1177110253,Doppelwand-Rundrohrverdampfer Zur Abwärmenutzung,Double-walled round tube evaporator for waste heat utilization
1177120194,Stoffschlüssiges Fügen von faserverstärkten Duroplast-Thermoplast-Hybriden,Solid-state bonding of fiber-reinforced duroplastic-thermoplastic hybrids
1177147971,Zur Psychologie von Technikakzeptanz im höheren Lebensalter: Die Rolle von Technikgenerationen,The Psychology of Technology Acceptance in Old Age: The Role of Generational Differences
1177149753,Entwicklung eines Verfahrens zur nachhaltigen Gewinnung von Basischemikalien und Treibstoffkomponenten aus Lignin und Lignocellulose durch heterogen katalysierte Hydrogenolyse,Development of a method for the sustainable production of basic chemicals and fuel components from lignin and lignocellulose through heterogeneously catalyzed hydrogenolysis
1177155346,"Wer Ungewissheit beseitigen will, züchtet nur Sorgen Strategien zu Bewältigung der ""Sorgenkrankheit""","Who wants to eliminate uncertainty, cultivates only anxiety Strategies for coping with the ""anxiety disease"""
1177202069,Vorlesungen über die Theologische Enzyklopädie,Lectures on the Theological Encyclopaedia
1177248212,"""Goethe und kein Ende"". Eine historische und systematische Untersuchung zur Goethe-Rezeption Karl Barths 1906-1921","""Goethe and No End"". A historical and systematic investigation into the reception of Goethe by Karl Barth, 1906-1921"
1177249499,Trainingserfolg - eine Frage des Alters? Altersdifferenzierung eines e-Learning Behavior Modeling Trainings und Analyse von Personen- und Designmerkmalen zur Optimierung von Trainingserfolg,Training Success - a Question of Age? Age Differentiation of an e-Learning Behavior Modeling Training and Analysis of Personal and Design Characteristics for Optimization of Training Success
1177286254,Radium-223 als dritte Behandlungsoption beim mCRPC,Radium-223 as a third treatment option for mCRPC
117728829X,Schmerzensgeld bei DSGVO-Verstoß?,Damages for DSGVO infringement?
1177298783,Modulhandbuch Bachelor Maschinenbau Prüfungsordnungsversion: 2013,"Module Handbook Bachelor's Degree in Mechanical Engineering, Examination Order Version: 2013"
1177299399,Modulhandbuch Bachelor Wirtschaftsinformatik Prüfungsordnungsversion: 2011,Module Handbook Bachelor of Business Informatics Examination Order Version: 2011
1177380986,"Zwischen Wien, Versailles und Berlin. Handlungsspielräume und Strukturen badischer Diplomatie im Ancien Régime","Between Vienna, Versailles, and Berlin: Action Avenues and Structures of Baden's Diplomacy in the Ancien Régime"
1177381877,Objekt-Empathie in der Sportlehrer(aus)bildung – Theoriegeleiteter Entwurf eines pragmatischen (Aus-)Bildungskonzepts,Object-Affinity in Sports Teacher Education – Theory-Guided Design of a Pragmatic (Out-)Education Concept
1177382644,"Einstellungen zu Sterben und Tod bei Hochaltrigen: Die Rolle von Persönlichkeit, Gesundheit und Religiosität","Settings for dying and death in the elderly: The role of personality, health, and religion"
1177382725,Der @bestrafte König? Die Sächsische Frage 1813-1815,The Punished King? The Saxon Question 1813-1815
1177384450,Muskuläre Anpassung nach Rekonstruktion des vorderen Kreuzbandes: Effekte von Transplantatwahl und Trainingsmethode,Muscle adaptation after anterior cruciate ligament reconstruction: effects of graft choice and training method
1177545837,"""Das Doppelglück der Töne wie der Liebe""","""The Double Dealing of Sound and Love"""
1177546558,Dreizylinder-Turbomotor mit Zuschaltung eines Zylinders,Turbine three-cylinder engine with cylinder addition
1177546574,Die @neuen Drei- und Vierzylinder-Ottomotoren von BMW,The new Three- and Four-cylinder Petrol Engines from BMW
117754895X,Aktiver Kraftstoffvorfilter für Dieselmotoren im weltweiten Einsatz,Active fuel filter for diesel engines in worldwide use
117759708X,Weiterentwicklung der Thüringer Außenwirtschaftsstrategie Bericht,Further Development of the Thuringian Foreign Economic Strategy Report
1177600811,Neuropathie bei monoklonalen Gammopathien Kategorisierung und Definition von Kriterien für Therapiebedarf,Neuropathy in monoclonal gammopathies: Classification and definition of criteria for therapy need
1177603659,Wirksamkeit präventiver Interventionen zur sozio-emotionalen Förderung bei Kindern und Jugendlichen mit Migrationshintergrund eine multinationale Meta-Analyse,Effectiveness of preventive interventions for socio-emotional promotion in children and adolescents with a migration background: A multinational meta-analysis
1177611988,Lutherland Thüringen,Lutherland Thuringia
1177612054,Optische Eigenschaften von Substratmaterialien für zukünftige kryogene Gravitationswellendetektoren,Optical properties of substrate materials for future cryogenic gravitational wave detectors
1177612879,Erbrecht,Succession Law
1177622335,Arbeiten in Thüringen Ergebnisse einer Repräsentativbefragung von Beschäftigten in Thüringen 2013 ; Befragung im Rahmen des DGB-Index Gute Arbeit,Working in Thuringia. Results of a representative survey of employees in Thuringia 2013; Survey within the framework of the DGB-Index Gute Arbeit
1177623080,Entwicklung und Optimierung von standortangepassten Anbausystemen für Energiepflanzen im Fruchtfolgeregime Abschlussbericht zum Teilprojekt 1 ; Projekt.-Nr. 99.16,Development and optimization of site-adapted cultivation systems for energy crops in the crop rotation regime Final report on subproject 1; Project No. 99.16
1177623110,Soziale Demokratie in und für Thüringen Zeitzeugenberichte und Dokumente zur Wiedergründung der Thüringer SPD 1989/90,Social Democracy in and for Thuringia: Testimonies and Documents on the Re-establishment of the Thuringian SPD 1989/90
117762351X,Leitlinie zur effizienten und umweltverträglichen Erzeugung von Ackerbohnen und Körnererbsen,Guideline for efficient and environmentally friendly production of field beans and peas
1177625660,Bildungsberatungsagentur - Wartburgregion Schlussbericht ; Laufzeit des Vorhabens: 01.07.2006 - 30.09.2008,Education Counseling Agency - Wartburg Region Final Report; Duration of the Project: 01.07.2006 - 30.09.2008
1177626624,Die @Juni-Ereignisse 1953 Vorgeschichte - Verlauf - Wirkungen,The June Events of 1953: Background - Course - Effects
1177627248,Ergebnisse der molekularbiologischen Untersuchung von Maissaatgut auf GVO-Verunreinigungen im Frühjahr 2014,Results of the molecular biological investigation of planting material for GM contamination in the spring of 2014
1177628139,"""Ich kam als wohlhabender Mensch nach Erfurt und ging als ausgeplünderter Jude davon."" Schicksale 1933 - 1945","""I came as a wealthy person to Erfurt and left as a plundered Jew."" Fates 1933 - 1945"
1177634651,Hohenwarte Stausee Weg Qualitätsweg wanderbares Deutschland,Hohenwarte Reservoir Road Quality Path Walks Germany
1177639238,Der @Stellenwert der transartiellen Chemoembolisation beim hepatozellulärem Karzinom vor einer Lebertransplantation eine retrospektive Studie des patientengutes der Universitätsklinik Jena in den Jahren 1996 - 2008,The role of pretransplant chemoembolization for hepatoma in liver transplantation: a retrospective study of the patient population at the University Hospital Jena from 1996 to 2008
1177640856,Bringt Klinofeed® Vorteile in der konventionellen Schweinemast?,Does Klinofeed® offer advantages in the conventional fattening of pigs?
1177690314,Retrospektive Analyse von Daten der Schockraumpatienten mit Abdominal- und Gefäßtrauma an der Universitätsmedizin Mannheim,Retrospective analysis of data from trauma patients with abdominal and vascular injuries at the University Medical Center Mannheim
1177874830,Soll ich mein Haus übertragen? Vor- und Nachteile kennen; Überlegt handeln; Walhalla Rechtshilfen,Should I transfer my house? Pros and cons; Think carefully; Walhalla Legal Assistance
1177874946,"Stimme: Instrument des Erfolgs Wer den richtigen Ton trifft, findet Gehör","Voice: Instrument of Success Who hits the right note, finds an audience"
1177944553,"Auszug ""Heil-, Duft- und Gewürzpflanzen"" aus dem Versuchsbericht Pflanzenschutz-Versuche im Acker- und Gartenbau 2012","Extract ""Heil-, Duft- und Gewürzpflanzen"" from the Experiment Report ""Pflanzenschutz-Versuche im Acker- und Gartenbau 2012"""
1178009068,Verbrauch von Antibiotika bei Lebensmittel liefernden Tieren im zeitlichen Verlauf,Antibiotic consumption in food-producing animals over time
1178009947,Neue Harzsysteme für Faserverbundwerkstoffe,New composite systems for fiber-reinforced materials
1178099059,"Prüfmethoden verstehen, Fehler vermeiden","Understanding testing methods, avoiding errors"
1178115453,Utopie,Utopia
1178115666,Posthumanismus,Posthumanism
1178115755,Ökologie,Ecology
117811676X,Technologische Justierung der spektralen Empfindlichkeit von 4H-SiC-UV-Sensoren,Technological adjustment of the spectral sensitivity of 4H-SiC-UV sensors
1178124290,Modulhandbuch Master Wirtschaftsinformatik Studienordnungsversion: 2018,"Module Handbook Master in Economics and Informatics, Study Version: 2018"
1178130959,Modulhandbuch Master Maschinenbau Studienordnungsversion: 2011,Module Handbook Master Mechanical Engineering Studies Version 2011
1178147320,Modulhandbuch Master Wirtschaftsinformatik Prüfungsordnungsversion: 2011,Module Handbook Master Economics Informatics Examination Order Version: 2011
1178147460,Modulhandbuch Master Regenerative Energietechnik Prüfungsordnungsversion: 2013,Module Handbook Master Regenerative Energy Technology Examination Ordinance Version: 2013
1178147843,Modulhandbuch Master Maschinenbau Prüfungsordnungsversion: 2014,Module Handbook Master Mechanical Engineering Examination Regulations Version: 2014
1178163687,"Modulhandbuch Master Wirtschaftsingenieurwesen, Vertiefungsrichtung Maschinenbau Studienordnungsversion: 2009","Master's Degree Program in Industrial Engineering, Specialization in Mechanical Engineering, Academic Year 2009"
1178176053,"Produktion von Mediengütern, individuelle Zahlungsbereitschaften und Preisdifferenzierung","Production of media goods, individual payment readiness and price differentiation"
1178176606,Rentnerdemokratie? politische Kommunikation der Zielgruppe 50plus,Senior Democracy? Political Communication with the 50plus Target Group
1178176630,"Medienqualität, Glaubwürdigkeit und politisches Vertrauen","Media quality, credibility, and political trust"
1178245713,Fake und Fiktion Über die Erfindung von Wahrheit,Fake and Fictional: On the Invention of Truth
1178323803,Laufband- und virtuell-gestützte Rehabilitation von Gangdefiziten bei Morbus Parkinson,Running and virtual support rehabilitation of gait disorders in Morbus Parkinson
1178397807,Verzehrt Deutschland seinen staatlichen Kapitalstock?,Is Germany consuming its state capital stock?
1178406628,IKES – 100 % und dann? Startschuss für ein neues Energiezeitalter,IKES – 100% and then? The starting shot for a new energy era.
1178425363,"„Aber am Abend ist dann der Ofen aus..."" Der lange Donnerstag und seine Folgen für die im Einzelhandel Beschäftigten","""But in the evening, then the stove is out..."" The long Thursday and its consequences for those employed in retail."
1178672093,Phytoalexinbiosynthese in Brassicaceen: Interaktion Camalexin-spezifischer Enzyme und Etablierung von Eutrema salsugineum als Modelsystem,Phytoalexin biosynthesis in Brassicaceen: Interaction of camalexin-specific enzymes and establishment of Eutrema salsugineum as a model system
1178760456,Begabungsförderung Revisited. Begabungsförderung als Kinderrecht im Kontext von Diversität,Giftedness Promotion Revisited. Giftedness Promotion as a Child's Right in the Context of Diversity
1178762599,Längsschnittuntersuchung der Persönlichkeit-Beruf-Kongruenz über die Berufslaufbahn Une étude longitudinale de la congruence personnalité profession au cours de la carrière professionnelle,Longitudinal study of personality-profession congruence over the course of a professional career
1178791017,Von der Viabilität des Selbst. Eine Anthropologie des Selbst als Verhältnisbestimmung von Selbstkonstruktion und Selbstorganisation,The Viability of the Self. An Anthropology of the Self as Relation-Formation of Self-Construction and Self-Organization
1178815145,Optische Kohärenztomographie mit extrem ultravioletter Strahlung,Optical Coherence Tomography with extreme ultraviolet radiation
1179058631,Bedeutung der Single-Tablets ungebrochen,The significance of single tablets remains unbroken.
1179108310,"Sulfatarmer Porenbeton: Sulfatträger- und zementfreie Rezeptur zur Verbesserung der Recyclingfähigkeit, Umweltverträglichkeit und CO2-Bilanz von industriell hergestelltem Porenbeton, AZ 32524/02","Sulfate-bearing Pore Concrete: Sulfate-bearing and cement-free recipe to improve the recyclability, environmental compatibility, and CO2 balance of industrially produced pore concrete, AZ 32524/02"
1179121724,"Eliminierung von Tierarzneimitteln durch effektive Güllebehandlung, AZ 31812/01","Elimination of veterinary medicinal products through effective slurry disposal, AZ 31812/01"
1179200195,Nichterwerbstätige und geringfügig beschäftigte Frauen Moderne Dienstleister in der Stillen Reserve des deutschen Arbeitsmarktes. Wirtschaftspotenzial und Aktivierbarkeit für den Arbeitsmarkt,Unemployable and low-income employed women Modern service providers in the silent reserve of the German labor market. Economic potential and activability for the labor market
1179209184,Phänomenologie und Genese pathologischer Veränderungen des alternden Auges beim Tiermodell Mausmaki (Microcebus murinus),Phenomenology and Genesis of Pathological Changes in the Aging Mouse (Microcebus murinus)
1179236866,Behandlung der Pneumonie beim Fohlen Vergleich der Wirksamkeit von Azithromycin/Doxycyclin und Azithromycin/Rifampicin,Treatment of Pneumonia in Foals: Comparison of the Efficacy of Azithromycin/Doxycycline and Azithromycin/Rifampicin
117944891X,"Immobilien, Stadtentwicklung und die Superreichen Kommentar zu Ray Forrest, Sin Yee Koh und Bart Wissinks ""Hyper-Spaltung in Städten und die 'unmoralischen' Superreichen""","Real estate, urban development, and the super-rich Comment on Ray Forrest, Sin Yee Koh, and Bart Wissinks ""Hyper-Segregation in Cities and the 'Immoral' Super-Rich"""
1179449126,Moderne Schwertkampf-Trainer als ‚Erben’ alter Meister Vorbilder und Vermittlungspraxen mittelalterlichen europäischen Schwertkampfs in der „Historical European Martial Arts“-Szene in Deutschland.,"Modern sword combat instructors as ‚heirs’ to ancient masters, and the transmission of medieval European sword combat practices in the „Historical European Martial Arts“ scene in Germany."
1179451902,Reden wir über Geld! Warum die Pläne der Großen Koalition zur Reform der Parteienfinanzierung verfassungswidrig sind,Let's talk about money! Why the plans of the Grand Coalition for the reform of party financing are unconstitutional
1179463242,Reaktionen des Kapitalmarkts steuern,Reactions of the capital market
117951744X,Warum schrumpft die migrantische Mittelschicht in der Stadt? Zur Dynamik der Schichtung am Beispiel Wiens zwischen 2003 und 2013,Why is the migrant middle class shrinking in the city? The dynamics of stratification at the example of Vienna between 2003 and 2013
1179754220,Wirtschaftliche Aufklärungspflicht bei GKV-Versicherten,Economic elucidation obligation for GKV insured persons
117977969X,"Formen, Inzidenz und Ursachen von sexueller Belästigung im klinischen Umfeld - Ergebnisse einer Querschnittstudie an der Charité - Universitätsmedizin Berlin","Forms, incidence, and causes of sexual harassment in the clinical setting - Results of a cross-sectional study at the Charité - University Medicine Berlin"
117986977X,Wie der Vertrieb von morgen aussehen kann,What tomorrow's sales could look like
1179875931,Zurück zum Sonnenschein – Die vergangenen zehn Jahre in den koreanisch-koreanischen Beziehungen,Return to the sunshine – The past ten years of Korean-Korean relations
1179875958,"Der @Irak im Spannungsfeld zwischen Demokratisierung, Staatszerfall und externer Einflussnahme","Iraq in the struggle between democratization, state collapse, and external influence"
1179909747,Charakterisierung der CsrA-vermittelten Modulation des bakteriellen Stoffwechsels und seiner Wirkung auf die Pathogenität,Characterization of CsrA-mediated modulation of bacterial metabolism and its effect on pathogenicity
1179912071,"Natur, Mensch und ""biologisches Gleichgewicht"" didaktische Rekonstruktion der Sichtweisen von Lernenden und Wissenschaftlern","Nature, Human and ""biological equilibrium"" didactic reconstruction of the perspectives of learners and scientists"
1179919955,Antisemitismus im Fußball Tradition und Tabubruch,Antisemitism in Football: Tradition and Taboo Breaking
1179924436,David Hume als therapeutischer Philosoph. Eine Auflösung der Induktionsproblematik mit wittgensteinianischer Methode.,David Hume as a Therapeutic Philosopher. A Solution to the Induction Problem with Wittgensteinian Method.
1179924843,Kontrolle der Umwelteinflüsse auf THe-Trap am Beispiel der Bestimmung des Massenverhältnisses von Kohlenstoff-12 zu Sauerstoff-16,Control of environmental influences on The-Trap using the example of determining the mass ratio of carbon-12 to oxygen-16
1179963725,Reaktionstechnische Untersuchungen von mittels überkritischer Reaktivabscheidung (SFRD) für die selektive Oxidation von Kohlenmonoxid (PROX) hergestellten Katalysatoren,Reaction studies of catalysts produced by supercritical reactive deposition (SFRD) for the selective oxidation of carbon monoxide (PROX)
1180028058,"Analyse der Systeme π +  π+ π −  π− η η , η η ' π 0  π0 sowie π +  π+ π −  π− π 0 in Zwei-Photon-Reaktionen bei BESIII","Analysis of the systems π + π + π − π − η η, η η π ' and π 0 as well as π + π + π − π − π 0 in two-photon reactions at BESIII"
1180031962,Entwicklung einer Ersatztechnologie für den Standard 3-He Detektor zum Nachweis thermischer Neutronen auf großen Flächen,Development of a replacement technology for the 3He detector for the detection of thermal neutrons over large areas
1180032381,Auswirkungen von pränatalem Stress auf die Selbstregulation des Säuglings in der Mutter-Kind-Interaktion,Effects of prenatal stress on the self-regulation of the infant in mother-child interaction
1180032640,Die @Herrschaft über das Ganze - Die kurpfälzische Konfessionspolitik zwischen 1685 und 1728 als Schauplatz rechtlicher und institutioneller Konflikte,The rule over the whole - The Palatine Confessional Policy between 1685 and 1728 as a site of legal and institutional conflicts
1180198328,Spektrometrie im Fernlabor Wirkung von Informationsdarbietungen beim forschenden Lernen,Spectroscopy in remote laboratories Effect of information provision on exploratory learning
1180278933,Förderung von Konzeptverständnis und Repräsentationskompetenz durch Tablet-PC-gestützte Videoanalyse Empirische Untersuchung der Lernwirksamkeit eines digitalen Lernwerkzeugs im Mechanikunterricht der Sekundarstufe 2,Promotion of concept understanding and presentation skills through tablet-based video analysis Empirical study of the effectiveness of a digital learning tool in physics education in secondary education (grades 7-10)
1180281780,Erfolgsfaktoren von Dienstleistungsnetzwerken im Kontext der Servicetransformation – Eine qualitative Analyse,Success Factors of Service Networking in the Context of Service Transformation – A Qualitative Analysis
118029999X,Die @genetische Regulation der Entwicklung des kaudalen Hypothalamus,The genetic regulation of the development of the caudal hypothalamus
1180383702,"Equine Metabolic Syndrome (Patho-)physiological variations in insulin sensitivity, glucose homeostasis and lipid metabolism in lean and obese horses","Equine Metabolic Syndrome (Patho-)physiological variations in insulin sensitivity, glucose homeostasis and lipid metabolism in lean and obese horses"
1180473795,"Interpersonales Dilemma statt irrtumsfreie Nichtübereinstimmung: Ein anderer Blick auf das Phänomen, das den moralischen Relativismus motiviert",Interpersonal Dilemma instead of error-free non-conformity: A different look at the phenomenon that motivates moral relativism
1180499557,Mindere Brüder zwischen Anden und Urwald: die Franziskaner als Missionare im kolonialzeitlichen Peru,Franciscan brothers between Andean mountains and the rainforest: the Franciscans as missionaries in colonial Peru
118050013X,Untersuchungen zum Einfluss der DNA-Superhelizität auf die Struktur und Stabilität von Nukleosomen und die interne DNA-Dynamik,Studies on the influence of DNA supercoiling on the structure and stability of nucleosomes and the internal DNA dynamics
1180501497,"Der @Erinnerungsdiskurs um Flucht und Vertreibung in Deutschland seit 1989/90. Vertriebenenverbände, Öffentlichkeit und die Suche nach einer ‚normalen‘ Identität für die 'Berliner Republik'","The discourse on flight and expulsion in Germany since 1989/90. Expellee organizations, the public, and the search for a 'normal' identity for the 'Berliner Republik'."
1180526414,"""It’s All About Time"" Metamorphosen zwischen Mensch und Materie in Don DeLillos ""Underworld"" und ""Point Omega""","""It’s All About Time: Metamorphoses Between Human and Matter in Don DeLillo’s 'Underworld' and 'Point Omega'"""
1180526643,Philologie der Hand,Philology of the Hand
1180609476,Abgrenzung der Lebensbereiche – Auswirkungen und Erlernbarkeit von Boundary Management,Boundary Management – Impacts and Learnability of Life Domain Separation
1180610601,Berufseignung und Berufsneigung bei Lehramtsstudierenden Empirische und konzeptionelle Zugänge und programmatische Analysen zu Rekrutierungsverfahren in der aktuellen Lehrerbildung und deren Einbettung in institutionelle Strukturen,Suitability and Professional Orientation among Prospective Teachers: Empirical and Conceptual Approaches and Programmatic Analyses of Recruitment Procedures in Current Teacher Education and Their Integration into Institutional Structures
118061366X,"„Ballschule – umspiel dein Handicap“ Entwicklungsförderung körperbehinderter Kinder Auswirkungen eines ressourcenorientierten, sportspielübergreifenden Bewegungsprogramms auf motorische und psychosoziale Parameter","""Ball School – Play Your Way Around Your Handicap"" Developmental promotion of physically disabled children Effects of a resource-oriented, multi-sport game-based movement program on motor and psychosocial parameters"""
118061691X,Paarerzeugung in semiklassischer und quantenfeldtheoretischer Beschreibung,Pair creation in semiclassical and quantum field theoretical description
1180708474,Innere Anteile und lebendige soziale Teilhabe Pluralistische Konzeptionen des Selbst in verschiedenen Theorieansätzen,Inner Parts and Vibrant Social Participation Pluralistic Concepts of the Self in Various Theoretical Approaches
1180727770,BVOU beteiligt sich am Tag der Rückengesundheit,You are participating in the Day of Back Health
1180803183,Wenn es beim Einlesen der E-Card hakt,If there is a problem with reading the E-card
1180840739,Die @materielle Stetigkeit im Handels- und Steuerbilanzrecht,The material continuity in commercial and tax accounting law
1180961560,Mit modernen Methoden zu magnetischen Mikroben,With modern methods for magnetic micro-organisms
1180961692,Proteomik-Analyse von dynamischen Proteinkomplexen,Protein Complex Analysis of Dynamic Protein Complexes
1180969413,"Fußballfans: Jugendkulturelle Freiräume, Kontrolle und Repression Einleitung in den Schwerpunkt","Football fans: Youth cultural free spaces, control and repression Introduction to the focus topic"
1180985311,Private Kunst- und Kulturförderung in der Bundesrepublik Deutschland,Private Cultural Promotion in the Federal Republic of Germany
1181059275,"MERKUR Gegründet 1947 als Deutsche Zeitschrift für europäisches Denken - 2019-3 Nr. 838, Heft 3/ März 2019","MERCURY Founded in 1947 as a German journal for European thought - 2019-3 No. 838, Issue 3/ March 2019"
1181066018,Radiuskopfprothese – wann und welche?,Radius head prothesis – when and which?
1181096200,Bachelorarbeiten - von der Recherche bis zur Formulierung,Bachelor theses - from research to formulation
1181255732,Potenziale für semistrukturelle Serienbauteile aus Epoxid-SMC,Potentials for semistructured series components from Epoxid-SMC
1181278163,Ein @gutes Zeichen setzen: Werte und Haltung leben,Setting a good example: Living values and principles
1181287723,"„Wer die Formel kennt, hat die Macht“ Organisationskultur von Familienunternehmen am Beispiel des Films „Väter und Söhne“",“Who knows the formula has the power” Organization culture of family businesses as seen in the film “Fathers and Sons”
1181310148,So geht Büro heute! Erfolgreich arbeiten im digitalen Zeitalter,So goes the office today! Successful work in the digital age
1181313848,Unterstützendes Führungsverhalten schulischer Leitungskräfte für die Arbeit professioneller Lerngemeinschaften im Kollegium,Supportive leadership behavior of school leadership for the work of professional learning communities in the teaching staff.
1181326133,Die @Rolle der gammadelta-T-Zellen in der Immunität gegen das Epstein-Barr-Virus,The role of gamma-delta T cells in immunity against the Epstein-Barr virus
1181328845,"Analytik und technologische Minimierungsansätze von Monochlorpropandiol (MCPD), MCPD-Fettsäureestern und Glycidylestern in frittierten und geräucherten Fischerzeugnissen und Fischölen","Analytical and technological minimization approaches for monochloropropanediol (MCPD), MCPD-fatty acid esters, and glycidyl esters in fried and smoked fish products and fish oils."
1181329647,"Fehlermöglichkeits- und Einflussanalyse Methode zur vorbeugenden, systematischen Qualitätsplanung unter Risikogesichtspunkten","Method for preventive, systematic quality planning under risk perspectives"
1181373395,Das @Reichsbeamtengesetz vom 31. März 1873 mit dem Gesetze über die Kautionen der Reichsbeamten vom 2. Juni 1869 und den dazu ergangenen Verordnungen Nebst einer Zusammenstellung der besonderen Vorschriften für einzelne Beamtenklassen,"The Reichsbeamtengesetz of March 31, 1873, along with the law on sureties for Reich officials of June 2, 1869, and the related regulations, including a compilation of special provisions for individual civil service classes."
1181408547,Zur Dynamik und Typologie von Berufsbildungssystemen. Eine internationale Perspektive On the dynamics and typology of systems of vocational education. An international perspective. An international perspective,On the dynamics and typology of systems of vocational education. An international perspective
1181441536,Hegels Dialektik der sinnlichen Gewissheit. Eine systematische Studie zur immanenten Kritik des Bewusstseins in der Phänomenologie des Geistes,Hegel's Dialectic of Sensuous Certainty: A Systematic Study of the Immanent Critique of Consciousness in the Phenomenology of the Spirit
1181574544,Transparente Keramik funktionell beschichtet,Transparent ceramic functional coated
1181574633,Keramische Rohstoffe und Industrieminerale,Ceramic raw materials and industrial minerals
1181579139,Wandeln zwischen den Erfahrungswelten Fehler und Fallen einer anwendungsnahen Sportwissenschaft,Transition between the experiential worlds of error and failure in applied sports science.
1181680964,Teil 2: Das EU-Parlament,Part 2: The European Parliament
1181688949,Dream Theater: Komponieren im Virtuosenkollektiv,Dream Theater: Composition in the Virtuosi Collective
1181688973,"While My Guitar Gently Weeps zur Sound-, Groove- und Performance-Virtuosität in der populären Musik","While My Guitar Gently Weeps: A Study of Sound, Groove, and Performance Virtuosity in Popular Music"
118168904X,"Virtuose ""Nicht-Musiker""? der Diskurs zu Virtuosität, Authentizität und Subversion beim Aufkommen elektronischer Popmusik am Beispiel des Musikexpress und seine aktuellen Nachwirkungen","""Virtuoso 'Non-musicians'? The discourse on virtuosity, authenticity, and subversion in the advent of electronic pop music, exemplified by Musikexpress, and its current consequences."""
118179126X,Der @Gedanke des Dschihad im mittelalterlichen Islam,The idea of Jihad in medieval Islam
1181792967,Große Gender Pay Gaps in einzelnen Berufen hängen stark mit der überproportionalen Entlohnung von langen Arbeitszeiten zusammen,Large gender pay gaps in certain professions are strongly linked to the disproportionate remuneration of long working hours
1181797306,Angelesene Radikalitätsromantik oder ›Heroischer Realismus‹ der Tat?,Radical Romanticism or 'Heroic Realism' of Deed?
1181797705,»Conjuncturen des Zufalls«,»Coincidences of Chance«
1181852625,Mit Gott neu beginnen Die Zeitdimension von Theologie und Kirche in ereignisbasierter Gesellschaft,Beginning anew with God The time dimension of theology and church in an event-based society
1181853931,Psychoanalyse als Erkenntnistheorie - psychoanalytische Erkenntnisverfahren,Psychoanalysis as Epistemology - psychoanalytic knowledge procedures
1181854385,Das @Konstanzer Konzil,The Council of Constance
1181856701,Himmlers Krieger Joachim Peiper und die Waffen-SS in Krieg und Nachkriegszeit,Himmler's Warrior Joachim Peiper and the Waffen-SS in War and Post-War Years
1181946409,Der @„historische Jesus“ aus der Sicht Joseph Ratzingers Rückfragen von Neutestamentlern zum päpstlichen Jesusbuch,"The ""historical Jesus"" from the perspective of Joseph Ratzinger's ""Questioning of New Testament Scholars"""
1181947316,"Formeln und Aufgaben zur Technischen Mechanik 4 Hydromechanik, Elemente der Höheren Mechanik, Numerische Methoden","Formulas and Problems for Technical Mechanics 4 Hydromechanics, Elements of Higher Mechanics, Numerical Methods"
1182007341,Sekundärbrennstoffe im Zeichen höchster Qualität,Second-generation biofuels at the highest quality
1182070914,Führung im Wandel – Augenhöhe statt Unterordnung,Leadership in Change – At Eye Level instead of Submission
1182084346,"Aktuelle Entwicklungen in der psychologischen Kopfschmerztherapie Verhaltenstherapie, interdisziplinäre Behandlung, E-Health","Current developments in the psychological treatment of headache, including behavioral therapy, interdisciplinary treatment, and E-health."
118213338X,So wirkt sich die Reform aus,This is the effect of the reform
1182155723,Kommunikation und Motivation im Spitzensport. Einblicke in die Beratung einer Nationalmannschaft,Communication and motivation in elite sports. Insights into the counseling of a national team
1182165753,Von Gugging in die Welt – Ein Einblick in die Rezeptionsgeschichte von Kunst aus gugging,From Gugging into the World – An Insight into the Reception History of Art from Gugging
1182201490,Laboruntersuchungen zur Längsverteilung beim Einsatz der Pulsweitenmodulation,Investigating longitudinal distributions in the application of pulse-width modulation
1182228429,Hyaluronan und Syndekan-1 als Marker des klinischen Verlaufs nach kardiopulmonaler Reanimation,Hyaluronic Acid and Syndecan-1 as markers of clinical prognosis after cardiopulmonary resuscitation
1182354424,Welche Fähigkeiten gäbe es in einer deterministischen Welt?,What abilities would there be in a deterministic world?
1182356621,"Wessen Status quo, welche Ressourcen, wessen Ansprüche? Kommentar zu Was schulden wir künftigen Generationen? Herausforderung Zukunftsethik","Who owns the status quo, which resources, whose demands? Comment on What do we owe future generations? Challenge of future ethics"
1182373968,"American Football Alles, was man wissen muss",American Football: Everything You Need to Know
1182422411,"Mechanismen der Theoriebildung in musiktheoretischen Darstellungswerken des 20. und 21. Jahrhunderts Kontextualisierung, Analyse und Perspektive","Mechanisms of theory formation in music-theoretical presentation works of the 20th and 21st centuries: Contextualization, Analysis, and Perspective"
1182422918,Urban policy mobilities und globale Produktionsnetzwerke Städtische Planung in Chile als Legitimationsinstanz extraktiver Industrien,Urban policy mobilities and global production networks Urban planning in Chile as a legitimizing institution for extractive industries
1182423728,DEM-Simulation der Trennkurven in Siebung und Gegenstromsichtung bei geringen Gutbeladungen,Simulation of separation curves in sieving and countercurrent screening at low product loads
118247702X,Gott funktioniert nicht Deswegen glaube ich an ihn,God doesn't work That's why I believe in him
1182477593,Gottes Kraft in den Schwachen Petra Bosse-Huber im Gespräch mit Hannes Leitlein,The Power of God in the Weak: Petra Bosse-Huber in Conversation with Hannes Leitlein
1182536298,Infektion von Bergahorn (Acer pseudoplatanus) mit Verticillium dahliae unter Berücksichtigung von Trockenstress,"Infection of mountain maple (Acer pseudoplatanus) with Verticillium dahliae, considering drought stress"
1182540511,Uneigentliche Differenz,Inappropriate Difference
1182677649,Einsatz der Planarchromatographie mit wirkungsbezogener Detektion zur Untersuchung von Wässern,Use of planar chromatography with action-based detection for the study of waters
1182682596,Autoritäre Herrschaft in den Farben des Regenbogens: Jacob Zuma’s Präsidentschaft (2009-2017),Authoritative rule in the colors of the rainbow: Jacob Zuma’s presidency (2009-2017)
1182682669,Intersex aus soziologischer Perspektive Eltern – Medizin – Gesellschaft,Intersex from a sociological perspective: Parents – Medicine – Society
1182816541,Die @Legitimitätswahrnehmung in der EU und der Einfluss von EU-spezifischem politischen Wissen,Political legitimacy and the influence of EU-specific political knowledge
1182960529,Versorgungslücke begründet keinen Gang zur Podologin,Supply gap does not require going to the podiatrist
1183043112,"""Fuß der Leidenschaft"" Vier Abschnitte zur Bodenhaftung des politischen Theaters","""Foots of Passion"" Four Sections on the Grounding of Political Theater"
1183124112,"Zwei neue Isotope des Technetiums, Tc-106 und Tc-107","Two new isotopes of technetium, Tc-106 and Tc-107"
1183126697,Kurzdokumentation von 150 Kunst-am-Bau-Werken im Auftrag des Bundes seit 1950,Short documentation of 150 Art-in-Architecture works commissioned by the government since 1950
1183262396,Funktion der Mikrotubuli-modulierenden Aktivität von DIAPH2 beim Chromosomen-Alignment,The role of the microtubule-modulating activity of DIAPH2 in chromosome alignment
1183523408,Auswirkungen situierter Lehrerfortbildungen auf Maßnahmen der Aufgabendifferenzierung und Lernunterstützung im schriftsprachlichen Anfangsunterricht,Effects of situated teacher training on measures of task differentiation and learning support in early literacy instruction
1183566417,Online-Supervision – Systematische Bestandsaufnahme Projektzeitraum: 01/2015 - 01/2016 ; Abschlussbericht,Online Supervision - Systematic Inventory Project Period: 01/2015 - 01/2016 ; Final Report
1183878761,Chloroplasten-Proteinbiogenese: angepasst an das phototrophe Leben,Chloroplast Protein Biosynthesis: Adjusted to Phototrophic Life
118387880X,Freisetzung von Herpesviruskapsiden aus dem Kern,Release of Herpesvirus capsids from the nucleus
1183878869,Das @stressige Leben des Bacillus subtilis,The stress-inducing life of Bacillus subtilis
1183879172,Ernst Haeckel und die Natur als Künstlerin,Ernst Haeckel and Nature as an Artist
118390908X,Die @Republik Moldau und Ideea Europeana 1988 – 2018: Kleine Staaten Ost-Europas und ihre Überlebenschancen am Rande der Imperien,The Republic of Moldova and Idea Europa 1988 – 2018: Small Eastern European States and Their Chances of Survival on the Periphery of Empires
1183909225,Die @Rolle der SK-Kanäle in alpha-Synuclein-aktivierter primärer Mikroglia,The role of SK channels in alpha-synuclein-activated primary microglia
1183914989,Wohnquartiere mit einem Niedrig-Temperatur-Wärmenetz Eine modellgestützte Analyse zentraler und dezentraler Energieversorgungssysteme,Neighborhoods with a Low-Temperature Heating Network A model-based analysis of central and decentralized energy supply systems
1183915055,"Die @Kunst, mit Gesetzen umzugehen Eine Reise an die Grenzen des Rechts",The Art of Dealing with Laws - A Journey to the Limits of the Law
1183989822,Präoperative Konditionierung im Alter – Gerontochirurgie,Preoperative Conditioning in Aging – Gerontosurgery
1184017271,Entwicklung neuer experimenteller Methoden zur Injektion dichter Elektronenpulse in hybride Plasmabeschleuniger,Development of new experimental methods for injecting dense electron pulses into hybrid plasma accelerators
1184178879,In-situ-Untersuchung von Austenitkornwachstumsprozessen in Stählen mittels Hochtemperatur-Laser-Scanning-Konfokal-Mikroskop,In-situ analysis of Austenite grain growth processes in steels using high-temperature laser scanning confocal microscope
1184198756,Deheroisierung,Dehumanization
1184276730,"""Sicherheitstechnik ist ein Enabler des autonomen Fahrens""","""Security technology is an enabler of autonomous driving"""
1184280207,Einfluss von Brennraumablagerungen auf die Wandwärmeverluste,Influence of flame chamber deposits on wall heat losses
1184291772,Lackierprozesse analysieren und Ergebnisse optimieren,Analyzing and optimizing painting processes
1184292000,"Neue Anlage, verdoppelte Produktionskapazität","New plant, doubled production capacity"
1184298343,9. Freiberger Feuerfestforum,Freiberger Fire-Resistant Forum
1184467196,Ausgewählte musikalische und linguistisch-poetische Wesensmerkmale in Popliedern und ihr mögliches Intensivierungspotenzial für die Entfaltung des Hörverstehens im Deutsch-als-Fremdsprache-Unterricht,Selected musical and linguistically-poetical characteristics in pop songs and their possible intensification potential for the development of listening comprehension in German as a foreign language teaching
1184468095,Messung der Abdrift bei der Applikation mit einer Sprühkanone,Measurement of drift during application with a spray gun
1184476713,Chinas ausländische Direktinvestitionen Ein Überblick,China's Foreign Direct Investments: An Overview
1184754810,Die @doppelte Ausgrenzung des Pathologen und NS-Opfers Paul Kimmelstiel (1900–1970),The double exclusion of the pathologist and Nazi victim Paul Kimmelstiel (1900–1970)
1184765391,Schnarchen im Zweibettzimmer als Wahlleistungsmangel BGB §536,Snoring in a shared room as a defect under BGB §536
118479393X,Entwicklung eines wissenschaftlich fundierten Ernährungsleitfadens zur Durchführung der Low-FODMAP-Diät bei Reizdarmsyndrom,Development of a scientifically based nutrition guide for the implementation of the Low-FODMAP diet in irritable bowel syndrome
1184797021,Carry Trades - Eine empirische Analyse,Carry Trades - An Empirical Analysis
1184872619,Synthetische Kraftstoffe,Synthetic fuels
1184879834,Ganzheitliche Betrachtung der Harzinjektionstechnik - Messsystem zur durchgängigen Fertigungskontrolle,Holistic Consideration of Resin Injection Technology - Measurement System for Continuous Process Control
1184887012,Experimentelle Untersuchungen der Magnetisierung und der Elektronenspinresonanz an Übergangsmetallverbindungen mit konkurrierenden Wechselwirkungen,Experimental investigations of magnetisation and electron spin resonance in transition metal compounds with competing interactions
1185029133,Differentialgleichungen der Physik,Differential Equations of Physics
1185034749,"Elastizität, Plastizität und Festigkeit der Baustoffe und Bauteile","Elasticity, plasticity, and strength of building materials and components"
1185175040,Gertrud Grunow (1870-1944),Gertrude Grünow (1870-1944)
1185259341,Stabilitätsgesetz und magisches Viereck,Stability law and magic square
1185283064,Fragilitätsfrakturen des Beckens,pelvic fragility fractures
1185339671,"POP Kultur & Kritik (Jg. 8, 1/2019)","POP Culture & Critique (Vol. 8, No. 1/2019)"
1185486275,Geschlechterunterschiede in der physiologischen und psychologischen Stressreaktion im experimentellen und naturalistischen Setting unter Berücksichtigung der Faktoren Schlaf und kognitive Bewertung,"Gender differences in physiological and psychological stress responses in experimental and naturalistic settings, considering factors such as sleep and cognitive evaluation."
1185538089,Nichtinvasive optische Ionenstrahldiagnose mit CMOS Einplatinen-Kameras in starken toroidalen Magnetfeldern,Non-invasive optical ion beam diagnosis with CMOS single-board cameras in strong toroidal magnetic fields
118556392X,"Deutsches Beamten-Jahrbuch Rheinland-Pfalz Jahresband 2019 Rechte und Ansprüche, Stand und Status; Gesetze, Verordnungen, Verwaltungsvorschriften","German Civil Service Yearbook Rhineland-Palatinate 2019 Rights and Claims, Status and Position; Laws, Ordinances, Administrative Regulations"
1185600329,"Verwendung von Biopolymerwerkstoffen zur ökologischen Prozessoptimierung des Laser-Sinterns (BiPoL), AZ 33254/01","Use of biopolymer materials for ecological process optimization of laser sintering (BiPoL), AZ 33254/01"
118561897X,Die @Bedeutung beruflicher Erfahrungen und fachsystematischen Wissens für die Bewältigung fachlicher Problemstellungen – eine Analyse bei angehenden Technikern und Technikerinnen,The significance of professional experiences and systematic knowledge in addressing professional challenges – an analysis involving future engineers and technicians
1185653821,Ontologie nach Kant und Hegel,Ontology according to Kant and Hegel
1185653880,Philosophische Kultur im gesellschaftlichen Konflikt,Philosophical culture in societal conflict
1185653937,Vorbegriff und Begriff von Philosophie bei Hegel,Preconceptions and Concept of Philosophy in Hegel
118576013X,"Alles, was verstehbar ist, wird entweder verstanden oder nicht verstanden. Alles, was verstanden wird, wird entweder richtig oder falsch verstanden",All that is comprehensible is either understood or not understood. All that is understood is either understood correctly or incorrectly.
1185761268,Kreativitätstechniken,Creativity techniques
1185775277,Automatisiertes Wickeln von Preforms direkt vom Roving,Automated winding of preforms directly from the roving
118581437X,Hans Tietgens und Österreich,Hans Tietgens and Austria
1185867937,Moosic: Von der content- zur kontextbasierten Musikempfehlung,Music: From content-based to context-based music recommendation
1185919651,Modulare Karosserieplattform für die Elektromobilität,Modular body platform for electromobility
1185977155,"Nachruf Professor Dr. Dr. h.c. Peter Moraw (geboren 31. August 1935 in Mährisch-Ostrau, gestorben 8. April 2013 in Gießen)","Obituary Professor Dr. Dr. h.c. Peter Moraw (born 31 August 1935 in Mährisch-Ostrau, died 8 April 2013 in Gießen)"
1185977422,Frauenheld,Womanizer
1185983147,sVE-cadherin als Biomarker und Induktor bei der mikrovaskulären Schrankenstörung im Rahmen einer Sepsis,VE-cadherin as a biomarker and inducer in the context of microvascular permeability impairment during sepsis.
1185984933,Die @Eidgenossen und die deutsche Nation in der Frühen Neuzeit,The @Swiss and the German nation in the Early Modern Period
1185986448,Was ist eine Ethik ohne Subjekt?,What is an ethics without a subject?
1186046295,Datengetriebene Entscheidungsfindung aus strategischer und operativer Perspektive im Handel,Data-driven decision making from a strategic and operational perspective in trade
1186062983,Hesiod und das Wissen der Musen,Hesiod and the Wisdom of the Muses
1186063033,Der @Wert im Inneren der künstlerischen Produktivität,The value in the interior of artistic productivity
1186069929,Hegels Heidelberger Encyklopädie,Hegel's Heidelberg Encyclopedia
1186071257,Robert Schumann in Heidelberg mit Briefen aus seiner Heidelberger Zeit,Robert Schumann in Heidelberg with Letters from his Heidelberg Time
1186138920,Plastizität – Trainierbarkeit – Bildsamkeit Studien zum Verhältnis von Training und Bildung I,Plasticity – Trainability – Imprintability Studies on the Relationship between Training and Education I
1186143053,"Methode und System bei Hegel. Das Logische, die Natur, der Geist als universale Bestimmungen einer monistischen Philosophie","Method and system in Hegel. The Logical, the Nature, the Spirit as universal determinations of a monistic philosophy."
1186143134,"Der @""geregelte, methodisch ausgebildete Widerspruchsgeist, der jedem Menschen innewohnt""","The @""regulated, methodical spirit of contradiction inherent in every person"""
1186143673,Das @Existo und die Natur des Geistes,The @Existo and the Nature of the Spirit
1186144157,Geschlecht und physische Attraktivität,Gender and physical attractiveness
1186206950,Optik Lichtstrahlen – Wellen – Photonen,Optics Light rays – Waves – Photons
1186207345,Logik Grund- und Aufbaukurs in Aussagen- und Prädikatenlogik,Basic Logic and Constructive Course in Propositional and Predicate Logic
1186267739,Unmaßgebliche Vorstellung einiger literaturtheoretischer Grundbegriffe,Unimportant Introduction to Some Literary Theoretical Concepts
1186274913,Abemaciclib (Mammakarzinom; Kombination mit einem Aromatasehemmer) Addendum zum Auftrag A18-72,Abemaciclib (for breast cancer; in combination with an aromatase inhibitor) Addendum to Order A18-72
1186306181,Politische Partizipation im Web 2.0: Herausforderung für die politische Bildung,Political Participation in Web 2.0: A Challenge for Political Education
1186308249,"Auf der Suche nach dem ""Kaufmännischen"" mit Mitteln der Berufsforschung - Ziele und Methoden bei der Erforschung der kaufmännischen Aus- und Fortbildungsberufe","In search of the ""commercial"" with means of occupational research - objectives and methods in the research of commercial training and further education professions"
1186310197,Gesundheitslernen in betrieblichen Maßnahmen der Prävention: ReSuDi; ein Beispiel aus der Praxis,Health learning in occupational preventive measures: ReSuDi; an example from practice
118631382X,Die @informatisierte Arbeitsgesellschaft,The digitalized society at work
118631656X,"Elemente einer neuen europäischen Ordnung: Prinzipien, Instrumente und Institutionen zur Regelung der Beziehungen zwischen Russland und dem Westen","Principles, instruments, and institutions for regulating relations between Russia and the West"
1186330899,"""Dicksein"" als Aspekt von Diversität – Entwicklungsaufgaben für dicke Lehrpersonen Professional challenges for overweight teachers",Obesity as an aspect of diversity – Developmental challenges for overweight teachers
1186331771,Blick zurück nach vorn - WegbereiterInnen der Inklusion. Band 2,Looking back to the future - trailblazers of inclusion. Volume 2
1186366249,Auswirkung des Remote Ischemic Preconditioning auf die perioperative myokardiale Schädigung während koronarer Bypassoperationen unter Einsatz der Herz-Lungen-Maschine,The effect of remote ischemic preconditioning on perioperative myocardial injury during coronary bypass surgery using the heart-lung machine
1186374497,Toolbox Kommunikationsmanagement Denkwerkzeuge und Methoden für die Steuerung der Unternehmenskommunikation,Toolbox for Communications Management: Thinktools and Methods for Controlling Corporate Communication
1186406135,Stimmen im Widerstand: der Protest der Asylsuchenden im Kontext der österreichischen Sprachenpolitik,Voices in Resistance: The Protest of Asylum Seekers in the Context of Austrian Language Policy
1186406208,"Frauenbewegung und transnationale ""Projektwirtschaft"" in der Türkei","Women's movement and transnational ""project economy"" in Turkey"
1186410167,PIAAC-Longitudinal (PIAAC-L) 2016: Hintergrundfragebogen; Kognitiver Pretest,PIAAC-Longitudinal (PIAAC-L) 2016: Background Questionnaire; Cognitive Pretest
1186412127,"""Interkulturelle Kompetenz erwirbt man nicht in einem Semester!"": empirische Ergebnisse eines interkulturellen Seminars","""Cultural competence isn't acquired in a single semester!"": Empirical results of an intercultural seminar"
1186412631,"""Wenn Vater, dann will ich Teilzeit arbeiten"": Die Verknüpfung von Berufs- und Familienvorstellungen bei 30-jährigen Männern aus der deutschsprachigen Schweiz","""If Father, then I want to work part-time"": The Linkage of Career and Family Beliefs Among 30-Year-Old Men in the German-Speaking Region of Switzerland"
1186413514,Die @Türkei nach den Wahlen: alles wie gehabt und doch tiefgreifend anders,Turkey after the elections: everything as usual and yet fundamentally different
1186507934,Sicherheit der Verbraucher in vernetzten Fahrzeugen,Consumer Safety in Connected Cars
1186508345,"Migration, Integration und die Arbeit von Kulturinstituten","Migration, Integration and the role of cultural institutions."
1186509430,Information der Landesparlamente durch die Landesregierungen in EU-Angelegenheiten im Vergleich,Comparison of information provided by state parliaments by state governments in EU matters
1186510072,Seit wann gibt es eigentlich Liebe?,How long has love existed?
1186510366,Hirntod,Brain death
1186522283,Kreativwirtschaft international: Schnittmengen zur Auswärtigen Kulturpolitik,Creative economy international: Intersections with Foreign Cultural Policy
1186524731,Über das Missverhältnis von Qualifikationen und Anforderungen am Arbeitsplatz: eine theoretische Reflexion und empirische Untersuchung zu Qualifikations- und Skills-Mismatch am österreichischen Arbeitsmarkt,On the Mismatch of Qualifications and Requirements at the Workplace: A Theoretical Reflection and Empirical Investigation into the Skills and Qualification Gap on the Austrian Labor Market
1186549920,Konzessionserneuerung Laufwasser-kraftwerk Dietikon an der Limmat,Renewal of concession for the Run water power plant in Dietikon on the Limmat River
1186590165,Correspondenz. Mitteilungen der Robert-Schumann-Gesellschaft e.V. Düsseldorf. Nr. 35/ Februar 2013,Correspondence. Messages of the Robert-Schumann-Gesellschaft e.V. Duesseldorf. Issue 35 - February 2013
1186596112,Zinkfrei pulvern und den Korrosionsschutz erhöhen,Free of zinc powder and increase corrosion protection
118662485X,"Die @Grafschaft Hanau-Lichtenberg oder das ""Hanauer Ländel"" Hessenzeit im ""Krummen Elsass"" von 1736 bis zur Französischen Revolution 1790/1 bis 1802/3 oder: Weshalb der Landgraf von Hessen-Darmstadt einst auch Landesherr von Territorien im Elsass, der Ortenau und der Südwestpfalz war","The County of Hanau-Lichtenberg or the ""Hanauer Land"" Hesse region in the ""Crooked Alsace"" from 1736 to the French Revolution 1790/1 to 1802/3 or: Why the Landgrave of Hesse-Darmstadt was also suzerain over territories in Alsace, the Ortenau, and the Southwestern Palatinate"
1186630892,Dimensionen der Kritik von Wünschen,Dimensions of Desire
1186643986,Integration der Instrumente der Technischen Zusammenarbeit,Integration of the tools of Technical Cooperation
1186653701,Westbalkan als Kollateralschaden der europäischen Passivität? Aktuelle Entwicklungen im Lichte der EU-Erweiterungspolitik und der Flüchtlingsproblematik,The Western Balkans as collateral damage of European passivity? Current developments in the light of EU enlargement policy and the refugee crisis
1186724544,Während wir planten: unerwartete Entwicklungen in der internationalen Politik ; Foresight-Beiträge 2018,While we were planning: unexpected developments in international politics; Foresight Contributions 2018
1186726113,Gespaltenes Bosnien-Herzegowina: mit Moskaus Unterstützung bremst die Republika Srpska die EU- und Nato-Beitrittsprozesse,"Splits Bosnia-Herzegovina: with Moscow's support, Republika Srpska is slowing down the EU and NATO accession processes"
1186760028,Frieden studieren – und was dann? Ergebnisse einer Absolvent*innenbefragung von Masterstudiengängen der Friedens- und Konfliktforschung,Studying Peace – and Then What? Results of a Graduate Survey of Master’s Programs in Peace and Conflict Studies
1186772549,Ballzauber in Tansania Mein Fußballabenteuer in der Vodacom Premier League,Soccer Magic in Tanzania My Football Adventure in the Vodacom Premier League
1186791845,Konsumrituale als strategisches Marketinginstrument,Consumer rituals as a strategic marketing instrument
1186794038,Die @Krise der modernen Wissenschaften im Denken Karl Jaspers',The crisis of modern sciences in the thought of Karl Jaspers
1186794224,Sprachbegriff und Textauslegung unter wissenschaftsgeschichtlichem Aspekt,Terminology and text interpretation from a historical perspective on the science of language
1186794313,"Psychologische Karrierehindernisse für Frauen - Selbstkonzept, Selbstpräsentation, Selbstselektion?","Psychological Career Hurdles for Women - Self-Concept, Self-Presentation, Self-Selection?"
1186794615,"Wilhelm Wundt (1832–1920) : Gesamtwerk: Einführung, Zitate, Kommentare, Rezeption, Rekonstruktionsversuche","Wilhelm Wundt (1832–1920) : Complete Work: Introduction, Quotations, Comments, Reception, Reconstructions"
1186794674,Von Schiiten lernen: der Reiz des Martyriums für sunnitische Gruppen in Pakistan und Afghanistan  Learning from Shiites: how conceptions of martyrdom appeal to Sunni groups in Pakistan and Afghanistan,Learning from Shiites: how conceptions of martyrdom appeal to Sunni groups in Pakistan and Afghanistan
118692814X,Liberale Neutralität,Liberal Neutrality
1186928174,Die @Ironie des Fortschritts? Kommentar zu Volker M. Heins' 'Fortschritt und Ironie in der Politischen Theorie',The @Irony of Progress? Comment on Volker M. Heins' 'Progress and Irony in Political Theory'
1186931744,Die @Entwicklung der Heterodoxie in der universitären Volkswirtschaftslehre: erste Annäherung an eine Feldanalyse in den Begriffen Pierre Bourdieus,The development of heterodoxy in university economics: an initial approach to a field analysis in the terms of Pierre Bourdieu
118693235X,Über den Begriff der Gegenwart - eine historisch-soziologische Betrachtung,On the concept of the present - a historical and sociological perspective
1186939222,Chronistik der Moderne zur literarischen Überwindung des Historismus,History of Modernity for the literary overcoming of historicism
1186939508,"Proben aufs Exempel über das Paradigmatische an Hans Blumenbergs ""Paradigmen zu einer Metaphorologie""","Trial by the example of the paradigmatic in Hans Blumenberg's ""Paradigms for a Metaphorology"""
1186981369,Lärm in Schulen Über die Auswirkungen des Lärms auf LehrerInnen und SchülerInnen in oberösterreichischen Pflichtschulen,Noise in Schools The Impact of Noise on Teachers and Students in Upper Austrian Compulsory Schools
1187056669,Persönliche Bilanzierung der Herausforderungen einer Verwitwung im Zeit- und Geschlechtervergleich,Personal balance of challenges in widowhood in the context of time and gender comparison
1187057207,"Niklas Luhmann, gender, queer","Niklas Luhmann, gender, queer"
118705769X,Schulen mit ganztägigem Angebot: Vorbereitung einer Typologie,Schools with a full-day program: Preparation of a typology
1187058262,Wissen und Handeln von Sprachförderkräften im Elementar- und Primarbereich,Knowledge and action of language promoters in the preschool and primary school areas
1187062006,"Transnationale Heiratsprozesse und genderspezifische Auswirkungen räumlicher Distanz, gesetzlicher Regelungen und neuer Kommunikationstechnologie: arrangierte Ehen zwischen Deutschland und der Türkei","Transnational marriage processes and gender-specific impacts of spatial distance, legal regulations, and new communication technologies: arranged marriages between Germany and Turkey"
1187062243,Lesbian Trouble(s): Queere Theorievergessenheit und die Bedeutung lesbisch-feministischer 'Klassikerinnen' für andere Versionen und Visionen von Queer/ing,Lesbian Trouble(s): Queer Theory Blindness and the Importance of Lesbian-Feminist 'Classics' for Other Versions and Visions of Queer/ing
1187062340,Bildungsmigration und Translokalität: biographische Entwürfe Jugendlicher und junger Erwachsener im postsowjetischen Raum,Educational migration and translocality: biographical drafts of young people and young adults in the post-Soviet space
1187062413,Alltagswelten junger Musliminnen und Muslime unter Bedingungen sozialer Ungleichheiten,Daily worlds of young Muslims and Muslims under conditions of social inequality
1187062707,Das @Geheimnis der Gouvernementalität: der maskulinistische Ökonomie- Begriff und die verdrängte Reproduktion,The Secret of Governance: the Maskulinist Economy Concept and the Strangled Reproduction
1187062898,"Heterogenität, Fragmentierung und Handlungsmacht von Frauenrechtsaktivistinnen in Aceh, Indonesien","Heterogeneity, Fragmentation, and Agency of Women's Rights Activists in Aceh, Indonesia"
1187064742,Intergenerative Transferbeziehungen und Bildungserfolg - Verschiebungen im Bildungsmoratorium,Intergenerational Transfer Relationships and Educational Success - Shifts in the Education Moratorium
1187065250,Die @Positionierung des weiblichen Subjekts im politischen Raum: eine biographieanalytische Betrachtung der Karrierechancen ostdeutscher Politikerinnen,The positioning of the female subject in the political arena: a biography-analytical examination of the career opportunities of East German female politicians
1187065528,Urbane Gemeinschaftgärten als Heteropien im Städtischen Raum: Möglichkeiten der Realisierung von Utopien aus Sicht der Automatismenforschung,Urban Community Gardens as Heterotopias in the Urban Space: Possibilities for Realizing Utopias from the Perspective of Automata Research
1187065609,"""Österreichs Söhne"" und die ""Töchter der Zeit"": Prolegomena zu einer Erfahrungsgeschichte nationaler Identitätspolitik","""Austria's Sons"" and ""Daughters of Time"": Prologues to a History of National Identity Politics"
1187065692,Individualisierte Erinnerungen an NS-Zwangsarbeit: zum Wandel in Erinnerungskultur und Oral History,Individualized Memories of Forced Labor during the Nazi Era: Shifts in Memory Culture and Oral History
1187065722,"Hans Suréns Karriere als ""Körperkulturführer"" in der Weimarer Republik und im ""Dritten Reich""","Hans Sures' career as the ""leader of physical culture"" in the Weimar Republic and the Third Reich"
1187066230,Interessieren sich junge Leute noch/wieder/immer noch für feministische Politikwissenschaft? Welche Themen sind es Ihrer Meinung? 1997 - 2001/02 - 2017 - 2031 - 2037,Are young people still interested in feminist political science? What topics do you think are relevant? 1997 - 2001/02 - 2017 - 2031 - 2037
1187066583,"Weiblicher Kriegsdienst im Ersten Weltkrieg: nur singen und Verbände wechseln? Oder: Eine Opernsängerin, die nicht singt, sondern Skandale aufdeckt",Women's military service in World War I: only singing and changing bandages? Or: An opera singer who doesn't sing but uncovers scandals
1187067091,LGBTIQ*-Wahlstudie 2017 zur Bundestagswahl in Deutschland und zur Nationalratswahl in Österreich,LGBTIQ*+ Election Study 2017 for the German Federal Election and the Austrian National Council Election
1187067555,Künstlerische Alltagspraktiken als Politik: Perspektiven der (Nicht-)Bewegungsforschung auf Ägypten,Artistic everyday practices as politics: Perspectives of (non-)movement research on Egypt
1187095990,Hohe Akzeptanz des Wohlfahrtsstaates trotz kritischer Leistungsbewertung: Wohlfahrtsregime und Einstellungen zum Wohlfahrtsstaat im europäischen Vergleich,High acceptance of the welfare state despite critical performance evaluation: Welfare regimes and attitudes towards the welfare state in European comparison
1187096342,Die @Anfälligkeit von Arbeitern gegenüber der NSDAP bei den Reichstagswahlen 1928-1933 [1986],The susceptibility of workers to the Nazi Party in the Reichstag elections 1928-1933 [1986]
1187096407,Kontinuität und Neubeginn: die Bundestagswahl 1949 zwischen Weimar und Bonn [1981],Continuity and Renewal: The 1949 Federal Election between Weimar and Bonn [1981]
1187097934,Deutungsmusteranalyse in der soziologischen Sozialpolitikforschung: Überlegungen zu einem qualitativen Forschungsansatz,Interpretation patterns in sociological social policy research: Considerations on a qualitative research approach
1187098515,"""What's your pace?"" Gedanken zum Forschen mit und über digitale(r) Selbstvermessung","""What's your pace?"" Thoughts on Research with and about Digital Self-Measurement"
118710115X,Tornado-Nachfolge und FCAS: Doppelentscheidung konfrontiert Deutschland mit Zielkonflikten,Tornado succession and FCAS: Double decision confronts Germany with goal conflicts
118710325X,Jenseits der Naturbeherrschung: ein Traktat über Nachhaltigkeit in Zeiten des Anthropozäns,Beyond Nature's Control: A Treatise on Sustainability in the Age of Anthropocene
1187103594,Syrische Migranten in Deutschland als bedeutsame neue Bevölkerungsgruppe,Syrian migrants in Germany as a significant new population group
1187114642,Europa erhalten - mit Ihrer Stimme,Europe is saved - with your voice
1187114820,Im siebten Gleitschirmhimmel,In seventh skydiving sky
1187137456,Moralische Motivation als Problem des Kognitivismus zu den begrifflichen Grundlagen von Gertrud Nunner-Winklers Studie über moralische Motivation,Moral motivation as a problem of cognitivism for the conceptual foundations of Gertrude Nunner-Winkler's study on moral motivation
118713841X,"Führen mit Drucker, Mintzberg, Bennis & Co.","Leading with a Printer, Mintzberg, Bennis & Co."
1187144517,Das @römisch-deutsche Reich im Europa des 13. Jahrhunderts ein Schlusswort,The Roman-German Empire in Europe of the 13th century
1187144754,"Gefangenenloskauf in der Krone Aragón und die Anfänge des Mercedarierordens institutionelle Diversität, religiöse Kontexte, mediterrane Verflechtungen","Prisoner release in the Crown of Aragon and the beginnings of the Mercedarian Order: institutional diversity, religious contexts, Mediterranean entanglements."
1187144967,"Staufer, Italien, Innovationsregionen Begriffe und Blickachsen","Staufer, Italy, innovation regions, key terms, and focus areas"
1187179396,"Zu einer soziomoralischen Kategorie der Komödie und der komischen Oper (Wien, 1760er bis 1820er Jahre)","A sociomoral category of comedy and comic opera (Vienna, 1760s to 1820s)"
1187180289,Blogfigur Afrofigur Zur Konstruktion afrikanischer Identität im Blog 'MsAfropolitan',Afroblogger Constructing African Identity in the Blog 'MsAfropolitan'
1187180424,Die @Angst der Welt Raabes Odfeld und das deutsche Kriegstrauma,Raabe's World Fears Odfeld and the German War Trauma
1187180858,"""Unser aller Weg führt übern Bodensee"" Robert Gernhardts Nonsens-Poesie","""Our path leads over the Bodensee"" Robert Gernhardt's nonsensical poetry"
1187187577,Auswärtige Kunstvermittlung wirksamer gestalten: Beispiele innovativer Kunstprojekte in und mit Südamerika,Strengthening international art mediation: Examples of innovative art projects in and with South America
1187193542,Demokratie der Alten? Partizipation junger Generationen in den politischen Parteien Deutschlands,Democracy of the Elderly? Participation of Young Generations in German Political Parties
1187194409,Für einen konfliktiven Liberalismus: Chantal Mouffes Verteidigung der liberalen Demokratie,For a conflictual liberalism: Chantal Mouffe's defense of liberal democracy
1187194492,"Kant, ein Republikaner? Tagungsbericht zur Internationalen Konferenz 'Kant and Republicanism', Universität Hamburg vom 8.-10. April 2014","Kant, a Republican? Conference Report on the International Conference 'Kant and Republicanism', Hamburg University, April 8-10, 2014"
1187196932,Die @Tagung der Angespannten: nach der Münchner Sicherheitskonferenz,The @Conference of the Anxious: after the Munich Security Conference
1187197580,Die @Denuklearisierung Nordkoreas: Von Maximalforderungen zu Rüstungskontrolle,The Denuclearization of North Korea: From Maximum Demands to Disarmament Control
1187251089,Synthese und Eigenschaften flexibler Resorcin-Formaldehyd- und Kohlenstoffaerogele,Synthesis and properties of flexible resorcinol-formaldehyde and carbon aerogels
1187265160,"""Freie Frauen"" gegen den ""Gender-Wahn"": Paradoxe (neue) Allianzen in der (extremen) Rechten","""Free Women"" against the ""Gender Delusion"": Paradoxes (new) Alliances in (extreme) Right"
1187265330,"Komplizierte Verhältnisse: Geschlecht und Begehren in schulbiographischen Erzählungen von lesbischen, schwulen, bisexuellen und Trans-Jugendlichen","Complex situations: Gender and desire in autobiographical narratives of lesbian, gay, bisexual, and transgender youth"
1187266922,Migration und Raumentwicklung,Migration and spatial development
1187267031,Auswärtige Kultur- und Bildungspolitik in Staaten im Umbruch am Beispiel Myanmars,"Foreign cultural and education policy in states in transition, with the example of Myanmar"
1187271268,Twenty Years After: Netzwerke russisch-jüdischer Migranten im Zeitverlauf,Twenty Years After: Networks of Russian-Jewish Migrants Over Time
1187272663,"Zur interdisziplinären Ortsbestimmung sozialhistorischer Migrationsforschung: Begriffe und Modelle, Methodenfragen und Theorieprobleme [1979/2005]","For interdisciplinary location determination in social-historical migration research: Concepts and models, methodological questions, and theoretical problems [1979/2005]"
1187273244,"Grenzen - Identitäten - Heimat: Theoriegeleitete Annäherungen an Konstrukte und Konzepte im ""grenzüberschreitenden"" Kontext","Boundaries - Identities - Homeland: Theory-based Approaches to Constructs and Concepts in the ""Cross-Border"" Context"
1187273910,Transitional Justice,Transitional Justice
1187275050,Modi und Objekte politischer Kommunikation: über Sprachspiele der Politik und den Vergleich von Deliberationsprozessen,Political communication: modes and objects – on language games in politics and the comparison of deliberation processes
1187275999,Forschungsdaten und Forschungsdatenmanagement in den Sozialwissenschaften,Research Data and Research Data Management in the Social Sciences
1187276944,"Derrida, Kant und das Zusammenspiel von Dekonstruktion und Konstruktion: Spuren einer normativen Identität der Politischen Theorie und Ideengeschichte","Derrida, Kant, and the Interaction of Deconstruction and Construction: Traces of a Normative Identity in Political Theory and Intellectual History"
118727836X,Nonresponse in aktuellen deutschen Viktimisierungssurveys,Nonresponse in current German victimization surveys
1187280852,"Fluktuation auf regionalen Wohnungsmärkten: empirische Befunde zur Relevanz von regionalstrukturellen, nachfrage- und angebotsseitigen Parametern","Fluctuation on regional housing markets: empirical findings on the relevance of regional structural, demand, and supply-side parameters"
1187282200,Demokratische Repräsentation in ethnisch geteilten Postkonfliktstaaten am Beispiel Bosnien und Herzegowinas,"Democratic representation in ethnically divided post-conflict states, using Bosnia and Herzegovina as an example."
1187335614,Untersuchungen zur Vererbung des mitochondrialen Genoms in Saccharomyces cerevisiae,Studies on the inheritance of the mitochondrial genome in Saccharomyces cerevisiae
1187340626,Visuelle Welt,Visual World
1187354899,"Regional, kooperativ, wandelbar: Ansätze zur Sicherung der Daseinsvorsorge in schrumpfenden Regionen - Ergebnisse eines Planungsprojekts in Thüringen","Regional, cooperative, adaptable: Approaches to Ensuring Basic Services in Shrinking Regions - Results of a Planning Project in Thuringia"
1187364738,"Entwicklung eines submikrozellularen Hochleistungsdämmstoffs aus einem Polystyrol-Nanoschaum, AZ 33406/01","Development of a sub-micron cellular high-performance insulation material from a polystyrene nanofoam, AZ 33406/01"
118752042X,Mitarbeiterentsendung und Brexit Die steuerliche Entwicklung im Base-Case-Szenario und praktische Empfehlungen,Employee Deployment and Brexit: The Tax Development in the Base-Case Scenario and Practical Recommendations
1187523275,Kreatives Schreiben an der Hochschule. Interdisziplinäre Perspektiven auf kreative Schreibkompetenzen und Schreibprozesse von Studierenden. Eine qualitativ-empirische Untersuchung,Creative Writing at the University. Interdisciplinary Perspectives on Creative Writing Skills and Writing Processes of Students. A Qualitative-Emprirical Investigation
1187598275,Handbuch Unternehmensrestrukturierung Grundlagen – Konzepte – Maßnahmen,Handbook on Corporate Restructuring – Fundamentals – Concepts – Measures
1187658391,Angenrod im Dritten Reich: Nonkonformismus und Zivilcourage,Angenrod in the Third Reich: Nonconformity and Civil Courage
1187658405,Sehnsuchtsort Gießen? - Zur Geschichte des Notaufnahmelagers nach dem Mauerbau,Wishful Place Gießen? - History of the Emergency Shelter after the Fall of the Berlin Wall
1187658421,"Fußball in Gießen - die Anfänge für Erwin Knauß, der auch begeisterter Fußballer war","Football in Gießen - the beginnings for Erwin Knauß, who was also an enthusiastic football player"
1187661236,"Liegende Gotik: Begrüßungsworte beim Festakt zur Eröffnung des Neubaus Naturwissenschaften II, 1. Bauabschnitt, am 15. Juli 1996","Lying Gothic: Greetings at the ceremonial opening of the New Building for Natural Sciences II, 1st Construction Phase, on 15th July 1996"
1188026623,Schwerwiegende Verletzungen im Profifußball und deren Folgen auf Ausfallzeiten und Karriereende,Significant injuries in professional football and their consequences on absences and career ends
1188118927,Burundi: Beratung der burundischen Regierung zur Ausgestaltung des extraktiven Sektors Projektevaluierung: Kurzbericht,Burundi: Advising the Burundian government on the design of the extractive sector projects. Evaluation report: Short report
1188189239,Höhere Effizienz durch Mildhybrid-Integrationsansatz,Higher efficiency through mild hybrid integration approach
1188201441,Lehren aus den Rentenreformen seit 1972,Drawing lessons from pension reforms since 1972
1188242105,Hàn oder Volksgesänge: Populäre Lieder als Indikatoren für Weltanschauung und Glaubensvorstellungen der Mahi (Bénin),Hand or People's Songs: Popular Songs as Indicators of Worldview and Religious Beliefs of the Mahi (Benin)
1188314912,"Assemblierung, Annotation und vergleichende Genomik komplexer Invertebratengenome am Beispiel von ""Radix"" (Mollusca, Gastropoda)","Assembly, annotation, and comparative genomics of complex invertebrate genomes, using the example of ""Radix"" (Mollusca, Gastropoda)"
1188376217,Einführung in die Kristalloptik,An Introduction to Crystal Optics
1188399179,Dann war es nur ein Traum ... Rätedemokratie und Rätebewegung in Bayern 1918/19,Then it was only a dream ... Council democracy and council movement in Bavaria 1918/19
1188427873,Fahrdynamikuntersuchungen eines Elektrofahrzeugs mit Einzelrad-Hinterradantrieb,Dynamic analysis of an electric vehicle with rear-wheel drive
1188456369,Forschendes Lernen in der Lehrerausbildung. Gestaltung und Erforschung des Praxissemesters,Research-based learning in teacher education. Design and research of the practice semester
1188456466,Individualität im Spannungsverhältnis von Lehren und Lernen in der Lehrerbildung. Potenziale von Blended Learning im Praxissemester,Individuality in the tension between teaching and learning in teacher education. Potentials of Blended Learning in the practical semester.
1188456873,Reflexionspotentiale nutzen oder verpassen? Eine exemplarische Rekonstruktion reflexionsförderlicher und -hemmender kommunikativer Aktivitäten in Gesprächen über den Deutsch-Unterricht,Utilizing or missed opportunities: A reconstructive example of communicative activities that foster and hinder reflection in conversations about German instruction
1188554824,People Analytics bei der Personalauswahl Beurteilung eines Matching-Algorithmus nach dem neuen Datenschutzrecht,People Analytics in personnel selection - Evaluation of a matching algorithm under the new data protection law
1188717863,Was ist Fortschritt? Anmerkungen zur impliziten Ontologie eines Begriffs,What is progress? Remarks on the implicit ontology of a concept
118872570X,Charakterisierung von gpr17 und dessen Einfluss auf die Myelinisierung im Zebrafisch (Danio rerio),Characterization of gpr17 and its impact on myelination in the zebrafish (Danio rerio)
1188731726,"Absorptions- und Emissionsspektroskopie an superkritischem, flüssigem und gasförmigem Xenon im Vakuum-Ultravioletten Spektralbereich","Absorption and emission spectroscopy of supercritical, liquid, and gaseous xenon in the vacuum ultraviolet spectral range"
1188814273,Suitability of non-destructive sensors for monitoring physiological and biochemical responses of tomato leaves and fruits to abiotic stresses,Suitability of non-destructive sensors for monitoring physiological and biochemical responses of tomato leaves and fruits to abiotic stresses
1188882287,Charakterisierung der Signalprozesse von Typ-II Ethylenrezeptoren aus Arabidopsis thaliana,Characterization of the signal processes of type-II ethylene receptors from Arabidopsis thaliana
1188882430,„Stütze“ für die Europäische Union? Die soziale Dimension der EU stärken,Support for the European Union? Strengthening the social dimension of the EU
1188883305,"Rechtsgeschichte als Kunstprodukt zur Entbehrlichkeit von ""Begriff"" und ""Tatsache""","The history of law as a work of art in relation to the dispensability of ""concept"" and ""fact"""
1188884778,Legitimation der Regulierungszusammenarbeit durch Einbindung der Zivilgesellschaft?,Legitimating regulatory cooperation through the involvement of civil society?
1188885367,Zwischen Aarhus und Alpha Centauri,Between Aarhus and Alpha Centauri
1188902008,Deutschlands Sparkurs gefährdet die NATO: die Fähigkeitszusagen der Bundesregierung erfordern höhere Verteidigungsausgaben,Germany's austerity course threatens NATO: the capabilities promises of the federal government require higher defense spending
118890227X,Vom freien Internet zur postdigitalen Gesellschaft: Politische Ökonomie im Diskurs der Netzbewegung,From the free internet to the post-digital society: Political economy in the discourse of the network movement
118890440X,Kirche und Staat in Russland: nationale und außenpolitische Akzente,Church and State in Russia: National and Foreign Policy Highlights
1189005433,Investiturstreit,Investiture Struggle
1189005492,Das @Heilige Römische Reich deutscher Nation und seine Territorien 1493–1806,The Holy Roman Empire of the German Nation and its Territories 1493–1806
1189005794,Maria Theresia Briefe und Aktenstücke in Auswahl,Maria Theresia: Letters and Documents in Selection
1189070987,Ein @Lasersystem für Experimente mit Quantengasen unter Schwerelosigkeit,A laser system for experiments with quantum gases in microgravity
1189146487,Perkolierte Feststoff-Vergärung Vergleichende Untersuchungen zur Prozesssteuerung in ein- und mehrstufigen Verfahren,Percolated Solid Fermentation Comparative Investigations on Process Control in Single and Multistage Processes
1189213842,Archäologie des nicht-pythagoreischen Klangs,Archaeology of the Non-Pythagorean Sound
1189318229,Die @soziale Kategorie Siegertyp im Fußball als Karriere-Prognostikum,@social category winner type in football as career prognosis
1189419017,"Musikförderung als Instrument der Integration im Spannungsfeld zwischen Integrations-, Bildungs- und Kulturpolitik","Music promotion as a tool for integration in the tension field between integration, education, and cultural policy"
1189428113,Physik der Fiktion – fiktive Physik?,Physics of Fiction – Fictional Physics?
1189429497,Identifizierung und Charakterisierung natürlicher Rohstoffe als Bodenverbesserungsmittel sandiger Substrate,Identification and characterization of natural raw materials as soil improvers for sandy substrates
1189429810,"„Man muss da viel, viel Kommunikation reinstecken.“","""You need to put a lot of communication into it."""
1189442809,Biofilme von Staphylococcus epidermidis Biochemische Effekte auf Bildung und Stabilität,Biofilms of Staphylococcus epidermidis: Biochemical effects on formation and stability
1189537753,Eurokrise: Erneute Atempause ist kein Grund zum Ausruhen,Euro crisis: Another breather is no reason to rest
1189567652,Auswirkungen einer harten Landung in China,Effects of a hard landing in China
1189570440,Interethnische Freundschaften in Deutschland,Interethnic friendships in Germany
1189580179,Zukunftspfade Digitales Deutschland 2020,Digital Future Germany 2020
1189582821,Zu den archäologischen Untersuchungen auf dem Schiffenberg bei Gießen zwischen 1973 und 2015 moderne Bodendenkmalpflege im Umfeld eines Kulturdenkmals von nationaler Bedeutung,"Archaeological research on the Schiffenberg near Gießen from 1973 to 2015, modern soil monument protection in the area of a national monument"
1189582880,"Neues aus der ""Villa Arnesburg"" Fortsetzung der Untersuchungen in der mittelalterlichen Siedlung bei Lich-Muschenheim","News from ""Villa Arnesburg"" - Continuation of the investigations in the medieval settlement near Lich-Muschenheim"
1189583089,"Von der oberhessischen Provinz über den großen Teich die Ursprünge des Bierbrauers Johann Adam Lemp (1793-1862) aus St. Louis, Missouri","From the Hessian region across the Atlantic, the origins of beer brewer Johann Adam Lemp (1793-1862) from St. Louis, Missouri."
1189584964,Untersuchung zur Besitzercompliance in Bezug auf Impfungen bei Katzen in Deutschland,Study on owner compliance with vaccinations for cats in Germany
1189654199,Fluorosomen werfen Licht auf Ribosomenproduktion,Fluorescent probes illuminate ribosome production
1189655179,Funktionelle Charakterisierung des Hrd1-Proteins – einer Komponente der HRD-Ubiquitinligase,Functional characterization of the Hrd1 protein – a component of the HRD-ubiquitin ligase
1189658593,Uneindeutiger Verlust Psychopathologische und psychosoziale Konsequenzen im Kontext gewaltsamer Konflikte,Unclear loss Psychopathological and psychosocial consequences in the context of violent conflicts
1189662531,Doing Online Surveys: Zum Einsatz in der sozialwissenschaftlichen Raumforschung,Doing Online Surveys: For Use in Social Science Spatial Research
1189691620,Ein @Erinnerungs- und Lernort entsteht Die Gedenkstätte KZ-Außenlager Laagberg in Wolfsburg,A memorial and learning site is created. The memorial site KZ-Außenlager Laagberg in Wolfsburg
1189695049,Patrick Vetter: Das Wesen der Schönheit. Zur Transzendentalität von Bildung und Freiheit in Friedrich Schillers ästhetischer Erziehung,Patrick Vetter: The Essence of Beauty. On the Transcendentality of Education and Freedom in Friedrich Schiller's Aesthetic Education
1189696134,Soziologie 2/2019 Forum der Deutschen Gesellschaft für Soziologie,Sociology 2/2019 Forum of the German Society for Sociology
1189697424,Nikolaj Berdjaev: Das Schicksal Russlands. Versuche über die Psychologie des Krieges und der Nationalität. Übersetzt und herausgegeben von Dietrich Kegler,Nikolaj Berdjaev: The Fate of Russia. Essays on the Psychology of War and Nationality. Translated and edited by Dietrich Kegler
1189722798,Fußball: Durch Spielen zum Taktikfuchs Das 3-Stufen-Modell für Schule und Verein,Football: From Playing to Tactics: The 3-Step Model for School and Clubs
1189727846,Entwicklung innovativer Pflanzenschutzprodukte und -verfahren als umweltfreundliche Alternativen zur Bekämpfung von Mehltaupilzen Bericht im Rahmen des Forschungsprojektes: Silizium als Aktivator bei Kulturpflanzen,"Development of innovative plant protection products and methods as environmentally friendly alternatives to combat powdery mildew in the context of the research project: ""Silicon as an Activator in Cultivated Plants"""
1189900122,„Forschungslücke Krieg“ – Risiko für den Frieden? Über die friedens- und sicherheitspolitische Notwendigkeit einer wissenschaftlichen Befassung mit Krieg,War and Peace Research – Risk to Peace? On the Necessity of Scientific Engagement with War in Peace and Security Policy
1189924668,"Vorwärts immer, rückwärts nimmer? Was jetzt zu tun ist","Forward always, backward never? What to do now"
1189926326,Woher rührt die Zuspitzung? für eine Lösung aktueller Konflikte müssen existenzielle Probleme und politische Polarisierung zusammen betrachtet werden,"Where does the escalation come from? For a solution to current conflicts, existential problems and political polarization must be considered together."
1189991640,"Die @Wirtschaft als schwingendes System Erfahrungen, Einsichten, Prognosen","The Economy as a Swinging System Experiences, Insights, Prognoses"
1190022087,Die @Dunkelheit der Trauer teilen Trauerbegleitung in depressiven Zeiten,Sharing the darkness of grief: Bereitstellung von Unterstützung in depressiven Zeiten
1190028662,"Sozialdemokratie Indes. Zeitschrift für Politik und Gesellschaft 2018, Heft 03","Social Democracy. Journal for Politics and Society 2018, Issue 03"
1190030039,Die @Stadt Interkulturelle theologische Zugänge,The Intercultural Theological Spaces
1190030411,"Angewandte Philosophie. Eine internationale Zeitschrift/ Applied Philosophy. An International Journal Heft/Volume 1,2019: Interdisziplinarität in den Geistes- und Gesellschaftswissenschaften/Interdisciplinarity in the Humanities and Social Sciences","Applied Philosophy. An International Journal. Volume 1, 2019: Interdisciplinarity in the Humanities and Social Sciences"
1190031108,"Galerie als Werkstatt Paul Maenz und die Neuerfindung der Galerie zwischen New York und Westdeutschland, 1965-1971","Gallery as Workshop: Paul Maenz and the Re-invention of the Gallery between New York and West Germany, 1965-1971"
1190087847,Das @‚Denken des Neuen‘ in der venezianischen Kunsttheorie des 16. Jahrhunderts und die Dekonstruktion des linear-progressiven historischen Narrativs Giorgio Vasaris durch Lodovico Dolce (1557),"The ""Thought of the New"" in the Venetian art theory of the 16th century and the deconstruction of Giorgio Vasari's linear-progressive historical narrative by Lodovico Dolce (1557)"
1190106442,Max Ernst und die Geburt des Surrealismus,Max Ernst and the Birth of Surrealism
1190123800,"""Nebenan lockte Musik ..."" zur Bedeutung des Beiläufigen in Stefan Zweigs Erzählen","""Next door, music beckoned ...,"""
1190157217,Happy Running Laufend die Welt entdecken,Happy Running - Discover the world
1190178966,Strategische Verschlechterungen in dynamischen Konflikten: Eine empirische Untersuchung im Rahmen der Konfliktanalyse,Strategic Deterioration in Dynamic Conflicts: An Empirical Study within Conflict Analysis
1190240734,"Teilzeitväter? Deutschland, Schweden, Irland und die Niederlande im Vergleich","Part-time workers: Germany, Sweden, Ireland, and the Netherlands compared"
119024103X,Der @lange Weg zur 'guten' Schwangerschaft: über das paarinterne Management von Dissens um die Kinderfrage und die Relevanz von Macht und Geschlecht in diesem Prozess,The long path to a 'good' pregnancy: on the couple's internal management of conflict around the child question and the relevance of power and gender in this process
1190243377,Josef Falke zum 65. Geburtstag,Josef Falke on his 65th Birthday
1190247070,"QuaTOQ - Qualität der Arbeit, Beschäftigung und Beschäftigungsfähigkeit im Wechselspiel von Technologie, Organisation und Qualifikation - Branchenbericht: Chemie- und Pharmaindustrie","QuaTOQ - Quality of Work, Employment and Employability in the Interaction of Technology, Organization and Qualification - Industry Report: Chemical and Pharmaceutical Industry"
1190248182,Unbezahlte Sorgetätigkeiten von Frauen und Männern im Verlauf der zweiten Lebenshälfte,Unpaid Care Activities of Women and Men throughout the Second Half of Life
1190251256,Keine Entwarnung nach der Europawahl: der Einfluss EU-skeptischer Kräfte geht über das Europäische Parlament hinaus,No relief after the European elections: the influence of Eurosceptic forces extends beyond the European Parliament
1190285126,"Misshandlungen in Kindheit und Jugend, traumatische Lebensereignisse und psychische Störungen beim Fibromyalgiesyndrom: Ein Vergleich US-amerikanischer und deutscher Patienten","Childhood and juvenile maltreatment, traumatic life events, and psychological disorders in patients with fibromyalgia: A comparison of American and German patients"
1190285827,Entwicklung einer postoperativen kognitiven Dysfunktion (POCD) in Abhängigkeit von der Invasivität kardiochirurgischer Eingriffe,Postoperative cognitive dysfunction (POCD) development in relation to the invasiveness of cardiac surgical procedures
1190344335,Geschlecht als Qualifikation im Elementarbereich? Wider die Ein- und Fortführung der Kategorie Geschlecht im elementarpädagogischen Professionalisierungsdiskurs,Gender as qualification? Against the introduction and advancement of the category of gender in the early childhood education professional discourse
1190352060,"Die @""Familie der Könige"" im Mittelalter ein Diskussionsbeitrag zur Kritik eines vermeintlichen Erkenntnismodells","The ""Family of Kings"" in the Middle Ages: A discussion on the criticism of a supposed model of knowledge"
1190352494,Fiktion und Weltwissen der Beitrag nichtfiktionaler Konzepte zur Sinnkonstitution fiktionaler Erzählliteratur,Fiction and World Knowledge: Nonfictional Elements Contributing to the Constitution of Meaning in Fictional Narrative Literature
1190565552,Wie können wir uns gemeinsam der Lebenswirklichkeit zuwenden? Religionspädagogische Gedanken zur ethischen Bildung,How can we turn to the reality of life together? Pedagogical reflections on religious education for ethical education
1190565579,Religiöse Bildung in intergenerationellen Lernprozessen ermöglichen: eine Response zu Carsten Gennerichs Überlegungen,Religious education in intergenerational learning processes: a response to Carsten Gennerich's considerations
1190640635,Optimierung von Beurteilungskriterien für die Leberzytologie beim Hund,Optimization of assessment criteria for liver cytology in dogs
1190679930,"Eine @""Große Sandmauer"" im Südchinesischen Meer? Politische, seerechtliche und militärische Aspekte des Inselstreits","A ""Great Sand Wall"" in the South China Sea? Political, maritime, and military aspects of the island dispute"
119068005X,Arbeitsmarktübergänge junger Eltern - Einflussfaktoren und Rahmenbedingungen unter besonderer Berücksichtigung der Familienform: Abschlussbericht,Labor market transitions of young parents - influencing factors and framework conditions with special consideration of family form: Final report
1190680556,Personalentwicklung und Weiterbildung: Bericht zum Monitor,Personnel development and further training: report for the monitor
1190818981,Funktionale Analyse von membrangebundenen Klasse III Peroxidasen aus Mais (Zea mays L.) Charakterisierung durch heterologe und homologe Expressionsowie Imaging-Techniken,Functional Analysis of Membrane-Bound Class III Peroxidases from Maize (Zea mays L.) Characterization by Heterologous and Homologous Expression and Imaging Techniques
1190884674,"5. Wissenschaftliche Forschung, § 60c UrhG","5. Scientific Research, § 60c Copyright Act"
1190991381,Struktur- und Kulturwandel in Brüssel: Jean-Claude Juncker richtet die Kommission wie eine europäische Regierung aus,Structural and cultural change in Brussels: Jean-Claude Juncker restructures the Commission like a European government
1190991748,"Die @Rolle von Sina Weibo im ""Kampf um die öffentliche Meinung"" in China","The role of Sina Weibo in the ""battle for public opinion"" in China"
1190993643,"Internationale Frauenrechte zwischen Scheitern und kleinen Fortschritten: das Thema ""Gewalt gegen Frauen"" in globalen Verhandlungen","International Women's Rights between Failure and Small Gains: The Topic of ""Violence against Women"" in Global Negotiations"
1190994291,"Offshoring und Outsourcing von Arbeitstätigkeiten, insbesondere von Telearbeit und Tätigkeiten der Softwareentwicklung: ein Literaturbericht","Offshoring and outsourcing of work tasks, particularly of telework and software development tasks: a literature review"
1190995506,Kirchen und ihre Daten - Christliche Großkirchen als Gegenstand der Statistik und Akteure im Feld der Datennutzung,Churches and their data - Christian major churches as a subject of statistics and actors in the field of data usage
1190995670,"Deutschland als europäische Führungsmacht: die Sicht aus Frankreich, Griechenland und Polen","Germany as a European leading power: the view from France, Greece, and Poland"
1190996049,Ungarn in den Medien 2010-2014: Kritische Reflexionen über die Presseberichterstattung; Abschlussbericht der Arbeitsgruppe Ungarn,Hungary in the Media 2010-2014: Critical Reflections on Press Coverage; Final Report of the Working Group on Hungary
1190997541,"Familien- und kinderfreundliches Österreich? Erfahrungen aus dem beruflichen, privaten und öffentlichen Raum","Austria as a family-friendly and child-friendly country? Experiences from the professional, private, and public sphere"
1191065723,Mehr als nur Spitzenkandidaten: der politische Machtkampf um die Zukunft der Europäischen Kommission,More than just the top candidates: the political power struggle over the future of the European Commission
119106932X,Beitrag des Deutschen Gewerkschaftsbunds zum Ersten Armuts- und Reichtumsbericht des Landes Baden-Württemberg 2015,Contribution of the German Trade Union Confederation to the First Poverty and Wealth Report of the State of Baden-Württemberg 2015
1191069540,"Russland, Ukraine und Türkei im Geflecht der Sanktionen: warum Moskaus und Kiews neue Strafmaßnahmen auch für die EU ein Problem sind","Russia, Ukraine, and Turkey in the web of sanctions: why Moscow and Kyiv's new punitive measures are also a problem for the EU"
1191179842,Zeitaufgelöste Photoemissions-Elektronenmikroskopie von grenzflächennahen Lichtmoden,Time-resolved photoemission electron microscopy of near-surface light modes
1191190153,Thorakale Aortenwanddickenanalyse im MRT und Generierung von Referenzwerten in einem populationsbasierten Ansatz,Thoracic aortic wall thickness analysis in MRI and generation of reference values in a population-based approach
1191265536,Wieviel Wissenschaft braucht die Lehrerbildung? Zum Stellenwert von Wissenschaftlichkeit im Lehramtsstudium,How much science does teacher education need? The importance of scientificity in the teacher training course
1191316459,Mehr als jeder zweite Euro mit dem Ausland verdient: die Exportquote der Südwestindustrie übertraf 2012 erstmals die 50-Prozent-Marke,More than every second euro earned abroad: the export ratio of the South West industry exceeded the 50% mark for the first time in 2012.
1191319059,"Kamerun und Boko Haram: warum es jetzt gilt, über Terrorismus und Sicherheit hinauszudenken",Cameroon and Boko Haram: Why It's Time to Think Beyond Terrorism and Security
119131944X,Japans Debatte über Russland und den Konflikt um die Ukraine: aus japanischen Zeitschriften und Think-Tank-Publikationen der Jahre 2014 und 2015,Japan's Debate on Russia and the Ukraine Conflict: from Japanese newspapers and think tank publications of the years 2014 and 2015
1191321339,Rural gentrification an der Obermosel? Eine Fallstudie zu internationaler Wohnmigration und den Herausforderungen für die Dorfentwicklung,Rural gentrification at the Upper Moselle? A case study on international residential migration and challenges for village development
1191322033,"Die @Rekonstruktion von Beziehungsmustern aus problemzentrierten, biografisch angelegten Interviews am Beispiel von akademischen Karriereverläufen","The reconstruction of relationship patterns from problem-oriented, biographically based interviews at the example of academic career paths"
1191414248,Quo vadis Ego? Die Entwicklung von Identität im Kontext psychosozialer Einzelberatung aus soziologischer Perspektive,Where am I going? The development of identity in the context of psychosocial individual counseling from a sociological perspective
1191417131,Stabilität durch regionale Sanktionen in Afrika?,Stability through regional sanctions in Africa?
1191424634,Protestbewegungen als Motor für Brasiliens Demokratie,Protest movements as a driving force for Brazil's democracy
1191426831,"Die @""Null-Protest-Logik"": soziale Stabilität und staatliche Gewalt in China","The ""Null-Protest-Logik"": Social stability and state violence in China"
119142863X,Landkonflikte und politische Machtkämpfe in Burundi,Conflict in the countryside and power struggles in Burundi
1191430634,Durchsetzung der EU-Gleichbehandlungsrichtlinien: das Vorabentscheidungsverfahren zum EuGH,Implementation of the EU Equal Treatment Directives: the Preliminary Reference Procedure to the ECJ
1191436284,Thesen zur Psychologie des frühen Homo sapiens,Theses on the Psychology of Early Homo sapiens
1191437965,Nordkoreas Verbrechen gegen die Menschlichkeit,North Korea's crimes against humanity
1191437981,Kolumbiens Weg zum Frieden: die Verhandlungen zwischen der Regierung und der FARC-Guerilla bedürfen internationaler Begleitung,Colombia's path to peace: the negotiations between the government and the FARC guerrilla require international accompaniment
1191441644,Was von Karl Marx über (kindliche) Kompetenz zu lernen ist oder: Überlegungen zum Verhältnis von Kindheitswissenschaft und Kritischer Psychologie als Subjektwissenschaft,Karl Marx on the acquisition of (childhood) competence or: Considerations on the relationship between child development research and critical psychology as a social science
1191441741,Zwischen Selbstermächtigung und Unterwerfung: eine Analyse der Darstellung weiblicher Enthaarungspraktiken im Diskurs um Schönheitshandeln,Between Self-assertion and Submission: An Analysis of the Representation of Female Epilation Practices in the Discourse on Beauty Action
1191479811,Moden in der Hip-Hop-Szene: eine ethnographische Studie über die Bedeutung und Dynamik von Modestrukturen,Fashion in the Hip-Hop Scene: An Ethnographic Study on the Significance and Dynamics of Fashion Structures
119148145X,"Konditionale Erzählstrukturen (Gastvortrag, 5. Juni 2019 am DFG Graduiertenkolleg Faktuales und fiktionales Erzählen, Lehrstuhl Prof. Dr. Monika Fludernik, Englisches Seminar der Albert-Ludwigs-Universität Freiburg)","Conditional narrative structures (Guest lecture, June 5, 2019, DFG Graduate College Factual and Fictional Storytelling, Department of Prof. Dr. Monika Fludernik, English Department, Albert-Ludwigs-University Freiburg)"
1191517756,Gewichtung in der German Longitudinal Election Study 2009,Weighting in the German Longitudinal Election Study 2009
1191522865,Chronik einer vorhersehbaren Krise: Gewaltausbruch und chavistische Hegemonie in Venezuela,Chronicle of a predictable crisis: violence and Chavist hegemony in Venezuela
1191525082,Eine @deutschsprachige Kurzskala zur Messung des Konstrukts Need for Cognition: Die Need for Cognition Kurzskala (NFC-K),A @German-language short scale for measuring the construct Need for Cognition: The Need for Cognition Short Scale (NFC-K)
119152681X,Ergebnisse der Repräsentativen Wahlstatistik der Bundestagswahl 2013 in Baden-Württemberg,Results of the Representative Election Statistics of the Bundestag Election 2013 in Baden-Württemberg
1191528863,"Der @Aufschwung kurdischer Politik: zur Lage der Kurden in Irak, Syrien und der Türkei","The rise of Kurdish politics: the situation of Kurds in Iraq, Syria, and Turkey"
1191530221,Das @Fakultativprotokoll zum UN-Sozialpakt endlich annehmen,Finally accept the @Facultative protocol to the UN Social Pact
1191565742,"Ernst Mach – Zu Leben, Werk und Wirkung","Ernst Mach – On Life, Work and Influence"
1191584224,Die @EU im Beziehungsgefüge großer Staaten: komplex – kooperativ – krisenhaft,The EU in the relationship of great states: complex – cooperative – crisis-prone
1191588475,Zukünftige Fachkräftemärkte in Deutschland: von Modellrechnungen zu Szenarien,Future Skills Markets in Germany: From Model Calculations to Scenarios
1191591778,Die @verfehlte Sanktionspolitik des Westens gegen Simbabwe,The flawed sanctions policy of the West against Zimbabwe
1191592448,"Populäre Musik aus Österreich in digitalen, multimedialen Archiven: zur Konstruktion eines nationalen und regionalen Pop-Rock-Erbes",Popular music from Austria in digital and multimedia archives: towards the construction of a national and regional pop-rock heritage
1191597199,Ereignishaftigkeit und Rechtsentwicklung in der Verbraucherpolitik: eine historische und rechtswissenschaftliche Annäherung an den Umgang mit Krisen und Skandalen seit den 1970er-Jahren,Eventfulness and legal development in consumer policy: a historical and legal approach to dealing with crises and scandals since the 1970s
1191632806,"Aktuelle Entwicklungen in Baubetrieb, Bauwirtschaft und Bauvertragsrecht 50 Jahre Institut für Baubetrieb und Bauwirtschaft der TU Graz","Current Developments in Construction Operations, Construction Economy, and Construction Contract Law 50 Years Institute for Construction Operations and Construction Economy TU Graz"
119163485X,Fische Lernen an Stationen im Biologieunterricht (5. und 6. Klasse),Fish Learn at Stations in Biology Class (Grades 5 and 6)
1191662446,Gewerkschaften und Arbeitsmärkte in Entwicklungsländern,Trade unions and labor markets in developing countries
1191662543,"Reformansätze für eine praktikable, aber lenkungstaugliche Niederschlagswasserabgabe",Reform clauses for a practical but manageable rainfall runoff discharge
1191663604,Forschungsdatenzentrum Wahlen: Jahresbericht 2014 ; Berichtszeitraum: 01.01.2014-31.12.2014,The Election Research Data Center: Annual Report 2014 ; Reporting Period: 01.01.2014-31.12.2014
1191664023,Machtteilung nach Bürgerkriegen: Verbreitung und Erfolgsbilanz seit 1990,Division of power after civil wars: Spread and success record since 1990
1191664872,"Eine @europäische ""Special Relationship"": Leitlinien, Interessen und Spielräume der EU-27 in den Brexit-Verhandlungen","A European ""Special Relationship"": Guidelines, Interests, and Scope for EU-27 in Brexit Negotiations"
1191666603,"Panelmanagement: Probleme, Anmerkungen und Kommentare der Befragten ; Kategorienschema für die Codierung von Befragtenrückmeldungen im GESIS Panel","Panel Management: Problems, Comments, and Respondents' Feedback ; Categorization Scheme for Coding Respondents' Feedback in the GESIS Panel"
1191688704,Ortsaufgelöste Charakterisierung des elektrischen Kontaktverhaltens an Grenzflächen organischer Halbleitermaterialien,Characterization of electrical contact behavior at interfaces of organic semiconductor materials
1191690954,"Optimierter Hochvoltbatterieentwurf hinsichtlich mechanischer, thermischer und elektrischer Randbedingungen unter Berücksichtigung der Produktionskosten","Optimized high-voltage battery design considering mechanical, thermal, and electrical boundary conditions while taking into account production costs"
1191691500,Rebellische (Spiel)Räume und Underground Netzwerke die zweite Öffentlichkeit der ungarischen Avantgarde,Rebellious (Game) Spaces and Underground Networks: The Second Public of the Hungarian Avant-Garde
119169190X,Untersuchungen zur prognostischen Relevanz der Plasmakonzentration von L-Laktat bei Rindern mit akutem Abdomen,Investigations into the prognostic relevance of the plasma concentration of L-lactate in cattle with acute abdomen
1191693104,Entwicklung eines Messverfahrens zur Bestimmung der Wärmeleitfähigkeit von dünnen Schichten,Development of a measurement method for determining the thermal conductivity of thin layers
1191749991,Bach-Kantaten/ Dein ist allein die Ehre Johann Sebastian Bachs geistliche Kantaten erklärt,Bach Cantatas / Your Honor is His Alone Johann Sebastian Bach's Spiritual Cantatas Explained
1191753409,"Machtverhältnisse, Genderasymmetrien und Körperkonfigurationen in Reggaeton","Power relations, gender asymmetries, and body configurations in Reggaeton"
1191767302,Panzer gegen die Freiheit Zeitzeugen des 17.Juni berichten,Tanks against freedom: Eyewitnesses of June 17th tell their stories
1191828743,Das @gesamte Betreuungsrecht Die Rechtsgrundlagen für die tägliche Betreuungsarbeit; Ausgabe 2019,The comprehensive care right The legal foundations for daily care work; Edition 2019
1191831310,Oper. 100 Seiten Reclam 100 Seiten,100 pages Reclam 100 pages
1191838986,"Messung der Vektoranalysierstaerke it₁₁ in der elastischen Pion-Deuteron Streuung im Gebiet der (3,3) Resonanz","Measurement of the vector analyzing strength it₁₁ in the elastic pion-deuteron scattering in the region of the (3,3) resonance"
1191851613,Kirche in Szenen,Church in Scenes
1191927490,Bürgerbefragung in Weinstadt 2013,Citizen Survey in Weinstadt 2013
1191929019,"Sri Lanka: neuer Präsident, alte Probleme; begrenzte Chancen für einen politischen Neuanfang","Sri Lanka: New President, Old Problems; Limited Chances for a Political Fresh Start"
1191934381,"Wie viel ""Finanzmarktkapitalismus"" gibt es in Deutschland? Indikatoren der Kontroll-Finanzialisierung von 1990 bis heute","How much ""financial market capitalism"" is there in Germany? Indicators of control financialization from 1990 to today"
1191935795,Policy Transfer in der Berufsbildung in Südkorea: die Gleichzeitigkeit von globalem Lehren und Lernen,Policy Transfer in Vocational Training in South Korea: The Simultaneity of Global Learning and Teaching
1191936333,Politische Emanzipation und demokratische Inklusion,Political emancipation and democratic inclusion
1191937011,Tschechien wählt den Provinzialismus: Mit der Wahl Miloš Zemans zum Präsidenten vergibt Tschechien die Chance auf einen politischen Stilwechsel,"The Czech Republic chooses provincialism: With the election of Miloš Zeman as president, the Czech Republic is passing up the opportunity for a political change of style."
1191937429,Friedensnobelpreis für einen temporären Vermittlungserfolg in Tunesien,Nobel Peace Prize for a temporary mediation success in Tunisia
1191940314,Online-Befragung (Version 1.1),Online Survey (Version 1.1)
1191994031,Verfahrenstechnische Betrachtung und Optimierung der Freisetzung von Wasserstoff aus organischen Trägermaterialien,Process analysis and optimization of hydrogen release from organic carrier materials
119204813X,Kulturstandards: woher sie kommen und wie sie wirken,Cultural Standards: Where They Come From and How They Work
119204990X,Zur Notwendigkeit und Möglichkeit präventiver gewaltfreier Aktionen in globalen Krisen- und Spannungsfeldern,The Necessity and Possibility of Preventive Nonviolent Actions in Global Crisis and Tension Areas
1192050282,"Das @Wahljahr 2013: Wahlverhalten, Wählerwanderung und neue Parteien","The @Election Year 2013: Voting Behavior, Voter Migration, and New Parties"
1192051858,Dynamiken einer Rechtskoalition: wie das Scheitern des Friedensprozesses innenpolitischen Populismus in Israel fördert,Dynamics of a right-wing coalition: how the failure of the peace process fosters populism in Israel
1192053230,Ideologiekonformität und Indoktriniertheit: zum Herrschaftsanspruch der Weltanschauungsdiktatur,Ideology conformity and indoctrination: on the claim of worldview dictatorship
1192054806,Verschlüsselung in Gefahr: weltweit schwächen Staaten die Cyber-Sicherheit - Deutschland sollte dagegenhalten,Encryption at Risk: Weak States Worldwide Threaten Cyber Security - Germany Should Counter
1192054822,"Bewusstsein wecken, Haltung stärken, Verantwortung übernehmen: Menschenrechtsbildung in der frühen Kindheit","Awakening consciousness, strengthening attitude, taking responsibility: Human rights education in early childhood"
1192103610,Zur Zukunft von Deutschland in der Europäischen Union,The future of Germany in the European Union
119213477X,Chinas Debatte über Nordkorea: aus chinesischen Fachzeitschriften und sozialen Medien der Jahre 2013-2015,China's Debate on North Korea: from Chinese academic journals and social media from 2013 to 2015
1192136403,Jahresbericht 2014,Annual Report 2014
1192137175,Familienleben und Familienformen nach Trennung und Scheidung: Zwischenbericht,Family life and family forms after separation and divorce: interim report
1192138090,Arbeitsqualität und wirtschaftlicher Erfolg: Längsschnittstudie in deutschen Betrieben ; erster Zwischenbericht,Quality of Work and Economic Success: Long-term Study in German Companies; First Interim Report
1192139372,Zur Evaluation von Mensch-Roboter Interaktionen (MRI) - ein methodischer Beitrag aus soziologischer Perspektive,Evaluation of Human-Robot Interaction (HRI) - a methodological contribution from a sociological perspective
1192141334,Durchführung der 2. Erhebungswelle von PIAAC-L (Kooperative längsschnittliche Weiterverfolgung der PIAAC-Studie in Deutschland): Feldbericht zur Erhebung 2015,PIAAC-L (Longitudinal Study of PIAAC in Germany): Field Report for 2015
119214158X,Gemeinsam stabiler: wie autoritäre Regime zusammenarbeiten,Working together stronger: how authoritarian regimes collaborate
1192192257,Am Rande der Ukraine-Krise? Die Krimtataren nach der Annexion ihrer Heimat durch Russland,On the margins of the Ukraine crisis? The Crimean Tatars after the annexation of their homeland by Russia
1192193105,Die @Interkulturalität als politischer Begriff in Ecuador,The inter-culturality as a political term in Ecuador
1192194195,Friedensoperationen: Wirksamkeit und Erfolgsbedingungen; ein Blick auf den Stand der Forschung,Peace Operations: Effectiveness and Success Factors; A Look at the Current State of Research
119219733X,"Grundeinstellungen der russischen politischen Elite: Recht, Wahrheit, Gemeinwohl und Gewalt","Basic settings of the Russian political elite: Law, Truth, Common Good, and Violence"
119219781X,"Das @neue ""Europa der Sicherheit"": Elemente für ein europäisches Weißbuch zur Sicherheit und Verteidigung","The New ""Europe of Security"": Elements for a European White Paper on Security and Defense"
119219845X,Die @Umsetzung von Kinderrechten beobachten: eine Instrumentenauswahl für die Entwicklungszusammenarbeit,The @implementation of children's rights: a selection of instruments for development cooperation
1192199456,Dualitäten der französischen Russlandpolitik: die Ukrainekrise als Bewährungsprobe,Dualities of French Russia policy: the Ukraine crisis as a test
119219960X,Indiens Antwort auf die chinesische Seidenstraßeninitiative: neue Partner und neue Formate,India's response to China's Belt and Road Initiative: new partners and new formats
1192199618,Auf der Suche nach neuer Relevanz: die Institutionen der nordischen Zusammenarbeit im Reformprozess,In Search of New Relevance: The Institutions of Nordic Cooperation in the Reform Process
1192203380,Über die Grenzen von Scham: eine qualitative Studie zu (scham-) grenzüberschreitenden Situationen im Sportunterricht aus der Perspektive von Schüler/innen,Over the Boundaries of Shame: a Qualitative Study on (Shame-) Boundary Crossing Situations in Physical Education from the Perspective of Students
1192212118,"Die @Entwicklung der Individualpsychologie Alfred Adlers Persönlichkeitstheorie, Psychopathologie, Psychotherapie (1912–1937)","The development of Alfred Adler's individual psychology, including his personality theory, psychopathology, and psychotherapy (1912-1937)"
1192215435,Symmetrische Lupoide Onychomadesis (SLO) beim Bearded Collie,Symmetric Lupoid Onychomadesis (SLO) in Bearded Collies
1192215567,Über die Grundzustandsdichte relativistischer Coulomb-Systeme,On the ground state density of relativistic Coulomb systems
1192216482,Fernab der Öffentlichkeit? Öffentliche Meinung im Spiegel der Integrationstheorien,Far from the public? Public opinion in the mirror of integration theories
119230523X,Prozessentwicklung zur Produktion und Reinigung eines PEGylierten Antikörperfragmentes,Process development for the production and purification of a PEGylated antibody fragment
1192305663,"Nerven kitzeln Wie Angst unsere Gedanken, Einstellungen und Entscheidungen prägt","Tickle your nerves How fear shapes our thoughts, attitudes, and decisions"
1192308794,Einsatz digitaler Medien in Unterrichtssituationen und medienpädagogische Kompetenz von Lehrkräften der Region,Use of digital media in classroom situations and media pedagogical competency of teachers in the region
1192370902,Exergetische Untersuchung einer Carbon Black Anlage Einsatz exergiebasierter Methoden zur Identifizierung wettbewerbsvorteilhafter Effizienzmaßnahmen,Exergy analysis of a Carbon Black Plant: Application of exergy-based methods to identify competitively advantageous efficiency measures
1192371372,Eine @Interventionsstudie zum Thema Gesundheit im Sportunterricht Evaluation eines kooperativen Planungsprozesses in der Health.edu-Studie,A study on health in physical education: Evaluating a cooperative planning process in the Health.edu study
1192374681,Der @Spötter Witz aus Berlin,The @Spötter Witz from Berlin
1192410408,"Materialien, Systeme und Methoden, 2","Materials, Systems and Methods"
1192441672,Die @zentrale Vakuole von Phaeodactylum tricornutum:Charakterisierung und Untersuchung des Proteintransports,The central vacuole of Phaeodactylum tricornutum: Characterization and investigation of protein transport
1192441834,Numerische Optimierung der aerodynamischen Eigenschaften drehzahlgesteuerter Propeller für Multicopter,Numerical optimization of the aerodynamic properties of speed-controlled propellers for multicopters
119260573X,Digital Twins in der Komponenten- und Funktionsentwicklung für E-Fahrzeuge,Digital Twins in Component and Function Development for Electric Vehicles
119266521X,Place Branding von Wallfahrtsorten - Markenbildung: Volksfrömmigkeit als postsäkulares Image?,Site Branding for Pilgrimage Places - Branding through Popular Devotion: Post-secular Image?
1192693264,Minimal-invasive Strahldiagnose für hoch intensive Elektronenstrahlen,Minimal-invasive strahlendiagnose for highly intensive electron beams
119282167X,Spielbewegungen von Musikinstrumenten und deren Bedeutung für das Klangergebnis - Ein experimenteller Zugang durch Motion Tracking klassischer Orchesterinstrumente und Auralisation der Bewegungsdaten,Motion tracking of musical instrument movements and their significance for the sound outcome - An experimental approach using motion tracking of classical orchestra instruments and auralization of the movement data
1192823397,Eine @mehrkanalige und nachhallfreie Aufnahme von Beethovens 8. Sinfonie,A @multichannel and reverb-free recording of Beethoven's 8th Symphony
1192834259,"Einschreibungen der Trauer Schrift, Bild und Musik in Walter Benjamins Sonetten auf Christoph Friedrich Heinle","Recordings of the Mourning Script, Image, and Music in Walter Benjamin's Sonnets on Christoph Friedrich Heinle"
1192834453,"Franz Kafkas ""Prometheus""-Parabel Vorlesung, gehalten an der Humboldt-Universität zu Berlin nach 1983","Franz Kafka's ""Prometheus"" Parable Lecture, held at the Humboldt University in Berlin after 1983"
1192834585,"Ergangene Gedanken der Flaneur des ""Passagen-Werks""","Thoughts of the Flaneur of the ""Passage-Work"""
1192974646,"Scham und Würde eine thematische Untersuchung zu Nietzsches ""Jenseits von Gut und Böse""","Shame and Dignity: A Thematic Investigation of Nietzsche's ""Beyond Good and Evil"""
1193016754,Teamgeist Wie man ein Meisterteam entwickelt,Team Spirit How to Develop a Master Team
1193037697,Kunstphilosophie und Ästhetik Band I: Von der Vor- und Frühgeschichte bis zur antiken Welt und Rom,Aesthetics and Philosophy of Art Volume I: From Prehistory to the Classic World and Rome
1193050618,"Transkriptionelle, metabolische und physiologische Anpassung nach Selbstintoxikation mit reaktiven Sekundärstoffen: die Glukosinolat-Bombe in Arabidopsis thaliana","Transcriptional, metabolic, and physiological acclimatization following self-intoxication with reactive secondary metabolites: the glucosinolate bomb in Arabidopsis thaliana"
1193086566,Spiel mit Sterben,Game of Life
119308699X,Die @Sprachvergessenheit der Medientheorie. Ein Plädoyer für das Medium Sprache,The @LanguageForgetfulness of Media Theory. A Plea for the Medium Language
1193125545,Soziale Marktwirtschaft und Ordoliberalismus ausgewählte ordnungspolitische Aspekte und ihre Anwendung auf die Transitionsländer,Social Market Economy and Ordoliberalism: Selected Order-Political Aspects and Their Application to the Transition Countries
1193273730,Erzählen mit intelligenten Stiften und Co. - Eine Untersuchung der narrativen Strukturen in sogenannten hybriden Bilderbüchern,Telling with Smart Pens and More - An Investigation of Narrative Structures in So-Called Hybrid Picture Books
1193491614,Vistār in der Tablā-Musik Studien zu Variationstechniken im nordindischen Trommelspiel,Research on Variation Techniques in North Indian Drumming Music in Tabla
1193495687,Hidden champions – driven by innovation empirische Befunde auf Basis des Mannheimer Innovationspanels,Hidden champions – driven by innovation: empirical findings based on the Mannheim Innovation Panel
1193546672,Bach-Jahrbuch 2018,Bach Yearbook 2018
1193549388,"Erlebnis Predigt Herausgegeben im Auftrag des Ateliers Sprache e. V., Braunschweig","Experience Sermon Published by Order of the Language Workshop e. V., Braunschweig"
1193913926,"Der @Multiple-Streams-Ansatz – ein Ansatz, dessen Zeit gekommen ist?",The @Multiple-Streams-Ansatz – a timely approach?
1193926718,Burnout in Teams Ursachenanalyse und Ableitung von Vorbeugungsmaßnahmen,Burnout in Teams: Analysis of Causes and Proposed Preventive Measures
1193994322,Untersuchungen zur funktionellen Bedeutung der Proteolyse des Kv7.1,Studies on the functional significance of the proteolysis of Kv7.1
119399523X,Kongenitale Wirbelkörpermalformationen bei Hunden brachycephaler Rassen,Congenital vertebral malformations in brachycephalic dog breeds
1193997321,Die @Predigt bei der Taufspendung - ein Stiefkind?,The @Sermon at the Baptism - a stepchild?
1194002285,Methoden der Psychophysik,Methods of Psychophysics
1194003001,Ganzheitliche Bewertung von Industrieklebstoffen für den optimalen Selektionsprozess,Holistic evaluation of industrial adhesives for optimal selection process
119416174X,Angriffstaktik im Goalball – eine paralympische Sportart für Menschen mit Sehschädigung - Faktoren des Wurfverhaltens und der sportliche Erfolg -,Attack tactics in goalball - a Paralympic sport for people with visual impairment - Factors of throwing behavior and sports success.
1194197396,Methode zur Robustheitssteigerung einer Heckdeckelproduktion,Method for increasing the robustness of a hatch cover production
1194252362,Der @Einsatz digitaler Medien im gymnasialen Biologieunterricht Eine deskriptive Auswertung einer quantitativen Videostudie,The use of digital media in the gymnasium's biology lessons A descriptive analysis of a quantitative video study
1194312802,„Inter negocia literas et cum literis negocia in usu habere“: die Verbindung von vita activa und vita contemplativa im Pirckheimer-Brief Ulrichs von Hutten (1518),"""The connection of active life and contemplative life in Ulrich von Hutten's letter to Pirckheimer (1518)"""
1194354327,Agile Karrieregestaltung Ein Workbook für die Karriere 4.0,Career Design Workbook for the Career 4.0
1194374123,Elemente des darstellenden Spiels im Gottesdienst,Elements of the performing arts in worship
1194374786,Neue Schwerpunkte der Liturgie Die Bedeutung des optischen Elementes im Gottesdienst,New focal points of the liturgy - The significance of the visual element in the worship service
1194375138,"Am Gründonnerstag ""Gaben für die Armen""","Ash Wednesday ""Gifts for the Poor"""
1194375561,Installation (Amtseinführung) eines Pfarrers Perspektiven - Bestandsaufnahme - Wünsche,Installation (Inauguration) of a pastor - Perspectives - State of the art - Desires
1194375618,Amtseinführung eines neuen Pfarrers: Grundgedanken und Modelle zur Neuordnung der Installation,Introduction of a new parish priest: Basic concepts and models for the reorganization of installation
1194375979,Zeichenhafte Bereicherung der Pfingstfeier,Enrichment of the Pentecost celebration
1194376010,"Geschmack gibt hier den Schein nur kund... Liturgisch-phänomenologische Aspekte zu Geschmack und Mahl, speziell bei Benediktionen","Taste only reveals its appearance here... Liturgical-phenomenological aspects of taste and meals, especially in blessings"
1194376770,Amtseinführung eines Pfarrers,Inauguration of a pastor
1194376843,Der @Mainzer Dom als Stätte des Gottesdienstes - Tausend Jahre Liturgie im Koordinatensystem von Kirche und Welt,The Main Cathedral as a Place of Worship - A Thousand Years of Liturgy in the Coordinate System of Church and World
1194376959,Die @Feier der Amtseinführung eines Pfarrers - Neuordnung der Installation im Erzbistum Bamberg von 1974,The Celebration of the Installation of a Priest - Reorganization of the Installation in the Archdiocese of Bamberg in 1974
1194376983,"Bamberger Gottesdienst im Spannungsfeld eines Jahrtausends - Wechselspiel zwischen Initiativen, Beharrung und Erstarrung","Bamberg Church Service in the Tension of a Millennium - Interplay between Initiatives, Persistence, and Stagnation"
1194377092,Christus folgen - sein Schicksal teilen,Follow Christ - share His fate
1194377343,Die @Wahrheit tun - in Liebe,The Truth - in Love
1194377521,Jüdische und Christliche Liturgie,Jewish and Christian Liturgy
1194377548,Praktisch-theologische Konsequenzen der Liturgiereform,Practical theological consequences of the liturgical reform
1194377637,Der @christliche Liturgiker vor dem jüdischen Gottesdienst - Überlegungen zu vorgegebenen Fragen kultischer Theorie und Praxis,The Christian liturgist before the Jewish divine service - Reflections on predetermined questions of cult theory and practice
1194378145,Zeit und Zeitlichkeit des Menschen - Markierungen,- The Time and Temporality of Human Being - Markings
119437817X,Die @Weinsegnung zum Gedenken an den Falkner-Patron St. Bavo Liturgische Aspekte im Rahmen der Verehrung eines Volksheiligen,The @Weinsegnung for Remembering the Falconer Patron St. Bavo Liturgical Aspects within the Veneration of a Folk Saint
1194461182,"Grundlagen des Medizinrechts Krankenhausrecht, GKV- und Pflegerecht, Vertragsarztrecht und Nebengebiete","Principles of Medical Law, Hospital Law, Sickness Fund Law, Nursing Care Law, Contract Law for Physicians, and Related Fields"
1194462456,Simulation von Cyber-Physischen Produktionssystemen in einer Forschungsinfrastruktur,Simulation of cyber-physical production systems in a research infrastructure
1194467121,"Planung, Budgetierung und Forecasting - inkl. Arbeitshilfen online Innovative und digitale Instrumente für die Unternehmenssteuerung","Planning, Budgeting, and Forecasting - Including Online Tools and Working Aids Innovative and digital instruments for corporate management"
1194484360,Anfängliche Aufregung hat sich gelegt,Initial excitement has subsided
1194536174,Jesus ohne Kitsch Irrtümer und Widersprüche eines Gottessohns,Jesus without Kitsch errors and contradictions of a God's son
1194556191,Betriebsbedingungen für Systeme zur Abgasnachbehandlung im hybridisierten Nutzfahrzeug,Operating conditions for systems for exhaust gas aftertreatment in the hybridized commercial vehicle
1194646735,Rechtsformwahl in der Tschechischen Republik,Choice of legal form in the Czech Republic
1194649440,Praxishandbuch Schreibdidaktik,Practical Handbook on Writing Pedagogy
1194666949,Grundlagen der Praktischen Philosophie. Bd. 1. System der Ethik existenzielle Fragestellungen der praktischen Philosophie,Fundamentals of Practical Philosophy. Vol. 1. System of Ethics: Existential Questions in Practical Philosophy
1194667279,Grundlagen der praktischen Philosophie. Bd. 3. Ethische Praxis Anwendungen der praktischen Philosophie in Alltag und Beruf,Basic Principles of Practical Philosophy. Volume 3. Ethical Practice Applications of Practical Philosophy in Daily Life and Career
1194933521,"Werner Heisenberg, Ordnung der Wirklichkeit Mit einer Einleitung von Helmut Rechenberg und einem Kommentar von Ernst Peter Fischer","Werner Heisenberg, The Order of Reality: An Introduction by Helmut Rechenberg, and a Commentary by Ernst Peter Fischer"
1195055986,Gottesdienst und das Dramatische Perspektiven zum Verhältnis Liturgie - Darstellungskunst - Theater,"Worship and the Dramatic Perspectives on the Relationship between Liturgy, Representational Art, and Theater"
119505615X,Liturgie als Fest,Liturgy as a festival
1195056389,"Segnung der Neuvermählten Gedanken zum ""Gebet über die Brautleute III""","Blessing of the Remarried Thoughts on the ""Prayer over the Bridegroom III"""
1195056842,Gottesdienstliches Leben,Liturgy
1195212178,"Was machen Tagträumer nachts? Von einer, die auszog neugierig zu leben",What do daydreamers do at night? From one who set out curiously to live
1195225628,Perfekte Kandidaten per KI,Perfect Candidates by AI
1195225962,"""Omnichannel ist sogar das führende Geschäftsmodell""","""Omnichannel is even the leading business model"""
1195237693,Resilienzkonstruktionen Divergenz und Konvergenz von Theoriemodellen ; eine konzeptionelle wie empirische Analyse,Resilience Constructs: Divergence and Convergence of Theoretical Models; a Conceptual and Empirical Analysis
1195442165,Sakrale Kulturlandschaftselemente: kontextualisierte Wahrnehmung christlicher Artefakte in religiösen Topographien am Beispiel katholischer Glaubenszeugnisse in der Region Augsburg,Sacred Landscape Elements: Contextualized Perception of Christian Artifacts in Religious Topographies: The Case of Catholic Witnesses in the Region of Augsburg
1195473109,Löwensteins Begriff von Kompetenz und Regressargumente,Löwenstein's Concept of Competence and Regress Arguments
119552434X,Umrisse eines normativen Autokratiebegriffs als systemtheoretische Skizze,Outlines of a normative concept of autocracy as a system-theoretical sketch
1195530048,Private-Banking-Angebote regionaler Genossenschaftsbanken Wirtschaftlichkeitsanalyse anhand eines Business Case,Private Banking Services of Regional Cooperative Banks: Economic Efficiency Analysis Based on a Business Case
1195532822,Atopisches Ekzem und Mikrobiom,Atopic Eczema and Microbiome
1195590199,Evidenz der Wirksamkeit und Sicherheit von Cannabispräparaten bei chronischen Schmerzen Ein methodisches Minenfeld,Evidence of the efficacy and safety of cannabis preparations for chronic pain: A methodological minefield
1195598653,"""Entweder Sie husten oder ich spiele"". Anekdoten aus der Welt der Musik","""Either you cough or I play."" Anecdotes from the world of music"
1195599056,"""Play yourself, man!"". Die Geschichte des Jazz in Deutschland","""Play yourself, man!"" The History of Jazz in Germany"
1195599404,„Wie Demokratien sterben“: Amerikanische Politik in der Ära von Präsident Donald Trump,"""How Democracies Die"": American Politics in the Era of President Donald Trump"
1195599420,Nachdenken über Reformen des deutschen Wahlgesetzes. Sollte die Mehrheitswahlkomponente des Wahlsystems gestärkt werden?,Thinking about reforms of the German election law. Should the majority vote component of the electoral system be strengthened?
1195630131,"Betroffen, aber nicht aktiv: das Phänomen der Nicht-Beteiligung in Deutschland","Affected, but not active: the phenomenon of non-participation in Germany"
1195659520,Fremanezumab (Migräne) Nutzenbewertung gemäß § 35a SGB V,Fremanezumab (Migraine) Utility Assessment pursuant to § 35a SGB V
1195807872,Studien zur thermischen und mechanischen Modifikation und zum Puroindolingehalt von Weizenmehl,Studies on the thermal and mechanical modification and puroindoline content of wheat flour
1196005621,Der @beste DJ aller Zeiten?! - Meta-Rankings auf Basis von Leser*innen-Umfragen ausgewählter Musikmagazine der elektronischen Tanzmusik von 1991-2017,The best DJ of all time? - Meta-rankings based on reader polls from selected magazines on electronic dance music from 1991 to 2017
1196009465,Untersuchungen zum Antibiotikaeinsatz in der Kälbermast in Bayern im Kontext des auf der 16. AMG-Novelle basierenden staatlichen Antibiotikamonitorings,Investigations on the use of antibiotics in calf fattening in Bavaria in the context of the state antibiotic monitoring based on the 16th AMG amendment
1196041261,"Entwicklung und Erprobung von Verfahren zur Etablierung von Bulttorfmoosen in wiedervernässten Hochmooren nach Abtorfung, AZ 31995/01","Development and Testing of Methods for Establishing Sphagnum Mosses in Rewetted High Moors after Drainage, AZ 31995/01"
1196086729,Negativität und Positivität vom Nichts,Negative and Positive Nothingness
1196088322,"Bedeutungsfeststellung, Interpretation, Arbeit mit Texten? Juristische Auslegungstätigkeit in linguistischer Sicht","Meaning determination, interpretation, work with texts? Juristic interpretative activity from a linguistic perspective"
1196096775,Vergleichende Weltliteraturen/ Comparative World Literatures DFG-Symposion 2018,Comparative World Literatures DFG-Symposium 2018
1196110875,Untersuchung der Neutron-Proton-Wechselwirkung im Energiebereich von 20 bis 50 MeV,Study of the neutron-proton interaction in the energy range from 20 to 50 MeV
1196111448,Untersuchungen zur Bestimmung elektrischer Feldgradienten in dotierten Diamanteinkristallen,Investigations of the determination of electrical field gradients in doped diamond crystals
1196111669,Elastische Streuung von Pionen an ¹²C im Bereich der Coulomb-Kern-Interferenz unterhalb der Δ-Resonanz,Elastic scattering of pions by ¹²C in the Coulomb nucleus interference region below the Δ-resonance
1196111987,Einsatz eines Hochfrequenz-Quadrupol-Beschleunigers in der Spallations-Neutronenquelle,Use of a high-frequency quadrupole accelerator in the spallation neutron source
1196200874,Klimaschutz als Chance für die Industrie notwendige politische Flankierung einer weitgehenden Treibhausgasminderung in der Grundstoffindustrie,Climate protection as an opportunity for industry necessary political support for a comprehensive reduction of greenhouse gases in the basic materials industry
119629299X,Ex-vivo-Untersuchung zum Einfluss der Plasmabehandlung von menschlicher Haut mittels Atmosphärendruck-Plasmajet kINPen® MED auf molekularer Ebene,In vitro study on the influence of plasma treatment of human skin using the atmospheric pressure plasma jet kINPen® MED on a molecular level
1196328005,Peer-Tutoring als hochschuldidaktische Methode an der Europa-Universität Viadrina,Peer Tutoring as a University Didactic Method at the Europa University Viadrina
1196328560,Das @Standortnetz von Grundschulen in Baden-Württemberg im Wandel – Entwicklungen und Einflussfaktoren Baden-Württemberg’s Changing Network of Primary School Locations – Developments and Influencing Factors,Baden-Württemberg’s Changing Network of Primary School Locations – Developments and Influencing Factors
1196328730,Intelligenzdiagnostik bei Kindern mit einer Sehbeeinträchtigung Intelligence diagnostics in blind and visually impaired children,Intelligence diagnostics in blind and visually impaired children
119632915X,Mit digitaler Bildung Geld verdienen – Geschäftsmodelle von MOOC-Plattformen,Earning money with digital education – Business models of MOOC platforms
1196346623,Ein @Hochbunker als Ausstellungsort: Die Sammlung Boros private Sammler zeigen in Berlin ihre Werke der Öffentlichkeit – Teil 2,"An @Elevator as an exhibition space: The Boros Collection, a private collector, shows their works to the public – Part 2"
1196525714,Inklusion,Inclusion
1196526036,Neuartige Enzyme aus Basidiomyceten für technische Anwendungen,Novel enzymes from basidiomycetes for technical applications
1196577692,Untersuchungen zum Neutron-Deuteron-System im Energiebereich von 20 bis 50 MeV,Investigations of the Neutron-Deuteron System in the Energy Range of 20 to 50 MeV
1196578362,Energieabhaengigkeit von Jet-Strukturen und Bestimmung der starken Kopplungskonstanten αsub(s) in der e⁺e⁻ annihilation mit dem Detektor CELLO,Energy dependence of jet structures and determination of the strong coupling constant αsub(s) in the e⁺e⁻ annihilation with the detector CELLO
1196629129,Bestimmung der Kopplungskonstante αsub(s) der starken Wechselwirkung,Determination of the coupling constant αsub(s) of the strong interaction
1196629404,Aufbau und Erprobung eines polarisierten Protonentargets,Design and testing of a polarized proton target
119663226X,Transienter Waermeuebergang an turbulent stroemendes ueberkritisches Helium,Transient heat transfer in turbulent supersonic helium
1196632324,Numerische Ermittlung eines effektiven Elastizitaetstensors und der extremalen Spannungen fuer beliebige Magnetkomposite,Numerical determination of an effective elastic modulus tensor and the extreme stresses for arbitrary magnet composites
1196632383,Keimbildung und Phasenwachstum von hoch-Tsub(c)Nb₃Ge-Aufdampfschichten,Seed formation and phase growth of high-Tsub(c)Nb₃Ge evaporation-deposited layers
1196632464,Ein @induktives Modell fuer die Ausbreitung der Normalleitung im supraleitenden Magneten,An inductive model for the spread of normal conduction in the superconducting magnet
1196644772,Bildung in Deutschland 2016: ein indikatorengestützter Bericht mit einer Analyse zu Bildung und Migration,Education in Germany 2016: An indicator-based report with an analysis of education and migration
1196699801,Vom Kult zur Masse Wie Red Bull sein Image wechselt,From Cult to Mass: How Red Bull Changes Its Image
1196699887,Warum der FIFA bisherige Sponsoren weg- und neue zulaufen,Why FIFA has lost past sponsors and new ones are running away
1196699917,Wie Erfolg in der Formel 1 die Marke Mercedes pusht,How Success in Formula 1 is Boosting the Mercedes Brand
1196699984,"""Gut"" - Fundament der Ethik? G. E. Moores Principia Ethica als Anfrage an eine Gütertheorie aus theologischer Perspektive","""Good"" - Foundation of Ethics? G. E. Moore's Principia Ethica as a Challenge to a Theory of Goods from a Theological Perspective"
1196700273,Ambush Marketing im Rahmen der Fußball-Europameisterschaft 2016,Ambush Marketing during the UEFA European Football Championship 2016
119670032X,Best Practices im Sportsponsoring,Best Practices in Sportsponsoring
1196700397,Maskenball mit Aubameyang,Maskenball with Aubameyang
1196700451,Warum Thomas Müller für den FC Bayern München unverzichtbar ist,Why Thomas Müller is indispensable for FC Bayern Munich
1196802319,Immunhistochemische Studie von Hirnmetastasen mit Integrin alpha-v-beta-spezifischen Antikörpern,Immunohistochemical Study of Brain Metastases with Integrin alpha-v-beta-specific Antibodies
1196806004,Inhibition der Proteinbiosynthese am proteinleitenden Sec61-Komplex durch kleine Moleküle,Inhibition of protein biosynthesis at the protein-conducting Sec61 complex by small molecules
1196806160,Von psychologischer Literatur zur literarisierten Psychoanalyse Studie zum literarischen Einfluss auf die Entstehung der psychoanalytischen Theorie Sigmund Freuds,From psychological literature to the literary psychoanalysis A study on the literary influence on the emergence of Sigmund Freud's psychoanalytic theory
1196860947,Jetzt gelten neue Regeln Arztwerbung,New rules for doctor advertising are now in effect.
1196861730,Glyphosat – ein Herbizid in der Diskussion und die Suche nach dem „Notwendigen Maß“ ,"Glyphosat - A herbicide in the debate and the search for the ""necessary measure"""
1196877556,Kunst als Differenz. Widerstand gegen die systemische Vereinnahmung des ‚Anderen‘ in der kompetitiven Welt. Das Beispiel der Künstlerin Silke Wagner,Art as Difference. Resistance against the systemic appropriation of the 'Other' in the competitive world. The example of artist Silke Wagner.
1196922500,"Crashkurs Blockchain - inkl. Arbeitshilfen online Einführung, Grundprinzipien, Use Cases","Crash Course Blockchain - Includes Online Workbook: Introduction, Basic Principles, Use Cases"
1196960461,"Struktur, Assemblierung und Stabilität von Typ-1-Pili","Structure, Assembly, and Stability of Type-1 Pili"
1196970505,"Das @Husky-Prinzip Von Leithunden, langen Leinen und Freundschaft in der Team-Führung","The Husky Principle: From Leithunden, Long Leashes, and Friendship in Team Leadership"
1197057552,Intrathorakale Vakuum-Therapie bei pulmonalen Abszessen Analyse der Behandlungsergebnisse der Klinik Schillerhöhe,Intra-thoracic Vacuum Therapy in Pulmonary Abscesses Analysis of Treatment Results of Clinic Schillerheight
1197057706,Französische Klavierschulen im 18ten und 19ten Jahrhundert,French piano schools in the 18th and 19th centuries
1197068783,Kritische Stroeme und Energiedissipation in Y₁Ba₂Cu₃O₇₋sub(d)ₑsub(l)sub(t)ₐ-Schichten,Critical Currents and Energy Dissipation in Y₁Ba₂Cu₃O₇₋sub(d)ₑsub(l)sub(t)ₐ-Layers
1197077456,Technische und wirtschaftliche Bewertung der Anwendungsmoeglichkeiten hochkonzentrierter Kohle-Wasser-Suspensionen,Technical and economic assessment of the application possibilities of high-concentration coal-water suspensions
1197135227,Vom Sinn des Fremdseins. Migration und Identität,The Meaning of Strangeness: Migration and Identity
1197374957,"Assemblage (Collage, Montage): für einen neuen Formalismus","Assemblage (Collage, Montage): for a new Formalism"
1197538224,Religion und Identität in Guatemala. Tendenzen individueller und kollektiver Emanzipierung für die guatemaltekische Bevölkerung unter religionssoziologischen Gesichtspunkten,Religion and Identity in Guatemala. Trends of individual and collective emancipation for the Guatemalan population from a religious sociology perspective
1197588922,BÄK informiert über ausschließliche Fernbehandlung,BÄK informs about exclusive remote treatment
1197610790,Das @Physikalische Praktikum Band I Handbuch 2019/2020 für Studentinnen und Studenten der Physik,The Physical Experiment Handbook 2019/2020 for Female and Male Students of Physics
1197610804,Das @Physikalische Praktikum Band II Handbuch 2019/2020 für Studentinnen und Studenten der Physik,The @Physical Laboratory Handbook 2019/2020 for Students of Physics
1197636102,"AI-Superpowers China, Silicon Valley und die neue Weltordnung","AI-Superpowers: China, Silicon Valley, and the New World Order"
1197645411,"Hypoxisches Gasgemisch durch defekte Halterung des Anästhesiemittelverdampfers Fallbericht, Literaturübersicht und Vorstellung eines Notfallalgorithmus","Hypoxic gas mixture due to defective holding of the anesthesia vaporizer case report, literature review and presentation of an emergency algorithm"
119768154X,Die @Bienen-Strategie und andere tierische Prinzipien Wie schwarmintelligente Teams Komplexität meistern,The @Bee-Strategy and Other Animal Principles: How Swarm-Intelligent Teams Master Complexity
1197693653,"Wörterbuch der Melancholie Stichwort 'Ordnung, Eingeschlossensein in Ordnungen'","Dictionary of Melancholy: Order, Being Enclosed in Orders"
1197693661,"Wörterbuch der Melancholie Stichwort 'Alleinsein, einsam sein'","Dictionary of Melancholy: Keyword 'Alone, loneliness'"
1197694463,Elektrophysiologische Charakterisierung nativer und stammzell-abgeleiteter enterischer Neurone zur Entwicklung einer stammzellbasierten Therapie bei der Hirschsprung-Erkrankung,Electrophysiological characterization of native and stem cell-derived enteric neurons for the development of a stem cell-based therapy for Hirschsprung's disease
1197725784,"Verminderung des Einsatzes von Antibiotika in der Geflügelhaltung durch Bakteriophagen, AZ 32726/014","Reduction of the use of antibiotics in poultry farming through bacteriophages, AZ 32726/014"
1197749241,Wie gut erkennen Lehrkräfte typische Fehler in der Formulierung von Lernzielen?,How well do teachers recognize typical mistakes in the formulation of learning objectives?
1197801197,Analyse von Mikrofrakturen in der Substantia compacta des proximalen Femurs nach Langzeit-Bisphosphonattherapie,Analysis of microfractures in the subchondral bone of the proximal femur after long-term bisphosphonate therapy
1197929274,Die @digitale Transformation mitgestalten Wie können sich Betriebsräte besser in betriebliche Veränderungsprozesse einbringen?,The @digital transformation engage How can works councils better participate in corporate change processes?
1198056401,Abbildung mikrobieller Zelloberflächen Mikroskopie,Microbial cell surface microscopy
1198056711,Biosensoren für die mikrobielle Stammentwicklung im Hochdurchsatzformat Metabolic Engineering im Hochdurchsatz,Biosensors for microbial strain development in high-throughput format metabolic engineering in high-throughput
1198068590,"Politische Führung und Institutionen, oder: Was leistet eine institutionalistische Leadership-Forschung?","Political Leadership and Institutions, or: What Does Institutional Leadership Research Achieve?"
1198103817,Feindbild Islam Über die Salonfähigkeit von Rassismus,Enemy Image Islam: On the social acceptability of racism
1198111410,Experimentelle und theoretische Untersuchungen zur adsorptiven Aufreinigung von Erdgasen,Experimental and theoretical studies on the adsorptive purification of natural gases
1198213256,Netzbelastungen und Netzdienstleistungen durch Elektrofahrzeuge Metastudie,Loads and services of power grids and power grid services by electric vehicles.
1198311002,Materie vs. Geist,Matter vs. Spirit
1198312718,"Gleichgeschlechtliche Partnerschaften in Deutschland: Verbreitung, Entwicklung und soziale Unterschiede","Same-sex partnerships in Germany: Spread, development and social differences"
1198403098,Multifrequenzausleseverfahren von supraleitenden Einzelphotonen-Detektoren,Multifrequency reading method of superconducting single-photon detectors
1198403322,Graphenrekonstruktion anhand abhängiger Zeitreihen in biologischen Netzwerken,Graph reconstruction based on dependent time series in biological networks
1198405104,Die @Rentenpolitik bedarf einer Kurskorrektur,The pension policy needs a course correction
1198412704,"Evaluationen von Abgaben auf Primärbaustoffe und wechselwirkenden Instrumenten Eine Auswertung von Evaluationen aus GB, SE, DK und EE hinsichtlich ökologischer Lenkungswirkung, Effizienz und weiterer Effekte","Evaluations of taxes on primary materials and interacting instruments An analysis of evaluations from GB, SE, DK, and EE regarding ecological steering effect, efficiency, and other effects"
1198412941,Untersuchungen zur Prävalenz von Mimiviren in Deutschland,Studies on the prevalence of Mimiviren in Germany
1198438339,"Regulation von Apoptose, Autophagie und DNA-Integrität in Leukämiezellen durch replikativen Stress und pharmakologische Hemmung der Histondeacetylasen","Regulation of apoptosis, autophagy, and DNA integrity in leukemia cells by replicative stress and pharmacological inhibition of histone deacetylases."
1198455802,Welche Methoden braucht die Bildungsforschung? Eine fachdidaktische Perspektive,What methods does educational research require? A perspective on educational didactics
1198456442,Interdisziplinäre Teams in inklusiven Schulen - Eine ethnografische Studie zu Fallbesprechungen in multiprofessionellen Gruppen,Interdisciplinary Teams in Inclusive Schools - An Ethnographic Study on Case Discussions in Multiprofessional Groups
1198458305,Online-Lernplattformen zur Unterstützung der Lehre im Küsteningenieurwesen und der Akustik. Entwicklung und Implementierung einer wikibasierten Online-Lernplattform und deren Integration in ein Lehrkonzept,Online learning platforms to support teaching in coastal engineering and acoustics. Development and implementation of a wiki-based online learning platform and its integration into a teaching concept
1198479523,Ein @Wort an die antisemitischen Frauen,A word to the antisemitic women
1198480262,Vom Ringen um Sinn und Verstand Teil 2/2: Rundgang über die 58. Biennale in Venedig,Part 2/2: Roundabout the 58th Biennale in Venice
1198692626,Kirchlicher Datenschutz im Perspektivwechsel des digitalen Zeitalters nach Snowden,Church Data Protection in the Perspective of the Digital Age after Snowden
1198866829,Finanzwissen und finanzielles Wohlbefinden – Frauen sind nicht grundsätzlich im Nachteil,Financial knowledge and financial well-being – women are not fundamentally at a disadvantage
119887564X,Was bedeutet das Arbeitszeiturteil?,What does the working time ruling mean?
1198966548,Vernünftige Gründe im Tierschutz,Wise reasons in animal welfare
1199116084,Im wirtschaftlichen Abseits Marktbesonderheiten und die Rolle von Stakeholder-Bailouts in der Restrukturierung von professionellen Fußballunternehmen,"Economic isolation, market peculiarities, and the role of stakeholder bailouts in the restructuring of professional football companies"
1199265020,Einflussfaktoren auf das Randschichtverhalten in der Extrusion,Factors influencing the edge layer behavior in extrusion
1199266019,Methoden zur Charakterisierung optischer Gitter über einen großen Ortsfrequenzbereich,Methods for characterizing optical gratings over a large spatial frequency range
1199268828,"Warum die Kunst-Marke ""Die Mannschaft"" für die Überkommerzialisierung des DFB steht","Why the art brand ""The Team"" stands for the over-commercialization of the DFB"
1199355747,Das @Entrepreneurial Ecosystem in Tel Aviv,The Entrepreneurial Ecosystem in Tel Aviv
1199462934,Morphologische Risikofaktoren der Aortendissektion Stanford Typ A in der Computertomographie,Morphological risk factors of Stanford Type A aortic dissection in computed tomography
1199463590,"Auditorisch und visuell evozierte Hirnpotentiale zur Hirnfunktionsdiagnostik bei wachstumsretardierten Feten (IUGR) und ""small for gestational age""- Feten (SGA)",Evoked Cortical Potentials (ECoG) and Visual Evoked Potentials (VEP) for neurofunctional diagnostics in intrauterine growth retardation (IUGR) and small for gestational age (SGA) fetuses
1199513466,Flugangeln,Fishing for airplanes
1199516414,Religionsphilosophie evangelischer Theologie,Evangelical theology's philosophy of religion
1199539325,Die @Reaktionskalorimetrie zur Prozesskontrolle bei unterschiedlicher Prozessführung,Reaction calorimetry for process control under different process conditions
119954664X,Im Zeichen von Abwehr und Angriff. Fundierung und Formierung theologisch konservativer Gruppierungen in Württemberg und Westfalen bis zum „evangelikalen Protest“ im 20. Jahrhundert (unter besonderer Berücksichtigung der Auseinandersetzungen über die „moderne Theologie“ im 19. Jahrhundert),"In the sign of defense and attack. The establishment and development of theologically conservative groupings in Wurttemberg and Westphalia up to the ""evangelical protest"" in the 20th century (with particular consideration of the debates over ""modern theology"" in the 19th century)"
1199587435,Zeichen/Momente. Vergegenwärtigungen in Kunst und Kulturanalyse,Signs/Moments. Representations in Art and Cultural Analysis
1199615161,Vermessen und Teilen - Praktiken und Diskurse des Teilens digitaler Selbstvermessungsdaten,Measuring and Sharing - Practices and Discourses of Sharing Digital Self-Monitoring Data
1199615668,Das @Heilsversprechen - Religiöse Motive in der Werbung,The Promised Healing - Religious Motifs in Advertising
1199624896,Willentliches Vergessen – Voraussetzung für Flexibilität und Veränderungsfähigkeit in einer sich permanent verändernden Welt,Voluntary Forgetting – Requirement for Flexibility and Adaptability in a Constantly Changing World
1199773247,"Weitere Nachträge (1934 – 1939) Ausschüsse für Rechtsphilosophie, für die Überprüfung der rechtswissenschaftlichen Studienordnung und für Seeversicherungsrecht.","Additional sessions (1934 – 1939) on Rights Philosophy, for the review of the legal studies regulations, and on maritime insurance law."
1199816523,Herstellung und immunfluoreszenzmikroskopische Anwendung monoklonaler Maus-Antikörper gegen sezernierte Proteine von Staphylococcus aureus (SERAMs),Production and immunofluorescence microscopic application of monoclonal mouse antibodies against secreted proteins of Staphylococcus aureus (SERAMs)
1199954748,"Erfolg hat, wer mit Liebe führt Vom Egoismus zum Wir",Success is achieved by those who love to lead. From egoism to we.
119995800X,Auswirkungen auf das Peritoneum durch Wasserstrahlanwendung - Experimentelle Untersuchungen mit Argonplasma,Effects on the peritoneum by waterjet application - Experimental studies with argon plasma
1200002520,Würde oder Willkür Theologische und philosophische Voraussetzungen des Grundgesetzes,Willing or Unwilling: Theological and Philosophical Preconditions of the Basic Law
1200017943,Die @Wehrmacht – Krieg und Verbrechen Reclam Kriege der Moderne,The Wehrmacht – War and Crime Reclam Wars of Modernity
1200087755,Biotechnologische Gewinnung von Seltenen Erden,Biotechnological Recovery of Rare Earths
1200099451,Neuartige amphiphile Blockcopolymere basierend auf kettenverlängerten Polyestern für duromere Anwendungen,Novel amphiphilic block copolymers based on chain-extended polyesters for duromeric applications
1200107756,Grundzüge und Tendenzen der südkoreanischen Außenpolitik,Basic principles and trends of South Korean foreign policy
1200109643,"Inklusion oder Schließung? Gewerkschaftlicher Organisationsgrad, berufliche Geschlechtersegregation und der Gender Pay Gap","Inclusion or Exclusion? Union organizational strength, occupational gender segregation and the gender pay gap"
1200111524,Die @Beziehungen zwischen der EU und Südkorea: enge wirtschaftliche und beginnende politische Kooperation,The relations between the EU and South Korea: close economic ties and beginning political cooperation
1200112806,Profile sichern und Zukunft schaffen,Secure your profile and create the future
120011440X,Die @Allianz zwischen den USA und Südkorea vor neuen Herausforderungen,The alliance between the US and South Korea faces new challenges
1200115082,Südkoreas Innenpolitik 2005/2006: Schwerpunkte und Tendenzen,South Korea's domestic politics in 2005/2006: Key issues and trends
1200210026,Richard Wagner als Kulturheros Metonymien und Inflationen einer brüchigen Identität,Richard Wagner as a Cultural Hero: Metonymies and Inflations of a Fragile Identity
1200210891,Entwicklung eines technischen Platin-Trägerkatalysators zur Dehydrierung von Perhydro-Dibenzyltoluol,Development of a technical platinum support catalyst for the dehydration of perhydro-dibenzyltoluol
1200241681,Die @Bedeutung von Akzeptanz für psychische Probleme im höheren Lebensalter,The significance of acceptance for psychological problems in later life
1200309502,Agil sein – Agil handeln – Change umsetzen Transformation am Beispiel der Pfalzwerke Gruppe,Being agile – Acting agile – Implementing change Transformation at the example of the Pfalzwerke Group
120034717X,Geld – Traum und Albtraum Rüstzeug für den selbstkritischen Gebrauch,Money – Dream and Nightmare Equipment for Self-Critical Use
120035365X,Vergleichende Untersuchungen zur Tiergesundheit von Mastkaninchen in Bodenhaltung und einem Kombikäfigsystem,Comparative studies on the health of fattening rabbits in floor housing and a combination cage system
1200405730,Normativität und Wertneutralität,Normality and Value Neutrality
1200410637,Umgedrehter Unterricht – Flipped Classroom als Methode im Physikunterricht,Flipped Classroom as a Method in Physics Education
1200547322,(Un-)Vereinigtes Königreich?: die britische Politik und der Spanische Bürgerkrieg 1936 – 1939,(Un-)United Kingdom?: British Politics and the Spanish Civil War 1936 – 1939
1200623274,Wissen als Voraussetzung ästhetischer Erfahrung? Eine Skizze anhand von Beispielen aus der Kunst. Sonderdruck,Knowledge as precondition for aesthetic experience? A sketch based on examples from art. Special issue
1200814622,Schussverletzungen: Müssen Projektile und Fragmente immer entfernt werden?,Gunshot Wounds: Must projectiles and fragments always be removed?
1200842529,Mikrofluidische Automatisierung in der Molekulardiagnostik,Microsystem automation in molecular diagnostics
1200916255,Geschlechterverhältnisse – Frauen diskutieren,Gender ratios – Women discuss
1201159326,Das @Multi-PAM2-Protein Upa2 als neue Komponente des endosomalen mRNA-Transports in Ustilago maydis,The @Multi-PAM2-Protein Upa2 as a new component of the endosomal mRNA transport in Ustilago maydis
1201159458,Die @dritte Gewalt im Fokus von Politik und Presse,The third estate in focus of politics and media
1201159687,Grundrechtliche Deutungshoheit Neues vom Ringen zwischen EuGH und BVerfG,Constitutional jurisdiction
1201262445,Ostdeutschland 30 Jahre nach dem Mauerfall: Erreichtes und wirtschaftspolitischer Handlungsbedarf,Ostdeutschland 30 Jahre nach dem Mauerfall: Achievements and economic policy requirements
1201263751,Semantische Differentiale zur Erfassung von Bewegungsqualität bei sportlichen Bewegungen,Semantic differentials for capturing the quality of movement in sports motions
1201272890,"""Alles strebt nach Theorie"" : Bemerkungen zu Plotins Konzept der Theoria","""All things strive for theory"" : Notes on Plotinus' concept of Theoria"
1201272939,Die @Anthropologie der Abgeschiedenheit : Urbane Ortlosigkeit bei Meister Eckhart,The Anthropology of Solitude: Urban Displacement in Meister Eckhart
1201272963,Am Rand der Lebenswelt : Hans Blumenbergs Phänomenologie der Theorie,At the Margin of the Life-world: Hans Blumenberg's Phenomenology of Theory
1201275431,Modulhandbuch Master Regenerative Energietechnik Studienordnungsversion: 2013,Module Handbook Master Regenerative Energy Engineering Studies Ordinance Version: 2013
1201279186,Der @kürzeste Weg zwischen zwei Lagerfeuern. Ein Dialog zwischen interpretativen und postkolonialen Perspektiven der Internationalen Beziehungen,The shortest path between two campfires. A dialogue between interpretative and postcolonial perspectives in International Relations
120130685X,„Die unerträgliche Geschichte des Vergleiches zwischen geistiger Behinderung und Animalität (und der Versuch sie hinter sich zu lassen)“,The unbearable history of the comparison between mental retardation and animal nature (and the attempt to leave it behind)
1201462843,TALEs — 10 Jahre nach Entschlüsselung des Codes,Tails — 10 Years After Deciphering the Code
1201462908,Membranproteinfaltung — Kernwissen aus (nicht zu) vereinfachten Systemen,Membrane Protein Folding — Core Knowledge from (Not Too Simplified) Systems
1201462959,Mehr Diversität für die Zellbiologie — Trypanosomen als Vorreiter,Greater Diversity for Cell Biology — Trypanosomes as Pioneers
1201482100,Untersuchung von multiplen Globin-Genen in Strahlenflossern (Actinopterygii),Study of multiple globin genes in ray-finned fishes (Actinopterygii)
1201502535,Mehr-Photonen-Photoemission mit Femtosekunden-Laserpulsen an Oberflächenzuständen auf Edelmetalloberflächen,Multiphoton Photoemission with Femtosecond Laser Pulses on Surface States on Noble Metal Surfaces
1201546427,"Histologie in der Tiermedizin Grundlagen, Techniken, Präparate","Histology in Veterinary Medicine Basics, Techniques, Preparations"
1201549825,Wiedererkennen und Angst das Unheimliche als ästhetische Emotion,Recognition and Fear of the Uncanny as Aesthetic Emotion
1201550297,"""Man soll sehen, dass hier gelebt wird."" Die Inszenierung von Privatheit – in literarischen Interieurs des 19. Jahrhundert und der zeitgenössischen Interior-Fotografie","""One should see that people live here."" The staging of privacy – in literary interiors of the 19th century and contemporary interior photography"
1201550564,Michel Sauer Kategorie und Maßstabwechsel,Michel Sauer Category and Scale Shifts
1201595452,Zervixstent zur Langzeitbehandlung der Pyometra bei der Stute,Surgical mesh for long-term treatment of pyometra in the mare
1201600359,Balance finden im Berufsalltag,Finding balance in the workplace
1201631491,Farbe als Übersetzung der physikalischen Welt,Color as translation of the physical world
1201644283,Untersuchungen zum Vorkommen und zur Charakterisierung von Extended Spectrum β-Lactamase-bildenden Enterobacteriaceae auf Fleisch und Fleischprodukten,Studies on the prevalence and characterization of Extended Spectrum β-Lactamase-producing Enterobacteriaceae on meat and meat products
1201645050,Untersuchung zur Trainierbarkeit verbaler Evidentialisierungstechniken in naturwissenschaftlichen Schülerpräsentationen als Problem der modernen Rhetorik. Eine interdisziplinäre experimentelle Studie zu Trainingseffekten bei Schülerinnen und Schülern,Investigation of the trainability of verbal evidentialization techniques in scientific student presentations as a problem of modern rhetoric. An interdisciplinary experimental study on training effects in students.
1201683785,Ergebnisse des Sepsis-Schnelltests in Korrelation mit bakteriologischen und histologischen Befunden,Results of the Sepsis Quick Test in Correlation with Bacterial and Histological Findings
1201711061,Visual Function and Corneal Health Status (V-FUCHS) auf Deutsch: Ein Fragebogen spezifisch für Fuchs-Endotheldystrophie,V-FUCHS (Visual Function and Corneal Health Status) in German: A questionnaire specifically for Fuchs' Endothelial Dystrophy
1201725712,Die @Verortung des Subjeks Herausforderungen der Globalisierungsforschung und Überlegungen zu einer nachgesellschaftlichen Gesellschaftstheorie,The Location of the Subject: Challenges of Globalization Research and Considerations for a Post-Societal Society Theory
1201820782,"Virtuelle, Mikroplant-gestützte Prozessentwicklung am Beispiel eines Mikro-Dampfreformers","Virtual, Microplant-based Process Development at the Example of a Micro-Steam Reformer"
1202010997,Diagnosefähigkeit von angehenden Lehrkräften im Übergang vom Sachunterricht zum Fachunterricht Politik Entwicklung eines Erhebungsinstruments zur Untersuchung diagnostischer Kompetenzfacetten,Diagnostic ability of future teachers in transitioning from subject-specific instruction to specialized instruction in politics - Development of a survey instrument for the investigation of diagnostic competency facets
1202012477,Die @unerwarteten Eigenschaften kleinster Nanopartikel Untersuchungen mittels Photoelektronenspektroskopie,The unexpected properties of the smallest nanoparticles studied using photoelectron spectroscopy
1202039227,Dunkle Triade und Studienerfolg,Dark Triad and Academic Performance
1202044956,Kontinuierliche nichtinvasive Bestimmung des nächtlichen Blutdruckverlaufs unter Verwendung von photoplethysmograpischen Pulswellensignalen,Continuous non-invasive determination of nocturnal blood pressure profile using photoplethysmographic pulse wave signals
1202045367,"Geschichte der Philosophie Bd. 14: Die Philosophie der neuesten Zeit: Hermeneutik, Frankfurter Schule, Strukturalismus, Analytische Philosophie","History of Philosophy Vol. 14: The Philosophy of the Most Recent Time: Hermeneutics, Frankfurt School, Structuralism, Analytical Philosophy"
1202067964,„… zweierlei Schuhe“ Pädagogik der Kindheit und Wissenstransfer,"""Two kinds of shoes"" Pedagogy of childhood and knowledge transfer"
1202071457,Feudales Kriegertum und militärische Professionalität Adel in den preußisch-deutschen Offizierkorps 1860-1935,"Feudal knighthood and military professionalism: The nobility in the Prussian-German officer corps, 1860-1935"
1202085210,Über das Schicksal,Over the fate
1202113109,Untersuchungen zur Bildung von Vitamin B12 durch Acetobacter pasteurianus und zur Co-Fermentation von Tofu und Pflanzenmaterial durch Propionibacterium freudenreichii und Lactobacillus reuteri für die Anreicherung mit Vitamin B12,Investigations into the formation of Vitamin B12 by Acetobacter pasteurianus and the co-fermentation of Tofu and plant material by Propionibacterium freudenreichii and Lactobacillus reuteri for vitamin B12 enrichment
1202118496,Kampō in der Onkologie Möglichkeiten der japanischen Phytotherapie im Rahmen eines integrativen Therapiekonzeptes,Kampo in Oncology: Possibilities of Japanese Phytotherapy in the Context of an Integrative Therapy Concept
1202186300,Digitalisierung von Coaching – eine Replik auf Bachmann und Fietze,Digitalization of Coaching – a Response to Bachmann and Fietze
120222086X,Hybrid,Hybrid
1202220959,Neue Dieselmotoren,New Diesel Engines
1202222331,Einfluss der Flüchtigkeit von Schmierölen auf die Öl- und Partikelemissionen,Influence of fugacity of lubricating oils on oil and particle emissions
1202236960,Model für personalisierte Diagnostik und Therapie in der Neurologie – Deutsche Akademie für Seltene Neurologische Erkrankungen,Model for personalized diagnosis and therapy in neurology – German Academy for Rare Neurological Diseases
1202246249,Organisations-Umwelt-Dynamiken als Bedingung der Online-Kommunikation politischer Interessenorganisationen,Organizational-Environment Dynamics as a Condition for Online Communication of Political Interest Groups
1202258581,Komplikationen bei CED im Voraus erkennen,Identifying complications with CED in advance
1202271499,"Sport, Sponsoring und Soziale Verantwortung. Suche nach Synergien mit Blick auf Volkswagen und sein Engagement in Südafrika","Sport, Sponsoring, and Social Responsibility. Searching for synergies in terms of Volkswagen and its engagement in South Africa"
1202271898,Der @(alte) Streit um die Grundschulzeit: Von Kontinuitäten und Brüchen der Kaiserzeit bis heute,The @(old) dispute over the primary school time: From continuities and breaks of the Kaiser era to the present
1202272312,Untersuchung von Th17-Zellen als Biomarker für diePrognosestellung bei Hunden mit Bandscheibenvorfällen,Investigation of Th17 cells as a biomarker for prognosis assessment in dogs with intervertebral disc herniations
1202275540,"""Effekte von gebührenfreien Kitas auf das Erwerbsverhalten der Mütter sind verhältnismäßig klein""",Effects of free-of-charge childcare on mothers' employment behavior are relatively small
1202295916,Produktportfolio RHI Magnesita – Erweiterung durch MgO-basierte Produkte im Bereich Pulp & Paper,Product portfolio RHI Magnesita – Expansion through MgO-based products in the Pulp & Paper sector
1202339905,"Gottfried Wilhelm Leibniz Rezeption, Forschung, Ausblick","Gottfried Wilhelm Leibniz Reception, Research, Outlook"
1202350925,Strategien zur individuellen Stressbewältigung,Strategies for individual stress management
1202351840,Riesiges lumbosakrales myxopapilläres Ependymom mit Infiltration und partieller Destruktion der Dura und des Knochens,Large lumbosacral myxopapillary ependymoma with infiltration and partial destruction of the dura and bone
1202363962,Urgenda III Die Niederlande als Modell richterlichen Klimaschutzes,Urgenda III The Netherlands as a Model of Judicial Climate Protection
120236490X,Jugendliteratur als Einladung zur philosophischen Auseinandersetzung,Youth literature as an invitation to philosophical reflection
1202364942,Werbung als Thema von (Medien-) Ethik und Bildung,Advertising as a topic of (media) ethics and education
1202392113,Die @Conceptual-Integration-Forschung als Anregung für die komparatistische Selbstreflexion?,The Conceptual Integration Research as an Impetus for Comparative Self-Reflection?
1202425941,Epidemiologie und Prävention hitzebedingter Gesundheitsschäden älterer Menschen,Epidemiology and prevention of heat-related health issues in older adults
1202435521,Objektdetektion unter peripheren Sehbedingungen,Object detection under peripheral vision conditions
1202439128,Tiefe neuronale Netze für die Erkennung von Querparklücken,Deep Neural Networks for the Detection of Crosswalks
1202444814,Kaufsucht im Internet,Internet shopping addiction
1202515142,Entwicklung und Evaluierung eines Athletiktrainingsprogramms für Nachwuchsfußballer (mid-PHV),Development and evaluation of an athletic training program for youth football players (mid-PHV)
1202608884,Der @Kernlehrplan Sport (2011) für die Sekundarstufe I zwischen Anspruch und unterrichtlicher Umsetzung eine qualitativ-empirische Studie zur Aufnahme und praktischen Verarbeitung des Kernlehrplans im Schulalltag aus der Perspektive von Sportlehrkräften im gymnasialen Bildungsgang in NRW,The @Core Curriculum for Physical Education (2011) for the secondary level I between claim and practical implementation is a qualitative-empirical study about the implementation and practical application of the core curriculum in the school routine from the perspective of physical education teachers in the gymnasium educational path in NRW.
1202780903,Qualitätsbewertung von Faser-Kunststoff-Verbunden mittels optischer Texturanalyse auf 3D-Preformoberflächen,Quality assessment of fiber-reinforced composite materials using optical texture analysis on 3D preform surfaces
1202803075,Stadtillumination und Raumerfahrung zur Wahrnehmung der beleuchteten Innenstädte seit dem 19. Jahrhundert,City illumination and spatial experience for perceiving illuminated city centers since the 19th century
1202803229,"Vom Zweikampf zur Hetzjagd die politische Bedeutung der Tiere in Heinrich von Kleists ""Penthesilea""","From duel to hunt: the political significance of animals in Heinrich von Kleist's ""Penthesilea"""
1202811663,Beschäftigungseffekte der Digitalisierung in Branchen Ein Literaturüberblick,Occupational effects of digitization in industries A literature review
1202850022,Phytotherapeutische Antworten auf bakterielle Resistenzentwicklung Einsatz des antimikrobiell wirksamen Phytopharmakons Angocin® Anti-Infekt N (HM) in der Tiermedizin,Phytotherapeutic answers to bacterial resistance development Use of the antimicrobial phytopharmacon Angocin® Anti-Infekt N (HM) in veterinary medicine
1203058853,Metallic-Farbtöne - Möglichkeiten und Grenzen bei Pulver- und Nasslacken,Metallic Colors - Possibilities and Limitations in Powder and Wet Coatings
1203065736,Lutherjahrbuch 86. Jahrgang 2019 Organ der internationalen Lutherforschung,Luther Yearbook 86th Year 2019 Organ of the International Lutheran Research
1203068433,Molekulare und funktionelle Charakterisierung der Virulenzfaktoren Rbe1p und Rbt4p in Candida albicans,Molecular and functional characterization of the virulence factors Rbe1p and Rbt4p in Candida albicans
1203115830,Ethik als zentrales Element der Pflege Fürsorgeprinzip und hierarchisches Machtgefälle verursachen moralischen Stress,Ethics as a central element of care The principle of care and hierarchical power imbalance cause moral stress
1203352220,Wissenschaft im (Un)Ruhestand. Wie ProfessorInnen das altersbedingte Ausscheiden aus der Universität meistern,Science in (Un)retirement. How Professors Manage Their Age-Related Departure from the University
1203353812,"Evangelischer Religionsunterricht. Empirische Befunde und Perspektiven aus Baden-Württemberg, Niedersachsen und Sachsen","Evangelical Religious Education. Empirical Findings and Perspectives from Baden-Württemberg, Lower Saxony, and Saxony"
1203370202,Einfluss einer sterilen Laparotomie und einer moderaten abdominellen Sepsis auf die Mitochondrienfunktion im Darm im zeitlichen Verlauf bis 96h,Impact of a sterile laparotomy and moderate abdominal sepsis on mitochondrial function in the gut over time up to 96 hours.
120337223X,Prognostische Relevanz Magnetresonanztomographie-Feature-Tracking-basierter myokardialer Mechanik bei Patienten mit Takotsubo-Kardiomyopathie,Predictive significance of magnet resonance imaging feature tracking-based myocardial mechanics in patients with Takotsubo cardiomyopathy.
120343233X,Langanhaltende Therapieeffekte,Long-lasting therapeutic effects
1203523084,Partnerschaftsprobleme und präventive Interventionen,Partnership problems and preventive interventions
1203538618,Dandy : Glossar,Dandy : Glossary
1203540892,Der @Übermensch und die Sterblichen : die Frage nach der Wesung des Menschen in Martin Heideggers Nietzsche-Interpretationen und seinsgeschichtlichem Denken,The @Superman and the Mortals: The Question of the Essence of Man in Martin Heidegger's Nietzsche Interpretations and His Ontological Thinking
1203622910,Zusammenhang zwischen Drehbewegungen und Sturzgefährdung bei idiopathischen Parkinsonpatienten Klinische Validierung und quantitative Erfassung in der Klinik und im häuslichen Umfeld mittels tragbarer Sensoren,Correlation between rotational movements and fall risk in idiopathic Parkinson's patients Clinical validation and quantitative assessment in the clinic and at home using wearable sensors
1203623674,"Reutlinger Geschichtsblätter Neue Folge Nr. 55, Jahrgang 2016","Reutlinger Historical Leaflets New Series No. 55, 2016 Volume"
1203705387,Sportpsychologie Ein Lehrbuch,Sports Psychology A Textbook
120371064X,Modellierung des Strömungs- und Trennverhaltens viskoser Gemische in Packungskolonnen basierend auf tomographischen Untersuchungen,Modeling of flow and separation behavior of viscous mixtures in structured packing columns based on tomographic studies
1203713290,Feline Anti-Fel-d-1-Immunisierung macht Katzen allergikerfreundlich,Feline Anti-Fel-d-1 Immunisierung makes cats allergy-friendly
120371615X,Bestimmung der Isomerenergie von 229Th mit dem hochauflösenden Mikrokalorimeter-Array maXs30,Determination of the isomer energy of 229Th with the high-resolution microcalorimeter array maXs30
1203854404,Internationale Mindestbesteuerung von Unternehmen,International minimum tax for companies
1203863985,Neue Entwicklungen im Umweltrechtsschutz – Münsteraner Gespräche zum Umwelt- und Planungsrecht –,New developments in environmental protection law – Münster conversations on environmental and planning law
1203874995,Grundlagen der ethischen Fallberatung: Auf welche normativen Ethiktheorien stützen sich Mitglieder eines Klinischen Ethikkomitees?,Foundations of ethical case consultation: On which normative ethical theories do members of a Clinical Ethics Committee rely?
120387524X,Bedingte Un/Verfügbarkeit. Zur Kritik des praxeologischen Körpers,Conditional Availability. To the Critique of the Praxeological Body
1203938659,Zukunft einfach machen Mein Plädoyer für ein Land der 100.000 Wirtschaftswunder,"Making the future simple My case for a country of 100,000 economic miracles"
1203970579,Eine @Skala zur Selbsteinschätzung digitaler Kompetenzen bei Lehramtsstudierenden Entwicklung eines Instrumentes und die Validierung durch Konstrukte zur Mediennutzung und Werteüberzeugungen zur Nutzung digitaler Medien im Unterricht,A @Scale for self-assessment of digital competencies among teacher trainees Creation of an instrument and validation by constructs for media use and value beliefs for the use of digital media in teaching
1203996845,Intermediärobjekte und Intraintermediärobjekte mit Kindern und Jugendlichen selbst genäht,Intermedia objects and intra-intermedia objects created with children and young people
1204004722,Schutz der Robo Advisor vor Marktbarrieren: Zugriffsrechte auf Banken-Schnittstellen?,Protection of Robo Advisors against market barriers: Access rights to bank interfaces?
1204060746,Hindenburg,Hindenburg
120409019X,Wer setzt die Stücke wieder zusammen? Ein Bericht zur 55. Münchner Sicherheitskonferenz,Who will put the pieces together again? A report on the 55th Munich Security Conference
1204199841,Verbesserung der Kanülensichtbarkeit in der ultraschallgesteuerten Regionalanästhesie - Untersuchungen zur Anwendung von Spatial Compound Imaging unter Berücksichtigung von echogenem Kanülendesign,Improvement of cannula visibility in ultrasound-guided regional anesthesia - Investigations on the application of spatial compound imaging considering echogenic cannula design
1204199981,Evaluation des optimalen Einsatzes einer adaptiven Dosisberechnung im Verlauf einer täglich bildgeführten Strahlentherapie im Kopf-Hals-Bereich,Evaluation of optimal use of an adaptive dose calculation in the course of a daily image-guided radiotherapy in the head and neck area
1204253307,Der @Weg des Kriegers Die Jesus-Strategie:,The Warrior's Path: The Jesus Strategy
1204253323,Juden und Christen – das eine Volk Gottes,Jews and Christians – one people of God
1204258422,Untersuchungen zur Regulation laboratoriumsdiagnostischer Marker der Kalzium-Phosphat-Homöostase ein Vergleich zwischen Spendern unterschiedlicher Blutprodukte,Investigations into the regulation of laboratory diagnostic markers of calcium-phosphorus homeostasis: a comparison of donors of different blood products
1204334102,Paul Leo Lutherischer Pastor mit jüdischen Wurzeln,Paul Leo Lutherischer Pastor mit jüdischen Wurzeln
1204365466,Die @Freiheitsaktion Bayern Ein Aufstand im April 1945 und seine Folgen,"The Freedom Action Bayern, an uprising in April 1945 and its consequences"
1204373701,Zöliakie und Weizensensitivität im Wandel – ein Update,Zólia and wheat sensitivity in transition – an update
1204426015,Drei Reden am Tage der Bestattung des weiland Professor der Theologie und Predigers Herrn Dr. Schleiermacher am 15. Februar 1834,"Three speeches on the day of the burial of the late Professor of Theology and Minister Dr. Schleiermacher on February 15, 1834"
120443106X,Metaphysik des Ich ein philosophischer Aufriß,"A philosophical sketch of the ""I"""
120444224X,Die @Umdeutung der Demokratie Politische Partizipation in Ost- und Westdeutschland,The Misinterpretation of Democracy: Political Participation in East and West Germany
1204458456,Erfolgreiche Bildungsstrategien in Tansania am Beispiel des Hochschulzugangs,Successful education strategies in Tanzania: The case of university admissions
1204478147,Eric Clapton. Ein Leben für den Blues,Eric Clapton: A Life for the Blues
1204555478,"Normenkontrolle von Bauleitplänen; Abwägung mit naturschutzrechtlichen Belangen, hier: Artenschutz; Anforderungen an die Ermittlung des Arteninventars","Norm control of building plans; weighing with nature protection law interests, here: species protection; Requirements for determining the species inventory."
1204555486,Verunstaltung des Landschaftsbildes durch Windenergieanlagen,Deformation of the landscape by wind turbines
1204574111,Schutz für das vernetzte Auto - IT-Sicherheit im Automotive-Bereich,Protection for the connected car - IT security in the automotive industry
1204635617,Die @Szenographie der Zeugenschaft zwischen systematischer und kulturgeschichtlicher Perspektive,The @Scenography of Witnessing between Systematic and Cultural-Historical Perspective
1204637601,"Radikal ganzheitlich entgiften Körper, Geist und Umfeld reinigen mit ätherischen Ölen","Radically detoxify the body, mind, and environment with essential oils"
1204637733,Performance und Lebensdauer von MCP-PMTs der neuesten Generation hinsichtlich ihrer Einsetzbarkeit im PANDA-Experiment,Performance and lifespan of MCP-PMTs of the latest generation with regard to their suitability for use in the PANDA experiment
1204640009,"Kooperation zwischen Ethnologen und Psychologen: Optionen, Probleme, Visionen","Collaboration between Ethnologists and Psychologists: Options, Problems, Visions"
1204692629,"""Digitalisierung der Landwirtschaft bedeutet Verbesserung der Prozesse""","""Digitalization of agriculture means improvement of processes"""
1204692793,Leistungsrelais für alle Nutzfahrzeuganwendungen,Performance relays for all commercial vehicle applications
1204700605,Real-World-Daten: NOAK auch im Alltag sicher,Real-World Data: NOAK also in everyday life safe
1204706840,Zielscheibe Schiedsrichter - immer noch!? Eine Trendstudie zum Sicherheitsgefühl und zur Opferwerdung von Unparteiischen im Amateurfußball,Target: Arbitrators - Still Relevant? A Trend Study on Security Feeling and Victimization of Referees in Amateur Football
1204826757,Fachübergreifende Aspekte eines kognitiv aktivierenden Unterrichts an Gymnasien theoretische und empirische Analysen zum Konstrukt kognitive Aktivierung,Interdisciplinary aspects of a cognition-activating teaching at grammar schools: theoretical and empirical analyses of the concept of cognitive activation
1204889635,"CO2-orientierte Bepreisung der Energieträger – Handlungsoptionen, Kompensationsmöglichkeiten und ihre rechtlichen Rahmenbedingungen","Carbon pricing of energy carriers – Options, compensation possibilities and their legal framework"
1204926751,Die @geistigen Sinne in der ostsyrischen christlichen Mystik Wahrnehmung und Gotteserkenntnis in der griechischen und syro-orientalischen asketischen Literatur der Spätantike,The spiritual senses in the Syrian Christian mysticism Perception and knowledge of God in the Greek and Syro-Oriental ascetic literature of Late Antiquity
1204926778,Die @Zeitlosigkeit des Unbewussten bei Freud,The timelessness of the unconscious in Freud
1204928908,Zur Erinnerung an Gustav Robert Kirchhoff,In memory of Gustav Robert Kirchhoff
1205001875,Charakterisierung eines neuartigen tubulären Photobioreaktors – Erarbeitung wesentlicher Einflussparameter und modellgestützte Effizienzbewertung phototrophen Wachstums zur stabilen Langzeitkultivierung unter Freilandbedingungen,Characterization of an innovative tubular photobioreactor – Development of key influencing parameters and model-based efficiency assessment of phototrophic growth for stable long-term cultivation under field conditions
1205009426,Notfälle beim Halbmarathon: Welche Rolle spielt das Wetter?,Half-Marathon Incidents: What Role Does the Weather Play?
1205010882,Zwischen Motivieren und Bremsen,Between Motivating and Braking
1205013903,Verlauf der nach 3 unterschiedlichen Formeln berechneten Energiebilanz bei Holstein-Friesian-Kühen   in der Frühlaktation,Course of the energy balance calculated according to 3 different formulas in Holstein-Friesian cows in early lactation
120501473X,"Sportliche Leistung von Pferden, die als Fohlen intensivmedizinischer Behandlung   bedurften",Athletic performance of horses that required intensive medical treatment as foals
1205016686,TFA mit Tapes und Blutegeln,Treatment with tapes and leeches
1205018549,Vergleichsmessung mit dem GlucoMen®LX PLUS und einer Referenzmethode zur Bestimmung von   β-Hydroxybutyrat bei Hunden und Katzen,Comparison of GlucoMen®LX PLUS with a reference method for determining β-hydroxybutyrate in dogs and cats
1205069135,Analyse des molekularen Mechanismus der Cadherin-11- und GEF Trio-vermittelten Migration von Neuralleistenzellen in Xenopus,Analysis of the molecular mechanism of Cadherin-11 and GEF Trio-mediated migration of neural crest cells in Xenopus
1205111298,Kontingenz,Contingency
1205139486,Kinderrechte und Schulqualität. Plädoyer für eine pädagogische Lern- und Leistungskultur,Children's rights and school quality. An appeal for a pedagogical learning and performance culture
120514143X,Spannungsfelder. Musiklehrer*innenbildung zwischen schulpraktischer Orientierung und wissenschaftlicher Fundierung,Fields of tension. Music teacher education between school practice orientation and scientific foundation
1205142738,Gestalt und Wirkung des Religionsunterrichts: Empirische Befunde und interkonfessionelle Perspektiven Forms and effects of religious education: empirical findings and interdenominational perspectives,Forms and effects of religious education: empirical findings and interdenominational perspectives
1205156062,Wie und Was sieht unser Gehirn,How and what our brain sees
1205157549,Postoperativer Blutdruckverlauf nach Carotisrekonstruktion: Vergleich von Eversionsendarteriektomie und Thrombendarteriektomie,Postoperative blood pressure course after carotid reconstruction: Comparison of eversion endarterectomy and thrombendarterectomy
1205231285,Überfordert und allein – ein gefährlicher Mix,Overwhelmed and alone – a dangerous mix
1205248102,Fahreignung,Driving ability
1205253718,Real-world-Daten zu Ustekinumab,Real-world data on Ustekinumab
1205258345,Die @Lechfeldschlacht und die Folgen für die Region,The Battle of Lechfeld and its consequences for the region
1205259163,IT-gestützte Optimierung der Düngeplanung in kleinen und mittleren landwirtschaftlichen Betrieben: ein nachhaltiger Ansatz zur Steigerung des Betriebsergebnisses,IT-supported optimization of fertilizer planning in small and medium-sized agricultural enterprises: a sustainable approach to increasing operational results
1205260323,"""Une affaire la plus innocente""? Französische Wahrnehmungen und Deutungen der Glorious Revolution von 1688/89","""A seemingly innocuous affair""? French perceptions and interpretations of the Glorious Revolution of 1688/89"
1205272658,Die @Konstruktion des (deutschen) Indianers,The construction of the (German) Indian
1205370250,Anwendung eines effizienten von Hamos-Spektrometers für die hochauflösende Röntgenemissionsspektrometrie,Application of an efficient Hamos spectrometer for high-resolution X-ray emission spectroscopy
1205370722,Bewertung von Power-to-Gas-Anlagen mittels dynamischer Systemsimulation,Evaluation of Power-to-Gas Plants using Dynamic System Simulation
1205372571,"Zur Geisteswelt des Ludwig von Moos. Eine Replik auf Angelo Garovis ""Bemerkungen""","On the Intellectual World of Ludwig von Moos. A Response to Angelo Garovi's ""Remarks"""
1205372725,Deutsche Litteratur der letzten Jahre über vorkantische neuere Philosophie,German literature of the last few years on pre-Kantian modern philosophy
1205463844,Interareale raumzeitliche Dynamiken und Variabilität der Aktivität neuronaler Populationen im visuellen Kortex der Katze,Interareal spatiotemporal dynamics and variability of activity in neuronal populations in the visual cortex of the cat
1205469435,Kohle für Hitler. Der Donbass unter Deutscher Besatzung,Coal for Hitler. Donbass under German Occupation
1205470727,"Einlassen, Zulassen, Loslassen: Über ein konstruktives Leidensverständnis","Letting Go, Allowing: On Constructive Understanding of Suffering"
120547191X,Ethik in der Tierphysiotherapie,Ethics in Animal Physiotherapy
1205475354,Ab wann verdienen wir Geld in der Pferdepraxis?,From when do we earn money in the equine practice?
1205477403,Das @„neue“ Hygienebewusstsein im Umgang mit dem Pferd,"The ""new"" hygiene awareness in handling the horse"
1205548645,Inter TeTra – Ein Projekt zur Implementation von Physikdidaktik in die MathematiklehrInnenbildung Die Motivation von Inter TeTra: Warum die Mathematikdidaktik mit der Physikdidaktik zusammenarbeitet,Inter TeTra – A Project on the Implementation of Physics Education in Mathematics Teacher Education The motivation of Inter TeTra: Why mathematics education cooperates with physics education
1205549501,"Landschaftsbezogene Identität Ansätze zur Konzeptualisierung, Erfassung und Integration in Place Branding-Prozesse","Landscape-Based Identity: Approaches for Conceptualization, Measurement, and Integration in Place Branding Processes"
1205677984,"Ernestiner in der Stadt ein Spaziergang durch Gotha und Weimar ; zur Landesausstellung ""die Ernestiner - eine Dynastie prägt Europa","Ernestiner in the city a walk through Gotha and Weimar ; for the state exhibition ""the Ernestiner - a dynasty shapes Europe"
120571328X,Polizei und Datenschutz Vorgaben der neuen JI-RL für technische und organisatorische Maßnahmen zur Gewährleistung datenschutzkonformer polizeilicher Datenverarbeitung,Policing and data protection requirements of the new JI-RL for technical and organizational measures to ensure data protection-compliant police data processing
1205734848,Die @‚Neue Rechte‘ als gesellschaftliches Phänomen,The @‚New Right‘ as a societal phenomenon
1205737790,Hannover Bevölkerungsentwicklung zwischen Zu- und Abwanderung; Ansätze der kommunalen Wohnungsmarktpolitik,Hanover Population Development between In- and Out-Migration; Approaches of Municipal Housing Market Policy
1205737839,Reurbanisierung in nordwestdeutschen Großstadtregionen - Zusammenfassung und Ausblick,Urban Rejuvenation in Northwestern German Metropolitan Regions - Summary and Outlook
1205804595,Kinetische Parameteridentifikation und Modelldiskriminierung am Beispiel der nassen Oxidation von Thiosulfat,Kinetic parameter identification and model discrimination at the example of the wet oxidation of thiosulfate
120587075X,"Mach dir Umsatz auf! Digitalisierung, Führung, Umsetzung im Vertrieb. Wie Coca-Cola in Deutschland aus den Erfolgen von gestern die Erfolge von morgen geschaffen hat","Get going and make profit! Digitalization, leadership, implementation in sales. How Coca-Cola in Germany created the successes of tomorrow from yesterday's successes."
1205884963,MEG-Untersuchungen somatosensorisch evozierter Aktivität im Kontext der interhemisphärischen Inhibition und Reduktionsmechanismen in Diskriminationsaufgaben,Studies of somatosensory-evoked activity in the context of interhemispheric inhibition and reduction mechanisms in discrimination tasks
1205946241,Anforderungs- und einsatzgerechte Auslegung von Fahrantrieben mobiler Erntemaschinen,Demands and operational suitability of drive systems for mobile harvesting machines
1205971858,"„Sonst haben wir den Bibeltext immer nur gelesen, jetzt haben wir ihn gefühlt“ - eine qualitativ-empirische Studie zum Einsatz bibliodramatischer Elemente im inklusiven Religionsunterricht der Sekundarstufe I","Otherwise, we have only read the Bible text, now we have experienced it - a qualitative-empirical study on the use of bibliodramatic elements in inclusive religious education in secondary I"
1205977139,Hermann von Helmholtz,Hermann von Helmholtz
1205977414,Schatten der Notwendigkeit: ein Versuch über den Zufall in Wissenschaften und Künsten,Shadows of Necessity: An Essay on Chance in Sciences and Arts
1205977597,Instrumentelles (maskulines) und expressives (feminines) Selbstkonzept: ihre Bedeutung für die Geschlechtsrollenforschung,Instrumental (masculine) and expressive (feminine) self-concept: their significance for gender role research
1206077565,"15-Minuten-Kunst 1. und 2. Klasse Schnell, einfach & originell zu kreativen Ergeb nissen im Kunstunterricht der Grundschule","Quick, easy & creative results in the art class of primary school students in 15 minutes"
1206096276,Politische Botschaft und ästhetische Inszenierung Aspekte der Opernlibrettistik am Hofe Max II. Emanuels von Bayern 1685-1688,Political message and aesthetic staging aspects of operatic libretto at the court of Max II. Emanuel of Bavaria 1685-1688
1206185678,Die @Bedeutung des Infarktmusters beim ischämischen Schlaganfall für die ätiologische Zuordnung - speziell des Verteilungsmusters akuter und chronischer Schlaganfall-Läsionen in verschiedenen zerebralen vaskulären Territorien,The significance of the infarct pattern in ischemic stroke for etiological classification - specifically of the distribution pattern of acute and chronic stroke lesions in various cerebral vascular territories
1206188383,"Wer echte Investitionen will, muss die Schwarze Null aufgeben",Real investments require abandoning the black zero
1206222581,Optoelektronische Eigenschaften neuartiger Materialien für lichtemittierende Bauelemente,Optoelectronic properties of novel materials for light-emitting devices
1206240393,Raum(re)konstruktionen von Kindern beim Einkaufen im pädagogischen und städtischen Alltag,Children's Room(re)constructions During Shopping in Pedagogical and Urban Daily Life
1206250143,Frauen unterschätzen sich: Selbstbeurteilungs-Biases in einer simulierten Bewerbungssituation,Women underestimate themselves: Self-assessment biases in a simulated job application situation
1206250682,"Boltzmann, Ludwig (20.2.1844 - 5.9.1906)",Ludwig Boltzmann (20.2.1844 - 5.9.1906)
1206252677,Verzicht und Solidarität als Verantwortung deutscher Außenpolitik,Renunciation and Solidarity as Responsibility of German Foreign Policy
1206335173,„Thinspire me“ – Zur Bedeutung des sozialen Imaginären in Pro-Ana,Inspire me – On the significance of the social imaginary in Pro-Ana
1206344245,Formulierung eines evidenzbasierten Validitätsarguments am Beispiel der Erfassung physikdidaktischer Selbstwirksamkeitserwartungen mit einem neu entwickelten Instrument,Formulating a evidence-based validation argument using the example of the assessment of physics didactic self-efficacy expectations with a newly developed instrument.
1206344261,Unterrichtsbezogene Orientierungen von Physik-Lehramtsstudierenden,Orientation related to physics teaching for physics education students
120634427X,Rekonstruktion impliziter Wissensbestände angehender Physiklehrkräfte,Reconstruction of implied knowledge contents of prospective physics teachers
1206344326,"Das @Verhältnis von Physik, Technik und Verantwortung","The relationship between physics, technology, and responsibility"
1206352876,"Eötvös, Loránd (27.7.1848 - 8.4.1919)","Eötvös, Lóránd (July 27, 1848 - April 8, 1919)"
1206412097,Im Feld der Verschwörungstheorien – Interaktionsregeln und kollektive Identitäten einer verschwörungstheoretischen Bewegung,In the field of conspiracy theories – Interaction rules and collective identities of a conspiracy-theoretic movement
1206414235,"Rudolf Schmidt-Wetter (1919-1978), ein rheinischer Apotheker der pharmazeutischen Praxis, und sein Hauptwerk ""Vademecum für Pharmazeuten"" als Spiegel der Entwicklung praktischer Pharmazie in der zweiten Hälfte des 20. Jahrhunderts","Rudolf Schmidt-Wetter (1919-1978), a pharmaceutical pharmacist from the Rhine region, and his main work ""Vademecum for Pharmacists"" as a mirror of the development of practical pharmacy in the second half of the 20th century"
1206416076,Vergleich Hoch-Wärmeintegrierter Adsorberkonzepte für eine Anwendung in Direct Air Capture Verfahren Comparison of Highly Heat‐Integrated Adsorber Concepts for Use in Direct Air Capture Processes,Comparison of Highly Heat-Integrated Adsorber Concepts for Use in Direct Air Capture Processes
1206472766,Schizophrenie: Besserung von Lebensqualität und Funktionsniveau als Therapieziel,Improvement in quality of life and functional level as therapeutic goal for schizophrenia
120652913X,M&A-Trends für Strategen,M&A trends for strategists
1206537078,Foucaults Verflüssigung : postfundamentalistische Kritik und normative Institutionentheorie,Foucault's Disavowal: post-fundamentalist critique and normative institutional theory
1206538368,Der @Einfluss von Sphingosin-1-Phosphat auf Hypoxie-induzierbare Faktoren im bestrahlten Tumormikromilieu,The influence of sphingosine-1-phosphate on hypoxie-inducible factors in the irradiated tumor microenvironment
1206540923,»in allgemeinem Beyfall« – Giuseppe Antonio Brescianellos Instrumentalmusik am Württembergischen Hof zur Zeit Eberhard Ludwigs,"""with general approval"" – Giuseppe Antonio Brescianello's instrumental music at the Württemberg Court during the time of Eberhard Ludwig"
1206542780,"DenkWege zu Luther das bundesweite Jugendbildungsprojekt zur philosophischen, kulturellen und religionskundlichen Bildung mit Jugendlichen zum Reformationsjubiläum","ThoughtPaths to Luther: The nationwide youth education project on philosophical, cultural, and religious education with young people in honor of the Reformation jubilee"
1206543140,Allergietherapie und Allergie-Immuntherapie im Kindesalter,Allergy therapy and allergy immunotherapy in childhood
120658856X,"Zu den demokratischen, emanzipatorischen und internationalen Wurzeln der Profession Supervision am Beispiel von Cora Baltussens Beratungsverständnis","To the democratic, emancipatory, and international roots of the profession of supervision, as illustrated by Cora Baltussen's consultancy."
1206588888,"Scholarship of Teaching and Learning (SoTL) – Projekte planen, begleiten, dokumentieren. Instrumente zur Qualitätsentwicklung","Scholarship of Teaching and Learning (SoTL) – Planning, supporting, documenting projects. Instruments for quality development"
120660400X,"US-Präsidentschaftswahlen 2016 der Einfluß soziodemographischer, ökonomischer und kultureller Faktoren auf Trumps Wahlerfolg","US Presidential Election 2016: The Influence of Socio-demographic, Economic, and Cultural Factors on Trump's Victory"
1206604220,"Schlussbericht zu Vorhaben ""Modellhaftes Demonstrationsnetzwerk zur Ausweitung und Verbesserung des Anbaus und der Verwertung von Leguminosen mit Schwerpunkt Bohnen und Erbsen in Deutschland""","Final Report on the Project ""Model Demonstrative Network for the Expansion and Improvement of the Cultivation and Utilization of Legumes with a Focus on Beans and Peas in Germany"""
1206635711,"Der @ärgerliche, hilflose, neidische Coach? Über Herausforderungen und Chancen negativer Gegenübertragungsaffekte","The Annoying, Helpless, Envious Coach? On Challenges and Opportunities of Negative Countertransference Effects"
1206688874,Untersuchung funktioneller Schnittstellen zwischen Graphen und neuronalen Zellen,Study of functional interfaces between graphs and neural cells
1206723688,Einsatz von eTutorien als komplementäre Lehr- und Lernform,Use of eTutoriums as supplementary teaching and learning methods
1206730897,Panisch,Panicked
1206731095,Weltanschauung,Worldview
1206746947,Krypto-Mining für Dummies,Crypto-Mining for Dummies
1206785667,Coaching im inklusiven Sportspiel,Coaching in inclusive sports
1206788739,Re-Sozialisierung der Religion? Die Rolle der Kirchen in inklusiven Sozialräumen,Re-Socialization of Religion? The Role of Churches in Inclusive Social Spaces
1206820284,50 Jahre Rechenzentrum der Humboldt-Universität zu Berlin,50 Years of Berlin's Humboldt University Computing Center
1206864311,Was sind die Indikationen für Rescue-Verfahren? Rheumatische Systemerkrankungen auf der Intensivstation,Indications for rescue procedures include rheumatic systemic diseases on the intensive care unit.
1206864915,Das @Geschlecht als Baustein von Identitätskonstruktionen in Fußball-Fanszenen – weibliche Fußballfans als Abweichung in einem männlichen Raum?,The @Gender as a building block of identity constructions in football fan scenes – female football fans as deviation in a male space?
1206877766,Therapieerfolg oraler Thyreostatika bei hyperthyreoten Katzen,Therapeutic success of oral thyrostatics in hyperthyroid cats
1206987286,"Der @Spitzensport der Moderne Sportarten, Ligen, Sportareale, Saisons und körperliche Höchstleistungen","The peak of modern sports, leagues, sports areas, seasons, and physical top performances."
1207146757,Einige psychoanalytische Aspekte der Scham,Some psychoanalytic aspects of shame
1207152552,„TikTok“ Zeitablauf für die Inhaltskontrolle made in China?,"""TikTok"" timeline for content control made in China?"
1207152633,"Wie die EU ihre Souveränität, ihre Werte und Flüchtlinge schützen kann","How the EU can protect its sovereignty, its values, and refugees"
1207161756,Margery Kempe: Zum Potenzial einer Verspäteten,Margery Kempe: On the Potential of a Delayed
1207187755,Entschuldigung – Sie haben da ein totes Tier im Essen,I'm sorry – you have a dead animal in the food
1207187771,Geschmacksdifferenzen – Kochen als künstlerische Praxis bei Rirkrit Tiravanija,Taste differences – Cooking as an artistic practice by Rirkrit Tiravanija
1207187801,Das @Gegenteil von Appetit – Ekel als ästhetische Erfahrung,The Antithesis of Appetite: Disgust as Aesthetic Experience
1207213853,Wirtschaftliches Handeln zwischen Verantwortung und Wettbewerb,Economic action between responsibility and competition
1207236926,Kratylos,Crayylos
1207319503,Magneto-optische Untersuchungen der elektrischen Transporteigenschaften von Graphen und Graphit durch sub-Terahertz-Spektroskopie,Magneto-optic investigations of the electrical transport properties of graphene and graphite using sub-terahertz spectroscopy.
1207320692,"Thüringer Beratungs- und Management-System ""Caudophagie"" (Pilotprojekt) : Projekt-Nr. 95.16, 2015 LFE 0020 : Abschlussbericht","Thuringian Advisory and Management System ""Caudophagie"" (Pilot Project) : Project No. 95.16, 2015 LFE 0020 : Final Report"
1207373192,Das @Rätsel der Sphinx — Mechanismen der zellulären Sphingolipidhomöostase,The Riddle of the Sphinx — Mechanisms of Cellular Sphingolipid Homostasis
1207392995,Elektronenmikroskopische Untersuchung und Optimierung der strukturellen und nanochemischen Eigenschaften von Al/AlOx/Al-Schichtsystemen,Electron microscopy study and optimization of structural and nanochemical properties of Al/AlO_x/Al layer systems
1207444723,Potenziale synthetischer Kraftstoffe,Potentials of synthetic fuels
120744572X,Ein @Multiple-Choice-Test zum konzeptuellen Verständnis der Kraftwirkung auf Ladungsträger in statischen elektrischen und magnetischen Feldern,A multiple-choice test on the conceptual understanding of the force action on charge carriers in static electrical and magnetic fields
1207480487,Robert Pippin: Hegel’s Realm of Shadows. Logic as Metaphysics in 'The Science of Logic',Robert Pippin: Hegel’s Realm of Shadows. Logic as Metaphysics in 'The Science of Logic'
1207536296,"Lernen Sie, miteinander zu leben, nicht gegeneinander Reden zur Demokratie","Learn to live together, not against each other. A contribution to democracy."
120753658X,Der @Philosophenweg in Kyoto Eine Entdeckungsreise durch die japanische Ästhetik,The @Philosophenweg in Kyoto: A Journey Through Japanese Aesthetics
1207542482,Museen in Zeiten von Corona: Wie Kultureinrichtungen der Krise trotzen,Museums in Times of Corona: How Cultural Institutions Face the Crisis
1207542938,Die @Konstitution von Bürgerrollen in organisierten Beteiligungsverfahren zur Nanotechnologieentwicklung$dein Ländervergleich,The constitution of citizen roles in organized participation processes for nanotechnology development.
120757452X,Anatomische Prothesen bei primärer Omarthrose,Anatomical prostheses for primary osteoarthritis
1207616516,Industrielle Kerne in Ostdeutschland und ihre Interaktion mit dem regionalen Umfeld – vier Fallbeispiele,Industrial cores in East Germany and their interaction with the regional environment – four case studies
1207619671,Die @Bedeutung der Coachingkultur wird massiv unterschätzt,The significance of coaching culture is greatly underestimated
1207682136,Idiopathische Lungenfibrose,Idiopathic Pulmonary Fibrosis
1207720879,Infiziertes natives Kniegelenk Diagnostik und Behandlungsregime,Infectious native knee joint diagnosis and treatment regime
120774445X,Dekorative Beschichtungen im Wandel,Decorative Coatings in Transition
1207755575,Karl Kardinal Lehmann zum Gedenken,Karl Cardinal Lehmann in Remembrance
1207830941,Please Mind the Gap: Eine kulturanthropologische Policy-Analyse der Regierung von Klima_flucht,Please Mind the Gap: A cultural anthropological policy analysis of the government's climate_flucht
1207831719,Deliberative Innovationen in Japan angesichts demokratischer Herausforderungen,Deliberative innovations in Japan in the face of democratic challenges
1207922285,Anhang I für den Studienanteil Biologie im Studiengang Lehramt an Haupt- und Realschulen (L2) und im Studiengang Lehramt an Förderschulen (L5) vom 16. Juli 2018 zur Studien- und Prüfungsordnung Lehramt der Johann Wolfgang Goethe-Universität Frankfurt am Main vom 18. Juli 2016 (SPoL) Hier: Änderung vom 21. Oktober 2019 ; Genehmigt vom Präsidium am 18. Februar 2020 genehmigt durch die Hessische Lehrkräfteakademie im Auftrag des Hessischen Kultusministeriums am 3. Februar 2020,"Annex I for the study share in Biology for the degree programs in Teacher Training for Secondary Schools (L2) and Special Needs Education (L5) from 16 July 2018 to the Study and Examination Regulations for Teacher Training of the Johann Wolfgang Goethe University in Frankfurt am Main (SPoL) of 18 July 2016; amendment of 21 October 2019; approved by the Presidium on 18 February 2020, approved by the Hessian Teachers' Academy on behalf of the Hessian Ministry of Culture and Education on 3 February"
1207996882,Close the Gap: Videoanalyse als Brücke zwischen universitärer Lehrer*innenbildung und schulischer Unterrichtswirklichkeit im Didaktikfach Musik. Entwicklung eines heuristischen Modells,Closing the Gap: Video Analysis as a Bridge between University Teacher Education and School Practice in the Didactic Field of Music. Development of a Heuristic Model
1207996955,Zur Koordination von Unterrichtsfaktoren in der Wahrnehmung von Unterricht. Eine empirische Modellprüfung,Coordination of teaching factors in the perception of teaching. An empirical model test
1207997447,Die @Psychodynamik der Suizidalität,The psychodynamics of suicidal behavior
1208033107,Leibhafte Lebenskunst - Selbstkultivierung im Taijiquan,Vibrant Art of Living - Self-Cultivation in Taijiquan
1208077961,Funktionelle Analyse von CAP bei der Herzlumenbildung von Drosophila melanogaster,Functional analysis of CAP in heart lumen formation in Drosophila melanogaster
1208141961,Liederkunde zum Evangelischen Gesangbuch. Heft 26,Liederkunde zum Evangelischen Gesangbuch. Heft 26 (Liedernachweis zum Evangelischen Gesangbuch. Heft 26)
1208147838,Die @Aufnahme „modernistischer“ Anliegen bei Karl Rahner (1904-1984) im Gewand der Schultheologie,"The adoption of ""modernist"" concerns in Karl Rahner (1904-1984) in the guise of the school theology"
1208158317,Zur Psychologie der Erderwärmung,Psychology of Global Warming
1208159313,Verhaltensdispositionen II – Die psychosoziale Perspektive,Behavioral Dispositions II – The Psychosocial Perspective
1208163299,Chirurgisches Vorgehen bei einem Vaginalfaltenvorfall in der Läufigkeit bei einer Deutschen Dogge,Surgical approach in a doge for vaginal prolapse in Germany
1208163639,Therapie der kaninen Parvovirose – Übersicht und aktuelle Erkenntnisse,Canine Parvovirus Therapy – Overview and Current Findings
1208163981,Praktische Erfahrungen zur Behandlung einer mandibulären Osteomyelitis („lumpy jaw“) mit Gamithromycin bei einem Muntjak,Practical experience in treating a mandibular osteomyelitis (lumpy jaw) with gamithromycin in a muntjac
1208164112,Giardieninfektion – 3 homöopathisch arbeitende Tierärztinnen kommen zu Wort,Veterinary doctors – 3 homeopathically working veterinarians come to speak
1208164201,Effektivität von Imepitoin bei Geräuschangst des Hundes,The effectiveness of Imepitoin in the treatment of canine noise phobia
1208164309,Fremdkörperverdacht im Magen-Darm-Trakt: Was ist zu tun?,Suspicion of foreign body in the digestive tract: What to do?
1208211870,Der @Deutsche Bundestag ist noch rechtzeitig aufgewacht,The German Bundestag woke up just in time
1208310763,Weg der Vollkommenheit Endfassung (Kodex von Valladolid),Path to Perfection (Codex of Valladolid)
1208323237,Besteht ein neonatales Risiko bei Apgar-Werten zwischen 7 und 9?,Is there a neonatal risk with Apgar scores between 7 and 9?
1208393146,Gedanken zur Ontologie,Thoughts on the Ontology
120850763X,Ernährungsperiodisierung im Sport,Nutrition Periodization in Sport
1208512315,Gesundheit beginnt im Darm Ein Blick auf das unterschätzte Organ,Health begins in the gut A look at the underestimated organ
1208520512,Praxisrecht – Deutliche Entschärfung der Wirtschaftlichkeits- und Abrechnungsprüfung: „GKV-Spitzenverband frönt seiner überbordenden Kontrollitis-Manie“,"Health Law – Clear Reduction of Economic Efficiency and Billing Review: ""The GKV-Spitzenverband is fighting its overbearing control obsession"""
120860922X,Der @Zorn des Jair Bolsonaro: Brasiliens Rückfall aus der Zukunft,Bolsonaro's Anger: Brazil's Regression into the Past
1208633260,Brake-by-Wire - Von der Formel E in die Vorentwicklung,Brake-by-Wire - From Formula E to Pre-Development
1208657267,Prophetinnen in Phrygien Frühes Christentum: Die Bewegung des Montanismus,Prophetesses in Phrygia: The Montanist Movement
1208691260,Die @Wertung der weltlich-staatlichen Ordnung durch die Reformatoren des späten Mittelalters und der frühen Neuzeit*,@ The Evaluation of the Secular State Order by the Reformers of the Late Middle Ages and the Early Modern Period
1208764527,Akustischer Kohärenzverlust in offenen Windkanälen aufgrund der turbulenten Scherschicht,Acoustic coherence loss in open wind channels due to the turbulent shear layer
120891541X,Auf der Suche nach der europäischen Solidarität in der Corona-Krise,In search of European solidarity in the Corona crisis
1208937006,Zur Situation am Rohölmarkt,The situation on the crude oil market
120893788X,"Chinesische Kunstmusik der 1980er Jahre Aushandlung, Transformation und Transzendenz von „Eigenem und Fremdem“","Chinese art music of the 1980s Negotiation, Transformation, and Transcendence of the ""Own"" and the ""Foreign"""
1209048876,COVID 19 - Stop the Hurricane (15./19.04.2020),COVID 19 - Stop the Hurricane (15./19.04.2020)
1209056216,Der @ehrbare digitale Kaufmann,The @honorable digital merchant
1209058251,"Kleingeldhelden auf dem Weg zum großen Vermögen Anlegen in Aktien, Fonds & ETFs","Small Coin Heroes on the Way to Great Wealth Investing in Stocks, Funds & ETFs"
1209058553,Traumjob für Dummies,Dream job for Dummies
1209067331,Kritische Metaphysik oder Analytische Hermeneutik? Über die Lesbarkeit der Dinge und die apriorischen Voraussetzungen der Bezugnahme,Critical Metaphysics or Analytical Hermeneutics? On the Readability of Things and the Apriorical Conditions of Reference
1209157446,Kunstlabore: Für mehr Kunst in Schulen! Ein Ratgeber zur Qualität künstlerischer Arbeit in Schulen,Art Labs: For More Art in Schools! A Guide to the Quality of Artistic Work in Schools
1209159759,Rechtskonstruktion und adeliger Herrschaftsanspruch im Königreich Jerusalem die Erfindung Jerusalems durch Recht,Legal construction and noble right of claim to power in the Kingdom of Jerusalem; the invention of Jerusalem by law
1209174944,Der @Stellenwert des multifokalen Elektroretinogramms und der Mikroperimetrie in der Rezidiverkennungdes diabetischen Makulaödems unter der intravitrealen Behandlung mit Ranibizumab,The role of multifocal electroretinography and microperimetry in the detection of recurrences in diabetic macular edema under intravitreal treatment with ranibizumab
1209257122,Die @Präzisierung des Inflationsziels - ein Ausweg aus der Niedrigzinspolitik?,The clarification of the inflation target - a way out of the low interest rate policy?
1209257254,Ökonomische Effekte ausländischer Unternehmen in Deutschland,Economic effects of foreign companies in Germany
1209267365,7er Rugby in der Schule: Ein Konzept Berührungen und Begegnungen zu ermöglichen. Eine qualitative Studie zur Thematisierung von Körperkontakt im Sekundarbereich 1.,"""Sevens Rugby in School: A Concept for Facilitating Touch and Interaction. A Qualitative Study on the Theme of Body Contact inSecondary Education 1."""
1209268558,Proteolytische Keramikkapillaren für die präparative Produktion von bioaktiven Peptiden,Proteolytic ceramic capillaries for the preparative production of bioactive peptides
1209271036,Afrika ausstellen. Expositorische Erzählungen in Deutschland und Südafrika,Exhibiting Africa: Exhibitionary Narratives in Germany and South Africa
1209332620,Fachdidaktisches Wissen von angehenden Sportlehrkräften messen,Measuring the subject-specific knowledge of prospective sports teachers
1209358735,Spontan emittierte Fluktuationen in unmagnetisierten Plasmen und der Ursprung kosmischer Magnetfelder,Spontaneous fluctuations in unmagnetized plasmas and the origin of cosmic magnetic fields
120943377X,Zwei Arten von Selbstbindungen,Two types of self-binding
1209472783,Retrospektive Analysen zu klinischen und labordiagnostischen Befunden sowie zum Behandlungserfolg und prognostisch relevanten Faktoren bei Rindern mit Dünndarmanschoppung mit koaguliertem Blut,"Retrospective analyses of clinical and laboratory findings, treatment outcomes, and prognosis-related factors in cows with thin-walled arteries with coagulated blood"
1209472880,E-Learning an der Tierärztlichen Fakultät der LMU München mit Erprobung von Handwritten Tutorials (Whiteboard Animation) im Themengebiet der Immunologie,E-learning at the Veterinary Faculty of LMU Munich with the testing of handwritten tutorials (whiteboard animation) in the field of immunology
1209472945,Vergleich von deutschen und neuseeländischen Milchproduktionssystemen mit dem Schwerpunkt Tiergesundheit,Comparison of German and New Zealand milk production systems with a focus on animal health
1209474573,Grundlagen der Kunstvermittlung und des Bildverstehens,Foundations of Art Communication and Image Interpretation
1209474611,Ästhetisches Verhalten im Kindes- und Jugendalter,Aesthetic behavior in childhood and adolescence
1209490692,Eine @frühe Grundlegung von Struktur und Objektbeziehung in der Psychoanalyse Die Bedeutung W.R.D. Fairbairns für zeitgenössisches psychodynamisches Arbeiten,An Early Foundation of Structure and Object Relationship in Psychoanalysis: The Significance of W.R.D. Fairbairn for Contemporary Psychodynamic Work
1209520915,Schlaf-Wach-Rhythmusstörungen bei demenziellen Erkrankungen,Sleep-wake rhythm disorders in dementia
1209649691,Der @Reichs-Strafprozeß,The Reich Criminal Trial
1209667436,Verschäumen von Heißschmelzklebstoffen,Foaming of hot-melt adhesives
1209667517,Implementierung und Umsetzung der DIN 2304 in der Automobilindustrie,Implementation and application of DIN 2304 in the automotive industry
1209671085,Rationalitätsforderungen als konstitutive Normen,Rationality requirements as constitutive norms
1209673932,Selektive Hydrierung von Propin an palladiumbasierten SCILL-Katalysatoren,Selective hydrogenation of propyne using palladium-based SCILL catalysts
1209676222,Effekte von Arbeitsbedingungen auf das psychische Befinden von Beschäftigten,Effects of working conditions on the psychological well-being of employees
1209795043,"Markenbotschafter - Erfolg mit Corporate Influencern Überblick, Strategie, Praxis, Tools","Brand Ambassadors - Success with Corporate Influencers: Overview, Strategy, Practice, Tools"
1209833239,Kenia: Ernährungssicherheit durch verbesserte landwirtschaftliche Produktivität in West Kenia Projektevaluierung: Kurzbericht,Kenya: Food Security through Improved Agricultural Productivity in Western Kenya Project Evaluation: Short Report
1209840391,"Wirtschaftliche Bewertung von KI in der Praxis – Status Quo, methodische Ansätze und Handlungsempfehlungen","Economic evaluation of AI in practice – Current status, methodological approaches and recommendations for action"
1209844478,Microsoft Dynamics 365 Business Central Das Anwenderbuch zur Abwicklung von Geschäftsprozessen,Microsoft Dynamics 365 Business Central User Guide for Business Process Management
1209873982,Selig sind die Trauernden Trauer in der Seelsorge,Blessed are the mourners in the pastoral care
1209887398,Medienkompetenz als unbekannte Praxis. Ethnographische Perspektiven auf Digital Natives,Media literacy as an unknown practice. Ethnographic perspectives on digital natives
1210028476,Über Grenzen gehen,Crossing Borders
1210038463,Morbus Addison beim Hund – Eine aktuelle Übersicht,Addison's disease in dogs – A current overview
1210046199,Das @Arbeitsgedächtnis – eine Bestandsaufnahme,The @Working Memory – a situation analysis
1210110776,RNA-Live-Imaging in Mikroorganismen,RNA Live Imaging in Microorganisms
121015689X,Der @VLBAI-Teststand Ein Fallturm für Atome,The @VLBAI-Teststand A Fallturm for Atoms
1210157128,Ultragenaue Taktgeber Optische Uhren in der Anwendung,Subnanosecond precise clock generators for optical clocks in application
1210157241,QUANOMET Eine Forschungslinie der strategischen Allianz Braunschweig - Hannover,QUANOMET A research line of the strategic alliance of Braunschweig - Hannover
1210160579,Landschaftspflegerische Maßnahmen auf degradiertem Hochmoor und ihre Auswirkungen auf den Stickstoffhaushalt hinsichtlich atmosphärischer N-Einträge und N-Entzugs.,Landscape management measures on degraded bogs and their effects on the nitrogen cycle concerning atmospheric nitrogen inputs and nitrogen removal.
1210243199,Pflanzen? Wen interessiert’s? Des Plantes? Je m’en fiche!,Plants? Who cares? The plants? I don’t give a damn!
1210245132,Kooperation zwischen Lehrpersonen und Fachpersonen für Schulische Heilpädagogik. Herausforderungen und Lernsettings in Aus- und Weiterbildung Cooperation between regular teachers and special education teachers. Challenges and learning settings in teacher education and professional development,Cooperation between regular teachers and special education teachers. Challenges and learning settings in teacher education and professional development.
1210245752,Bewegungen: Viele Gemeinsamkeiten und noch mehr Unterschiede,Movements: Many similarities and even more differences
1210246465,"Auf den Lernspuren eines europäischen Lernwerkstätten-Treffens. Hintergründe, konzeptionelle Überlegungen, Grenzen, Irritationen","On the learning trails of a European learning workshop meeting. Backgrounds, conceptual considerations, boundaries, irritations"
1210264242,Dummheit und Witz bei Kant,Stupidity and Wit in Kant
1210328518,Medikamentöse Kontrolle kardiovaskulärer Risikofaktoren bei HIV-Patienten unter ART Therapie,Drug control of cardiovascular risk factors in HIV patients under ART therapy
1210333546,Einfach schreiben So bringen Sie Ihre Texte auf den Punkt,Simply Write: How to get to the point with your texts
1210347148,Joni Mitchell - Ein Porträt,Joni Mitchell - A Portrait
121042357X,Vom Weihegefäß zur Drohne : Kulturen des Heroischen und ihre Objekte,From the Holy Vessel to the Drone: Cultures of the Heroic and Their Objects
1210424029,Meister Eckhart auf der Wartburg : Fundbericht anlässlich der Wiederentdeckung einer frühen Eckhart-Handschrift aus dem Prämonstratenserinnenstift Altenberg im Bestand der Wartburg-Stiftung,Master Eckhart on the Wartburg: Report on the occasion of the rediscovery of an early Eckhart manuscript from the Premonstratensian nuns' monastery of Altenberg in the Wartburg Foundation's collection
1210424142,"Lorbeer, Vlies und Feuerstahl : Antikenrezeption als Herrscherheroisierung – die Bildpolitik der Herzöge von Burgund","Lorbeer, Vlies und Feuerstahl: Antikenrezeption als Herrscherheroisierung – Die Bildpolitik der Herzoge von Burgund"
1210425599,"Aus dem ""Dorfe"" in den ""Stürmischen Morgen"": zu zwei Liedern aus Wilhelm Müllers und Franz Schuberts ""Die Winterreise""","From the ""Village"" in the ""Stormy Morning"": about two songs from Wilhelm Müller and Franz Schubert's ""The Winter Journey"""
1210425661,Politische Ökologie am Riedberger Horn,Political Ecology at the Riedberger Horn
1210426269,Werte-Bildung auf dem Erlebnisort Bauernhof,Value-Formation on the Experience Location Farm
1210426285,"""Nur wer sich ändert, bleibt sich treu"" (Wolf Biermann): warum der Religionsunterricht nicht so bleiben kann, wie er ist","""Only those who change, remain true"" (Wolf Biermann): why religious education cannot remain as it is"
1210445972,Integration ohne Ende. Kritische Stichworte zum monothematischen Habitus der Migrationsdebatte in Deutschland,Infinite Integration. Critical Keywords for the Monochromatic Habitus of the Migration Debate in Germany
1210484803,"""Datenqualität zu sichern, ist kein Spaziergang""","""Ensuring data quality is not a walk in the park"""
1210590646,Soziale Lebenslagen und die Sorge über den Klimawandel Befunde aus repräsentativen Bevölkerungsumfragen in 2017 und 2019,Social living conditions and concern about climate change: Findings from representative population surveys in 2017 and 2019
1210596547,Konfessionskunde Die Christlichen Kirchen und Sekten heute,Christianity and Sects Today
1210633795,Re-Konstruktion von Grenzen — Die Bedeutung kartographischer Visualisierungen in der Neuordnung kirchlicher Verwaltungseinheiten,Reconstruction of Borders — The Significance of Cartographic Visualizations in the Reorganization of Church Administrative Units
1210643979,"Bodenbildung in der Binnenwirtschaft, Kollaps des Welthandels","Ground formation in the domestic economy, collapse of world trade"
1210644142,Identifizierungs- und Bildungsstudien zur Entschlüsselung des Aromas von glutenfreiem Reisbrot,Identification and education studies to decipher the aroma of gluten-free rice bread
1210647826,Angewandte Sportökonomie des 21. Jahrhunderts Wesentliche Aspekte des Sportmanagements aus Expertensicht,Applied Sports Economics of the 21st Century Key Aspects of Sports Management from an Expert's Perspective
1210652838,Was erfahrene Führungskräfte wissen sollten Überraschende Denkfehler im Management und wie Sie sie vermeiden,What experienced leaders should know A surprising cognitive bias in management and how to avoid it
1210664410,Agil in der ISO 9001 Wie Sie agile Prozesse in Ihr Qualitätsmanagement integrieren,Agile in ISO 9001: How to integrate agile processes into your quality management
1210690705,Einfluss der Koordination auf das Lernen einer großmotorischen Aufgabe,The influence of coordination on learning a gross motor task
1210690829,Klima und Sport? Klima und Sport!,Climate and sports.
1210692074,Quantenmechanik Einführung in die mathematische Formulierung,Introduction to quantum mechanics: Mathematical formulation
1210694549,Professionelle Entscheidungen im Sportunterricht Eine empirische Untersuchung zum fachdidaktischen Wissen von Lehrpersonen,Professional Decisions in Physical Education: An Empirical Study of Subject-Specific Knowledge Among Teachers.
1210705494,Mobilitätskonzept eines Straßenroboters,Mobility concept of a street robot
1210729342,Ergebnisse der palliativen Strahlentherapie von Hirnmetastasen und Aussagekraft von Prognose-Scores,Results of palliative radiation therapy for brain metastases and the reliability of prognostic scores
1210729415,"Sozialgeschichtliche Methodenprobleme Deutschland 1870 - 1933, eine Gesellschaft sozialer Klassen?","Social history method problems Germany 1870 - 1933, a society of social classes?"
1210729571,Die @Histon-H4K20-Methyltransferase Kmt5 des Maispathogens Colletotrichum graminicola ist ein Virulenzfaktor und steuert die Genexpression in vegetativen Hyphen,The H4K20 methyltransferase Kmt5 of the maize pathogen Colletotrichum graminicola is a virulence factor and regulates gene expression in vegetative hyphae.
1210730170,Einfluss ionischer Flüssigkeiten auf die Faltung und Aggregation des grün fluoreszierenden Proteins,The influence of ionic liquids on the folding and aggregation of green fluorescent protein
1210742667,Nikolaus Müller - der Gründer des Melanchthonhauses Bretten,Nikolaus Müller - the founder of the Melanchthon House in Bretten
1210779196,Wer sind wir? Eine Analyse der Autor*innen der Friedens- und Konfliktforschung,Who are we? An analysis of the authors of peace and conflict research
1210821621,Friedrich Wilhelm I. Die vielen Gesichter des Soldatenkönigs,Friedrich Wilhelm I. The Many Faces of the Soldier King
1210827387,Schilddrüsenknoten: Wann und wie weiter abklären?,When and how to further clarify thyroid nodules?
1210947420,Virus-Pandemie stürzt Weltwirtschaft in tiefe Rezession Prognose der wirtschaftlichen Entwicklung 2020/2021,The COVID-19 pandemic plunges the global economy into a deep recession. Prognosis of economic development for 2020/2021.
1210952408,Entgrenzung und Zusammenarbeit – die Notwendigkeit von Kooperationen im Lernraum,Boundaries and cooperation – the necessity of partnerships in the learning space
1211094677,Ergüsse in Thorax und Abdomen bei der Katze,Tumour in the chest and abdomen of the cat
1211094758,Die @GOT: Vom lahmen Schlachtross zum beflügelten Pegasus?,The @GOT: From the lame warhorse to the winged Pegasus?
1211095711,Regularien und gesetzliche Bestimmungen bei klinischen   Studien mit Medizinprodukten,Guidelines and legal requirements for clinical studies with medical devices
1211099032,Allgemeinanästhesie: Gutes Temperaturmanagement schützt das Herz,General anesthesia: Good temperature management protects the heart
1211168131,Überlegungen zu Bio- und Bodyhacking,Considerations on Bio- and Bodyhacking
1211171639,Verhältnis­mäßigkeit mit der Holz­hammer­methode Ausgangsbeschränkungen in Bayern,Proportionality with the wood hammer method. Starting conditions in Bavaria
1211172759,Nichtbewußtsein über die affektiv-digitale Transformation eines humanen Kernbereichs : ein erster Entwurf,Unawareness of the affective-digital transformation of a human core area: a first draft
1211172821,Ähnlichkeit der Computer in der Kunstgeschichte : das LSD des 21. Jahrhunderts,The similarity of computers in the history of art: the LSD of the 21st century
1211178587,Argumentative Schreibkompetenzen für das fremdsprachliche Schreiben entwickeln und fördern eine prozessorientierte Schreibintervention,Developing and promoting argumentative writing skills for foreign language writing through a process-oriented writing intervention
1211238393,"Weird Sociotechnical Systems Wie Menschen, Maschinen und Organisationen angegriffen werden, um die Sicherheit der soziotechnischen Systeme zu kompromitieren, in die sie eingebettet sind","Weird Sociotechnical Systems How humans, machines, and organizations are targeted to compromise the security of the sociotechnical systems they are embedded in"
1211265528,"Zur Sache, Experten! Sachbuch schreiben und vermarkten Eine 10-Schritte-Anleitung","On the matter, experts! A 10-step guide to writing and marketing a non-fiction book"
121128039X,Storytelling im Vertrieb Eine Schritt-für-Schritt-Blaupause für gewinnende B2B-Verkaufs-Gespräche,Storytelling in Sales: A Step-by-Step Guide to Winning B2B Sales Conversations
1211290204,Internationaler Wettbewerb europäischer Profifußballligen Ökonomisch-rechtliche Analyse der Wettbewerbskonzentration und Ligenstrukturen,International Competition of European Professional Football Leagues Economic-Legal Analysis of Concentration and League Structures
1211293157,Thermodynamische Potenziale und Zustandssumme Ein Überblick über die Definitionen in der Thermodynamik,Thermodynamic Potentials and Partition Function A Overview of Definitions in Thermodynamics
1211314707,Abenteuer Schreibreise - Klasse 3-4 Etappe für Etappe zur einzigartigen Erlebniserzähl ung - mit Ereigniskarten und Schreiblandkarten,Adventure Writing Journey - Class 3-4 Stage-by-Stage for the Unique Experience Storytelling - with Event Cards and Writing Land Maps
1211320871,Zeichenhorizonte Semiotische Strukturen in Husserls Phänomenologie der Wahrnehmung,Semiotic Structures in Husserl's Phenomenology of Perception
1211324222,Kooperationen zwischen Großunternehmen und Nonprofit-Organisationen im Sport Eine sozialwissenschaftliche Studie,Collaborations between large corporations and non-profit organizations in sports A social science study
1211327523,Quantentunneln der Magnetisierung in Eisen-dotiertem Lithiumnitrid,Quantum tunneling of magnetization in iron-doped lithium nitride
1211327647,Melker Reform und Buchdruck: zur Druckerei im Augsburger Benediktinerkloster St. Ulrich und Afra,Melker Printing and Bookbinding: The Printing Press in the Benedictine Monastery of St. Ulrich and Afra in Augsburg
1211392562,Die @Bedeutung von Aquaporin interagierenden Proteinen für die Zelltodregulation bei Pflanzen und Tieren,The meaning of aquaporin-interacting proteins for cell death regulation in plants and animals
1211396924,Der @Zweite Weltkrieg und Wietzendorf,The Second World War and Wietzendorf
1211422445,"""Emotional landscapes"" Die Musikvideos von Michel Gondry und Björk","""Emotional landscapes"" The music videos of Michel Gondry and Björk"
121146525X,Penetrierende Kniegelenkverletzung Arthroskopische Therapie nach Verletzung mit einem Druckluftklammergerät,Penetrating knee joint injury Arthroscopic therapy after injury with a pressure air clamp device
1211481042,Next Generation Digital Transformation 50 Prinzipien für erfolgreichen Unternehmenswandel im Zeitalter der Künstlichen Intelligenz,Next Generation Digital Transformation: 50 Principles for Successful Corporate Change in the Age of Artificial Intelligence
1211699145,Ernährung unter erhöhter physischer und mentaler Belastung,Nutrition under increased physical and mental stress
1211734609,E=mc² – Albert Einstein (14.03.1879–18.04.1955),E=mc² – Albert Einstein (14.03.1879–18.04.1955)
1211736334,Griffbereit – Physiotherapie bei Rhizarthrose,Ready – Physiotherapy for Rheumatoid Arthritis
1211737985,Canine Neurodynamik–Untersuchung und Behandlung,Canine Neurodynamics – Examination and Treatment
1211791483,Die @musikpädagogische Ausbildung an Fachakademien für Sozialpädagogik,The @music pedagogical training at vocational academies for social pedagogy
1211791971,Reformationserinnerung - alternativ und andragogisch,Reformation Remembrance - Alternative and Andragogical
1211793745,3. Ranking Politische Bildung. Politische Bildung an allgemeinbildenden Schulen der Sekundarstufe I im Bundesländervergleich 2019,3. Ranking Political Education. Political education in secondary schools in the first phase of secondary education in the federal states in 2019
1211796515,"Prozesse der Angebotsentwicklung in der wissenschaftlichen Weiterbildung. Handreichung der wissenschaftlichen Begleitung des Bund-Länder-Wettbewerbs ""Aufstieg durch Bildung: offene Hochschulen""","Processes of offer development in scientific further education. Handbook for scientific support of the federal-state competition ""Ascent through education: open universities"""
1211836649,Lebensmittelchemie 2012,Food Chemistry 2012
121197409X,Prostatakrebsscreening mittels PSA-Test,Prostate cancer screening using the PSA test
1211984796,Civic Education und ihr gesellschaftspolitisches Potenzial. Zwischen radikaler Selbstverwirklichung und altruistischer Gemeinwohlorientierung Civic education and its sociopolitical potential. Between radical self-actualization and altruistic orientation to the public interest,Civic Education and its sociopolitical potential. Between radical self-actualization and altruistic orientation to the public interest
1211987345,Heterogenitätssensibilität angehender Lehrkräfte: empirische Ergebnisse,Heterogeneity Sensitivity of Future Teachers: Empirical Results
1211987841,Primacanta - ein Erfahrungsbericht nach fünf Projektjahren,Primacanta - a report on five years of project experience
1211987868,Videografie in der kunstpädagogischen Forschung. Erfahrungen und Hinweise,Video in Art Education Research. Experiences and Tips
1211990702,Gestaltungsoptionen zur Stärkung beruflicher Aus- und Fortbildung aus Sicht betrieblicher Akteure,Options for strengthening professional training and further education from the perspective of corporate actors
1211990788,Kompetent wissenschaftlich schreiben nach dem Gugelhupf-Prinzip,Competent scientific writing according to the Gugelhupf principle
1212099117,Die @Zukunft der psychoanalytischen Ausbildung,The future of psychoanalytic training
1212104161,Einblicke in die Entstehung von Mikrotubuli,Insights into the formation of microtubules
1212144457,Auf dem Weg zu einer religionspädagogischen Ethnographie?,On the Way to a Religious Pedagogical Ethnography?
1212317718,Einfache Mildhybridisierung durch Zweispannungs-Batteriemanagement,Simple hybridization with dual-voltage battery management
1212421957,"Ein @Impuls, Resonanz oder Freiheit – was begründet kritische Gesellschaftstheorie?","A @Pulse, resonance or freedom – what motivates critical society theory?"
1212423666,Währungsabsicherung bei Immobilienaktien außerhalb des Euroraums,Currency hedging for real estate shares outside the euro area
1212434099,Mathematik in der PhysikOlympiade unter besonderer Berücksichtigung der Attribution,"Mathematics in the Physics Olympiad, with a focus on attribution"
121244020X,Akteur-Netzwerk-Theorie in der Multilokalitätsforschung,Actor-Network Theory in Multilocality Research
1212440358,Familien Multilokale Lebensführung bei Ausbildung und Pflege,Multilocation family life in training and care
1212440587,Dauercamping als multilokale Wohnform,Long-term camping as a multi-locational form of housing
1212452003,Die @Münsterberg-Täuschung,The @Münsterberg- Deception
1212453263,Das @PCM-EM Schema in der Anwendung Drehbuchschreiben für Serien (Theoretischer Teil und praktischer Ansatz),The PCM-EM Schema in the Application Screenwriting for Series (Theoretical Part and Practical Approach)
121250061X,Die @Proportionslehre bei Gauricus und Dürer,The Proportion Theory in Gauricus and Dürer
1212520378,Evangelischer Glaube und politische Verantwortung Martin Luther als politischer Berater seiner Landesherrn und seine Teilnahme an den Fragen des öffentlichen Lebens,Evangelical Faith and Political Responsibility Martin Luther as a Political Advisor to His Princes and His Participation in the Affairs of Public Life
1212535766,Stoff- und Energiewechsel,Matter and Energy Conversion
1212589157,"Differentialgleichungen als zentraler Bestandteil der theoretischen Physik Harmonischer Oszillator, Wellengleichung und Korteweg-de-Vries-Gleichung","Differential equations as a central part of theoretical physics Harmonic oscillator equation, wave equation, and Korteweg-de Vries equation"
1212595351,Die @Anfängerklausur im Strafrecht Zentrale Probleme des Allgemeinen Teils in der Fallbearbeitung,The @Beginners' Exam in Criminal Law: Central Problems of the General Part in Casework
1212604695,Auswirkungen der Belegungsdichte in Ferkelbuchten,Impact of bedding density in piglets' pens
1212604768,Kinderleben in der Welt des Leistungssports Pädagogische Interaktionsprozesse und Aufwachsen in Hochleistungssportzentren,Childhood in the world of performance sports Pedagogical interaction processes and growing up in high-performance sports centers
1212610865,"Martin Kusch, Katherina Kinzel, Johannes Steizinger, Niels Wildschut (Eds.):The Emergence of Relativism. German Thought from the Enlightenment to National Socialism","Martin Kusch, Katherina Kinzel, Johannes Steizinger, Niels Wildschut (Eds.): The Emergence of Relativism. German Thought from the Enlightenment to National Socialism"
1212628020,"Protein-Ligand-, Protein-Inhibitor- und Protein-Protein-Wechselwirkungen Einsatz analytischer Methoden zu deren Bestimmung","Protein-Ligand, Protein-Inhibitor, and Protein-Protein Interactions: Use of Analytical Methods for Their Determination"
1212631188,"Psychologische Anforderungsanalysen in Theorie und Praxis Für Führungskräfte und Personalmanager, die Anforderungsprofile erheben wollen",Psychological Requirements Analysis in Theory and Practice for Leadership and Human Resources Management Professionals Who Want to Collect Requirement Profiles
121265272X,Die @IT-Organisation braucht das Service-Gen,The IT organization needs the service gene
1212660641,"(@Über-)Leben als Popmusiker*in eine empirische Untersuchung zur tertiären Ausbildung, dem Tätigkeitsprofil sowie den professionellen Herausforderungen und Kompetenzbeständen von Berufsmusiker*innen im Bereich populärer Musik","(Over-)Living as a Pop Musician: An Empirical Study of Further Education, Professional Profile, Challenges, and Competencies of Professional Musicians in the Pop Music Sector"
121269869X,Hallenkultur in Dessau,Hall culture in Dessau
1212795954,Prekäre Selbstversicherung die Weimarer Republik als Metapher und geschichtspolitisches Argument,Precious Self-Insurance: The Weimar Republic as Metapher and Historical-Political Argument
121279866X,Quantitative modellbasierte Diagnose am Beispiel der Energieversorgung des SONATE-Nanosatelliten mit automatisch kalibrierten Modellkomponenten,Quantitative model-based diagnosis example for the power supply of the SONATE nanosatellite with automatically calibrated model components
1212800192,Grafisch erzählte Geschichten im Bilderbuchkinogespräch – David Wiesners Herr Schnuffels in der Grundschule,Graphically told stories in the picture book cinema conversation - David Wiesner's Herr Schnuffels in primary school
1212855205,Möglichkeiten und Grenzen von erwachsenenpädagogisch akzentuierter Identitätsarbeit in Stresssituationen und Krisen,Possibilities and Limits of Adult Pedagogically Oriented Identity Work in Stress Situations and Crises
1212855310,Prädiktive Relevanz leistungsmotivationaler Merkmale im Nachwuchsleistungssport – Eine längsschnittliche Untersuchung,Predictive relevance of performance-enhancing attributes in youth elite sport – A longitudinal study
1212858263,"Gender Pay Gap Nicht nur auf dem Gehaltszettel, sondern auch in den Köpfen",Gender Pay Gap Not only on the pay slip but also in the minds
1212985354,Geschichte der Gedankenfreiheit,History of Freedom of Thought
1213025257,Barrierefreie Aufbereitung von multimodalem Online-Content-Marketing: Möglichkeiten und Grenzen bei der Umsetzung von Barrierefreiheit am Beispiel eines DIY-Videos,Accessible preparation of multimodal online content marketing: Opportunities and limits in implementing accessibility in the example of a DIY video
1213037751,Für Sie gelesen: Intubation bei der Katze,Read: Intubation in Cats
1213038774,"Leptospirose beim Hund – Schnelltest, PCR oder MAT?","Leptospirosis in dogs – Rapid test, PCR or MAT?"
1213096898,Handbuch Qualitative Forschung in der Psychologie Band 1: Ansätze und Anwendungsfelder,"Handbook on Qualitative Research in Psychology, Volume 1: Approaches and Application Areas"
1213097193,In-situ Verformung von lamellaren metallischen Kompositen im Großkammer-Rasterelektronenmikroskop,In-situ deformation of lamellar metallic composites in a large-chamber scanning electron microscope
1213137403,Szenarien einer globalen Rezession,Scenarios of a global recession
1213164389,"„Cluster-Initiativen zukünftig noch stärker ins Zentrum des Innovationsgeschehens rücken“ Im Gespräch: Martin Schunkert, Wirtschaftsfördergesellschaft Raum Heilbronn, und Silvia Palka, ClusterAgentur Baden-Württemberg","""Clustering initiatives to be even more central to the innovation process"""
1213232724,›Das Volk‹ als Konstrukt des Populismus Zur Dynamik des Kernbegriffs jeder Demokratietheorie,The People as a Construct of Populism: The Dynamics of the Central Concept in Every Democracy Theory
1213232767,SVP – FPÖ. Argumentationen zweier rechtspopulistischer Parteien im Vergleich,SVP – FPÖ. Arguments of two right-wing populist parties compared
1213239265,Die @Dunkelheit des politischen Horizonts. Salzburg 1933 bis 1938 in den Berichten der Sicherheitsdirektion Band 2: Donnergrollen. Vom Februar 1934 bis Juli 1936,The Dark Horizon of Politics. Salzburg 1933 to 1938 in the Reports of the Security Directorate Volume 2: Thunder Rumbles. From February 1934 to July 1936
1213245486,Analytische Betrachtung eines Lacksystems hinsichtlich seiner dynamisch mechanischen und thermischen Eigenschaften,Analytical consideration of a lacquer system with respect to its dynamic-mechanical and thermal properties
1213300584,Burgund Das verschwundene Reich,Burgund The lost kingdom
1213307023,Pragmatik in Geschmacksfragen? Kommentar zu Julia Zakkous Faultless Disagreement,Pragmatism in Taste Questions? Comment on Julia Zakkous Faultless Disagreement
1213348773,Das @Tier als Mitgeschöpf (Fritz Blanke) in der christlichen Verkündigung im 20. und zu Beginn des 21. Jahrhunderts ein Beitrag zur praktischen Schriftauslegung Anhand der Untersuchung verschiedener Predigmeditationen,The beast as co-creation (Fritz Blanke) in Christian proclamation in the 20th and early 21st centuries a contribution to practical exegesis Based on the study of various preaching meditations
1213348927,Über materiale und wirtschaftliche Perspektiven von Hectorit,On the material and economic prospects of Hectorite
1213445981,Erfolgreich studieren? Eine Analyse primärer und sekundärer Herkunftseffekte anhand des Vergleichs zweier Dekompositionsmodelle,Successful studying? An analysis of primary and secondary origin effects using a comparison of two decomposition models
1213448832,Teamlead – Führung 4.0 So führen Sie Teams synergetisch zu Höchstleistungen - Mit Tipps & Checklisten für die Praxis,Teamlead – Leadership 4.0: How to Lead Teams Synergistically to Peak Performance – Tips & Checklists for Practice
1213451698,Reiseimpfungen – Hinweise und Empfehlungen Vaccinations for international travel – clinical practice recommendations,Vaccinations for international travel – clinical practice recommendations
1213472741,"Das @Stempel-Preforming in der Binder-Umformtechnik bietet ein großes Potential zur Fertigung komplexer, schalenförmiger Preforms, was ein Schlüsselprozess in der Herstellung von endlosfaserverstärkten Bauteilen darstellt. Ein innovativer Ansatz zur Verbes","The @Stamping-Preforming in the Binder-Umformtechnik offers great potential for producing complex, shell-shaped preforms, which is a key process in the manufacturing of continuous fiber-reinforced components. An innovative approach to the process is being developed."
1213472946,Kooperatives Frontloading im Produktentstehungsprozess Eine systematische Vorgehensweise zur Verbesserung der interdisziplinären Zusammenarbeit zwischen Entwicklung und Produktionsplanung hinsichtlich der fertigungsgerechten Produktgestaltung,Collaborative Frontloading in the Product Development Process A Systematic Approach to Enhancing Interdisciplinary Cooperation Between Development and Production Planning for Manufacturing-Friendly Product Design
1213511224,"Andersorte als ""gesprengte Institutionen""? Befreiungstheologische Lesarten der Pädagogik bei psychosozialen Beeinträchtigungen","Anders than ""exploded institutions""? Liberation theological interpretations of pedagogy in the face of psychosocial challenges"
1213513227,"""Sind doch Corona-Ferien, oder nicht?"". Befunde einer Schüler*innenbefragung zum ""Fernunterricht"" ""It's a Corona holiday, isn't it?"". Results of a student survey on distance learning","""It's a Corona holiday, isn't it?"". Results of a student survey on distance learning"
1213513332,Lernen mit digitalen Medien. Zielsetzungen in Zeiten von Corona und unter besonderer Berücksichtigung von sozialen Ungleichheiten Learning with digital media. Objectives in times of Corona and under special consideration of social inequities,Learning with digital media. Objectives in times of Corona and under special consideration of social inequities
1213514835,Kollaboratives Problemlösen in PISA 2015. Deutschland im Fokus,Collaborative Problem Solving in PISA 2015. Germany in Focus
1213523303,Wann werden Konflikte manifest? Politische Opportunitätsstrukturen für Proteste gegen Goldbergbau in Burkina Faso,When do conflicts become manifest? Political opportunity structures for protests against gold mining in Burkina Faso
1213524180,Kirche auf Raumpatrouillie: Sozialraum und Gemeinwesendiakonie in der kirchlichen Diskussion,Church on patrol: Social space and community work in the ecclesiastical discussion
1213526752,"Finanzierung von Bildung im Lebenslauf: was Hänschen finanziert bekommt, kann Hans selbst zahlen?","Financing education in the curriculum: what Hansen finances for Hans, can Hans pay for himself?"
1213526817,Wie wird der Erwachsene? Erwachsenes Lernen im Modus der Differenzierung,How does an adult become? Adult learning in the mode of differentiation
1213527066,"Die @Würde der Differenz: ökumenische Bildung Erwachsener in ""flüchtigen"" Zeiten","The @Worth of Difference: Ecumenical Education for Adults in ""Fleeing"" Times"
1213547725,Wirtschaftspolitische Maßnahmen der EU in Zeiten der Coronapandemie,Economic policy measures of the EU in times of the coronavirus pandemic
121363458X,Endodontie: Neue Materialien und bewährte Techniken,Endodontics: New Materials and Established Techniques
1213659035,Untersuchung der natürlichen Schwanzlängenvariation beim Merinolandschaf als mögliche Zuchtalternative zur tierschutzrelevanten Praktik des Schwanzkupierens,Investigation of the natural variation in tail length in the Merinoland sheep as a potential alternative breeding method to the welfare-relevant practice of tail docking
1213728487,Platon-Handbuch Leben – Werk – Wirkung. Sonderausgabe,Plato Handbook. Life – Work – Impact. Special Edition
1213797136,Erik H. Erikson Grundpositionen seines Werkes,Erik H. Erikson's Fundamental Concepts
1213810698,Änderungen der Schmelzentemperatur und Wachstumsrate bei tiegelgezogenen Kristallen,Changes in the melting temperature and growth rate for Kristallen drawn with the tie method
1213811201,Interferometrische Messung der thermischen Zustandsgrößen von Edelgasstoßwellenplasmen,Interferometric measurement of the thermal condition parameters of noble gas shock wave plasmas
1213811309,Laser-induzierte schnelle thermische Desorption von Festkörper-Oberflächen,Laser-induced fast thermal desorption of solid surface
1213811546,Plasmaströmungen großer Amplitude und Ladungstrennung,Large amplitude plasma flows and charge separation
1213811635,"Quantitative Untersuchungen über den Speicherungsmechanismus von Rhodamin B, Eosin und Neutralrot in Hefezellen","Investigations on the Storage Mechanism of Rhodamin B, Eosin and Neutral Red in Yeast Cells"
1213811678,Resonator-verstärkte Absorptionsspektroskopie in einem Farbstofflaser,Resonator-enhanced absorption spectroscopy in a dye laser
1213811945,Über den Ablauf des θ-Pinchs bei höheren Ausgangsdichten,On the flow of the θ-pinch at higher output densities
121381197X,Nutzerakzeptanz von Aktiven Gefahrenbremsungen bei statischen Zielen Nutzerakzeptanz von Aktiven Gefahrenbremsungen beistatischen Zielen,User acceptance of active safety braking at static targets
121381233X,Zur Entstehung der überthermischen kosmischen Radiofrequenzstrahlung,The origin of the high-frequency cosmic radio radiation
121381457X,Der @Fußball und die Fans Fanarbeit in einem komplexen Netzwerk,Football and fans in a complex network
1213814790,Die @Rolle des Sauerstoffanteils in Titandioxid bei Tantal-Dotierung zur Verwendung als transparentes leitfähiges Oxid,The role of the oxygen content in titanium dioxide with tantalum doping for use as a transparent conductive oxide
1213852625,Kirchenrechtliche Quellen des Großherzogthums Hessen. Eine Quellensammlung zur Stellung von Staat und Kirche und zum kirchlichen Verfassungsrecht,Legal Sources of the Grand Duchy of Hesse. A Source Collection on the Position of State and Church and on Church Constitutional Law
1213860520,"Gesetz, betreffend die Anstellung und Versorgung der Kommunalbeamten Vom 30. Juli 1899. Mit Einleitung, ausführlichen Erläuterungen und Sachregister","Law concerning the appointment and provision of local civil servants, adopted on 30 July 1899. With introduction, detailed explanations and subject index"
121388490X,Zehn Jahre Fungizidresistenztests bei Botrytis im norddeutschen Erdbeeranbau,Ten years of fungicide resistance tests for Botrytis in strawberry cultivation in Northern Germany
1213907306,Reaktionstechnische Untersuchungen zur Hydrierung von CO2 zu Fischer-Tropsch-Produkten,Reaction studies for the hydrogenation of CO2 to Fischer-Tropsch products
1213972442,You shall not pass Die CoronaWarnApp als Einlassticket? (Teil 2),You shall not pass: CoronaWarnApp as entry ticket? (Part 2)
1213973295,"Frankfurter Kunstgeschichte im Nationalsozialismus: Nicht mehr das, was sie mal war?",Frankfurt Art History in Nazi Germany: Not the Same as It Once Was?
1213980216,Berufliche Zugänge zum Homeoffice Ein tätigkeitsbasierter Ansatz zur Erklärung von Chancenungleichheit beim Homeofficezugang,Occupational Access to Home Office: A Task-Based Approach to Explaining Inequality in Home Office Access
1214058019,Ordnung am Ribosom — der multifunktionale Komplex NAC,Order at the ribosome — the multifunctional complex NAC
1214058035,Zusammen in Dunkelheit — mikrobielle Interaktionen in der Erdkruste,Together in Darkness — Microbial Interactions in the Earth's Crust
1214058167,Ectoine — weitverbreitete Schutzsubstanzen mit biotechnologischem Nutzen,Ectoine — widespread protective substances with biotechnological benefits
1214060803,Nachruf auf Burkhard Hirsch,In Memoriam: Burkhard Hirsch
1214130275,Musikethnologie,Music Ethnology
1214179940,Sein letztes Bild : von der Unsichtbarkeit des Sterbens im NS-Heldenkult um Soldaten,His last picture : about the invisibility of death in the Nazi hero cult of soldiers
1214244262,Proudhons Brille: Solidarische Ökonomie auf dem Prüfstand ihrer theoretischen Reflexion,Proudhon's Spectacles: Solidarity Economy on the Test of its Theoretical Reflection
1214246028,Zuordnungsprozesse bei Fußballzuschauern - Zur Salienz teambezogener Kategorien,Association processes among football spectators - To the salience of team-based categories
1214301533,Strategisches Stadionmanagement in deutschen Fußballstadien Eine empirische Analyse unter Berücksichtigung des Stakeholder-Ansatzes,Strategic Stadium Management in German Football Stadiums: An Empirical Analysis Considering the Stakeholder Approach
1214301606,Prädiktive Routenenergieberechnung eines Elektrofahrzeugs,Predictive route energy calculation of an electric vehicle
1214306594,Elisabeth von Rochlitz – Die weibliche Seite der Reformation,Elisabeth von Rochlitz – The Female Side of the Reformation
1214367127,Studien zu hochschulpolitischen Fragestellungen,Studies on higher education policy issues
1214368735,Ethische Bestandteile der Fachausbildung medizinischer Teams und ihre Anwendbarkeit im klinischen Berufsalltag: Eine empirische Untersuchung zur berufspraktischen Relevanz grundständiger medizinethischer Ausbildungsinhalte für den Klinikalltag von Ärzten und Pflegepersonal,Ethical Components of Medical Team Training and Their Applicability in Clinical Practice: An Empirical Study on the Professional Relevance of Basic Medical Ethical Training Content for Doctors and Nursing Staff in Clinical Settings
1214370535,Genomweite Sequenzierung des Fledermaus-Malariaparasiten Polychromophilus murinus und bioinformatische Analyse von Parasit-Wirt-Interaktions-Proteinen,Whole genome sequencing of the bat malaria parasite Polychromophilus murinus and bioinformatic analysis of parasite-host interaction proteins
1214373704,Josef Wirmer Die Wiederherstellung der Herrschaft des Rechts,The Restoration of the Rule of Law
1214377017,ANSYS AIM Die Bandbreite von ANSYS für jeden Ingenieur,ANSSYS AIM The range of ANSYS for every engineer
1214422543,Integratives Entwicklungsprogramm für elektrifizierte Triebstränge,Integrated Development Program for Electrified Drive Lines
1214429459,"Entstehungszeitpunkt vertragsärztlicher Honoraransprüche InsO §§35 Abs. 2, 55 Abs. 1, 115, 116; SGB V §85 Abs. 4","Origin of contractual physician's fee claims: InsO §§35 Abs. 2, 55 Abs. 1, 115, 116; SGB V §85 Abs. 4"
1214592562,Dem @Göttlichen ganz nah : 'Muße' und Theoria in der spätantiken Philosophie und Theologie,God and the gods: Leisure and Theoria in late antique Philosophy and Theology
1214592953,Wie ein rotierender Typ-IV-Pilus Archaeen das Schwimmen beibrachte,How a rotating Type-IV Pilus Archaeon taught swimming
1214612105,Untersuchungen zum Antwortverhalten und zu Modellen der Skalierung bei der Messung psychologischer Konstrukte,Studies on the answering behavior and on models of scaling in the measurement of psychological constructs
1214640001,Auf den Spuren von Max Ernst – Orte der Erinnerung in Deutschland und Frankreich,In the Footsteps of Max Ernst – Places of Remembrance in Germany and France
1214640818,"""Do specific ability factors matter?"" - Validität spezifischer und allgemeiner Intelligenzfaktoren","""Do specific ability factors matter?"" - Validity of specific and general intelligence factors"
1214643558,Spininjektion und Spintransport in Germanium,Spin Injection and Spin Transport in Germanium
1214720056,"Imageb(u)ilder im Wandel: Zur Vergangenheit, Gegenwart und Zukunft des Musikvideos","Imageb(u)ilder in Transition: The Past, Present, and Future of Music Videos"
1214769039,Oktober - Dezember 1942,October - December 1942
1214811884,Warum hinter Rawls' Schleier des Nichtwissens kein verbindlicher Vertrag zustande kommt. Zur Alternativlosigkeit eines handlungstheoretisch fundierten Kontraktualismus,Why no binding contract forms behind Rawls' Veil of Ignorance. The inevitability of a handlungstheoretisch fundierte contracturism
1214812120,Einkauf 4.0 Digitale Transformation der Beschaffung,E-commerce 4.0 Digital Transformation of Procurement
121481381X,"IT-Governance, Risiko- und Compliance-Management (IT‑GRC) – Ein Kompetenz-orientierter Ansatz für KMU","IT-Governance, Risk and Compliance Management (IT-GRC) – A Competency-Based Approach for SMEs"
1214821707,Dynamische Flugroutenplanung für Adaptive Drohnenmissionen,Dynamic flight route planning for adaptive drone missions
1214886159,Bitte woher haben Sie meine Handynummer? Die Nutzung personenbezogener Daten aus Corona-Kontaktlisten zur Strafverfolgung,Please where do you have my mobile number? The use of personal data from COVID-19 contact lists for criminal prosecution
1214886841,Rechtliche Rahmenbedingungen des Forschungsdatenmanagements - Teil 1: Urheber- und Leistungsschutzrechte an Forschungsdaten; Teil 2: Entscheidungsbefugnis über den Umgang mit Forschungsdaten,Legal Framework for Research Data Management - Part 1: Copyright and Related Rights on Research Data; Part 2: Decision-Making Authority over the Handling of Research Data
1214958710,Republik Ghana: Verbesserung der öffentlichen Finanzen in Ghana Projektevaluierung: Kurzbericht,Republic of Ghana: Improvement of Public Finances in Ghana Project Evaluation: Short Report
1214970524,Teamwork agil gestalten – Das Mitmachbuch,Agile Teamwork–The Participation Handbook
1215036868,Über die thermische Dissoziation des Vakuums,About the thermic dissociation of the vacuum
1215036884,Quantitative Untersuchungen über die Farbstoffspeicherung von Acridinorange in lebenden und toten Hefezellen und ihre Beziehung zu den elektrischen Verhältnissen der Zelle,Quantitative studies on the accumulation of acridine orange in live and dead yeast cells and its relationship to the electrical properties of the cell
1215036981,Über die Viskosität und die Selbstdiffusion von Flüssigkeiten,On the viscosity and self-diffusion of liquids
1215037015,Bemerkungen hinsichtlich der Verallgemeinerung von Feldtheorien und der Allgemeinheit der Feldgrößen,Remarks on the generalization of field theories and the generality of field quantities
1215037090,35S-Inkorporation in das Wurzelspitzenmeristem von Vica faba,Incorporation into the root apex meristem of Vicia faba
1215037155,Zur elektromagnetischen Strahlung magnetfeldfreier Elektronenplasmawellen bei isotropem und anisotropem Gasdruck,On electromagnetic radiation from magnetically-free electron plasma waves in isotropic and anisotropic gas pressure
1215037171,Ionisationsmechanismus in der Relaxationszone schwach instationärer Stoßwellen in Argon und Krypton,Ionization mechanism in the relaxation zone of weakly stationary shock waves in argon and krypton
1215099010,Ärztenetzwerke zwischen Pfadabhängigkeit und Pfadbruch Die Entwicklung von Regulationspraktiken in der ambulanten Krankenversorgung,Physician networks between pathway dependence and pathway disruption The development of regulation practices in outpatient care
1215099371,"Das @dialogische Kunstwerk Gesprächsformate und Öffentlichkeit in der Kunst von der Art Workers Coalition bis Group Material und ,new genre public art‘",The dialogic artwork: Conversation formats and publicness in art from the Art Workers Coalition to Group Material and 'new genres public art'
1215099541,"Beschreibung des Festes Der Zauber der weißen Rose, gegeben in Potsdam am 13. Juli 1829 zum Geburtstage der Kaiserin von Rußland","Description of the Festival The Magic of the White Rose, held in Potsdam on July 13, 1829, for the birthday of the Empress of Russia"
1215099576,Das @Arbeitsblatt im Kontext des endeckenden und forschenden Lernens im Sachunterricht,The workbook in the context of discovery and inquiry-based learning in social studies
1215111258,Die @toxische Macht der Narzissten und wie wir uns dagegen wehren,The Toxic Power of Narcissists and How We Can Defend Ourselves Against Them
1215150229,Quantenbasierte komplexe Informationsverarbeitung,Quantum-based complex information processing
1215159366,Bedrohungsempfinden als Quelle gruppenbezogener Vorurteile durch Religionen in einer heterogenen Stadtgesellschaft. Analysen des Berlinmonitors,Perceptions of threat as a source of group-based prejudices due to religions in a heterogeneous city society. Analyses of the Berlin Monitor.
1215159463,„Die trägt ja als Deutsche ein Kopftuch“ – Der Einfluss autoritärer Einstellungen auf die Wahrnehmung der Verletzung kultureller Normen,"""You wear a headscarf as a German"" – The influence of authoritarian attitudes on the perception of violations of cultural norms"
121515982X,"Zufriedenheit in der Partnerschaft und Untreue: Ein Zusammenhang, zwei Richtungen","Satisfaction in Partnership and Infidelity: A Connection, Two Directions"
1215167741,Ihr elenden Mörder Kuriose Geschichten von der Tour de France,Your despicable murderers Strange stories from the Tour de France
121516811X,"Wer die Wahl hat, liebt die Qual Glücksmomente eines Abenteuerläufers",Who chooses has the joy of the struggle; Happy moments of an adventurer
1215169329,Ludvigsens Rückspiegel Begegnungen mit Größen aus der Welt des Automobils,Ludvigsens Rear View Mirrors: Encounters with Greats from the World of Automobiles
1215293178,Identifizierung und Charakterisierung der vom Phosphoproteingen des Newcastle Disease Virus kodierten akzessorischen Proteine W und V,Identification and characterization of the accessory proteins W and V encoded by the Newcastle Disease Virus phosphoproteome
1215295154,Verkaufen an Top-Entscheider Wie Sie mit Vision Selling Gewinn bringende Geschäfte in der Chefetage abschließen,Selling to Top Decision Makers: How to Close Profitable Deals at the C-Level
1215295243,"„Exklusion noch und nöcher, obwohl es sich doch um Inklusion handeln soll.“ Analyse von Praxismaterialien als Qualifizierungsmaßnahme in der Lehrer*innenbildung","""Exclusion and further exclusion, although it should be about inclusion."" Analysis of practice materials as a qualification measure in teacher education"
1215295529,„Teachers’ Beliefs“: Inklusionsbezogene Überzeugungen von angehenden Lehrkräften hinsichtlich eines gemeinsamen Unterrichts,"""Teachers' Beliefs"": Inclusion-oriented convictions of future teachers regarding joint teaching"
1215321651,"Schulen in ""schwieriger"" Lage?! Begriffe, Forschungsbefunde und Perspektiven Schools in a ""challenging"" situation?! Concepts, results of research, and perspectives","Schools in a ""challenging"" situation?! Concepts, research findings, and perspectives"
1215321791,Schule zwischen Harmonie und Aufstand. SchülerInnenmitbestimmung an den Zürcher LehrerInnenseminaren um 1918,School between harmony and rebellion: Student representation at the Zurich teachers' seminars around 1918
1215321880,"Jugendbewegung und ""Indien"". Zur Herausbildung eines jugendkulturellen Topos' um 1918","Youth movement and ""India"". The formation of a youth cultural topos around 1918"
1215322194,Global Medial. Kompetenzerwerb von Studierenden in einer interkulturellen online bereitgestellten Lernumgebung,Global Media. Acquisition of competencies by students in an intercultural online learning environment
1215336896,Einleitung Denken mit Haraway und Canguilhem,Introduction: Thinking with Haraway and Canguilhem
1215336985,Kippbilder des Vitalen Lebenswissen bei Canguilhem und Haraway,Pictures of Vital Knowledge in Canguilhem and Haraway
121533706X,"Liebe, Situation, Sprache","Love, Situation, Language"
1215337221,"Was haben wir außer dem Spiel, um aus dem Trauma aufzutauchen?",What do we have besides the game to emerge from the trauma?
1215339909,Wechselseitige Disziplinierung Zum systemtheoretischen Verständnis von Kommunikation unter Beteiligung psychischer und algorithmischer Systeme,Mutual Disciplining: Towards a system-theoretical understanding of communication involving psychological and algorithmic systems
1215358407,Cricket: Fast Bowler profitieren von plyometrischem und Krafttraining,Fast Bowler benefit from plyometric and strength training.
1215365292,Die @Replikationskrise in der Psychologie Replication crisis in psychology,The replication crisis in psychology
1215500084,Datenschutzrechtliche Fragen bei der Einführung der Bibliothekssoftware Alma,Data protection issues when introducing the Alma library software
1215500300,"Blendende Phantasmen Beobachtungen zu den Lesern Don Quijote, Werther und Neo und ihrem Verhältnis zu Frauengestalten","Mysterious Phantoms: Observations on Readers of Don Quixote, Werther, and Neo and Their Relationships with Female Characters"
1215576684,"Psychische Krise durch Covid-19? Sorgen sinken, Einsamkeit steigt, Lebenszufriedenheit bleibt stabil","Mental crisis due to Covid-19? Concerns decline, loneliness increases, life satisfaction remains stable"
1215686730,Von Shit- und Candystorms Interview mit dem Soziologen Christian Stegbauer,Christian Stegbauer in Shit- and Candystorms Interview
1215732880,Kritisches Denken als Lernziel: ein Blick aus der hochschuldidaktischen Praxis die hochschullehre 50/2019,Critical Thinking as a Learning Goal: A Look from Higher Education Pedagogy 50/2019
1215733992,JoSch - Journal der Schreibberatung 02/2019 Ausgabe 18: Autoethnografie. Subjektives Schreiben in Wissenschaft und Schreibdidaktik,Journal of Writing Consultation 02/2019 Issue 18: Autoethnography. Subjective Writing in Science and Writing Didactics
1215736940,Medialisierte Kunsterfahrung Die Phänomenalität von Bewegtbildinstallationen in Fernsehen und Internet,The Phenomenality of Moving Image Installations in Television and the Internet
121575938X,Die @Partizipation des niedersächsischen Forschungsstandorts am 7. Forschungsrahmenprogramm (FRP) der EU Abschlussbericht,Participation of the Lower Saxony research location in the 7th Framework Programme (FP7) of the EU Final Report
1215760175,Leibniz Universität Hannover - Erfahrungsbericht Forschungsinformationssystem,Leibniz University Hannover - Report on the Research Information System
1215764286,Vorlesungen über die Psychologie,Lectures on Psychology
1215840462,Musik-(An-)Ästhetik Begriffsfindung und Einstieg zu ihrer Kategorisierung sowie zu ihrer theoretisch-analytischen Verortung und künstlerischen Auslotung,Music-(A)n-aesthetics Conceptualization and categorization as well as its theoretical-analytical positioning and artistic exploration
1215848528,Laboruntersuchungen in der Pferdepraxis – welche Parameter sind interessant?,Labor investigations in equine practice - which parameters are interesting?
1215905122,"Sehr gut, Gut, Akzeptabel","Excellent, Good, Acceptable"
1215905424,Erwerbsobliegenheit im Betreuungsunterhalt,Obligation to earn in child custody
1215906102,Exzitonlokalisierung durch Symmetriebrechung in organischen Halbleitern,Exciton localization by symmetry breaking in organic semiconductors
1215906846,Ein @allgemeines Konzept für adaptive Finite Elemente Methoden bei modiﬁzierten diskreten Formulierungen,A general concept for adaptive finite element methods in modified discrete formulations
1215908245,Flexible Werkstattsteuerung mit objektorientierten Softwarestrukturen,Flexible workshop control with object-oriented software structures
1216001294,DER TIEFE SYMPTOMPUNKT NACH DEM MODELL DER SECHS SCHICHTEN – EINE VERBINDUNG TRADITIONELLER ASPEKTE MIT DEM NEUEN ENERGIEMERIDIAN NACH F. BAHR,THE DEEP SYMPTOMPOINT AFTER THE MODEL OF SIX LAYERS – A CONNECTION OF TRADITIONAL ASPECTS WITH THE NEW ENERGY MERIDIAN AFTER F. BAHR
1216038546,Dokumentation zur 9. Auflage des Freiburger Persönlichkeitsinventars 2020,Documentation for the 9th Edition of the Freiburg Personality Inventory 2020
1216040613,Beitrag zur energetischen und stofflichen Verwertung von Biomasse in der Eisenmetallurgie Biokoks und Reduktionsgas,"Contribution to the energetic and material utilization of biomass in the iron metallurgy, biochar and reduction gas."
1216087121,27-JÄHRIGER WALLACH MIT EQUINEM CHUSHING SYNDROME (ECS),27-year-old wallach with equine cushing's syndrome (ECS)
1216103801,Avantgarden vom Kopf auf die Füße gestellt,Avantgarden standing on its head
1216104867,Grundlagen der Imprägnierung von Dry Fiber Placement Preforms,Fundamentals of the Impregnation of Dry Fiber Placement Preforms
1216143064,JLU 2030 Entwicklungsplan der Justus-Liebig-Universität Giessen,Development Plan 2030 of the Justus Liebig University Giessen
1216144435,Homegrown - Lokale Institutionen als Wegbereiter für Jamaikas ReggaeRevival Bewegung,Homegrown - Local Institutions as Pioneers in Jamaica's Reggae Revival Movement
1216144672,Der @Schnitzelbank-Song und seine Rezeption in den USA,The @Schnitzelbank-Song and its reception in the USA
1216201544,"Charakterisierung landwirtschaftlicher Abwässer im Hinblick auf mikrobiologische Risikofaktoren zur Beurteilung des Einflusses von Biogasanlagen, insbesondere ihrer Barrierefunktion, auf Förderung und Verbreitung von Resistenzgenen sowie resistenter und pathogener Bakterien","Characterization of agricultural wastewater in relation to microbiological risk factors for assessing the impact of biogas plants, particularly their barrier function, on the promotion and spread of resistance genes and resistant and pathogenic bacteria"
1216245517,Kants Thesen über das Nichts. Überlegungen zur Tafel des Nichts in der Kritik der reinen Vernunft,Kant's Theses on Nothing. Reflections on the Table of Notions in the Critique of Pure Reason
1216247331,Dabeigewesen Ein Versuch über den Stolz,Been There A Test on Pride
1216249016,Rechtsseitige inguinale Herniation beim männlichen Kaninchen – ein Bericht aus der Praxis,Right-sided inguinal hernia in a male rabbit – a report from practice
1216250316,Leben am Ende? Am Ende Leben! Seelsorge auf der Palliativstation,Life at the End? Life at the End! Pastoral Care on the Palliative Ward
1216256942,Chemotherapie beim kaninen Hämangiosarkom der Milz,Chemotherapy in dogs with hemangiosarcoma of the liver
1216257744,Urolithiais bei einer Heimtier-Ratte (Rattus norvegicus),Urolithiasis in a pet rat (Rattus norvegicus)
121625785X,Insulin- und Glukosekonzentration im Blutserum hochträchtiger Schafe in Abhängigkeit von Anzahl und Geschlecht der Feten,Serum insulin and glucose concentration in pregnant ewes as a function of the number and sex of fetuses
1216332959,Untersuchungen und semiquantitative Symmetrie-Analysen zur Extrazellulärmatrix von Kalbs-Stimmlippen,Studies and semiquantitative symmetry analyses of the extracellular matrix from bovine vocal folds
1216333238,Stellenwert und Bedeutung des Sportspiels Handball im Sportunterricht,The importance and significance of the sport game handball in physical education
1216375976,Digitale Innovationen entwickeln Die besten Ansätze und Methoden,Digital innovations Develop the best approaches and methods
1216397082,Musik an Stationen Inklusion 1-2 Materialien zur Einbindung und Förderung lernschwacher Schüler (1. und 2. Klasse),Music materials for stations of inclusion 1-2: Materials for the integration and promotion of learning disabled students (1st and 2nd grade)
1216418470,ESCRTs in Pflanzen die Begleitung der Membranproteine zum Abbau,Screening in plants that escorts membrane proteins to degradation
1216502609,Evaluation der Stressbelastung bei Mastschweinen in Abhängigkeit vom Verhaltenstyp,Evaluation of stress in fattening pigs as a function of behavior type
1216564248,"Gestaltung einer wissenschaftlichen Arbeit: Aufbau, Layout, Zitieren","Design of a scientific work: structure, layout, citation"
1216635307,Für Sie gelesen: Einsatzmöglichkeiten für Maropitant bei der Katze,Elienable opportunities for Maropitant in cats
1216635315,Visuelle Musik in der Erlebnisgesellschaft,Visual Music in the Experience Society
1216638071,"Kommunikation auf Distanz: Online-Meetings, Video-Chats und Telefonkonferenzen","Communication at a distance: Online meetings, video chats, and telephone conferences."
1216638306,Virtuelle Welten als Herausforderung für die Religionspädagogik,Virtual worlds as a challenge for religious education
1216639477,„Echte“ Lahmheit oder Blockade? Ein Fallbericht,Real limpness or blockage? A case report
1216639515,Forum,Online Discussion Forum
1216640556,Nahrungsergänzungsmittel auf Brokkolibasis – wie sieht die Qualitätssituation aus?,Supplements based on broccoli - what is the quality situation like?
1216641749,Diabetologie im Alter,Diabetes in the elderly
1216642575,Heilsame Veränderungen durch Achtsamkeit,Healing Changes through Mindfulness
1216647860,Zur Wellenausbreitung in geschichteten Faserverbundstrukturen unter Verwendung nichtlinearer Stoffgesetze,Wave propagation in layered composite structures using nonlinear material laws
1216691339,Soziale Herkunftseffekte in der Wahl der Hochschulform,Social background effects in the choice of university form
1216696306,Visualisierung von Mutationen auf Einzelzellebene,Visualization of mutations at the single-cell level
1216703019,Abstammung Dogmatik einer normativen Kategorie,Descent of Dogmatism of a Normative Category
1216703655,"Untersuchungen zur Chemotherapieresistenz von H8N8-Tumorzellen nach Cyclophosphamid-, Doxorubicin- und 5-Fluouraciltherapie im syngenen WAP-T-Mammakarzinom-Mausmodell","Investigations into the chemoresistance of H8N8 tumor cells after cyclophosphamide, doxorubicin, and 5-fluorouracil therapy in the syngeneic WAP-T-Mammakarzinom mouse model"
1216706794,"Governance von Arbeit im deutschen Erwerbssystem: Alte, neue oder keine Normalitäten?","Governance of Work in the German Employment System: Old, New, or No Norms?"
1216706948,"Bürokratie, Subjekt, Ko-Evolution: eine (Neu-)Vermessung ihres Verhältnisses","Bureaucracy, Subject, Co-Evolution: a (New-)Reevaluation of Their Relationship"
1216706964,Zur Zersplitterung des sozialen Konflikts in Westeuropa: eine Typologie nicht-normierter Kämpfe um Arbeit,The Fragmentation of Social Conflict in Western Europe: A Typology of Non-Normative Struggles for Work
121670855X,Zur Entwicklung und Irritation von Hörgewohnheiten,For the development and irritation of hearing habits
1216708886,Der @Kult um den Körper: idealtypische Körperpraktiken der Selbstoptimierung,The Cult of the Body: Ideal Typical Body Practices of Self-Optimization
1216709017,Freiraum und Anerkennung: Österreich - die Rolle der Ehrenamtlichen in katholischen Bildungswerken,Room and Recognition: Austria - The Role of Volunteers in Catholic Educational Institutions
1216709912,Weder Wunscherfüllung noch Widerfahrnis: ein evangelischer Blick auf Gesundheit und Wohlbefinden,Neither Fulfilment of Wishes nor Adversity: An Evangelical Perspective on Health and Well-being
1216710295,Well-Being-Angebote in der Evangelischen Erwachsenenbildung?,Well-being programs in Protestant adult education?
1216712816,Das @Big Five Inventar 2: Validierung eines Persönlichkeitsinventars zur Erfassung von 5 Persönlichkeitsdomänen und 15 Facetten,The @Big Five Inventory 2: Validation of a Personality Inventory for Assessing 5 Personality Domains and 15 Facets
1216713103,Ethische Probleme der regionalen Integration Afrikas,Ethical issues of regional integration in Africa
1216815267,"„Mich beunruhigt, dass wir den Glauben an Wahrheit und Rationalität weitgehend aufgelöst haben“ Ein Gespräch mit Vittorio Hösle","""I am concerned that we have largely dissolved the belief in truth and rationality."" A conversation with Vittorio Hösl"
1216825505,"Vertrauen – die tragende Kraft Leidfaden 2020, Heft 2","Trust – the supporting force Leidfaden 2020, Issue 2"
1216864829,"Methodologische Entwicklungen in der Gewaltforschung Videodatenanalyse, Mixed Methods und Big Data","Methodological developments in the field of violence research include video data analysis, mixed methods, and big data."
121688188X,Das @Lehr-Zyklotron COLUMBUS Mit einem Teilchenbeschleuniger Physik und Technik erleben,The @Lehr-Zyklotron COLUMBUS: Experience physics and technology with a particle accelerator
1216995311,"Axiales Patterning und seine Steuerung in der Embryogenese eines basalen Metazoen, Hydractinia echinata","Axial Patterning and Its Control in the Embryogenesis of a Basal Metazoan, Hydractinia echinata"
1217009094,Die @Zuckerindustrie der linksrheinischen Bördenlandschaft,The sugar industry of the left bank of the Rhine region
1217059733,Inklusion als Herausforderung für die beruflichen Schulen,Inclusion as a challenge for vocational schools
1217065180,"Modellierung stark exothermer, heterogen-katalysierter Gasphasenreaktionen am Beispiel der Partialoxidation von Propen zu Acrolein","Modeling strongly exothermic, heterogene-catalyzed gas phase reactions at the example of the partial oxidation of propene to acrolein"
1217074260,Ein @großer Krieg macht dicke Bücher Neue Literatur zum Dreißigjährigen Krieg,A major war makes thick books New literature on the Thirty Years' War
1217179852,Sichere Software für automatisiertes Fahren,Secure software for automated driving
1217194991,Zugänge zur Documenta 11: Vermittlungsansätze und Bildungschancen,Access to Documenta 11: Mediating Approaches and Educational Opportunities
1217197850,"Ribociclib (Mammakarzinom, Kombination mit Fulvestrant) Addendum zum Auftrag A20-22","Ribociclib (Breast Cancer, Combination with Fulvestrant) Addendum to Order A20-22"
1217249338,Die @RhoGTPasen Cdc42 und Rac1 modulieren die Differenzierung von mesenchymalen Stromazellen im Knochenmark,The Rho GTPases Cdc42 and Rac1 regulate the differentiation of mesenchymal stem cells in the bone marrow
1217251049,Additive Fertigung kontinuierlich faserverstärkter Thermoplaste mittels 3D-Extrusion,Continuous additive manufacturing of fiber-reinforced thermoplastics using 3D extrusion
121732822X,"Salvatore Sciarrinos ""La porta della legge"": fast ein kreisender Monolog nach Franz Kafka. Eine Untersuchung zum Musiktheaterwerk und zur Rezeption","Salvatore Sciarrinos ""The Door of the Law"": a rotating monologue after Franz Kafka. A study of the music theater work and its reception"
1217346252,"Entwicklung eines Konzeptes zur schadstofffreien Hygienisierung in geschlossenen Aquakulturkreislaufanlagen unter besonderer Berücksichtigung der Fischgesundheit, AZ 30973/01","Development of a concept for the contamination-free hygiene in closed aquaculture circulation systems, with particular consideration for fish health, AZ 30973/01"
121740452X,Spektakel und Gewalt in der „Wunderbaren Stadt“ Raumproduktionen in der ältesten Favela Rio de Janeiros im Kontext von Megaevents und Hafenrevitalisierung,"Spectacle and violence in the ""Wonderful City"": Spatial productions in the oldest favela of Rio de Janeiro in the context of mega-events and harbor revitalization"
1217407456,In vivo und in vitro Interaktionen haloarchaealer Gasvesikelproteine,In vivo and in vitro interactions of haloarchaeal gas vesicle proteins
1217507116,Die @Neudeutsche Schule – Phänomen und Geschichte Quellen und Kommentare zu einer zentralen musikästhetischen Kontroverse des 19. Jahrhunderts,The Neo-German School – Phenomenon and History. Sources and Comments on a Central Music Aesthetic Controversy of the 19th Century
1217587888,Deutschland 2020: unheilbar gespalten? Anmerkungen zur Ost-West-Differenz im 30. Jahr der Wiedervereinigung,Germany 2020: Unhealable Divided? Comments on the East-West Difference in the 30th Year of Reunification
1217595589,"Abriss eines normativen Begriffes der ""Natur des Menschen""","A brief overview of the normative concept of ""human nature"""
1217598995,"Eine @mannshohe Leier im altbabylonischen Ištar-Ritual aus Mari (FM 3, no. 2)","A @mannshohe Leier in the old Babylonian Ištar ritual from Mari (FM 3, no. 2)"
1217678867,Michael Tomasello: Mensch werden. Eine Theorie der Ontogenese,Michael Tomasello: Becoming Human. A Theory of Ontogenesis
1217775587,Lass mal andere arbeiten! Wie du Aufgaben gekonnt abgibst,Let others do it! How you skillfully hand in tasks
1217778403,Paul Ehrlichs „magic bullets“ und die Präzisionsonkologie,"Paul Ehrlich's ""magic bullets"" and precision oncology"
1217840869,Molekularbiologische und biochemische Analysen zur Charakterisierung der Funktion von CC2D1-Proteinen,Molecular and biochemical analyses for characterizing the function of CC2D1 proteins
1217844848,Studien zur Struktur des Bewusstseins Teilband II Gefühl und Wert Texte aus dem Nachlass (1896-1925),Studies on the Structure of Consciousness Volume II Feeling and Value Texts from the Nachlass (1896-1925)
1217845518,Bedeutung und funktionelle Interaktionen des Transkriptionsfaktor Tcf4 bei der Oligodendrozyten-Differenzierung,Meaning and functional interactions of the transcription factor Tcf4 in oligodendrocyte differentiation
1217873422,Entwurf und Bewertung einer lärmarmen Kurzstreckenkonfiguration im Vorentwurf - Erkenntnisse aus dem DLR-Projekt KonTeKst,Draft and evaluation of a quiet short-range configuration in the preliminary design - Insights from the DLR project KonTeKst
1217899790,Power Posing Übungen in pferdegestützten Coachings,Power Posing Exercises in Equine Assisted Coaching
1217938230,Glosse: Steueroasen Paradies auf Erden,Paradise on Earth
1217938389,Aktuelle Probleme bei der Menschenrechtsverwirklichung in Russland,Current issues regarding the realization of human rights in Russia
1217938427,Institutional Choice Kapitalgesellschaft oder Genossenschaft?,"What type of institution should you choose, a capital company or a cooperative?"
1217938516,Der @bezahlte Putsch Golfspiele am Nil als Herausforderung für den Westen,The paid coup golf games on the Nile as a challenge for the West
1217938575,Architektur und musikalisch-liturgische Praxis Orgelsynagogen zwischen Klassizismus und Früher Moderne,Architecture and Musical-Liturgical Practice of Synagogues between Classicism and Early Modernism
1217938605,"Ein @erster Blick auf ein geschmackvolles altes Kastanienstück Transkription einer vergessenen Komposition von Kantor Salomon (1781–1829), genannt Kaschtan (d. h. „Kastanie“)","First impressions of an elegant old chestnut transcription of a forgotten composition by Kantor Salomon (1781–1829), known as Kaschtan (that is, ""chestnut"")"
1217957367,Kosmopolitische Kommunikationswissenschaft: Plädoyer für eine „tiefe Internationalisierung“ des Fachs in Deutschland Ein wissenschaftspolitisches Positionspapier,"Cosmopolitan Communication Science: Case for a ""Deep Internationalization"" of the Field in Germany A Policy Paper"
1218005025,Die @Messung der Fähigkeit zur Unterrichtsplanung im Fach Physik mit Hilfe eines standardisierten Performanztests,The measurement of the ability to plan lessons in the subject of physics using a standardized performance test.
1218037504,Visuelle Geschlechterinszenierungen von Musikerinnen,Visual gender representations from musicians
1218037539,Geschlecht in den Debatten der Heimkampagne von 1969,Sex in the campaign debates of 1969
1218037598,Kritische Theorie heute,Critical Theory Today
1218038608,Ineffizienz statt Mangel an Engagement: eine Kritik der Institutionalisierung kontextbezogener Aufgaben,Inefficiency instead of lack of engagement: a critique of the institutionalization of context-specific tasks
1218039760,Benefits-of-Lifelong-Learning-Studie zum Nutzen von Erwachsenenbildung/Weiterbildung abgeschlossen,Study on the benefits of lifelong learning for adults completed
1218075600,Beitrag zur Auslegung hochbeanspruchter Bauteile aus Faser-Thermoplast-Verbunden,Contribution to the interpretation of highly stressed components made of fiber-thermoplastic composites
1218076224,Emotionale Prosodie und Alexithymie Produktion und Rezeption von emotionaler Prosodie bei hoch- und niedrig-alexithymen Sprechern,Emotional prosody and alexithymia: Production and perception of emotional prosody in high- and low-alexithymic speakers
121809883X,Abweichung und Kriminalität,Deviation and Criminality
121823377X,Tontechnik für Veranstaltungstechniker in Ausbildung und Praxis,Sound technology for event technicians in training and practice
1218354887,Methodische Implikationen verschiedener theoretischer Resilienzmodelle,Methodological implications of various theoretical resilience models
1218366230,Ökonomen auf einen Blick Ein Personenhandbuch zur Geschichte der Wirtschaftswissenschaft,Economists At a Glance A Handbook of the History of the Economic Sciences
1218395737,„Ich könnte nie wieder zu einem ‚normalen‘ Stundenplan zurück!“ zur Reorganisation der Lehre in einem Bachelor-Studiengang IT Security,"""I could never go back to a ‚normal‘ schedule!"" for the reorganization of teaching in a Bachelor's degree program in IT Security"
1218396474,Die @„Symphonie der Gewalten“ Wechselwirkung von Macht und Autorität,The @“Symphony of Forces” Interaction of Power and Authority
1218396512,Haben die Kirchen und Religionsgemeinschaften eine „politische Mission“ oder nur einen Öffentlichkeitsauftrag?,"Do churches and religious communities have a ""political mission"" or only a public relations task?"
121839711X,Die @Rolle des Reichsbundes jüdischer Frontsoldaten während des Scheunenviertelpogroms 1923,The role of the Reichsbund of Jewish front soldiers during the Scheunenviertel pogrom of 1923
1218398914,Die @Arbeit bei irreversibler Druck-Volumen-Änderung Varianten der Berechnung,The work in the case of irreversible pressure-volume change variants of the calculation
1218399384,Hygienisierung von Rindergülle und Klärschlämmen mittels milchsaurer Fermentation,Hygienization of manure and sludge using acid fermentation
1218400285,Die @Logik des selbstlosen Gebens im Spiegel des normativen und rationalen Paradigmas ein Vergleich zwischen Émile Durkheim und James Coleman,The logic of selfless giving in the mirror of the normative and rational paradigm: a comparison between Émile Durkheim and James Coleman
1218400854,"Molekulare Charakterisierung von CP75, einem neuen centrosomalen Protein in Dictyostelium discoideum","Molecular Characterization of CP75, a Novel Centrosomal Protein in Dictyostelium discoideum"
1218401648,"Neue Polyacrylnitril-basierte, schmelzspinnbare Präkursoren für Carbonfasern","New polyacrylonitrile-based, melt-spinnable precursors for carbon fibers"
1218402865,Empirische Untersuchung des geschlechtstypischen Interesses am Fach Physik,Empirical investigation of gender-specific interest in the subject of physics
1218404191,Soziale Integration und politische Partizipation in Demokratien Weshalb sind einige Gesellschaften politisch aktiver als andere,Social integration and political participation in democracies Why are some societies more politically active than others
1218463899,Die @Rezeption des Werks von Karl Rahner,The reception of the work of Karl Rahner
1218465417,Modulhandbuch Wirtschaftsinformatik Studienordnungsversion: 2015,Module Handbook Business Informatics Study Order Version: 2015
1218466359,Validierung eines makroskopischen und eines kamerabasierten Bewertungssystems der Foot-pad Dermatitis bei Masthühnern durch histopathologische Untersuchungen,Validation of a macroscopic and a camera-based evaluation system for Foot-pad Dermatitis in broiler chickens using histopathological examinations
1218466707,Polysomnographische Untersuchungen zum Schlafverhalten von Fohlen,Polysomnographic studies on the sleep behavior of foals
1218485590,Ethische Deliberation für agile Softwareprozesse EDAP-Schema,Ethical deliberation for agile software processes EDAP schema.
1218530030,Zu den Plänen einer „Superliga“ im europäischen Fußball ein Kommentar aus sportökonomischer Sicht,"A commentary on the plans for a ""Super League"" in European football from a sports economics perspective"
1218530383,Kulturmarketing von NPOs in der Migrationsgesellschaft am Beispiel der Stadt Braunschweig,Cultural marketing by non-profit organizations (NPOs) in a migration society: the case of the city of Braunschweig
1218685913,Marginalisierte Leiblichkeiten und Atmosphären in Jugendstrafanstalten - Resozialisierung im Medium von Körper und Leib am Beispiel von Capoeira,Marginalized Bodies and Atmospheres in Youth Correction Facilities - Resocialization through the Medium of Body and Sensibility at the Example of Capoeira
1218702419,Gänseblümchen,Dandelion
1218756942,"„Den guten Willen jagen“ oder den „guten“ Will Hunting ermutigen, sich zu zeigen Rollenvorbilder für beraterische Interventionen","""Chasing the good intention"" or the ""good"" Will Hunting to encourage him to show up as role models for consultative interventions"
1218762454,Wundts genetische Religionspsychologie als kulturelles Zeitzeugnis,Wundt's genetic psychology of religion as a cultural artifact
1218765909,Erziehungswissenschaft und Bildungswissenschaften im Lehramtsstudium aus der Sicht der empirischen Lehrerbildungsforschung,Educational Science and Education Science in Teacher Training from the Perspective of Empirical Teacher Education Research
1218767227,Knochenarbeit der Evidenz. Interview mit Günter Hefler und Michael Sturm Evidence is backbreaking work. An interview with Günter Hefler and Michael Sturm,Evidence is backbreaking work. An interview with Günter Hefler and Michael Sturm
121876970X,Zur Materialität von Prozessen des Musik-Erfindens: Interaktionsanalytische Zugänge zur Wandelbarkeit der Dinge The materiality of composition processes. Interaction-analytical approaches towards the changeability of things,The materiality of composition processes: Interaction-analytical approaches towards the changeability of things
1218769904,Massebalancierende Oszillationen in der Bogenführung von professionellen Violinist*innen. Ein biochemisches Merkmal mit hohem Potential zur Reduktion des Risikos spielbedingter Erkrankungen Mass balancing oscillations in the bowing of professional violinists. A biomechanical feature with high potential for reducing the risk of playing-related musculoskeletal disorders,Mass balancing oscillations in the bowing of professional violinists. A biomechanical feature with high potential for reducing the risk of playing-related musculoskeletal disorders
121876998X,Alternativen konstruieren und erproben. Überarbeitungsmuster und Problemstellen des differenzierenden Hörens bei der Umsetzung in eine grafische Notation Constructing and testing alternative solutions. Characteristic patterns and challenges in listening and visualizing,Constructing and testing alternative solutions. Characteristics and challenges in listening and visualizing in graphic notation.
1218770023,Zu didaktischen Funktionen musikpädagogischer Aufgabenstellungen Didactic functions of music-pedagogical tasks,Didactic functions of music-pedagogical tasks
121877200X,Erfolg M/m/acht Gesundheit,Success M/m/acht Health.
1218782234,Videographie in der Lehr-/Lernforschung – Mehr Erkenntnisse mit den richtigen Methoden und Techniken,Video in educational research – More insights with the right methods and techniques
1218783435,ProKlaR – Problemorientierter Unterricht in der Primarstufe,Problem-Based Learning in Primary School
1218783931,Die @Reflexionsprüfung im Nachbereitungsseminar der Praxisphase,The Reflective Review in the Follow-up Seminar of the Practice Phase
1218792108,LARS Ein differenziertes Sprach- und Leseförderprogramm bei GrundschülerInnen mit Deutsch als Erst- und Zweit-Sprache : Evaluierung der Pilotstudie,A differentiated language and reading promotion program for elementary school students with German as their first and second language : Evaluation of the pilot study
1218861088,Opposition in autoritären Regimen eine Forschungsskizze,Research on opposition in authoritarian regimes
1218861398,Brandenburger Antike-Denkwerk Kulturelle Identität – Macht und Ohnmacht der Worte – Gesellschaft und Rhetorik,Brandenburg Antiquity-Symposium: Cultural Identity – Power and Powerlessness of Words – Society and Rhetoric
1218863307,Männlichkeits- und Weiblichkeitskonstruktionen deutschsprachiger Rapper/-innen Eine Untersuchung des Gangsta-Raps,Gender and sexuality constructions in German-speaking rap artists. An investigation of Gangsta-Rap
1218864095,Affekte im Konflikt Vygotskijs Theorie ästhetischer Emotion,Emotions in Conflict: Vygotsky's Theory of Aesthetic Emotion
1218866209,www.BrAnD2. Wille. Zweites Brandenburger Antike-Denkwerk,Second Brandenburg Antique Thinking Conference
121886642X,Wie soll Europas Zukunft aussehen? Ein Debattenbeitrag,What should Europe's future look like? A debate contribution
1218867035,"«... wo sich das Leben ruhig verrät» – Die Gestalt des Lebens bei Scheler, Rilke und Rodin","""The life of the soul"" – The Shape of Life in Scheler, Rilke, and Rodin"
1218867086,«Dilettanten des Lebens» Deutsch-Französische Brechungen der Anthropogenese in der Philosophie des 20. Jahrhunderts,Amateurs of Life: Franco-German Fractures in the Anthropogenesis of the 20th Century
1218867094,"Das @Fluchttier, das zum Stein griff und Mensch wurde Körperausschaltung und geistige Freiheit in der Anthropologie Paul Alsbergs","The Stone-grasper, who became human and gained bodily disconnection and mental freedom in Paul Alsberg's anthropology"
1218867159,Leiblichkeit und Lebendigkeit in der Phänomenologie Merleau-Pontys,The corporeality and vitality in Merleau-Ponty's phenomenology
1218867183,Zwischen Initiative und Passivität Zur philosophischen Anthropologie in Paul Ricoeurs Spätwerk,Between Initiative and Passivity: Towards a Philosophical Anthropology in Paul Ricoeur's Late Work
1218867442,Der @Briefbericht des Frater Simon über den Fall von Konstantinopel 1453,The letter report of Frater Simon on the fall of Constantinople 1453
1218867698,Praktika aufwerten – aber wie?,Enhancing internships – but how?
1218867779,Die @Entwicklung des Hochschulwesens am Beispiel Polens,The development of the university sector in Poland
1218869143,Lerngruppensprache im Musikunterricht,Language of the learning group in music class
1218869194,Warum Soziale Arbeit inklusive Musikpädagogik braucht,Why Social Work needs inclusive music pedagogy
1218869232,Sprach- und Schriftsprachförderung mit Musik in inklusiven Settings in der Primarstufe,Language and literacy promotion with music in inclusive settings in primary school
1218869267,Möglichkeiten in der praktischen Musikarbeit mit Geflüchteten,Possibilities in practical music work with refugees
1218869496,"Räume, Linien, Punkte die Verortung als stilistisches Mittel der Sehbehinderten-Reportage","Spaces, lines, points, location as stylistic means of the blind reportage"
121886950X,Fußball-„Räume“ als „männliche Räume“?,"Football ""spaces"" as ""male spaces""?"
1218869518,Die @Atmosphäre im Karli,The atmosphere in Karli
1218872160,Unterrichtskommunikation und Sprachbildung als Themenfelder der fachdidaktischen Ausbildung von Musiklehrenden,Teaching Communication and Language Development as Fields of Study in the Professional Development of Music Teachers
1218872187,Künstlerische Stimmarbeit mit Menschen mit dem Down-Syndrom,Artistic voicework with people with Down syndrome
1218872233,Variationen zur Wunderwelt von Alice,Variations to the Wonderland of Alice
1218872667,"Fortentwicklung von Fachlichkeit, Didaktik und Bildungswissenschaften durch die „Qualitätsoffensive Lehrerbildung“","Development of professionalism, didactics, and educational science through the „Quality Offensive Teacher Training“"
1218872829,Alexander von Humboldts Erläuterungen zu Öfen für die Herstellung von Keramik- und Glaserzeugnissen,Alexander von Humboldt's Explanations on Furnaces for the Production of Ceramic and Glass Products
1218872977,Begleitinstrument – Diagnostische Kompetenzen,Accompaniment instrument – Diagnostic competencies
1218875550,Experimentierfeld Krimi Anmerkungen zur aktuellen ukrainischen Kriminalliteratur,Experimental Crime Field: Notes on Current Ukrainian Crime Literature
1218876328,Identifikation von Gelingensbedingungen tutorieller Lehre im Kontext Studieneingang eine empirische Untersuchung,Identification of success prerequisites for tutorial teaching in the context of student enrollment is an empirical study.
1218876867,Nach dem Review 2014 Wer macht „Vereinte Nationen“ im Auswärtigen Amt?,"After the 2014 review, who is responsible for „United Nations“ at the Foreign Ministry?"
1218887141,"COPD: Monotherapie, Zweier- oder Dreierkombi?","COPD: Monotherapy, Two-drug or Three-drug Combo?"
1218927046,Wie viel moralische Kompetenz in Kindern steckt,How much moral competence is there in children
1218961058,100 Jahre Sportwissenschaft in Deutschland – und wo steht die Sportpädagogik?,100 Years of Sport Science in Germany – and where does Sports Pedagogy stand?
121896913X,Musizieren vor der Säkularisation: Zugänge zur klösterlichen Musikkultur diesseits der Alpen : Versuch eines Gesamtbildes,Musical Performance Before Secularization: Access to Monastic Musical Culture East of the Alps: Attempt at a Comprehensive Picture
1218972041,Religionspädagogische Ethnografie und Komparative Theologie: Perspektiven hermeneutisch-methodischer Synergien,Religious Pedagogical Ethnography and Comparative Theology: Perspectives on Hermeneutic-Methodological Synergies
121900295X,Medienkulturwissenschaftliche Perspektiven auf Narrative und Narrationen für positive Zukünfte einer nachhaltigen Entwicklung und Transformation,Media studies perspectives on narratives and narrations for positive futures of a sustainable development and transformation
1219040339,Was ist das Anthropozän und was wird es gewesen sein? Ein kritischer Überblick über neue Literatur zum kontemporären Erdzeitalter,What is the Anthropocene and what will it have been? A critical overview of new literature on the contemporary geological epoch.
121906937X,Auswirkungen der Covid19-Pandemie auf die Digitalisierung an Volkshochschulen am Beispiel von Rheinland-Pfalz,Impacts of the Covid-19 pandemic on digitization at Volkshochschulen (Adult Education Centers) in Rhineland-Palatinate
1219099422,Eigenkapital im Baugewerbe,Own capital in construction
1219134783,"""Eine schöne Aufgabe""","""A beautiful task"""
1219139882,Der @Ton stammt aus der Nacht Die Metapher als Vermittlungsform nichtbegrifflicher Erkenntnis mit Blick auf die Philosophie Friedrich Nietzsches,The tone comes from the night The metaphor as a form of non-conceptual understanding with a view to Friedrich Nietzsche's philosophy.
1219139939,Fütterungsstrategien zur Optimierung der Energie- und Nährstoffversorgung laktierender Milchkühe,Feeding strategies for optimizing energy and nutrient supply to lactating dairy cows
1219141046,"Ordnung des Fachbereichs Physik der Johann Wolfgang Goethe-Universität Frankfurt am Main für den Bachelorstudiengang Physik mit dem Abschluss ""Bachelor of Science (B.Sc.)"" vom 20. Mai 2020 ; genehmigt vom Präsidium am 30. Juni 2020","Order of the Department of Physics of Johann Wolfgang Goethe-University Frankfurt am Main for the Bachelor's degree program in Physics leading to the degree ""Bachelor of Science (B.Sc.)"" dated May 20, 2020; approved by the Presidium on June 30, 2020"
1219148997,„Teuerste Altern“ Privates aus dem jüdischen Franken des 19. Jahrhunderts,"""Dearest Altern: Private from the Jewish Franconia of the 19th century"""
1219149667,"Der @Uni-Shop Neue Wege zur Entwicklung, Durchführung und Evaluation integrativer Lehrveranstaltungen","New pathways for developing, conducting, and evaluating integrated teaching sessions"
1219247294,Formationen einer Kunstwissenschaft Text- und Archivstudien zu Hans Sedlmayr,Formations of Art Science Text and Archive Studies on Hans Sedlmayr
1219399132,Automatisch neue Kunden gewinnen,Automatically gain new customers
1219428914,"Die @Inkubation des Krieges, oder: Wann beginnt die Vorgeschichte des Ersten Weltkriegs?","The Incubation of War, or: When Does the Prologue of World War I Begin?"
1219515590,Ein @Empfehlungsschreiben für einen Sofer in Westfalen aus dem Jahr 1755/17561,A recommendation letter for a baker in Westphalia from the year 1755/1756
121952980X,Vergleichen und Erzählen. Zur Verflechtung zweier Kulturtechniken,Comparing and Storytelling: The Intersection of Two Cultural Techniques
1219534595,Numerische Simulation und experimentelle Validierung statischer Mischelemente,Numerical simulation and experimental validation of static mixing elements
1219555096,Die @Herausforderungen in der modernen Glasindustrie und die Rolle von Rohstoffen,The challenges in the modern glass industry and the role of raw materials
1219577677,Transgenerationale Weitergabe von belastenden mütterlichen Bindungserfahrungen auf die kindliche kognitive Entwicklung und der Einfluss verschiedener Risikofaktoren,Intergenerational transmission of burdening maternal attachment experiences on child cognitive development and the influence of various risk factors
1219578940,Forschungsdaten-Policy und Handlungsempfehlungen zum Umgang mit Forschungsdaten,Data Management Policy and Guidelines for Handling Research Data
1219582611,Entwicklung eines Kohlenstofffaserverstärkten Ringdruckbehälters zur Wasserstoffspeicherung,Development of a Carbon Fiber Reinforced Ring Pressure Vessel for Hydrogen Storage
1219664510,Chemnitz‘ Anfang? Auf der Suche nach der Marktgründung von 1143,Chemnitz's Beginning? Searching for the Market Foundation of 1143
1219665371,Berufliche Identität als Komponente der Persönlichkeit Auf dem Weg zu einer Theorie auf der Grundlage von Beiträgen der Selbstforschung,Professional Identity as a Component of Personality: Towards a Theory Based on Contributions from Self-Inquiry
121966538X,Über das Zisterzienserkloster in Grünhain Vom Aufstieg und Niedergang eines Machtknotenpunktes im Erzgebirge,About the Cistercian Abbey in Greenbelt: The Rise and Fall of a Power Center in the Ore Mountains
1219703338,Gefahr bei Diabetes durch nächtliche Hypoglykämien nach Radrennen,Danger from diabetes due to nighttime hypoglycemia after cycling races
1219719439,Die @Zukunft digitalisierter Demokratie – Perspektiven für die Forschung,The Future of Digitalized Democracy – Perspectives for Research
1219721395,Deutschland aus der Vogelperspektive Eine kleine Geschichte der Bundesrepublik,Germany from a bird's-eye view A small history of the Federal Republic
1219729469,Suspense,Suspense
1219755907,"Branchenanalyse Druckmaschinenindustrie Branchen- und Strukturwandel, Zukunftsszenarien und Herausforderungen der Digitalisierung","Industry analysis of the printing machine industry, structural and transformation dynamics, future scenarios and challenges of digitalization"
1219910260,Untersuchung der Energiedissipationsprozesse mikromechanischer Systeme,Study of energy dissipation processes in microscopic mechanical systems
1219910457,Die @Rabensteiner Fehde,The Rabenstein Feud
1219937185,Risikomanagement von Wirtschaftsprüfungsgesellschaften,Risk management in auditing firms
1219937924,Eignung der intravaskulären Bildgebung zur Beurteilung von degenerativen Wandveränderungen neurovaskulärer Arterien und Aneurysmen,Suitability of intravascular imaging for assessing degenerative wall changes in neurovascular arteries and aneurysms
1219955213,Strategie-Workshop In fünf Schritten zur erfolgreichen Unternehmensstrategie,Strategy Workshop: Five Steps to a Successful Corporate Strategy
1219962791,Serena Supergreen und der abgebrochene Flügel Serious Game – Forschungsergebnisse und pädagogische Einsatzmöglichkeiten,Serena Supergreen and the Broken Wing: Research Findings and Pedagogical Applications
1219963003,Freiheit und Kalkül. Die Politik der Algorithmen [Was bedeutet das alles?],Freedom and Calculus. The Policy of Algorithms [What Does It All Mean?]
1219963216,Angeregt und Abgefragt: Moleküle im Reaktionsmikroskop Zerfall in Femtosekunden,Inspired and Questioned: Molecules in the Reaction Microscope Decay in Femtoseconds
1219965405,Ermittlung thermischer Sicherheitsabstände für Feuerbälle organischer Peroxide experimentelle Untersuchungen und CFD-Simulationen,"Investigation of thermal safety distances for fireballs of organic peroxides, experimental studies and CFD simulations"
1219966010,Der @Einfluss persönlicher Netzwerke auf Solidarität und politische Ansichten vom demokratischen Miteinander eine empirische Analyse auf Grundlage des ALLBUS,The influence of personal networks on solidarity and political views in the context of democratic coexistence: An empirical analysis based on the ALLBUS
1219982725,Kollaboratives räumliches Schlussfolgern und Überzeugungsrevision,Collaborative spatial reasoning and persuasive revision
1219983489,Perspektiven kommunaler Ausgabenfinanzierung,Perspectives of communal expenditure financing
1219990264,Der @Begriff „Zeugung,"The term ""conception"""
1220035211,Interleukin 10 produzierende regulatorische B-Zellen haben einen protektiven Effekt auf die Frühschwangerschaft,Interleukin 10-producing regulatory B cells have a protective effect on early pregnancy
1220035432,Visualisierung und Quantifizierung von Makro- und Mikromischen in einem Flüssig/Flüssig-System,Visualization and quantification of macro- and micromixing in a liquid/liquid system
1220080411,Kleingedrucktes mit großem Effekt,Fine print with big impact
122008218X,Moderne Physik und Energiebildung als Beispiele für die Vernetzung von Fach und Fachdidaktik,Modern Physics and Energy Formation as Examples of the Interconnection of Subject and Subject Didactics
1220184497,"Die @Organisationsreform der SPD 2017–2019: Jung, weiblich und digital?","The SPD's organizational reform 2017–2019: Young, female, and digital?"
1220197742,Soziotechnisch – agil – lean: Konzepte und Vorgehensweisen für Arbeits- und Organisationsgestaltung in Digitalisierungsprozessen,Sociotechnical – agile – lean: Concepts and approaches for working and organizational design in digitalization processes
1220225452,Defizienz der Methyltransferasen G9a und Ezh2 in Math5+-Vorläuferzellen führt zur Dysfunktion der adulten Ganglienzellen,Deficiency of methyltransferases G9a and Ezh2 in Math5+-precursor cells leads to dysfunction of adult ganglionic cells
1220250333,30 Jahre Deutsche Einheit Gleichstellung von Frauen und Männern auf den Arbeitsmärkten in West- und Ostdeutschland?,30 years of German unity: Equality between women and men on the labor market in West and East Germany?
1220270350,"MERKUR Gegründet 1947 als Deutsche Zeitschrift für europäisches Denken - 2020-11 Nr. 857, Heft 11, November 2020","MERCURY Founded 1947 as German magazine for European thinking - November 2020, Issue 857, Volume 11"
1220276782,Genfunktionen effizient identifizieren mit iPool-seq,Efficiently identify gene functions with iPool-seq
1220289825,Japans Banken in der Krise Folgen von 30 Jahren Niedrigzinspolitik,Japan's Banks in Crisis: Consequences of 30 Years of Low Interest Policy
1220290084,Das @Zwillingsparadoxon,The Twin Paradox
1220296848,Das @Maurische Spanien Geschichte und Kultur,"The Maurish Spain, History and Culture"
1220355933,"Musizieren im Tonstudio: zur Soziologie von Musik, Raum und Technik in der Musikaufzeichnung","Music Making in the Recording Studio: On the Sociology of Music, Space, and Technology in Music Recording"
1220358258,"Zielgruppenorientierte Veranstaltungskonzeption Messen, Kongresse und Events auf Zielgruppen ausrichten","Audience-focused event planning: Tailoring fairs, congresses, and events to target audiences"
1220419184,30 Minuten Onboarding,30 minutes onboarding
1220425176,"Wenn die Wirtschaft boomt, hat Gott keine Konjunktur","When the economy booms, God has no business cycle"
1220488194,Förderung musikalisch-kreativen Denkens durch Improvisation? Eine Replikationsstudie zu Angeboten im schulischen Musikunterricht Fostering creative thinking in music through improvisation? A replication study on interventions in classroom music,Fostering creative thinking in music through improvisation? A replication study on interventions in classroom music
1220488224,Gemeinsames Musizieren fördert Inklusion!? Überlegungen zu Bedeutungskonstruktionen am Beispiel von inklusivem Klassenmusizieren Does making music together promote inclusion? Considerations concerning the construction of meaning in inclusive music education,Does making music together promote inclusion? Considerations concerning the construction of meaning in inclusive music education
1220488356,"Selbstwirksamkeitserwartungen von Studierenden im Rahmen der ""Basisqualifikation Musik"" Primary student teachers' self-efficacy expectations in a music methods course",Primary student teachers' self-efficacy expectations in a music methods course
1220488399,"Kompetenzorientierung von Musiklehrkräften an Grundschulen und Gymnasien im Vergleich. Eine Folgestudie zum Einfluss der Motivation, Musizierpraxis, Selbstreflexion, Lehrerfahrung und Lehrplanorientierung auf die Kompetenzorientierung A comparison of music teachers’ competence orientation in elementary and grammar schools. A follow-up study on the influence of motivation, instrumental praxis, self-reflexion, teaching experience and curriculum orientation on competence orientation","Competence orientation of music teachers in elementary and grammar schools. A follow-up study on the influence of motivation, instrumental practice, self-reflection, teaching experience, and curriculum orientation on competence orientation"
1220488461,Erfassung des Musikalischen Selbstkonzepts von Schülerinnen und Schülern der Sekundarstufe an allgemeinbildenden Schulen: Validierung und Replikation des Musical Self-Concept Inquiry_youth (MUSCI_youth) Measuring the musical self-concept of students in secondary education: validation and replication of the Musical Self-Concept Inquiry_youth (MUSCI_youth),Measuring the musical self-concept of students in secondary education: validation and replication of the Musical Self-Concept Inquiry_youth (MUSCI_youth)
1220488577,Projektvorstellung: Geschichte deutschsprachiger Konservatorien im 19. Jahrhundert The history of conservatories in German-speaking countries during the 19th century,Presentation of the project: History of conservatories in German-speaking countries during the 19th century
1220488615,Erfahrungsraum Musikpädagogik - Einsichten eines Musikwissenschaftlers Music education as an area of experience – insights from a musicologist,Experience Space Music Pedagogy - Insights from a Musicologist
1220504483,Die @Möbel Philip Speakman Webbs oder Das Verhältnis von Kunst und Arbeit bei Morris & Co.,The Philip Speakman Webbs or The Relationship of Art and Work at Morris & Co.
1220531839,Otodectes cynotis bei der Katze – Therapie mit ätherischen Ölen,Otodectes cynotis in cats – Therapy with essential oils
1220537594,Der @Hund mit Bewegungsstörung – Lahmheit oder Lähmung?,The dog with movement disorder – Lameness or paralysis?
1220631787,Topografische und klinisch-angewandte Anatomie der Schultergliedmaße des Alpakas (Vicugna pacos),Topographic and clinical applied anatomy of the shoulder girdle of the alpaca (Vicugna pacos)
1220633178,Ehe - Sakrament - Versöhnung: ein herausforderndes Dreieck,Marriage - Sacrament - Reconciliation: a challenging triangle
1220633291,Das @Jetzt und das Wirklichsein metaphysisch ernst nehmen,Taking the Now and the Real Experience metaphysically seriously
1220633429,Die @fundamentale Zusammensetzung der Gegenstände und die Einfachheit Gottes: eine axiomatisch-logische Rekonstruktion,The fundamental composition of objects and the simplicity of God: an axiomatic-logical reconstruction
1220633445,Information ist Energie Definition und Anwendung eines physikalisch begründeten Informationsbegriffs,Information is energy. Definition and application of a physically based concept of information.
1220634034,Induktion von GvHD-artigen Gewebeschäden an humanen artifiziellen Hautmodellen,Induction of GVHD-like tissue damage in human artificial skin models
1220775967,Parabel und Kurzfilm Von der narrativen Parabel-Analyse zur kreativen Umsetzung im Film. Theoretisch-methodische Grundlegung und praktische Beispiele im Horizont eines kompetenzorientierten Religionsunterrichts,From narrative parable analysis to creative film production. Theoretical-methodical foundation and practical examples in the context of a competence-oriented religious education
1220830747,Genetische und soziale Einflussfaktoren auf charakteristische Anpassungen der Persönlichkeit. Erkenntnisse aus erweiterten Zwillingsdesigns,Genetic and social influence factors on personality adaptations. Insights from extended twin designs
1220840580,Der @Moment als Ziel,The @Moment as target
1220843830,Kann körperliche Aktivität durch eine Verbesserung des Selbstwertes aggressive Gefühle reduzieren? Ein Quasi-Experiment zur Untersuchung des Einflusses verschiedener sozialer Aufgabenbedingungen,Can physical activity reduce aggressive feelings through an improvement in self-esteem? A quasi-experiment to examine the influence of various social task conditions
1220844063,Medien und frühe Kindheitsentwicklung,Media and early childhood development
122085137X,Fruchtbarkeit von Milchkühen nach überstandener Torsio uteri,Fertility of cows after recovery from retained placenta
122085140X,Meningoenzephalitis und Meningitis beim Hund: retrospektive Analyse einer Klinikpopulation,Meningoencephalitis and Meningitis in Dogs: Retrospective Analysis of a Clinical Population
1220852465,Fußball: Adaptationsprozesse während der ersten Hälfte der Spielsaison,Adaptation processes during the first half of the playing season in football.
1221062638,Die @Länge spezifischer Ubiquitin-ketten beeinflusst ihre Erkennung,The length of specific Ubiquitin chains affects their recognition
1221130544,Gentrifizierung,Gentrification
1221131508,Konzepte der Raumordnung,Conceptions of Spatial Planning
1221131966,Landwirtschaft,Agriculture
1221132490,"Netzwerke, soziale und organisatorische","Networks, social and organizational"
1221269828,"Lager Überleben, Lager Erschreiben. Autofiktionalität und literarische Tradition","Surviving the Warehouse, Writing the Warehouse. Autofictionality and Literary Tradition"
1221278053,"Grundfragen der Lyrikologie 2 Begriffe, Methoden und Analysedimensionen","Basic Questions of Lyricology 2 Concepts, Methods and Analytical Dimensions"
1221282611,Polymyositis mit einseitiger Lahmheit im Rahmen einer Trichinellose beim Hund,Polymyositis with unilateral lameness in the context of trichinellosis in a dog
1221289829,Management von Patienten mit Vestibularisschwannomen Typ IV,Management of Patients with Vestibular Schwannomas Type IV
1221311972,Auf die Rasse geblickt: Neuronale Zeroidlipofuszinose beim American Staffordshire Terrier,Breed Insight: Neuronal Ceroid-Lipofuscinosis in the American Staffordshire Terrier
1221312227,Investition oder Geldschneiderei? Nahrungsergänzungsmittel im Kleintiersektor,Investment or Money Scam? Supplements in the Small Animal Sector
1221319337,"Ueber Kerntheilung, Richtungskörperbildung und Befruchtung von Actinosphaerium Eichhorni","On nuclear division, spore formation, and fertilization in Actinosphaerium Eichhorni"
1221327127,Die @Parakataloge im griechischen und römischen Drama,The Paracatalogues in Greek and Roman Drama
1221328247,Norwegens Schenkung an den heiligen Ólaf,Norway's donation to Saint Olaf
1221334042,Don Ferdinand Sterzingers Entwurf von dem Zustande der baierischen Kirche vom Jahre nach Christi Geburt 717. bis auf das Jahr 800,Ferdinand von Sterzing's design of the state of the Bavarian Church from the year after Christ 717 to the year 800
1221341103,"39/w mit Kopfschmerzen, fluktuierender Sehstörung und transienter Aphasie Vorbereitung auf die Facharztprüfung: Fall 23",Preparation for the specialty exam: Case 23
1221395068,"Mittelalterliche lateinische Übersetzungen von Schriften der Aristoteles-Kommentatoren Johannes Philoponos, Alexander von Aphrodisias und Themistios vorgetragen am 6. Jui 1929","Medieval Latin translations of the works of the Aristotelian commentators John Philoponus, Alexander of Aphrodisias, and Themistius presented on June 6, 1929"
1221396846,Die @psalmodische Tradition bei Monteverdi und Schütz vorgetragen in der Sitzung vom 11. November 2005,"The psalmistic tradition at Monteverdi and Schütz presented in the session of November 11, 2005"
1221398652,Ueber die neuplatonische Schrift von den Ursachen (liber de causis),On the New Platonic Treatise on Causes (Liber de Causis)
1221401564,"Ueber Schule, Unterricht und Erziehung bei den alten Chinesen","On School, Teaching, and Education among the Ancient Chinese"
1221405888,Ueber das erste Auftreten selbständiger Musik als Gegenstand der Unterhaltung in Deutschland,About the first occurrence of independent music as a subject of entertainment in Germany
1221526111,Johannes Pfeffer von Weidenbergs Tractatus de paenitentia: Notizen zu Leben und Werk des ersten Theologen der Freiburger Universität,"Johannes Pfeffer von Weidenberg's ""Tractatus de paenitentia"": Notes on the Life and Work of the First Theologian of the University of Freiburg"
1221536133,Die @Konstitution der Arbeitsidentität von Crowdworkern in der Plattformökonomie Eine qualitative Netzwerkanalyse multipler sozialer Identitäten,The constitution of the working identity of crowdworkers in the platform economy: A qualitative network analysis of multiple social identities
1221596993,Kunstpädagogik zwischen Subjektbezogenheit und Wissenschaftlichkeit,Arts Education between Subject-Centeredness and Scientific Rigor
1221597086,Theorien in Sportlehrerbildung und Sportunterricht,Theories in Sports Teacher Education and Physical Education
1221597485,"Theorie – was sie war, wozu sie wurde und was sie heute in der Lehrerbildung sein kann. Historische und systematische Perspektiven","Theory – what it was, what it became and what it can be today in teacher training. Historical and systematic perspectives"
1221597604,Ein @Antibiotic Stewardship Programm an der Kinderklinik München-Harlaching,An Antibiotic Stewardship Program at the Children's Clinic Munich-Harlaching
1221668374,Photometrische Inline‐Überwachung der Pigmentkonzentration hochgefüllter Lacke,Inline Photometric Pigment Concentration Monitoring of High‐Fill Level Paints
1221668943,Die @Grenzen von Sinn und Realität Zur Rekonstruktion und Kritik von Grenzbegriffen im sinnkritischen Realismus von Karl-Otto Apel,The @Boundaries of Sense and Reality: The Reconstruction and Critique of Boundary Concepts in the Sinnkritic Realism of Karl-Otto Apel
1221801279,Ein @Schnellschuss ins rechte Seitenaus,A quick shot into the right side exit
1221801503,"Inflation, Inflationsmessung und Zentralbankpolitik","Inflation, Inflation Measurement, and Central Bank Policy"
1221971182,Wirkung der Mitwirkung - Messung der Effektivität von Bürgerbeteiligung am Beispiel der Stadt Heidelberg,Effect of Participation - Measuring the Effectiveness of Citizen Participation in the Case of the City of Heidelberg
1222013886,Diagnostische Urteile von Lehrkräften erklären – Ein Rahmenmodell für kognitive Modellierungen und deren experimentelle Prüfung,Diagnostic judgments by teachers – A framework model for cognitive modeling and its experimental validation
1222162679,Untersuchung von vorausschauenden Motion-Cueing-Algorithmen in einem neuartigen längsdynamischen Fahrsimulator,Study of predictive motion-cueing algorithms in a novel longitudinal dynamic driving simulator
1222269384,Intermittierende Schlundverstopfung bei einem Fohlen,Occasional pharyngeal obstruction in a foal
1222270099,Equines Asthma – Empfehlungen zu Therapie und Haltung,Equine Asthma – Recommendations for Therapy and Husbandry
1222270129,Enzootische Bronchopneumonie im Kälberbestand – Ansätze zur Problemlösung,Epidemic Bronchopneumonia in Calf Herds - Approaches to Problem Solving
122227034X,Tetanus beim Hund mit aktuellem Praxisfall,Tetanus in dogs with a current case
1222336618,Modellabstraktionen und deren Wirkung im Sport – Ein Ausbildungsproblem?,Model abstractions and their effects in sports – An educational problem?
1222395622,Viele Wege führen zum Glück Experten stellen vor,Many paths lead to happiness. Experts introduce
1222408961,Sporenbildung bei Bacillus subtilis: Masse oder Klasse?,Spore formation in Bacillus subtilis: mass or class?
1222408996,Neue Möglichkeiten für die Strukturbestimmung von Membranproteinen,New possibilities for determining the structure of membrane proteins
1222436140,Erschöpfung und Zerfall : das Ende des Krieges in der Wahrnehmung der Soldaten,Creation and Decay : the End of War in the Perception of Soldiers
1222502372,„Der Längsschnitt ist das Desiderat der sportpädagogischen Forschung“ Ein Gespräch mit dem Erziehungswissenschaftler Prof. Dr. Ivo Züchner zum Stand der Jugendforschung und der Rolle des Sports dabei,"""The longitudinal study is the desideratum of the sports pedagogical research"" A conversation with the educational scientist Prof. Dr. Ivo Züchner on the state of youth research and the role of sports therein"
1222502402,Sportangebot in der Kommune Attraktiv für die Menschen,Sport offer in the municipality Attractive for the people
1222502488,Der @vereinsgebundene Jugendsport im Fokus sportbezogener Jugendforschung – ein Überblick über drei Jahrzehnte,Focus on club-affiliated youth sports in sport-related youth research – an overview of three decades
1222509857,Sport und Studienerfolg Analysen zur Bedeutung sportlicher Aktivität im Setting Hochschule,Analysing the Impact of Sports on Academic Performance in Higher Education
1222670968,Archäologie als Kunst. Archäologische Objekte und Verfahren in der bildenden Kunst des 18. Jahrhunderts und der Gegenwart,Archaeology as Art: Archaeological Objects and Methods in 18th-Century and Contemporary Visual Arts
122269414X,Zeit und gutes Leben,Time and good life
1222695391,Frauen in der akademischen Philosophie in Deutschland – Eine Bestandsaufnahme,Women in Academic Philosophy in Germany – A State of Affairs
1222737302,Parlamentarismus in der Pandemie,Parliamentarism in the Pandemic
1222737310,EU-Finanzsanktionen für Rechtsstaatsverstöße,EU financial sanctions for violations of the rule of law
1222741504,Flynn- und Anti-Flynn-Effekt,Flynn effect and anti-Flynn effect
1222743701,Gastrointestinale Erkrankungen beim Meerschweinchen,Gastrointestinal disorders in guinea pigs
1222751488,Junger Hund mit Lahmheit –haben Sie einen Verdacht?,Young dog with lameness – do you have a suspicion?
1222812118,La @miniera di Baratti – Etruskische Schlacken als Eisenerz,The Baratti mine – Etruscan slag as iron ore
1222973901,Biliäre Lipidsekretion bei Abcg8 p.D19H-transgenen und intestinalen Abcg5/g8-Knockout Mäusen,Biliary lipid secretion in Abcg8 p.D19H transgenic and intestinal Abcg5/g8 knockout mice
1223027880,Integrierte modell- und simulationsbasierte Entwicklung zur dynamischen Bewertung automobiler Elektrik/Elektronik-Architekturen,Integrated model- and simulation-based development for the dynamic assessment of automotive electric/electronic architectures
1223111865,Der @Kampf gegen den Klerus Die staatliche Strafverfolgung des rheinischen Pfarrklerus im Kulturkampf wegen unbefugter Vornahme geistlicher Amtshandlungen – BAND 2,The @Campaign against the Clergy The state prosecution of the Rhenish clergy in the Kulturkampf due to unauthorized performance of spiritual duties – VOLUME 2
1223174921,Männliche Erzieher als Vorbilder im Kindergarten. Geschlechter- und rollentheoretische Aspekte,Male educators as role models in kindergarten. Gender and role theory aspects
1223310264,Kunst und Kanon: Tafeln der bildenden Kunst in gymnasialen Lesebüchern der Weimarer Republik,Art and Canon: Panels of Visual Art in High School Reading Books of the Weimar Republic
1223458377,Jahrbuch für Soziologiegeschichte 2020,Yearbook for the History of Sociology 2020
1223459217,Soziale Integration Geflüchteter macht Fortschritte,Social integration of refugees is making progress
1223459411,30 Jahre deutsche Einheit Vieles ist erreicht - einiges bleibt noch zu tun,30 years of German unity Much has been achieved - but much still remains to be done
1223481662,How I Built This Die Geheimnisse der erfolgreichsten Gründer unserer Zeit,How I Built This: The Secrets of the Most Successful Founders of Our Time
1223538281,Modellierung der Termintreue im Auftragsdurchlauf,Modeling the on-time delivery in the order throughput
122355452X,Johannes Heinrichs: Dialogik. Kann denn Liebe logisch sein?,Johannes Heinrichs: Dialogism. Can love be logical?
1223560600,Dimensionen der Transzendentalphilosophie. Zu einigen Aspekten der neueren Kant-Forschung,Dimensions of Transcendental Philosophy. On Some Aspects of Recent Kant Research
1223605434,Zur Reliabilität von Wearable Devices am Beispiel einer Premium Multisport-Smartwatch,Reliability of Wearable Devices: The Example of a Premium Multisport Smartwatch
1223611078,"""Le Roi Carotte"" Faktur und Wirkung einer Partitur Jacques Offenbachs","""The King Carrot"" Invoice and Effect of a Score by Jacques Offenbach"
1223660567,"Lazarus Spengler (1479-1534) Der Nürnberger Ratsschreiber im Spannungsfeld von Humanismus und Reformation, Politik und Glaube.Mit einer Edition von Gudrun Litz","Lazarus Spengler (1479-1534) The Nuremberg City Scribe in the Tension Field of Humanism and Reformation, Politics and Faith. With an Edition by Gudrun Litz"
1223660761,"Johannes a Lasco (1499-1560) Polnischer Baron, Humanist und europäischer Reformator. Beiträge zum internationalen Symposium vom 14.-17. Oktober 1999 in der Johannes a Lasco Bibliothek Emden","Johannes a Lasco (1499-1560), Polish baron, humanist, and European reformer. Contributions to the international symposium from 14-17 October 1999 in the Johannes a Lasco Library in Emden."
1223696286,COVID-19: Die Menschen sterben zu Hause,COVID-19: People are dying at home
1223705269,"Prognostische Bedeutung von Scores für Komorbiditäten und den Allgemeinzustand mit Blick auf die Effektivität und die therapieassoziierte Toxizität bei Patienten, die in der LenaMain-Studie behandelt wurden",Prognostic significance of scores for comorbidities and general condition with regard to the effectiveness and therapy-associated toxicity in patients treated in the LenaMain study
1223756432,"Kann die Saatgutbehandlung mit dem Safener Cyprosulfamid die Verträglichkeit von Isoxaflutole in Mais steigern, die Unkrautbekämpfung verbessern und die Wirkstoffmenge verringern?","Can the seed treatment with the safener Cyprosulfamid increase the compatibility of Isoxaflutole in maize, improve the control of weeds, and reduce the active ingredient amount?"
1223785157,Konstruktion und Validierung eines multidimensionalen Beobachtungsinstruments zur Erfassung der klassenführungsbezogenen Performanzen von sportunterrichtenden Lehrkräften (KlaPe-Sport),Construction and validation of a multidimensional observation instrument for assessing class-leadership-related performances of physical education teachers (KlaPe-Sport)
1223787443,Wenn Ihr nicht werdet wie die Kinder … Regressive Phänomene in Religionen,If you do not become like children… Regressive phenomena in religions
1223800253,Agile Transformation Der Praxisguide zum Change abseits des Happy Path,Agile Transformation: A Practical Guide to Change Beyond the Happy Path
1223847357,Systemische Therapie jenseits des Heilauftrags Systemtherapeutische Perspektiven in der Sozialen Arbeit und verwandten Kontexten,Systemic Therapy Beyond the Mandate: Systemic Perspectives in Social Work and Related Contexts
122385034X,Die @Transformation der Informationsmärkte in Richtung Nutzungsfreiheit Alternativen zur Als-ob-Regulierung im Wissenschaftsurheberrecht,The transformation of information markets towards the freedom of use Alternatives to the as-if-regulation in scientific copyright law
122386474X,Betriebsnahe Versorgungsnetzwerke und -angebote zur   Unterstützung des Return to Work nach psychischer Krise: Zwischen   gesundheitsförderlicher Organisationsentwicklung und Selbstmanagement   der Zurückkehrenden,Operational supply networks and offers for supporting return to work after a psychological crisis: Between health-promoting organizational development and self-management of returning workers
1223865703,Synchronisation des Liegeverhaltens von Mastbullen bei verschiedenen Platzangeboten,Synchronization of the lying behavior of bulls at different space offerings
1223865746,Tierschutzprobleme von der Aufzucht bis zur Schlachtung in Rinderbetrieben aus amtstierärztlicher Sicht,Animal welfare issues from birth to slaughter in cattle farms from a veterinary perspective.
1223868001,Compliance von Hunde- und Katzenbesitzern in der Gesundheitsvorsorge,Compliance of Dog and Cat Owners in Health Care
1223868168,Ulzerative granulomatöse Kolitis durch Prototheca spp. bei einem Rhodesian Ridgeback in Deutschland,Ulcerative granulomatous colitis caused by Prototheca spp. in a Rhodesian Ridgeback in Germany
1223868443,Gibt es die ideale Magen-Darm-Diät?,Is there an ideal gut-diet?
1223868680,Für Sie gelesen: Einsatz von Acepromazin beim Hund,For you to read: Use of Acepromazine in dogs
1223874281,Prävalenz und Art der Hypoglykämie im Krankenhaus,Prevalence and types of hypoglycemia in the hospital
1223981878,Beschriebene Zisterziensität,Described Cistercian monastery
1223989240,Rezeption und Konstruktion. Aspekte ‚wissenschaftlicher‘ Legitimation musikästhetischer Kommunikation am Beispiel KRZYSZTOF PENDERECKIS,Reception and Construction. Aspects of 'scientific' Legitimation of Musical Aesthetic Communication with the Example of KRZYSZTOF PENDERECKI
1224079914,Alternative Wege in das Berliner Grundschullehramt. Struktur und Evaluation eines Studiengangs,Alternative Paths into the Berlin Primary School Teacher Training Program. Structure and Evaluation of a Study Program
122407999X,Moralität in alltäglichen Konsumsituationen: eine entwicklungspsychologische Perspektive,Morality in everyday consumption situations: a developmental-psychological perspective
1224191560,Beizulegender Wert IASB legt einheitliche Regeln zur Berechnung vor,IASB proposes uniform rules for calculation
1224193253,Gott in der Literatur: Religion zwischen den Zeilen,God in Literature: Religion between the Lines
1224193393,"Urvorbild Jesus: unerreichbar, abschreckend, Orientierung gebend?","Original Jesus: unattainable, intimidating, guiding?"
1224216121,Der @richtige Weg. Eine EU nach dem Vorbild Jean Monnets,The Right Path. An EU according to the model of Jean Monnet
1224232097,Inklusion und Gymnasium Studien zu Perspektiven von Lehrkräften und Studierenden,Inclusion and Gymnasium Studies on Perspectives of Teachers and Students
1224269586,Briefe aus dem Krieg Die Feldpost als Quelle von 1914 bis 1918,Letters from the War: The Field Post as a Source from 1914 to 1918
1224315081,Eine @kurze Geschichte vom Quantencomputer (TELEPOLIS) Wie bizarre Quantenphysik eine neue Technologie erschafft,A brief story about the quantum computer (TELEPOLIS) How bizarre quantum physics creates a new technology
1224334183,"Klassierung, Sortierung und thermische Aufbereitung von Binder+Co","Classification, sorting and thermal treatment of Binder+Co."
1224334329,Einarbeitung von Nanoclay in Polyolefine mittels Planetwalzenextruder,Introduction of Nanoclay in Polyolefins using a planetary roller extruder
1224345266,Ein @höheres Inflationsziel für die EZB?,A higher inflation target for the ECB?
1224401638,Kopfschmerzen als Notfall sind leicht übersehen,Headaches as an emergency are easily overlooked
1224465598,Sportökonomische Auswirkungen der COVID-19-Pandemie am Beispiel der Fußball-Bundesligen,Sport-economic impacts of the COVID-19 pandemic in the example of the German football leagues.
1224527976,Expect the Unexpected Umrisse einer Ethik für unsichere Zeiten,Expect the Unexpected: Contours of an Ethics for Uncertain Times
1224535529,Ungleichheit in globalen Wertschöpfungsketten: eine intersektionale Perspektive auf soziale Reproduktion,Inequality in global value chains: an intersectional perspective on social reproduction
1224539818,Äußere und innere Bedrohung,External and internal threat
122462789X,"Der @ökologische Schweinehund warum es so schwierig ist, sich von alten Gewohnheiten zu verabschieden",The @ecological pig why it's so difficult to give up old habits
122468155X,Die @Zahl der Verfahren und der Sterilisationen nach dem Gesetz zur Verhütung erbkranken Nachwuchses,The number of procedures and sterilizations according to the law to prevent the birth of hereditary sick children
1224739418,Charakterisierung und Aufarbeitungsoptionen für Stäube der Kupfer-Sekundärmetallurgie,Characterization and processing options for copper secondary metal production dust
1224739426,Vorstellung eines am Lehrstuhl für Nichteisenmetallurgie entwickelten thermodynamischen Modells des Wälzprozesses,Presentation of a thermodynamic model of the forging process developed at the Institute for Non-Ferrous Metallurgy
1224748050,"Kreislauftherapie bei Sepsis – wann, wie und wie viel?","Sepsis treatment – when, how, and how much?"
1224750330,Wechseljahre aus der Sicht der Veterinärmedizin,Menopause in the Perspective of Veterinary Medicine
1224786661,"Die @drei Arenen der neuen Ungleichheitskonflikte. Eine sozialstrukturelle Positionsbestimmung der Einstellungen zu Umverteilung, Migration und sexueller Diversität","The three arenas of new inequality conflicts. A socio-structural positioning of attitudes towards redistribution, migration and sexual diversity"
1224854977,Schlickerbasierte Herstellung von Kugelstrukturen auf Basis von Zirkoniumdioxid und TRIP-Stahl,Slicker-based production of spherical structures based on zirconium dioxide and TRIP steel
1224882857,Einflussfaktoren auf die Abfohlrate nach transvaginal-ultraschallgestützter Reduktion der Zwillingsträchtigkeit bei der Stute,Factors influencing the twinning rate after transvaginal ultrasound-guided reduction of twin pregnancy in the mare
1224897145,Motorische Talentprädiktoren im DFB-Talentförderprogramm: Eine längsschnittliche Datenanalyse zur prognostischen Bedeutung schnelligkeits- und technikbezogener Merkmale unter Verwendung von latenten Strukturgleichungs- und Mehrebenenmodellen,Motor Skill Predictors in the DFB Talent Development Program: A longitudinal data analysis of the prognostic significance of speed and technique-based characteristics using latent structure equation and multilevel models
1224964810,Musik als Kommunikation,Music as Communication
1224964829,Demokratielernen im Musikunterricht durch musikalische Gruppenimprovisation,Learning democracy through musical group improvisation
1224964888,Positive Dialektik: Hartmut Rosas Resonanztheorie und die Instrumentalpädagogik – ein Anwendungsversuch,Positive Dialectics: Hartmut Rosa's Resonance Theory and Instrumental Pedagogy - An Application Attempt
1224970381,Entwicklung der Antikörpertiter nach Impfung mit einer BVD-Lebendvakzine bei Kühen mit hoher und bei solchen mit niedrigerer Milchleistung,Development of antibody titers after vaccination with a BVD live vaccine in cows with high and in those with lower milk production
1225017890,1.3 Sicherheitskultur,1.3 Safety Culture
1225024285,Geringe Literalität und politische Grundbildung: Die Bedeutung schriftsprachlicher Fähigkeiten für die Selbsteinschätzung politischer Grundkompetenzen,Low literacy and political education: The significance of written language skills for self-esteem in political literacy
1225068010,"Erinnerungen an die Okkupation in Griechenland: Entstehung, Entwicklung und gesellschaftliche Bedeutung eines deutsch-griechischen Dokumentationsprojekts","Memories of the Occupation in Greece: The Genesis, Development and Societal Significance of a German-Greek Documentation Project"
1225068150,Jugendliche im Hauptschulbildungsgang und ihr Sporttreiben in der Freizeit im Kontext von Zugehörigkeit und Freundschaft,Youth in the main school education track and their leisure-time sports and their sense of belonging and friendship
1225068193,Die @Eliteschule des Fußballs: eine Längsschnittstudie in stresstheoretischer Perspektive zur Verbindung von Schule und Leistungssport,The @Elite School of Football: a longitudinal study in stress-theoretical perspective on the connection between school and performance sport
1225069394,Demokratie als Lebensform oder die Frage nach Handlungsfähigkeit als Potential einer Pädagogik des Sozialen,Democracy as a way of life or the question of actionability as the potential of a pedagogy of the social
1225182107,"Tonmeister – Vermittler zwischen Kunst und Technik Ausbildung, Persönlichkeit, Arbeitsumfeld","Sound Engineer - Mediator between Art and Technology Training, Personality, Work Environment"
122525616X,Das @Selbstverständnis von Trainer*innen Auszug aus der Evaluation zum Projekt „TrainerInSportdeutschland“,The @Self-understanding of Trainers Extract from the Evaluation of the Project „TrainerInSportdeutschland“
1225256178,"Das @Virus, der Sport und die Herausforderungen Fragen an die Wissenschaft","The @Virus, the sport and the challenges: Questions for science"
1225291933,Friedrich Baudri: Tagebücher 1854-1871 Vierter Band: Tagebücher 1868-1871,Friedrich Baudri: Diaries 1854-1871 Fourth Volume: Diaries 1868-1871
1225292255,Was geschieht im Gottesdienst? Zur theologischen Bedeutung des Gottesdienstes und seiner Formen,What happens in a worship service? The theological significance of worship services and their forms
1225294495,Die @Erfassung des bildungswissenschaftlichen Wissens im Lehramtsstudium Konstruktion und Validierung des ESBW-Tests sowie die Untersuchung des Praxisschocks im Praxissemester,The @assessment of educational science knowledge in teacher training Program construction and validation of the ESBW test as well as the investigation of the practice shock in the practice semester
1225354560,Die @Kaiser des Mittelalters Von Karl dem Großen bis Maximilian I.,The @Kaiser of the Middle Ages From Charlemagne to Maximilian I.
1225401089,Entwicklung von Reaktionsmechanismen für Systeme bei der Polygeneration,Development of reaction mechanisms for systems in polygeneration
1225411351,Sportwetten: Expertise oder Glück? Ein systematischer Review über Tippstudien,Sports betting: Expertise or luck? A systematic review of tip studies
1225478553,Werke und Wirkmacht. Morphomatische Reflexionen zu archäologischen Fallstudien,Works and Agency. Morphometric Reflections on Archaeological Case Studies
1225512700,Kommunale Transformation. Eine gemeinwohlorientierte Gewerbeflächenvergabe als Gegenbewegung neoliberaler Kommunalpolitik neue Vergabekriterien für Gewerbeflächen am Fallbeispiel des Landkreises Gießen,Municipal Transformation. A community-oriented commercial area lease as a counter-movement to neoliberal municipal politics. New lease criteria for commercial areas at the example of the county of Gießen
1225545714,Unterrichtsgespräche führen – das Transversale und das Fachliche einer didaktischen Kernkompetenz Leading effective classroom dialogues – The transversal and the subject-specific of a pedagogical core skill,Conducting classroom dialogues – the transversal and subject-specific aspects of a pedagogical core skill
1225546478,Inklusionspädagogische Kompetenzen in der universitären Ausbildung von Grundschullehrkräften. Eine qualitative Inhaltsanalyse von Modulhandbüchern ausgewählter deutscher Studiengänge mit inklusionspädagogischem Profil Inclusive pedagogical competencies in the university training of primary school teachers: A qualitative content analysis of module manuals of selected German study programmes with an inclusive pedagogical profile,Inclusive pedagogical competencies in the university training of primary school teachers: A qualitative content analysis of module manuals of selected German study programmes with an inclusive pedagogical profile
1225547792,Problemlösen im Dialog,Problem solving in dialog
1225549051,Drucken wie 'von gestern' in der Schule der Zukunft. Die Schuldruckerei als Erfahrungsraum für Kinder und Studierende,Printing as 'from yesterday' in the school of the future. The school print shop as an experiential space for children and students
1225549094,Selbstwahrnehmung in der Hochschullernwerkstatt. Wissenschaft zwischen Abstraktion und emotionalem Lernen,Self-perception in the university workshop. Science between abstraction and emotional learning
1225549442,Kooperation und Kooperatives Lernen als Prinzip Hochschullernwerkstätten-adäquaten Lernens? Eine konzeptionelle Verortung,Cooperation and cooperative learning as principles of university learning facilities-adequate learning? A conceptual placement
1225606403,"Warum nehmen Männer mit Migrationshintergrund überproportional häufig ein Studium auf, gelangen aber am Ende seltener in die weiterführenden Masterstudiengänge?",Why do men with a migration background disproportionately frequently start a study and yet end up less often in further advanced master's programs?
1225628237,Naturschutzrechtliche Ausnahmegenehmigung zur Tötung eines Wolfs,Permit for the killing of a wolf under nature conservation law
1225654106,Langzeit- und Witterungsstabilität von halogenfreiem Flammschutz in Polymeren,Long-term and weather stability of halogen-free flame retardants in polymers
1225683734,Simulation von Wärmeleitungsvorgängen,Simulation of heat conduction processes
1225684374,'Interreligiöses Lernen' auf dem Prüfstand: religionspädagogische Konsequenzen aus der Verhältnisbestimmung von Christentum und Weltreligionen,'Interreligious Learning' under Scrutiny: Pedagogical Implications of the Relationship between Christianity and World Religions
1225740428,Untersuchungen zur Silagequalität - Siliererfolg,Studies on silage quality - success of ensiling
1225749697,Die @Entwicklung demokratischer Wertorientierungen in den mittel- und osteuropäischen EU-Mitgliedsländern eine Kohortenanalyse auf Basis des European Social Survey,The development of democratic value orientations in the middle and eastern European EU member states: A cohort analysis based on the European Social Survey
1225860431,Teledermatologie: Digitalisierung dermatologischer Dienstleistungen durch innovative Applikationen,Teledermatology: Digitalization of dermatological services through innovative applications
122586464X,"Ermittlung schwindungsbedingter Gussteilspannungen mit Hilfe eingegossener, faseroptischer Dehnungssensoren","Investigation of stress in cast parts due to shrinkage using embedded, fiber-optic strain sensors"
1225932483,Willkürliche Sitzzuteilung durch den Hessischen Staatsgerichtshof?,Random allocation of seats by the Hessian State Court?
1225932858,Das @Kinderrechte-die-nichts-ändern-(sollen)-Gesetz Der Inhalt,The @Children's-Rights-That-Nothing-Change-Law The Content
1225937817,Identiﬁkation und Steuerung des hydraulischen Betriebspunktes von Nassläufer-Umwälzpumpenaggregaten mittels Drehzahlvariation,Identification and control of the hydraulic operating point of wet-waste pump aggregates via speed variation
1225939275,Entwicklung und Applikation von kontinuierlichen Glasschutzschichten auf Betonoberflächen,Development and application of continuous glass protection layers on concrete surfaces
1226064531,Struktur? Physis? Situation? Zur Erklärung von Gewalt,Structure? Physics? Situation? For the Explanation of Violence
1226093574,Wertschätzende Organisationsentwicklung Zukunft gemeinsam gestalten - Tools für den erfolgreichen Wandel,Valued Organizational Development - Shaping the Future Together - Tools for Successful Change
1226093590,Börse für Dummies,The Stock Market for Dummies
1226135498,Die @Bedeutung von Gratifikationen bei der Aneignung neuer Medien im höheren Lebensalter Ergebnisse einer qualitativen Studie mit hochaltrigen Nutzerinnen und Nutzern digitaler Medien,The meaning of gratifications in the acquisition of new media in later life: Results of a qualitative study with elderly users of digital media
1226222048,Struktur und Funktion des Pinholins S21 68 des Phagen φ21,Structure and function of the Pinholin S21 68 of the phage φ21
1226335462,Jede(r) Zehnte leidet infolge Corona unter mehr psychischen Symptomen,One in ten people is experiencing more psychological symptoms due to Corona
1226410715,Pädagogische Ansätze in der Kita,Educational Approaches in Kindergarten
1226426565,Strömungssimulation einer teilbeaufschlagten Dampfturbine,Flow simulation of a partially loaded steam turbine
1226430651,Neue Schichtarchitekturen Fe-basierter Supraleiter: Epitaktische Ba(Fe1-xNix)2As2 Düunnschichten und aufgerollte FeSe1-xTex Mikrostrukturen,New Layer Architectures Based on Supraleiter: Epitaxial Ba(Fe1-xNix)2As2 Thin Films and Rolled-Up FeSe1-xTex Microstructures
1226485197,Zum Profil der deutschsprachigen Volkswirtschaftslehre: Paradigmatische Ausrichtung und politische Orientierung deutschsprachiger Ökonom_innen,On the profile of the German language economy: Paradigmatic orientation and political orientation of German economists
1226662331,Selbstkontrolle. Synchrone contra diachrone Analyse von motivationalem Zwang und Willensschwäche,Self-control. Synchronous analysis of motivational compulsion and weakness of will
1226665195,Die @Eliteschule des Fußballs: eine Längsschnittstudie in stresstheoretischer Perspektive zur Verbindung von Schule und Leistungssport,The Elite School of Football: a longitudinal study in stress-theoretical perspective on the relationship between school and performance sport
1226756069,Rezeptorfunktion der Membrananker von Mammalia Adenylatcyclasen?,Function of the membrane anchor of mammalian adenylate cyclases?
1226758002,Sozio-technische Artefaktanalyse.,Social-technical artifact analysis.
1226784895,»Die Mauer ist keine Lösung« Die Migrationspolitik von Papst Franziskus,»The wall is no solution«: The migration policy of Pope Francis
1226852718,Grenzflächenchemische Untersuchung zur Haftung von In-Mold-Coating auf Polyurethan-Schaum,Investigation into the adhesion of in-mould coating on polyurethane foam
1226881025,Silent Hill 2,Silent Hill 2
1226888690,"Das @Drei-Felder-Konzept des Selbstlernbereichs am Zessko Schreibberatung, Vortragscoaching und Sprachtutorien","The Three-Field Concept of the Self-Learning Area at Zessko: Writing Consultation, Presentation Coaching, and Language Tutoring"
1226895611,Synthese von Cellulose- und Ligninestern als Matrixmaterialien für Biocomposite – Einfluss von Art und Anzahl der Substituenten auf die thermischen und mechanischen Eigenschaften der Matrix und des Verbundmaterials,Synthesis of cellulose and lignin esters as matrix materials for biocomposites – influence of type and number of substituents on the thermal and mechanical properties of the matrix and the composite material
1226896634,Charakterisierung und Monitoring des Phyto- und Bakterioplanktons der Talsperre Saidenbach,Characterization and monitoring of the phytoplankton and bacterial plankton of the Saidenbach Reservoir
1226902294,Wachstumsmechanismen und Oberflächeneigenschaften undotierter und N-dotierter Kohlenstoffnanoröhren,Growth mechanisms and surface properties of undoped and N-doped carbon nanotubes
1226936334,„Nowhere to Go But Up“? – Die Gattungsmerkmale des Musicals,"""Nowhere to Go But Up""? – The Genre Features of the Musical"""
1226942873,Plug and Produce für modulare verfahrenstechnische Anlagen,Plug and Produce for modular process engineering plants
1226944442,Tragfähigkeitsberechnung von Bauteilen mit Mehrfachkerben im Nennspannungskonzept,Fatigue strength analysis of components with multiple notches in the nominal stress concept
1226946305,ars delectat semper Essays zur Kunstgeschichte,delights in drawing essays on art history
1226968309,Wie musikalische Aktivität das Gedächtnis formt,How musical activity shapes memory
1226984975,„Früher verlor jeder zweite Bergsteiger seine Zehen“,"""In the past, every second mountaineer lost his toes"""
1226985238,Umfrage unter Neuweltkameliden-Züchtern zum Zucht- und Fortpflanzungsmanagement,Survey among New World camelid breeders regarding breeding and reproduction management
1226985750,Selenstatus in Thüringer Pferdehaltungen in Abhängigkeit des Einsatzes selenhaltiger Mineral- und Ergänzungsfuttermittel,Selenium status in Thuringian horse holdings depending on the use of selenium-containing mineral and supplementary feed
1226987028,Entwicklung einer großen intraprostatischen Zyste nach Einsatz eines GnRH-Agonist-Implantats bei einem Rüden mit benigner Prostatahyperplasie,Development of a large intraprostatic cyst after implantation of a GnRH agonist implant in a male dog with benign prostatic hyperplasia
1226994156,Tiere bei Silvester-Stress natürlich unterstützen,Animals should naturally be supported during New Year's Eve stress
1226994776,Zahnbehandlung alter Pferde – Was ist anders?,Dental Care for Older Horses – What is Different?
1226997449,Gesundheitscheck beim Kaninchen – welche Leistungen sind wichtig?,Health check for rabbits – which services are important?
122703928X,",,Fehlentscheidung“ in der Tat Urteil des Amtsgerichts Weimar vom 11.01.2021","The court of first instance in Weimar made a wrong decision on January 11, 2021."
1227039433,"Wann und wie entstand das System der Zwischenanstalten der ""Aktion T 4""?","When and how did the system of transit camps of ""Aktion T 4"" emerge?"
1227048637,Untersuchungen zur Biosynthese von acetylenierten Phenolen aus Eutypa lata und antifungische Naturstoffe aus wachstumshemmenden Antagonisten,Studies on the biosynthesis of acetylated phenols from Eutypa lata and antifungal natural products from growth-inhibiting antagonists
1227054971,Die @Messung der Fähigkeit zur Unterrichtsplanung im Fach Physik mit Hilfe eines standardisierten Performanztests,The measurement of the ability to plan lessons in the subject of physics using a standardized performance test
1227188048,Ganzheitliche Formteil-Qualitätsprognose für das Spritzgießen thermoplastischer Kunststoffe auf der Basis maschineller Lernverfahren,Integrated Quality Prediction for Injection Molding of Thermoplastic Materials Based on Machine Learning Methods
1227189869,Klinische und pedobarographische Ergebnisse nach operativ versorgten Talusfrakturen,Clinical and pedobarographic results after operative treatment of talus fractures
1227241860,"Umweltschonende Aufarbeitung stark salzhaltiger Lösungen bei der Herstellung hochreiner Aminosäuren durch die Integration einer Elektrodialyse, AZ 33486/01","Environmentally friendly processing of strongly saline solutions in the production of highly pure amino acids through the integration of electrodialysis, AZ 33486/01"
1227301790,"Auswirkungen von PPID auf die kardiale Funktion anhand von Gewebedoppler, Speckle Tracking, EKG und Blutdruckmessung","Effects of PPID on cardiac function using tissue Doppler, speckle tracking, ECG, and blood pressure measurement"
1227311141,Epitaktische BaTiO₃-basierte Schichten für elektrokalorische Untersuchungen,Epitaxial BaTiO₃-based layers for electrocaloric investigations
1227312253,Jubeljahre und Freudenfeiern. Studien zum katholischen Jubiläum in der Frühen Neuzeit,Jubilee years and festivals of joy. Studies on the Catholic Jubilee in the Early Modern Period
1227323832,"Rhetorik ist keine Kunst, sondern kein Problem EInfach eine gute Rede halten","Rhetoric is not an art, but a problem. Just give a good speech"
1227377142,"Eine @Kirche, die sich allen Interessierten öffnet",A church that opens to all interested parties.
1227381654,Was Corona über Nacht aus Studierenden und Lehrenden macht (oder machen kann...) Gedanken aus der Fachdidaktik,What COVID-19 does (or can do) overnight to students and educators (or can make them become...) Thoughts from the field of educational science
1227381719,Nichts Neues bei den Masken,Nothing new on the masks
1227386990,Selbst Denken 200 Jahre Arthur Schopenhauers »Die Welt als Wille und Vorstellung« – Ausstellung in der Universitätsbibliothek,Thinking for Oneself 200 Years of Arthur Schopenhauer's »The World as Will and Representation« – Exhibition at the University Library
1227447310,Motorprüfstand als eingebettetes System innerhalb einer Fahrzeugsimulation,A motor testing station as an embedded system within a vehicle simulation
122755365X,Implantate der weiblichen Brust – Teil 2: Implantatkomplikationen,Implantation of the female breast – Part 2: Complications of the Implant
1227558414,5 Fragen an den Dessauer Zukunftskreis,5 Questions for the Dessau Future Circle
122755897X,"Für Sie gelesen: Variabilitäten von Schilddrüsenhormonen, Kreatinin und SDMA bei der Katze","Variation of thyroid hormones, creatinine, and SDMA in the cat"
122770304X,Flexibilisierte Beschäftigung und Bildungszeit - Chance oder Risiko? Befunde einer qualitativen Studie zur Zeitarbeit Flexibilized employment and time for education – opportunity or risk? Findings of a qualitative study on temporary work,Flexible employment and time for education – opportunity or risk? Findings of a qualitative study on temporary work
122770352X,Professionalisierung der wissenschaftlichen Weiterbildung als hochschulische Mehrebenenherausforderung,Professionalization of higher education as a multi-level challenge
1227704046,S-CLEVER. Schulentwicklung vor neuen Herausforderungen. Erste Ergebnisse der Schulleiter*innen-Befragung September und Oktober 2020 für die Schweiz,S-CLEVER. School Development Against New Challenges. Initial Results of the Headteacher Survey September and October 2020 for Switzerland
1227704089,Bildung im digitalen Wandel. Welche Bildungsgelegenheiten bietet das Bildungssystem? Education in digital change. Which educational opportunities does the education system offer?,Education in digital change. Which educational opportunities does the education system offer?
1227707096,Verpackt in Feedbackschleifen Einblicke in Digitale Lehrformate des digitalen Sommersemesters,Encapsulated in Feedback Loops Insights into Digital Teaching Formats of the Digital Summer Semester
1227782780,Geschichten der Vergangenheit bewahrt für die Zukunft – Heimatforscher im Erzgebirge,Stories of the past preserved for the future – local historians in the Ore Mountains
1227832508,Auswirkungen der pilzlichen Artengemeinschaft sowie ausgewählter Pilzenzyme und physikochemischer Totholzparameter auf die Zersetzung von 13 Baumarten im Nationalpark Hainich-Dün,Effects of the fungal species community and selected fungal enzymes and physical-chemical dead wood parameters on the decomposition of 13 tree species in the Hainich-Dun National Park
1227839227,Land und Herrschaft : die „Neue Verfassungsgeschichte“ und ihre Wirkung auf die Landesgeschichte im Süden Deutschlands,"Land and Rule: The ""New Constitutional History"" and Its Impact on Regional History in Southern Germany"
1227840616,Identität und Ausdruck: Einführung,Identity and Expression: Introduction
1227926057,Evaluierung der Herzfrequenzvariabilitätsmessung zur perioperativen Schmerzkontrolle bei Schweinen im Kastrationsmodell,Assessment of heart rate variability measurement for perioperative pain control in pigs in a castration model
1227963629,"Wörterbuch der Melancholie, Stichwort Überleben, uns selbst begründen","Dictionary of Melancholy, Keyword Survival, Justify Ourselves"
1227987242,Lean Management mit der 5S-Methode Praktische Anleitung für effiziente Arbeitsplatzgestaltung und reibungslose Prozesse,Lean Management with the 5S method: Practical guide to efficient workplace design and smooth processes
1227999879,Anmerkungen zur retrospektiven Erfassung von Lebensereignissen und Lebensbedingungen bei Verlaufsuntersuchungen Bewertung und Vergessen,Notes on the retrospective recording of life events and living conditions in follow-up studies Evaluation and Forgetting
1228059748,"Die @Koppelung von Wirtschaftsverbänden und Arbeitgeberverbänden Kartellrechtliche, arbeitsrechtliche und verfassungsrechtliche Aspekte","The coupling of economic associations and employer associations: legal, labor law, and constitutional aspects"
1228059799,Der @christliche Glaube und die Religionen Hauptvorträge des Evangelischen Theologen-Kongresses Wien 26.–30. September 1966,The Christian Faith and the Religions: Main Lectures of the Protestant Theologians' Congress Vienna 26–30 September 1966
1228072833,Futurhythmaschinen - Drum-Machines und die Zukünfte auditiver Kulturen,Futurhythmic Machines - Drum Machines and the Future of Auditory Cultures
1228269211,Zur Einführung,Introduction
1228269300,Worte des Gedenkens - Prof. Dr. Wolfgang Zimmermann für die Kommission für geschichtliche Landeskunde in Baden-Württemberg,Words of Remembrance - Prof. Dr. Wolfgang Zimmermann for the Commission for Historical Regional Studies in Baden-Württemberg
1228333750,Etablierung und Optimierung umweltfreundlicher Prozesse zur Modifikation steroidaler Verbindungen mittels Ganzzellkatalysen,Establishment and optimization of eco-friendly processes for the modification of steroidal compounds using whole-cell catalysts
1228372969,Meaning in Life oder: Die Debatte um das sinnvolle Leben – Überblick über ein neues Forschungsthema in der analytischen Ethik: Teil 1: Grundlagen,Meaning in Life: The Debate on a Meaningful Life – An Overview of a New Research Topic in Analytical Ethics: Part 1: Basic Concepts
122856129X,Metaphysik des Mittelalters,Metaphysics of the Middle Ages
1228627258,Experimentelle Untersuchung der Entstehung von Sekundärströmung in Turbinen-Ringgittern unter periodisch-instationärer Zuströmung,Experimental investigation of the occurrence of secondary flow in turbine ring lattices under periodic-instationary inflow
1228692890,"Segregierte Schulmilieus, variierende Unterrichtsbedingungen und Lernleistungen der Schülerinnen und Schüler. Eine Analyse mit Daten der Grundschulen in Rheinland-Pfalz 2015/16","Segregated school environments, varying teaching conditions, and learning outcomes of students. An analysis using data from elementary schools in Rhineland-Palatinate 2015/16"
1228721637,Ausschluss des „Anormalen“ – oder: Die Etablierung der Schweizer Primarschule als Regelschule,"Exclusion of the ""Abnormal"" – or: The Establishment of the Swiss Primary School as a Regular School"
122876185X,Mit den Augen der Psychoanalyse Der Blick in das Verborgene,The Gaze into the Hidden with the Eyes of Psychoanalysis
1228786690,"""Operation mitten im Ballsaal“ – die Pariser Friedenskonferenz 1919 als Krise der politischen Kommunikation","""The Paris Peace Conference of 1919 – the crisis of political communication"""
1228788103,"Wozu braucht Aristoteles den ""Geist von draußen"" in seinen biologischen Schriften?","Why does Aristotle need the ""external spirit"" in his biological works?"
1228788448,Epikie und Gradualität im Kontext von Barmherzigkeit im Postsynodalen Schreiben Amoris laetitia von Papst Franziskus,Epikie and Gradualitát in the context of mercy in the post-synodal exhortation Amoris laetitia of Pope Francis
1228859574,Untersuchung der Gefäßsteifigkeit von Aorta und Vena cava mittels Ultraschallelastografie,Study of aortic and vena cava elasticity using ultrasound elastography
1228911681,"Christian Wiese, Theologe Goethe, Deine Forscher","Christian Wiese, theologian Goethe, researcher"
1229036504,Das @neuartige Virus trifft auf die alten Verteilungsmechanismen: Warum die COVID-19-Pandemie zu mehr sozialer Ungleichheit führt,The novel virus meets the old distribution mechanisms: How the COVID-19 pandemic leads to greater social inequality
1229087605,Die @Rolle von Vanadium bei der Partialoxidation von Methacrolein zu Methacrylsäure an Heteropolysäuren Eine In-situ-Raman-Studie,The role of vanadium in the partial oxidation of methacrolein to methacrylic acid using heteropolyacids: An in-situ Raman study
1229139796,Upper Quarter Agility – Mehr als Koordinationstraining für die oberen Extremitäten,Upper Quarter Agility – More than just coordination training for the upper extremities
1229191887,Alles richtig gemacht? Das EGMR-Urteil zum Luftangriff im Kundus,All correct? The EU Court of Human Rights ruling on the air strike in Kundus
1229435115,Offene Werkstätten und Postwachstumsökonomien,Open workshops and post-growth economies
1229575081,Wie können Lieferketten mithilfe intelligenter Datennutzung und Datenintegration fit für die Zukunft gemacht werden?,How can supply chains be made future-proof using intelligent data utilization and data integration?
1229688889,Kunstunterricht digital?,Art class digital?
1229700013,Ein @Leben lang aktiv – sportbezogene Motive und Ziele über die Lebensspanne,A life long active – sport-related motives and goals over the life span
1229701230,Senkrechtstarterin 2020: David gegen Goliath,2020 Vertical Starter: David vs. Goliath
1229728023,Arbeit und Krise Erzählungen und Realitäten der Moderne,Work and Crisis: Narratives and Realities of Modernity
1229817786,Ethische Aspekte in der partizipativen Forschung – Reflexion von Herausforderungen und möglichen Beeinträchtigungen für Teilnehmende,Ethical aspects in participatory research – Reflection of challenges and potential impacts on participants
1229834745,Die @Zähringer - Rang und Herrschaft um 1200. Einleitung,The @Zähringer - Rank and Power around 1200. Introduction
1229834753,"Erbrecht, Lehnrecht, Konsens der Fürsten. Der zähringische Erbfall und die Etablierung neuer normativer Ordnungen um 1200","Succession law, feudal law, consensus of princes. The Saxon succession case and the establishment of new normative orders around 1200."
1229835768,Prävalenz supraventrikulärer Extrasystolen bei gesunden Dobermann-Pinschern und ihre Rolle im Rahmen der Diagnose der okkulten Dobermann-Kardiomyopathie,PREVALENCE OF SUPRAVENTRICULAR EXTRASYSTOLES IN HEALTHY DOBERMAN PINCHERS AND THEIR ROLE IN THE DIAGNOSIS OF THE OCCULT DOBERMAN CARDIOMYOPATHY
1229976485,Betriebliche Auswirkungen industrieller Servicerobotik am Beispiel der Kleinteilemontage,Operational Impact of Industrial Service Robotics as an Example of Small Part Assembly
1229987754,Supervision in Gruppen Gemeinsam lernen und erkennen,Supervision in groups. Learning and recognizing together
1230026010,Trauern in virtueller Gemeinschaft. Geteiltes Gefühl in Online Gemeinschaften,Mourning in virtual communities. Shared feeling in online communities
1230026177,CloudBooks - LOOP ein neues Autorentool,CloudBooks - LOOP a new author tool
123003675X,Abriß der Kirchengeschichte,The History of Christianity
1230062513,Synthese und Modiﬁzierung von Metallnanostrukturen für den Einsatz in elektrochemischen Anwendungen,Synthesis and modification of metallic nanostructures for use in electrochemically applications
1230065431,Laborstatistik für technische Assistenten und Studierende,Labor statistics for technical assistants and students
1230085165,"Das @Gute, Wahre und Schöne. Zur Aktualität der Lehre von den Transzendentalien","The Good, True, and Beautiful. On the Relevance of the Doctrine of the Transcendentalia"
1230102582,Herstellerabhängige Resultate des Schirmer-Tränentests,Manufacturer-dependent results of the Schirmer tear test
1230103074,Ein @Kitten kommt ins Haus! Was muss getan werden?,A kitten comes into the house! What must be done?
1230103481,Mitglieder von Sportvereinen: Empirische Befunde zum Wettverhalten und Ausmaß glücksspielbezogener Probleme,Members of sports clubs: Empirical findings on betting behavior and the extent of gambling-related problems
1230103554,Okuläre Thelaziose bei einem Hund in Deutschland – ein autochthoner Fall?,Ocular Thelaziosis in a Dog in Germany – an Autochthonous Case?
1230103570,Diagnostische Wertigkeit von Kotkulturen bei Hunden mit chronischer Diarrhö,Diagnostic significance of fecal cultures in dogs with chronic diarrhea
123013588X,"Vermummung, Durchsuchung, Ausschluss","Masking, Search, Exclusion"
1230323619,Klavier für Wiedereinsteiger für Dummies,Piano for Returning Learners for Dummies
1230407278,Distributionsbasierte Beschaffungsplanung im Flüssiggashandel - Ein robuster Ansatz zur Entscheidungsunterstützung,Supply Chain Planning in the Natural Gas Market - A Robust Approach for Decision Support
1230445226,Katzen als tierliche Akteure und 'companion animals' in der neueren japanischen Literatur,Cats as animal actors and 'companion animals' in recent Japanese literature
1230468838,"Thüringens Corona-Flanken Schließung des Binnenmarktes, Außenhandelsblockaden und krisenanfällige Branchen","Thuringia's market closure due to Corona, blockades of foreign trade, and crisis-prone industries"
1230550666,Untersuchung von Dünnschicht-Übergangsmetall-Chalkogeniden hinsichtlich ihrer elektrischen Eigenschaften Investigation of thin film transition metal chalcogenides regarding their electrical properties,Investigation of thin film transition metal chalcogenides regarding their electrical properties
123055114X,Metaorganismusforschung trifft Schule Wissenschaftskommunikation an der Universität zu Kiel,Metastudy of organisms meets school science communication at the University of Kiel
1230610200,Kulturelle Dimensionen des professionellen Handelns – eine empirische Rekonstruktion der Orientierungen von Lehramtsstudierenden,Cultural dimensions of professional practice – an empirical reconstruction of the orientations of teacher training students
1230625208,Analyse der funktionalen Beziehung zwischen der ESCRT-III Komponente Shrub/CHMP4 und ihrem Regulator Lgd/CC2D1,Analysis of the functional relationship between the ESCRT-III component Shrub/CHMP4 and its regulator Lgd/CC2D1
1230627901,Austreibung der Schatten? die fröhliche Wissenschaft gegen ihre neuen Bewunderer verteidigt,Expulsion of Shadows? The Joyful Science Defends Itself Against Its New Admirers
1230661506,Allgemeine Psychologie: Denken und Lernen,General Psychology: Thinking and Learning
1230691758,"Methanothermobacter — bedeutungsvoll für Wasser, Energie, Klima","Methanothermobacter — significant for water, energy, climate"
1230754792,Vorhofflimmern als prognostischer Faktor bei der Dilatativen Kardiomyopathie des Dobermanns im kongestiven Herzversagen,Atrial fibrillation as a prognostic factor in dilated cardiomyopathy in Dobermans with congestive heart failure
1230755403,Leitfaden zum Erstellen wissenschaftlicher Arbeiten im Studiengang Erziehungswissenschaft,Guide to Creating Scientific Papers in the Educational Science Degree Program
1230755500,"Guérard des Lauriers, Michel Louis-Bertrand","Gérard des Lauriers, Michel Louis-Bertrand"
123075573X,Perspektiven der Eschatologie bei Joseph Ratzinger,Perspectives of Eschatology in Joseph Ratzinger
1230755772,Opera trinitatis ad extra indivisa sunt: ein Grundaxiom der Trinitätstheologie in augustinischer Tradition,The opera of the Trinity are indivisible: a fundamental axiom of Trinitarian theology in the Augustinian tradition
1230755837,Martin Grabmann (1875-1949),Martin Grabmann (1875-1949)
1230755853,Liturgische Bezüge in der Tauf- und Eucharistielehre des Albertus Magnus,Liturgical elements in the baptism and Eucharistic theology of Albert the Great
1230756051,Das @Hohepriestertum Jesu Christi nach dem hl. Thomas von Aquin,The High Priesthood of Jesus Christ according to St. Thomas Aquinas
1230756124,Petrus Aureoli im Disput mit Thomas von Aquin und Johannes Duns Scotus über die Willensfreiheit Gottes,Petrus Aureoli in Dispute with Thomas Aquinas and Johannes Duns Scotus about God's Free Will
1230789510,Leadership ist gefragt!,Leadership is required!
1230796371,Insolventer Adel? Gant-Prozesse gegen Angehörige des mediatisierten Adels im Königreich Württemberg zur ‚Umbruchzeit’ im Kontext der Rechtsvorgaben des sich wandelnden Staates,Insolvent Nobility? Lawsuits against Members of the Mediatized Nobility in the Kingdom of Württemberg during the 'Transition Period' in the Context of the Changing Legal Framework of the State
1230797068,"Die @dialektische Lebenskunst von Guy Debord, Verworfener & Kulturschatz","The dialectical art of life by Guy Debord, Outcast & Cultural Treasure"
1230857737,"Die @Steuerberaterprüfung Prüfung 2021, Paket - Bände 1-3","The @Accountant Audit 2021, Package - Bundles 1-3"
1230870024,Das @gesamte Insolvenzrecht Ausgabe 2021; Die Rechtsgrundlagen für Ausbildung und Praxis,The entire Insolvency Law Edition 2021; The legal foundations for training and practice
1230938427,Erziehung durch Sport zum methodischen Einsatz von Sport in den Hilfen zur Erziehung,Education through sport for the purpose of methodically incorporating sport into procedures for fostering children
1230986529,Leonard Nelsons Ansatz einer axiomatischen Ethik,Leonard Nelson's approach to axiomatic ethics
1231066733,Keramische Hohlfasermembranen in einem Plasma-Membran-Reaktor,Ceramic hollow fiber membranes in a plasma membrane reactor
1231081287,Unterstützung von Aspekten kollaborativer Reflexion durch Prompts in Communities of Practice,Support for aspects of collaborative reflection through prompts in Communities of Practice.
1231274441,Kunst- und Bildgeschichte 1992 – 2010,Art and Visual History 1992 – 2010
1231274662,Der @Blick auf den Osten – eine Kunstgeschichte à part,The View Eastward – A Severed Art History
1231274735,Gibt es Individuen?,Does there exist individuals?
1231274913,Wilhelm Pinder,Wilhelm Pinder
1231275146,"Zwischenzeit. Richard Hamann und die Kunstpolitik in der SBZ/DDR, 1947–1957","Interim. Richard Hamann and Art Policy in the SBZ/DDR, 1947–1957"
1231284196,"Pathosformeln, Figuren und Erinnerungsmotive in Mozarts Zauberflöte","Pathosformulas, figures, and motifs of remembrance in Mozart's The Magic Flute"
1231359285,Ästhetische Wahrnehmung Von der Beobachtung zur Betrachtung,Aesthetic Perception From Observation to Contemplation
1231361700,"Grundlagen der mündlichen Kommunikation. Sprechpädagogische Informationsbausteine für alle, die viel und gut reden müssen",Basic principles of oral communication. Speech pedagogical informational building blocks for all who need to speak a lot and well.
123136257X,Heterogenes Kontaktmodell zur Mischreibungssimulation an Radialgleitlagern aus kurzfaserverstärkten Polymeren,Heterogeneous contact model for simulating mixed writing at radial sliding bearings made of short fiber-reinforced polymers
123143578X,Automatische Erzeugung langzeitverfügbarer Punktmerkmalskarten zur robusten Lokalisierung mit Multi-Kamera-Systemen für automatisierte Fahrzeuge,Automatic generation of long-term available point feature maps for robust localization with multi-camera systems for automated vehicles
1231455829,Der @Einfluss von E-Sport zur Steigerung des kundenwertbasierten Nutzungsverhaltens von Videospielern,The impact of E-sports on the customer value-based usage behavior of video gamers
1231527188,Reformpädagogik in türkischen Elementarschulen. Eine Untersuchung zum türkisch-deutschen Austausch über Erziehung und Unterricht in der ersten Hälfte des 20. Jahrhunderts,Pedagogical Reform in Turkish Elementary Schools. An Investigation into the Turkish-German Exchange on Parenting and Teaching in the First Half of the 20th Century
1231547022,Das @neue Staatliche Museum Ägyptischer Kunst in München,The New State Museum of Egyptian Art in Munich
1231547553,Das @Vaterbild als Thema der Ethnologie,The @Vaterbild as a theme of Ethnology
1231712961,Vielfalt und Verschiedenheiten: religionshermeneutische Perspektiven auf Pluralität,Diversity and Diversity: Hermeneutic Perspectives on Plurality
1231713003,Sozialverpflichtetes Lernen und Handeln: das Compassion-Projekt an staatlichen Schulen als kritisch-konstruktiver Beitrag zur Bildung verantwortlicher Heranwachsender,Socially responsible learning and action: the Compassion Project at state schools as a critical-constructive contribution to education for responsible young people.
123171302X,Sich orientieren - Orientierung suchen: verständigen,Seek orientation - seek orientation: understand
1231714018,"Breit über mein Haupt dein schwarzes Haar: vier auktoriale Versionen von Richard Strauss’ Schack-Vertonung op. 19/2, betrachtet unter performativem Aspekt","Over my head your black hair: Four Authoritative Versions of Richard Strauss' Schack Setting op. 19/2, Considered from a Performative Perspective"
1231714174,"Lexotanil, Dialysepatient und Lachgasjunkie: Bennenungsmotive bei Kletterrouten","Lexotanil, Dialysepatient, and laughing gas addict: Naming motives for climbing routes"
1231791128,Alte und neue Texte und Forschungen zu Valentin und den Anfängen der ‘valentinianischen’ Gnosis - Von J.E. Grabe und F.C. Baur bis B. Aland,Old and new texts and research on Valentin and the beginnings of the 'valentinianic' Gnosis - From J.E. Grabe and F.C. Baur to B. Aland
1231791500,Angespannte Verhältnisse – Universitätsprofessoren und ihre Kollegen an den Berliner Museen um 1900,Tense relations – University professors and their colleagues at Berlin museums around 1900
1231791640,Die @Krise einer philosophischen Bibeltheologie in der Alten Kirche oder: Valentin und die valentinianische Gnosis zwischen philosophischer Bibelinterpretation und mythologischer Häresie,The @Crisis of a philosophical exegesis in the ancient church or: Valentin and the Valentinian gnosis between philosophical biblical interpretation and mythological heresy
1231791667,Disziplin und Geselligkeit,Discipline and sociability
1231801441,Zur angeblichen musikalischen Notation in einer ägyptischen Osirisliturgie,On the supposed musical notation in an Egyptian Osiris liturgy
1231911409,Anwendung von Feinblasentechnologie in der Biokatalyse,Application of nanotechnology in biocatalysis
1231948647,Karl Anton Nowotny †,Karl Anton Nowotny
1231960124,Das @Reichs-Konkursrecht,The Reich Concurrency Law
1231980729,Der @Eigensinn des Körpers,The @Intuition of the body
1232072133,Eigenkapitalkostensatz mit dem CAPM berechnen,Calculate the cost of equity with the CAPM
1232072745,Jeder schweigt für sich allein,Each one is silent for oneself
1232073083,Eurozentrismus und strategische Interessen in der Wissensproduktion über Migration in den 1940er und 1950er Jahren,Eurocentrism and strategic interests in the production of knowledge about migration in the 1940s and 1950s
1232075493,Fachdidaktische Konzepte Sport II Themenfelder und Perspektiven,Didactic Concepts of Sports II: Topics and Perspectives
1232284769,Ethische Leitlinien für pädagogische Beziehungen,Ethical guidelines for pedagogical relationships
1232285234,"Wieder gelesen: Heinz Steinert (1942-2011): ""Widersprüche, Kapitalstrategien und Widerstand oder: Warum ich den Begriff ""Soziale Probleme"" nicht mehr hören kann"" (1981) und ""Über den Import, das Eigenleben und mögliche Zukünfte von Begriffen: Etikettierung, Devianz, Soziale Probleme usw."" (2006)","Reread: Heinz Steinert (1942-2011): ""Contradictions, Capital Strategies, and Resistance or: Why I Can No Longer Stand the Term 'Social Problems'"" (1981) and ""On the Import, Autonomy, and Possible Futures of Concepts: Labeling, Deviance, Social Problems, etc."" (2006)"
1232313793,Quantentechnologien im Praxischeck — Konzepte und Anwendungsfelder,Quantum technologies in practice — concepts and fields of application
1232401455,Fachkräftemangel oder Machkräftemangel? Warum Personalprobleme oft hausgemacht sind,Skill shortage or power shortage? Why personnel problems are often home-cooked
1232403938,Journal Club,Journal Club
1232406228,Untersuchung der Hybridisierungskinetik kurzer DNA-Doppelstränge mit der neuartigen Einzelmolekül-Methode Tethered Multi-Fluorophore Motion,Study of the hybridization kinetics of short DNA double strands using the novel single-molecule method Tethered Multi-Fluorophore Motion
1232407542,Die @Optimierung des Luftwiderstands in der Fahrzeugaerodynamik unter Anwendung der Adjungiertenmethode,The optimization of the aerodynamic drag in vehicle aerodynamics by applying the Adjoint method
1232413623,Methode zur Online-Diagnose der Verschmutzungen von Dampferzeugermembranwänden,Method for Online Diagnosis of Contaminant Detention on Steam Generator Membrane Walls
1232488097,Stresstest Corona Welches Management funktioniert. Und warum.,Stress test COVID-19: Which management works? And why.
1232488313,Männerwürde,Honor
1232488704,Die @Zeit der leeren Kirchen Von der Krise zur Vertiefung des Glaubens,The Time of Empty Churches From Crisis to Deepening of Faith
1232496596,Diversifizierung des Proteoms durch RNA-Editierung,Diversification of the proteome by RNA editing
1232534870,"„Siehe, ich nehme das Vergnügen der Abrechnung auf mich!"" Scherz, Satire, Ironie und andere Emotionen in nichtliterarischen Texten aus Deir el-Medineh","""Behold, I take the pleasure of the reckoning upon myself!"" Jest, satire, irony and other emotions in non-literary texts from Deir el-Medineh"
1232551953,Sexuelle und geschlechtliche Vielfalt,Sexual and gender diversity
1232576700,Untersuchungen zur elektrochemischen Regulation der Musterbildung im Ovar von Drosophila melanogaster,Investigations into the electrochemical regulation of pattern formation in the ovary of Drosophila melanogaster
123264580X,Außerschulischer Lernort Orgel: empirische Untersuchung eines Orgelführungsprojektes als Education-Angebot einer Kirchengemeinde in Kooperation mit allgemeinbildenden Schulen,Out-of-School Learning Space Organ: Empirical Study of an Organ Leadership Project as an Educational Offering of a Parish in Collaboration with General Education Schools
1232646075,Argumentieren mit Nichtwissen: die Risikokurse über Mobilfunk und Grüne Gentechnik,Argumentating with ignorance: the risks of mobile communication and green genetic engineering
1232811629,Deutsches Beamten-Jahrbuch Baden-Württemberg Jahresband 2021,German Public Employees Yearbook Baden-Württemberg Annual Volume 2021
1232815187,Wirkung von Komplementinhibitoren auf die komplementvermittelte Hämolyse durch Kälteautoantikörper,Effect of complement inhibitors on complement-mediated hemolysis by cold autoantibodies
1232816698,Das @Herz auf der Waage. Schuld und Sünde im Alten Ägypten,The Heart on the Scale. Guilt and Sin in Ancient Egypt
123289480X,Recycling von minderwertigen Aluminiumschrotten,Recycling of low-quality aluminum scraps
1232913626,QITA Toolkit - Karten zum Buch,QITA Toolkit - Map to the Book
123291682X,"Rollentraining für Radsportler und Triathleten Equipment, Software, Trainingspläne","Role training for cyclists and triathletes Equipment, software, training plans"
1233007580,Die @literarische Körperkodierung des Décadent,The literary somatic coding of the Decadent.
1233012762,Auctor & Actor. Formen auktorialer Präsenz in antiken Dialogen,Writer & Speaker. Forms of auctorial presence in ancient dialogues
123301286X,Monotheismus,Monotheism
1233018388,Rezidivierende Fehlgeburten: eine Belastungsprobe für die Partnerschaft,Recurrent miscarriages: a test for the relationship
1233108824,Schuldrecht Besonderer Teil Einführung,Contract Law Particular Part Introduction
1233109995,Populationsbilanz-basierte und morphologische Modellierung von Kristallisationsprozessen,Population balance and morphological modeling of crystallization processes
1233113666,Die @Biochemie-Studiengänge bekommen mehr Sichtbarkeit,Biochemistry degree programs gain more visibility
1233113682,Regulation von ABC-Transportern durch FKBPs,Regulation of ABC transporters by FKBPs
1233182358,Das @Fiktionalitätsdilemma Zu einem poetologischen Problem und seiner historisch-narratologischen Auflösung,The Fictionality Dilemma: A Poetological Problem and Its Historical-Narratological Resolution
1233194585,"Was alle werden wollen, aber niemand sein will – alt! Leidfaden 2021, Heft 1","What everyone wants, but no one wants to be – old! Leidfaden 2021, Issue 1"
1233200615,Risikofaktoren der Late-Onset Sepsis bei Frühgeborenen,Risk factors for late-onset sepsis in premature infants
123327421X,„Errare humanum est“? Selbstbildung und Subjektivierung durch Fehlleistung 120 Jahre Zur Psychopathologie des Alltagslebens – Teil II,"""To err is human""?: Self-education and subjectivization through error 120 years on the psychology of everyday life – Part II"
1233286293,Struktur und Dynamik binärer komplexer Plasmen,Structure and Dynamics of Binary Complex Plasmas
123329492X,Das @Spiel Die Welt des Fußballs,The @Game The World of Soccer
1233336320,Die @Relevanz der Bilder für die Tier-Mensch-Relationalität Kasseler Tierbilder zwischen Wunderkammer und dOCUMENTA (13),The Relevance of Images for the Animal-Human Relationship: Kassel Animal Images between Wunderkammer and dOCUMENTA (13)
1233418912,Gut kommunizieren als Führungskraft Wie praxisbezogene Kommunikation zu mehr Produktivität und besseren Ergebnissen führt,Effective Communication as a Leader: How Practice-Oriented Communication Leads to Increased Productivity and Better Results
1233427873,Reproduzierbarkeit und Validität des ICDAS zur Diagnose der okklusalen Karies - ein Vergleich zwischen der Untersuchung extrahierter Zähne und digitalen Abbildungen,Reproducibility and validity of ICDAS for diagnosing occlusal caries - a comparison between the examination of extracted teeth and digital images
1233461494,"Über drei Arten von Kausalität in Erziehungs- und Bildungsprozessen und ihre Bedeutung für Didaktik, Unterrichtsforschung und empirische Bildungsforschung On three forms of causality in educational processes and their impact on didactics, research on teaching and learning and empirical educational research","Three forms of causality in educational processes and their impact on didactics, research on teaching and learning, and empirical educational research"
1233462555,"Corona, die Frage nach der Bildungsgerechtigkeit und eine erste Antwort aus schulischer Sicht Corona, the question of educational equity and a first answer from a school perspective","Corona, the issue of educational equity and a first answer from a school perspective"
1233601377,Was kosten uns Lebensmittel wirklich? Ansätze zur Internalisierung externer Effekte der Landwirtschaft am Beispiel Stickstoff,"The true cost of our food: Investigating the internalization of external effects of agriculture, using the example of nitrogen"
123360225X,Anpassung der Lehrmethoden von Dozierenden in berufsbegleitenden Studiengängen und Weiterbildungszertifikaten an digitale Gegebenheiten,Adaptation of teaching methods by instructors in part-time degree programs and professional development certificates to digital conditions
1233678582,Untersuchungen zur Phosphorylierung von Rhodopsin und deren Einfluss auf die Arrestin-Rhodopsin-Bindung,Investigations into the phosphorylation of rhodopsin and its effect on the arrestin-rhodopsin binding
1233678760,„Digitale Bildung“ — ein Bildungskonzept?,"""Digital education"" — an education concept?"
1233791389,Das @Oratorium als Oper. Händels Belshazzar,The Opera as a Oratorio. Handel's Belshazzar
1233868977,Bleiben Belohnung und Anerkennung in virtuellen standortverteilten Teams auf der Strecke? – Reward and Recognition Systeme als Lösungsansatz,Do rewards and recognition fall by the wayside in digitally distributed teams? – Reward and Recognition Systems as a Solution
1233957171,Karl IV. Der europäische Kaiser,Emperor Charles IV
1233967401,Positiv Führen für Dummies,Positive Leadership for Dummies
1233967940,Hochaufgelöste Visualisierung einzelner Moleküle auf ganzen Zellen,High-resolution visualization of individual molecules on entire cells.
1233986716,Ist die VR China eine ökonomische Bedrohung oder ein ökonomischer Partner für die USA? Eine handelspolitische Analyse unter dem Aspekt der internationalen Wettbewerbsfähigkeit,Is China a economic threat or an economic partner for the USA? A trade policy analysis under the aspect of international competitiveness
1234013614,KIT: Enorme Beschleunigung für die Medikamentenforschung,Tremendous acceleration for the research on medicines
1234015838,„Riding Soundness“ – die orthopädische Gesundheit von Reitpferden auf dem Prüfstand,"""Soundness of Riding"" – the orthopaedic health of riding horses on trial"
1234017814,WNBA-Basketballspielerinnen: Leistung nach vorderer Kreuzbandrekonstruktion,WNBA Players: Performance After ACL Reconstruction
1234017873,"Mycoplasma bovis – Klinik, Diagnostik und Bekämpfung","Mycoplasma bovis – Clinic, Diagnosis, and Treatment"
123406667X,Wissen und Heterogenität in der Produktentwicklung,Knowledge and Heterogeneity in Product Development
123406670X,IM-UX – Fragebogen zu intrinsischer Motivation in der User Experience,IMP-UX – Survey on Intrinsic Motivation in User Experience
1234158876,Pathosformeln in Händels Rinaldo,Pathosformulas in Handel's Rinaldo
1234240300,Die @Stimmen der Stadt. Zur musikalischen Dramaturgie des Geräuschs am Beispiel von Fritz Langs M,The Voices of the City. On the Musical Dramaturgy of Sound in the Example of Fritz Lang's Metropolis
1234241463,Musikalische Illustration und Erzählform. Musik im Stummfilmkino,Musical illustration and storytelling. Music in silent film theaters
1234243679,Indeterminitically Determined. Partizipationsversprechen von Nam Jun Paiks Fernsehkunst,Indeterminately Determined. Participation Promise of Nam Jun Paik's Television Art
1234244918,Filme für Musik. Edgard Varèse und Bill Viola,Music Movies. Edgard Varèse and Bill Viola
1234389991,Die @Datenschutzgerichtsbarkeit im Bereich der Deutschen Bischofskonferenz als Vorstufe einer Errichtung von allgemeinen lokalen Verwaltungsgerichten?,The data protection oversight in the area of the German Bishops' Conference as a prelude to the establishment of general local administrative courts?
1234390078,Die @Ansprache Papst Franziskus' vom 25. Januar 2020 vor der Römischen Rota,Pope Francis' Address on the 25th of January 2020 to the Roman Rota
1234391503,"Schöpfung durch Verlust. Band I: Vulnerabilität, Vulneranz und Selbstverschwendung nach Georges Bataille","Creation by Loss. Volume I: Vulnerability, Vulnerance, and Self-Waste after Georges Bataille"
1234392542,Alt-Right-Affekte. Provokationen und Online-Taktiken,Alt-Right Effects. Provocations and Online Tactics
1234395096,"Einige Fragen, das Verhältnis von Materie und Relation betreffend",Some questions concerning the relationship between matter and relation
1234395428,Zirkulationen des Kreises. Von der Regulation zur Adaption,Circulations of the circle. From regulation to adaptation
1234396769,»Statusgruppen sind anachronistisch«,"""Status groups are archaic."""
1234466945,Geocaching – das Spiel mit Geodaten,Geocaching – the game with geodata
1234500760,Inventar der Falkensteiner Burgen,Inventory of the Falkenstein Castles
1234563797,Die @archäologische Erforschung des frühen Mittelalters in der Schweiz zwischen 1945 und 1990,Archaeological research on early medieval Switzerland between 1945 and 1990
1234639998,Achtsamkeit — und ihre Rolle in der Arbeitswelt 4.0,Mindfulness — and its Role in the Workplace 4.0
1234680971,Kunstfeld und Künstlerhabitus in Südafrika zu Beginn des 20. Jahrhunderts,Art field and artist habitus in South Africa at the beginning of the 20th century
1234873680,Bebauungsplan zur Freihaltung des Außenbereichs von baulichen Anlagen,Zoning plan for the preservation of the open area from structural facilities
1234911809,Modulhandbuch Master Mechatronik Studienordnungsversion: 2014,"Module Handbook Master's Degree in Mechatronics, Study Program Version: 2014"
1234912406,Mutanten im RES-Oxylipin Signalweg von Arabidopsis thaliana,Mutants in the RES-Oxylipin signaling pathway of Arabidopsis thaliana
123498380X,Mit der Mehrwertsteuer und mit Verbrauchsteuern ökologisch lenken,"With value-added tax and consumption taxes, we can guide in an ecological way"
1234988275,Das @Imperium Romanum als Wirtschaftsraum,The Roman Empire as an economic space
1235016358,Neue Arzneimittel für Pferde und landwirtschaftliche Nutztiere 2020,"New Antibiotics for Horses and Livestock, 2020"
1235017249,Evidenz-basierter Hufbeschlag–Was gibt es Neues?,Evidence-based hoof care: What's new?
123501827X,"Vorkommen, Vorbericht und klinisches Bild der Neuropathie des Nervus tibialis bei Deutsch-Holstein-Kühen","Occurrence, Pre-report, and clinical picture of tibial nerve neuropathy in German Holstein cows"
1235018792,Die @Wikinger,The Vikings
1235019098,"Psychologie Grundlagen, Methoden, Therapien","Psychology Basics, Methods, Therapies"
1235083276,People Analytics muss den Menschen zugutekommen Eine ethische Analyse datengesteuerter algorithmischer Systeme im Personalmanagement,People Analytics must benefit people An ethical analysis of data-driven algorithmic systems in human resources
1235138542,Lebenswege erzählen Rekonstruktion biographischer Bewältigungsstrategien von Adoleszenten am Übergang Schule-Beruf,Life paths Reconstructing biographical coping strategies of adolescents at the school-to-work transition
1235148335,Restlebenserwartung als Kriterium bei der Triage? – Contra,Lifespan as a criterion for triage? – Against
1235152871,Big Data im Profifußball,Big Data in Professional Football
1235210170,"""Migration"" - Wanderungsbewegungen, Parallelgesellschaften, Milieus, Bildung - und die Perspektiven ihrer Beobachtung. Ein Gespräch mit Wolfgang Kaschuba Migrations - movement, parallel societies, milieus, education - and perspectives of observation. An interview with Wolfgang Kaschuba","""Migration"" - Movement, Parallel Societies, Milieus, Education - and perspectives of observation. An interview with Wolfgang Kaschuba"
1235300153,Untersuchung der porösen Materialien auf ihre Sorptionseigenschaften für die Adsorptionswärmeanwendung,Investigation of porous materials for their sorption properties for the adsorption heat application
1235489159,"Vergabemindestlohn und Tariftreue in Brandenburg Stellungnahme anlÃ¤sslich der Expert*innenanhÃ¶rung zur Reform des Brandenburgischen Vergabegesetzes im Ausschuss fÃ¼r Wirtschaft, Arbeit und Energie des Landtags Brandenburg am 17. Februar 2021","Minimum wage and tariff loyalty in Brandenburg Statement on the expert hearing on the reform of the Brandenburg State Procurement Act in the Committee for Economy, Work and Energy of the Brandenburg Parliament on February 17, 2021"
1235515613,Herbstgold,Autumn Gold
1235621081,Kennzahlensysteme in Virtuellen Unternehmen der Luftfahrtzulieferindustrie,Identification systems in virtual companies of the aviation supply industry
1235621251,Eine @unternehmensübergreifende Knowledge Community für die Medizintechnikbranche,A cross-enterprise knowledge community for the medical technology industry
1235622851,eXperience based training – Eine Community Plattform für Dozierende,Experience-based training – A Community Platform for Instructors
123568721X,Allergien bei Tieren phytotherapeutisch therapieren,Treat animal allergies with phytotherapy
1235720969,Ästhetik der Zweideutigkeit in François Raguenets Urteilen über italienische Oper und antike Statuen,Aesthetics of Ambiguity in François Ragueneau’s Judgments on Italian Opera and Ancient Statues
1235722007,Frieden schließen auf Konzilien? Zwei Beispiele aus dem vierten Jahrhundert,Reconciling on Councils? Two examples from the fourth century
1236383974,"Körper, Haut und Hülle Ausdrucksformen von Körper und Leib in der Performancekunst – eine phänomenologische Einzelfallstudie im Kunstunterricht der Sekundarstufe II","Bodies, Skin, and Shell: Expression of Body and Self in Performance Art – A Phenomenological Case Study in Secondary Art Education"
1236385659,Zeit - zur Entwicklung des Zeitverständnisses eine historische Übersicht,A historical overview of the development of the understanding of time
1236543815,Grünleguminosen als Eiweiß- und Raufuttermittel in der ökologischen Masthühnerfütterung,Legumes as protein and roughage feed for organic broiler production
123655082X,"Arbeit oder Muße : über eine moderne, aber falsche Alternative",Work or Leisure: On a Modern but False Alternative
1236575067,Traum und Raum in den Oneirokritika des Artemidoros von Daldis,Dream and Space in Artemidoros of Daldis' Oneirocritica
1236630475,Die @mediale Konstruktion von E-Sport als Sportart,The medial construction of e-sports as a sport
1236692063,Neue Ansätze zur Entwicklung von Modulatoren der homodimeren tRNA-Guanin-Transglycosylase,New approaches to the development of modulators of homodimeric tRNA guanine transglycosylase
1236694627,Die @polaren Nanoregionen in Na1/2Bi1/2TiO3–BaTiO3 und ihre Dynamik: Eine Untersuchung mittels Neutronenstreuung,Polar Nanoregions in Na1/2Bi1/2TiO3–BaTiO3 and their Dynamics: A Study Using Neutron Scattering
1236732561,Ehrenpromotion Kai Friedrich Schade - 30. Januar 2008 Reden zur Ehrenpromotion Kai Friedrich Schade - 30. Januar 2008,"Ehrenpromotion Kai Friedrich Schade - January 30, 2008 Speeches for the Ehrenpromotion Kai Friedrich Schade - January 30, 2008"
1236732618,"Staat und Kirche Vorträge der Tagung zum Thema 'Staat und Kirche' vom 26. bis 29. Oktober 2009, aus Anlass zum 600jährigen Bestehen der Universität Leipzig","Public lectures of the conference on 'State and Church' from 26th to 29th October 2009, in celebration of the 600th anniversary of the University of Leipzig"
1236750829,Dennoch: Pädagogik. Implikationszusammenhang von Gesellschafts- und Selbstkritik zwischen Substanzerkenntnis und Revision der Pädagogik,Nevertheless: Pedagogy. Implicative connection between society and self-criticism between substance recognition and revision of pedagogy
1236776747,Augsburg und die Authentizität des städtischen Kulturerbes: Erinnerungsorte zwischen historischen und identitätspolitischen Wertigkeiten,Augsburg and the Authenticity of the municipal cultural heritage: Memorial sites between historical and identity-political values
1236813286,Ungestörte Auslösbarkeit der Rubber-Hand-Illusion bei Patienten mit Komplexem Regionalem Schmerzsyndrom (CRPS),Uninterrupted triggering of the rubber hand illusion in patients with Complex Regional Pain Syndrome (CRPS)
1236814231,Analyse der Interaktionen im direkten Block als vorbereitende und abschließende Angriffshandlung in zufällig ausgewählten Hauptrundenspielen der easyCredit Basketball Bundesliga 2017/18,Analysis of interactions in the direct block as preparatory and final attack actions in randomly selected main round games of the easyCredit Basketball Bundesliga 2017/18
123681424X,100 Jahre Sportwissenschaft in Deutschland – und wo steht die Sportpädagogik?,100 Years of Sports Science in Germany – and where does Sports Pedagogy stand?
1236842154,Untersuchung der metabolischen Aktivitäten mikrobieller Lebensgemeinschaften mittels Enzymaktivitäten im bedarfsgerechten Biogasprozess,Investigation of the metabolic activities of microbial communities using enzyme activities in demand-driven biogas processes
1236846680,Literarisierung von Musik als Intermedialitätsphänomen. Exemplarische Betrachtung der oratorischen Rezeption Dantes und Goethes bei Wolf-Ferrari und Berlioz,Literarization of music as an intermedial phenomenon. Exemplary examination of the oratorical reception of Dante and Goethe by Wolf-Ferrari and Berlioz
1236900030,Machtvoll und vermachtet: Verhandlungen um KörperSubjekte und Technik,Powerful and united: negotiations about body-subjects and technology
1236900618,"Vertragliche, tatsächliche und gewünschte Arbeitszeiten","Contractual, actual and desired working hours"
1236901002,Soziale Integration im Quartier: Förderung von Netzwerken und Begegnungen in zwei benachteiligten Sozialräumen Dortmunds,Social integration in the neighborhood: Promotion of networks and encounters in two disadvantaged social spaces in Dortmund
1237080754,Bewegendes Staatsgeschenk,Gift of the state
1237080967,Studierende »beschatten« Professionals – online Online-Job-Shadowing des Career Service für internationale Studierende im vollen Gange,"Students ""shadow"" professionals – online Career Service job shadowing for international students is in full swing"
1237105706,"Lykaon, der Wolfsmann, und Mary Shelleys Frankenstein, or, The Modern Prometheus","Lycaon, the Wolfman, and Mary Shelley's Frankenstein, or, The Modern Prometheus"
1237107989,Durchführbarkeit von Schwefelhexafluorid-Multiple-Breath- Washouts bei erwachsenen Patienten mit chronisch obstruktiver Lungenerkrankung (COPD),Feasibility of sulfur hexafluoride multiple breath-washouts in adult patients with chronic obstructive pulmonary disease (COPD)
1237164176,Erfolgreich mit Persönlichkeit und Charisma,Successful with personality and charisma
1237221757,Radiologische Befunderhebung und biometrische Referenzwertetablierung an Facettengelenken und Wirbelkanal der Halswirbelsäule an 84 Warmblutpferden im Alter von unter 3 Jahren,Radiological evaluation and biometric reference value establishment at facet joints and vertebral canal of the cervical spine in 84 warm-blooded horses under 3 years old
123726863X,"""Wissen"" und ""Handeln"" bei Yamaga Sokō","""Knowledge"" and ""action"" in Yamaga Sokō"
123732002X,Messung des 478 keV Gammaproduktionsquerschnitts nach inelastischer Streuung an 7Li,Measurement of the 478 keV gamma production cross section after inelastic scattering at 7Li
1237495849,Zwischen Ortsverein und Cyber-Party: Auswirkungen neuer Medien auf Parteien als Organisationen,Between local chapter and cyber-party: Effects of new media on parties as organizations
1237498945,Aktuelle Kriminalromane für ein junges Lesepublikum,Current crime novels for a young readership
1237618177,Beyond Selling - Quo vadis Vertrieb?,"Beyond Selling - Where are we going, Sales?"
1237623049,Nachwort: Saul Kripke – ein Sokrates unserer Zeit,Afterword: Saul Kripke – a Socrates of our time
123768482X,Interprofessionelle Bedarfsermittlung von Kommunikationsfähigkeiten und Evaluation von Schauspielereinsatz im Kommunikationstraining in der Tiermedizin,Interprofessional assessment of communication skills and evaluation of actor deployment in communication training in veterinary medicine
1237685516,Leistungsfähigkeit von Jugendfußballern bei sportmotorischen Schnellkraftdiagnostiken,Performance of youth footballers in sport-motor performance tests
1237746884,Wege zum Sportstudium Voraussetzungen - Berufsfelder - Eigungsprüfung,Paths to a degree in sports science - Prerequisites - Fields of application - Suitability test
1237747155,Parkour Das große Theorie- und Praxisbuch,Parkour: The Big Theory and Practice Book
1237815592,Schwimmfähigkeit der muslimischen Kinder. Die Situation von Kindern mit Migrationshintergrund muslimischen Glaubens im Schwimmen am Beispiel einer Bielefelder Grundschule,"Swimming ability of Muslim children. The situation of children with a migration background of the Muslim faith in swimming, as an example of a primary school in Bielefeld"
1237815622,Artistic Thinking als Motor für Innovationskraft,Artistic Thinking as a Driver of Innovative Power
1237884179,Bedarfsorientierte Sanktionen,Demand-oriented sanctions
1237892139,Inflation in Entwicklungsländern als strukturbedingtes Problem.,Inflation in Developing Countries as a Structural Problem.
1237894387,"Die @Hoffinanz und der moderne Staat. Geschichte und System der Hoffaktoren an deutschen Fürstenhöfen im Zeitalter des Absolutismus. Nach archivalischen Quellen. 6. Bd.: Studien zur Wirtschafts-, Finanz- und Gesellschaftsgeschichte rheinisch-westfälischer Kirchenfürsten im letzten Jahrhundert","The Hope Finance and the Modern State. History and System of Hope Factors at German Princely Courts in the Age of Absolutism. Based on Archival Sources. 6th Vol.: Studies on Economic, Financial, and Social History of Rhineland-Westphalian Church Princes in the Last Century"
1237895073,Das @ausländische Strafrecht der Gegenwart. Bd. 3.: Chile – England – Griechenland – Österreich.,The International Criminal Law of the Present. Vol. 3: Chile – England – Greece – Austria.
1237895820,Die @Entstehung einer Revolution. Die Volksstimmung in Bayern während des Ersten Weltkrieges.,The emergence of a revolution. The public mood in Bavaria during World War I.
1237896266,"Die @Befehls- und Kommandogewalt. Begriff, Rechtsnatur und Standort in der Verfassungsordnung der Bundesrepublik Deutschland.","The Power of Command and Control. Concept, Legal Nature, and Place in the Constitutional Order of the Federal Republic of Germany."
1237896533,Wesen und Rechtsnatur der parlamentarischen Fraktionen.,Nature and legal status of parliamentary factions.
1237896665,Interdependenzen von Politik und Wirtschaft. Beiträge zur Politischen Wirtschaftslehre. Festgabe für Gert von Eynern.,Interdependences of Politics and Economy. Contributions to Political Economy. Festschrift for Gert von Eynern.
1237898390,Stimmung und Transzendenz. Die Antizipation der existenzanalytischen Stimmungsproblematik bei Ignatius von Loyola.,Mood and Transcendence. The anticipation of the existential analytic problem of mood in Ignatius of Loyola.
1237899257,Die @Änderung gesetzlicher Regelungen durch einfache Rechtsverordnung. Zugleich ein Beitrag zur Bestimmung des Kernbereichs der gesetzgebenden Gewalt.,"The change of legal regulations through a simple legal ordinance. At the same time, a contribution to the determination of the core area of the legislative power."
1237937671,Herausforderungen in der Kommunikation und Vermarktung von Produkten gefährdeter Nutztierrassen,Challenges in communication and marketing of endangered farm animal breeds
1237958962,Rechtlicher Einfluß von Wirtschaftsgruppen auf die Staatsgestaltung.,Legal influence of economic groups on state formation.
1237958989,Die @Zumessung der Disziplinarmaßnahmen.,Disciplinary measures
1237959675,"Möglichkeiten und Grenzen einer Anwendung der Kosten-Ertrags-Analyse in der Strukturpolitik. Spezielle Untersuchungen für den Bereich der Agrarstruktur-, Regional- und Bildungspolitik.","Possibilities and limitations of applying cost-benefit analysis in structural policy. Special studies for the areas of agricultural structure, regional, and education policy."
1237960398,Petitionsausschuß und Plenum. Zur Delegation von Plenarzuständigkeiten. Mit Gesetzestexten und Materialien zum Petitionsverfahren.,Petitions Committee and Plenum. On the delegation of plenary powers. With legal texts and materials on the petition process.
1237961041,Territoritalitätsprinzip im Patentrecht und Gemeinsamer Markt. Eine Untersuchung von nationalem Patentrecht und EWG-Vertrag unter besonderer Berücksichtigung des Problems der sog. Parallelimporte. Zugleich ein Beitrag zum Verhältnis von Europäischem Gemeinschaftsrecht und Mitgliedstaatenrecht.,The territoriality principle in patent law and the common market.
1237962137,Wehrbeauftragter und Gewaltenteilung. Zur Erfüllbarkeit von Emanzipationsansprüchen an parlamentarische Kontrolle.,Defense commissioner and separation of powers. On the feasibility of emancipation claims on parliamentary control.
123796282X,Untersuchungen zur Stufenbaulehre Adolf Merkls und Hans Kelsens.,Investigations into the step-by-step construction theory of Adolf Merkl and Hans Kelsen.
1237964490,Grundpflichten und Grundgesetz.,Duties and Basic Law.
123796542X,Das @Prinzip der Eigentumsopferentschädigung im Zivilrecht und im öffentlichen Recht. Untersuchungen zu Inhalt und Geltungsbereich des verfassungsrechtlichen Entschädigungsgebots nach Art. 14 GG.,The principle of indemnification for property loss in civil law and public law. Investigations into the content and scope of the constitutional mandate for compensation under Article 14 GG.
1237966981,"Pressefreiheit, Berufsfreiheit, Eigentumsgarantie. Zugleich ein Beitrag zur Problematik von Grundrechtskonkurrenzen.","Freedom of the press, freedom of profession, guarantee of property. At the same time a contribution to the problem of conflicts of fundamental rights."
1237967066,Nebenbestimmungen und Verwaltungsprozeß.,Accessories and administrative process.
1237967562,Untersuchungen zur Lehre von den Ordnungswidrigkeiten. 2. Halbbd.: Geltendes Recht und Kritik. Nach dem Tode des Verfassers hrsg. und bearb. von Herta Mattes.,Research on the Doctrine of Administrative Offenses. 2nd Half: Current Law and Criticism. Edited and prepared by Herta Mattes after the author's death.
1237968941,Die @Inhaltskontrolle vorformulierter Verträge des allgemeinen Privatrechts. Zum Spannungsverhältnis der Kontrollverfahren aufgrund des AGB-Gesetzes und § 242 BGB.,The Pre-contractual Control of Standard-form Contracts in Private Law. Regarding the Relationship between Control Procedures under the German Civil Code (BGB) and the Act on General Terms and Conditions (AGB-Gesetz).
1237969379,Banken in der kartellrechtlichen Fusionskontrolle.,Banks in cartellrechtliche merger control.
123796976X,Überlegungen zum Einfluß biosoziologischer Strukturen auf das Rechtsverhalten.,Considerations on the influence of biosocial structures on legal behavior.
1237969778,Die @Beweislast im Verwaltungsrecht. Zur Verteilung des Aufklärungsrisikos im Verwaltungsprozeß.,The burden of proof in administrative law. On the distribution of the risk of information in the administrative process.
1237971071,Das @parlamentarische Regierungssystem der Bundesrepublik Deutschland auf dem Prüfstand. Seminar zum 70. Geburtstag von Karl August Bettermann.,The parliamentary government system of the Federal Republic of Germany under scrutiny. Seminar on the 70th birthday of Karl August Bettermann.
1237974143,Staat und Kirche im 19. und 20. Jahrhundert. Dokumente zur Geschichte des deutschen Staatskirchenrechts. Bd. IV: Staat und Kirche in der Zeit der Weimarer Republik.,State and Church in the 19th and 20th Centuries. Documents on the History of German State Church Law. Vol. IV: State and Church in the Time of the Weimar Republic.
1238004741,Gesunde Faszien. Ihr Trainingsprogramm Weniger Schmerzen - mehr Beweglichkeit,Healthy Fascia. Your Training Program Less Pain - More Mobility
1238074537,Das @Zusammenspiel von emotionalem Erleben und motivationalen Aspekten in kollaborativen Situationen,The interplay of emotional experience and motivational aspects in collaborative situations
1238147631,Transgenerationale Weitergabe von belastenden Kindheitserfahrungen – Einfluss von mütterlicher psychischer Belastung auf die kindliche Entwicklung,Transgenerational transmission of burdensome childhood experiences – Influence of maternal psychological burden on child development
1238148301,Untersuchung von Filtrationsmechanismen in Membranfiltrationsverfahren mittels NMR,Study of filtration mechanisms in membrane filtration processes using NMR
1238222269,Pflanzenzüchtung im Gartenbaustudium in den Hochschulen in Deutschland,Plant breeding in horticultural studies at universities in Germany
1238251331,Literaturwissenschaftliches Jahrbuch. 35. Band (1994).,Literary Studies Yearbook. Volume 35 (1994).
1238268536,Licht am Ende des Tunnels?!,Light at the end of the tunnel?!
1238305857,Dichtungsmaschinen und Subjektprogramme. Literarische Regelkreisphantasien in den 1960ern,Sealing machines and subject programs. Literary feedback loop fantasies in the 1960s
1238307094,O. S. T.: Die Ebene des Scores als sinnstiftendes Element im Film,The level of the score as a meaningful element in a film
1238336809,Inklusive Exklusion durch Religion in Indien – hindu-nationalistische Tendenzen als Alarmsignal für die Weltgemeinschaft am Beispiel der National Education Policy,Inclusive Exclusion through Religion in India – Hindu-nationalist Tendencies as a Wake-up Call for the Global Community at the Example of the National Education Policy
1238336957,IFEB – Feministische Frauen- und Erwachsenenbildung revitalisieren IFEB – Revitalizing feminist women's and adult education,IFEB – Revitalizing feminist women's and adult education
1238366392,Lebensqualität von älteren Menschen mit leichten kognitiven Störungen Ergebnisse einer bevölkerungsrepräsentativen Studie,Quality of life in older adults with mild cognitive impairment: Results of a population-representative study
1238367402,Die @Auswirkungen Ketamin-basierter Narkoseprotokolle auf den intraokularen Druck bei der Katze – eine prospektive randomisierte Blindstudie Die Auswirkungen Ketamin-basierter Narkoseprotokolle auf denintraokularen Druck bei der Katze– eine prospektive randomisierte Blindstudie,The effects of ketamine-based anesthesia protocols on intraocular pressure in cats – a prospective randomized blinded study
1238386334,Die @Neujustierung der deutschen Afrikapolitik,The reorientation of German Africa policy
1238394590,Die @amerikanische Alternative: John Dewey. Überlegungen zur Anthropologiekritik in pragmatischer Hinsicht,The American Alternative: John Dewey. Reflections on Anthropological Critique from a Pragmatic Perspective
1238430317,Literaturwissenschaftliches Jahrbuch. 54. Band (2013).,Literary and Linguistic Annual. Volume 54 (2013).
1238437753,Die @Letzte Epoche der Philosophie in ihrer Kern-Phase. Hrsg. von Martín Zubiria/ Marcus Brainard.,The Last Era of Philosophy in Its Core Phase. Edited by Martín Zubiria/ Marcus Brainard.
1238438857,"Handbuch des Marketing, Teilband I. A. Marketing als Denkhaltung – B. Käuferverhalten im Marketing – C. Marketinginformation.","Marketing Handbook, Volume I. A. Marketing as Mindset – B. Consumer Behavior in Marketing – C. Marketing Information."
123848719X,Literaturwissenschaftliches Jahrbuch. 60. Band (2019).,Literary Yearbook. Volume 60 (2019).
1238489419,"Die @Entstehung der öffentlichen Strafe im germanisch-deutschen Recht. Rede, bei Antritt des Rektorats am 31. Oktober 1908 gehalten.","The Origin of Public Punishment in Germanic-German Law. Speech held at the beginning of the rectorship on October 31, 1908."
1238490255,Hegel als deutscher Nationalphilosoph.,Hegel as German national philosopher.
123849420X,Global Sourcing und Qualitätsmanagment. Strategien in der internationalen Beschaffung.,Global Sourcing and Quality Management. Strategies in International Procurement.
1238495834,Die @Optimierung des Kreditportfolios. Ein Modell zur optimalen Gestaltung des Kreditportfolios mithilfe aktiver Steuerungsinstrumente.,The @Optimization of the credit portfolio. A model for the optimal design of the credit portfolio using active control instruments.
1238496172,Priorisierung bei Gesundheitsleistungen.,Prioritization of health services.
1238496466,Mit Produktmanagement Marktchancen nutzen. Ein Praxisratgeber für den Mittelstand.,Leveraging Market Opportunities with Product Management: A Guide for SMEs
1238496512,"Handbuch Messe-, Kongress- und Eventmanagement.","Handbook for Trade Fair, Congress and Event Management"
1238517625,Die @P-loop GTPase YchF und ihre Funktion in der Translation,The @P-loop GTPase YchF and its function in translation
1238527647,Möglichkeiten der prozessbegleitenden Charakterisierung von Fleisch auf Basis der dielektrischen Zeitbereichsreflektometrie,Possibilities of process-associated characterization of meat based on dielectric time-domain reflectometry
1238598471,Marktkonzentrationstrend steigt in Dienstleistungsmärkten deutlich,Market concentration trend is rising significantly in service markets
1238601588,Defekt-induzierte Leitungsmechanismen und magnetische Eigenschaften spinellartiger Ferrite,Conduction mechanisms induced by defects and magnetic properties of spinel-type ferrites
1238654290,Beiträge zum Ehrenkolloquium von Eckhard Müller-Mertens anlässlich seines 90. Geburtstages,Contributions to the honorary colloquium in honor of Eckhard Müller-Mertens on the occasion of his 90th birthday
1238654630,Laokoon an der Niederelbe oder wie Aby Warburg beim Spazierengehen den Laokoon findet,Laocoön at the Elbe or how Aby Warburg finds the Laocoön while walking
1238655297,Fürst Wilhelm Malte I. Putbus und das preußische Königshaus,Prince Wilhelm Malte I. of Putbus and the Prussian royal house
1238655343,Gerhard Ahasverus von Lehndorff (1637-1688) ein Ostpreuße im Kampf gegen die Schweden vor Stettin und auf Rügen,Gerhard Ahasverus von Lehndorff (1637-1688) a Prussian Ostpreuße fighting against the Swedes in front of Stettin and on Rügen.
1238686427,"Entwicklungspsychologische Grundlagen der Psychoanalyse Band 2: Jugend, Erwachsenwerden und Altern","The Psychological Developmental Foundations of Psychoanalysis Volume 2: Adolescence, Becoming an Adult, and Aging"
1238779956,Nachhaltige digitale Lehre? eine Auseinandersetzung mit online Lehre aus Nachhaltigkeitsperspektive am Beispiel des Masterseminars „Menschenrechte und Nachhaltigkeit“,Sustainable digital education? A confrontation with online teaching from a sustainability perspective using the example of the master seminar „Human Rights and Sustainability“
123878142X,Weltwirtschaft im Frühjahr 2021 - Weltwirtschaft in der Erholung,World economy in spring 2021 - World economy in recovery
1238788114,Untersuchungen zur weiteren Vervollkommnung der Anschlagtechniken Liegend und Stehend im Biathlonschießen,Research on the further perfection of lying and standing shooting techniques in biathlon marksmanship
1238789714,Durchmischt und umgedreht: innovative didaktische Konzepte im anwendungsorientierten Pythonkurs für Ingenieure,Mixed and flipped: innovative educational concepts in the application-oriented Python course for engineers.
1238887325,Zur wechselseitigen Inspiration von Wissenschaften und Künsten von der Nice-to-know- zur Need-to-know-Interdisziplinarität,"For mutual inspiration between sciences and arts, from 'nice-to-know' to 'need-to-know' interdisciplinary"
1238887627,Transkulturelle Kommunikation im Großfürstentum Litauen und in den östlichen Gebieten der Polnischen Krone zur Einführung,Intercultural Communication in the Grand Duchy of Lithuania and in the Eastern Regions of the Polish Crown
1238888003,Das @Perpetuum mobile ein Schattenriss aus der Abendröte spekulativer Technik im 18. Jahrhundert,The perpetuum mobile was a silhouette of speculative technology from the 18th century.
123888850X,Vertrauen aus psychologischer Sicht,Trust from a psychological perspective
1238889069,Europa und das Meer,Europe and the sea
1238891888,"Vom Biosensor zur Nanotechnologie ( Vortrag in der gemeinsamen Sitzung der mathematisch-naturwissenschaftlichen, der biowissenschaftlich-medizinischen und der technikwissenschaftlichen Klasse am 16. Dezember 1994; Vortragender: Frieder W. Scheller)","From Biosensor to Nanotechnology (Presentation at the joint meeting of the mathematical-natural sciences, life sciences-medicine, and technology sciences class on December 16, 1994; Presenter: Frieder W. Scheller)"
1238891977,Feierstunde anläßlich der Enthüllung der Gedenktafel für Albert Einstein am Portal des Akademieflügels der Staatsbibliothek zu Berlin - Preußischer Kulturbesitz am 25. November 1994 Eröffnungsansprache,"Commencement of the ceremony in honor of the unveiling of the memorial plaque for Albert Einstein at the entrance of the Akademieflügel of the Staatsbibliothek zu Berlin - Prussian Cultural Heritage on November 25, 1994 - Opening speech"
1238892094,Epigenetik Implikationen für die Lebens-und Geisteswissenschaften ; Kurzfassung,Epigenetics Implications for the Life and Spiritual Sciences: Summary
1238892132,Zusammenfassung,Summary
1238892191,6. Zur biophilosophischen Bedeutung der Epigenetik,6. The biophilosophical significance of epigenetics
1238892213,8. Was sollen? Was dürfen? Ethische und rechtliche Reflexionen auf die Epigenetik,What should be? What is allowed? Ethical and legal reflections on epigenetics
1238892515,Signale und Signalwandlung bei Höheren Pflanzen (Vortrag in der Sitzung der Biowissenschaftlich-medizinischen Klasse am 16. Februar 1996),"Signals and Signal Transformation in Higher Plants (Lecture in the Meeting of the Biological and Medical Sciences Class on February 16, 1996)"
1238893058,Flunkern Übel und Notwendigkeit einer sprachlichen Normverletzung,Flunking: A Bad Thing and the Necessity of a Language Norm Violation
1238893627,4. Ethische Kriterien und Argumente im Wandel der Zeit,4. Ethical Criteria and Arguments over Time
1238893910,Gedanken zum Wirken von Hans Faltin,Thoughts on the Impact of Hans Faltin
1238893937,Einführung Ernst Mayr - ein Fels in der evolutionsbiologischen Brandung ; (Ernst-Mayr-Lecture am 14. Oktober 1997),Introduction: Ernst Mayr - a rock in the evolutionary tide
1238894496,Arbeit und Freiheit die Revolutionen von 1848,Work and Freedom: The Revolutions of 1848
1238894550,Das @Sparverhalten verstehen (überarbeitete Version des Vortrages in der Sozialwissenschaftlichen Klasse am 26. November 1999),"Understanding Savings Behavior (revised version of the presentation in the Social Sciences class on November 26, 1999)"
1238894690,Individualität in romantischer Musik (Akademievorlesung am 17. Februar 2000),"Individuality in Romantic Music (Academic Lecture on February 17, 2000)"
1238894755,Von der Psychotechnik zur Arbeitswissenschaft Gründung und Entwicklung des Instituts für Industrielle Psychotechnik an der TH Berlin-Charlottenburg 1918 bis 1933,"From Psychotechnology to Industrial Psychology: The Founding and Development of the Institute for Industrial Psychology at the TH Berlin-Charlottenburg, 1918 to 1933"
1238895042,Einleitung,Introduction
1238895077,Analyse von Einzelzellgenomik-Daten mit Methoden des maschinellen Lernens,Analysis of single-cell genomics data using machine learning methods
1238895689,"Seelsorge ganz unten – Schleiermacher, der Charitéprediger","Theology Below – Schleiermacher, the Charité Preacher"
1238896103,Die @standörtliche Variabilität von Böden und Wasserhaushalt in historischen Gärten und Kulturlandschaften und ihre Bedeutung für die Anpassung an den Klimawandel,The standard variability of soils and water management in historical gardens and cultural landscapes and its significance for adaptation to climate change
1239047886,Geschichte des Instituts für Psychologie in Freiburg : von der Vorgeschichte der Psychologie bis zum Umzug in das neue Institutsgebäude 2002,History of the Institute of Psychology in Freiburg: From the Origins of Psychology to the Move to the New Institute Building in 2002
123911513X,Europas Weg zum Bürger Die Politik der Europäischen Kommission zur Beteiligung der Zivilgesellschaft,Europe's Path: The European Commission's Policy on Civil Society Participation
1239177739,Welche Zukunft hat die Blockchain-Technologie in der Energiewirtschaft?,What is the future of blockchain technology in the energy industry?
1239418825,Der @Deutsche Katecheten-Verein als Akteur für liturgische Bildung im Medium der Katechese eine diachrone Standortbestimmung zwischen gesellschaftlichem Wandel und religiöser Transformation (1945-89),The German Catechists' Association as an actor in liturgical education through the medium of catechesis: A diachronic assessment of its position between societal change and religious transformation (1945-1989)
1239422075,"Ein @""Dilemma tiefster Schwierigkeiten"" die Theorie der Philosophiegeschichte im 20. Jahrhundert","A ""Dilemma of Deep Difficulties"" the theory of philosophy history in the 20th century"
1239422296,Wandel trotz Annäherung eine neue Sicht auf Deutschland,Change despite closeness offers a new perspective on Germany
1239442521,Die @transvenöse elektrische Kardioversion (TVEC) bei Pferden mit Vorhofflimmern,The @transvenous electrical cardioversion (TVEC) in horses with atrial fibrillation
1239442548,Verdiene ich im Verhältnis zu meiner Arbeit angemessenes Geld?,Am I getting paid fairly for my work?
1239442572,GPM – Gesellschaft für Pferdemedizin e.V.,GPM – Society for Equine Medicine e.V.
1239442580,Hochgradige Dyspnoe einer Ponystute,Severe dyspnea in a pony
1239560591,"Bewegungszeit, Belastungsintensität und Bewegungsumfang im Sportunterricht - Schwerpunkt: Fußball","Movement time, load intensity, and movement range in Physical Education lessons - Focus: Football"
1239560974,Planung und Gestaltung von Religionsunterricht konkret: Elementarisierung umgesetzt anhand der Gleichniserzählung vom barmherzigen Vater und seinen zwei Söhnen; für die 3. und 7. Jahrgangsstufe,Planning and Designing Religious Education in Practice: Implementation of Primary Education through the Parable of the Merciful Father and His Two Sons; for the 3rd and 7th grade
1239561229,Ist Geld ein Stoff? Zu Nikos Psarros' Kritik am phänomenologischen Stoffbegriff,Is money a material? To Nikos Psarros' critique of the phenomenological material concept
1239561245,"Yes, Lion: Reggae als Volksmusik und Gegenkultur","Yes, Lion: Reggae as folk music and counterculture"
1239561563,Moraltheologie und Universität - Einleitung,Moral theology and university - Introduction
1239562594,Zur Einführung: christliche Trinitätstheologie als Modifikation des klassischen Theismus?,Introduction: Christian Trinitarian theology as a modification of classical theism?
1239615892,Die @neue Lust am Ressentiment. Grundzüge eines affekttheoretischen Ressentiment-Begriffs,The new lust for resentment. Fundamental features of an affect-theoretical resentment concept
1239658532,Die @Weltanschauung des Mittelalters,The worldview of the Middle Ages
1239659067,Ergebnisse der Einführung eines allgemeinen Screenings auf Mangelernährung in einem großen Versorgungskrankenhaus,Results of the introduction of a general screening for malnutrition in a large supply hospital
1239684347,Ultras: Der kreative Protest aktiver Fans gegen Kommerzialisierungsprozesse im Fußball,Ultras: Creative protest of active fans against commercialization processes in football
1239685068,Selbsterzeugung des Menschen? Hegels Integration der Anthropologie in sein Konzept einer Enzyklopädie der philosophischen Wissenschaften,Self-generation of man? Hegel's integration of anthropology into his concept of an encyclopedia of philosophical sciences
1239746857,Mit Zer/Setzungen in Performances mit und von Technologie auf dem Weg zu digitalen Kulturen,Zero/Setups in Performances with and from Technology on the Path to Digital Cultures
1239837399,Naturheilkunde und Komplementärmedizin in der Kleintiermedizin – Definitionen und Inhalte,Naturopathy and Complementary Medicine in Small Animal Medicine – Definitions and Contents
1239837429,Reversible linksventrikuläre Muskelhypertrophie und Herzversagen durch vermutete Myokarditis bei einer Katze im Zuge einer FLUTD,Reversible left ventricular muscle hypertrophy and heart failure due to suspected myocarditis in a cat during the course of FLUTD.
123983778X,Exokrine Pankreasinsuffizienz beim Hund und bei der Katze,Exocrine Pancreatic Insufficiency in Dogs and Cats
1239837844,Therapie mit Weitblick – Chronische Otitis externa beim Hund,Therapy with a broad perspective – Chronic external otitis in dogs
1239837879,Tausendsassa Fettgewebe,Thousand Fat Tissue
1239858078,"""Weder Teufelszeug noch Heilsversprechen"" die Erfahrung mit digitalem Lernen im Distanzunterricht wird die schulische Bildung verändern","""Neither the devil's work nor a healing promise: digital learning in distance education will change school education."""
1239893833,Negativzinsen als Eigentumseingriff?,Negative interest rates as an encroachment on property rights?
1239894171,Sehstörungen Grenzwerte des Visuellen in Künsten und Wissenschaften,Visual Impairments and Artistic and Scientific Boundaries
1239919131,Auf das WIE kommt es an – Mindful Occupation,How you do it matters – Mindful Occupation
1240052103,Werkstofftechnik-Praktikum Kerbschlagbiegeversuch nach Charpy,Material Testing - Charpy V-notch impact test
124005274X,Play Pause Repeat Was Pop und seine Geräte über uns erzählen,Play Pause Repeat Was Pop und seine Geräte über uns erzählen
1240064012,Mietpreise deutscher Lebensmitteldiscounter Bestimmung der Einflussgrößen als Basis für Investitionsentscheidungen,Determination of influencing factors as a basis for investment decisions in the price of German supermarkets
1240077246,Was macht einen Coach zum Coach? Weiterbildung und Qualifizierung,What makes a coach a coach? Further training and qualification
1240229674,Evaluationsbericht: Das DTA-Basisformat für Manuskripte (DTABf-M) als Austauschformat für kritische Editionen handgeschriebener historischer Texte (Hainhofer),Evaluation Report: The DTA-Basisformat for Manuscripts (DTABf-M) as an exchange format for critical editions of handwritten historical texts (Hainhofer)
1240230532,Therapie Equiner Sarkoide durch Immuntherapie mit Interleukin 2,Therapy of equine sarcoidosis by immunotherapy with interleukin 2
1240230583,Nichtstun als politische Praxis Literarische Reflexionen von Untätigkeit in der Moderne,Idleness as Political Practice: Literary Reflections on Inactivity in Modernity
1240247028,Rehabilitierung durch Remythologisierung? Zur Reinszenierung von Mythen des Radsports in der Fixed-Gear-Szene,Rehabilitation through Remythologization? The Reenactment of Cycling Myths in the Fixed-Gear Scene
1240315414,Gruppenbezogene Menschenfeindlichkeit im Sport in Sachsen-Anhalt,Group-based prejudice in sports in Saxony-Anhalt
124031647X,Berufsfeld Sportmanagement - Eine mehrperspektivische Analyse des Arbeitsmarktes,Industry: Sports Management - A Multiperspective Analysis of the Job Market
1240317476,Mentoring,Mentoring
1240393245,Biologische Evolutionstheorie,Biological evolution theory
124039828X,Auswahl und Validierung immunologischer Indikatoren für entzündliche Erkrankungen bei Hochleistungsmilchkühen,Selection and validation of immunological markers for inflammatory diseases in high-performance dairy cows
1240426518,Hallenfußball: Futsal-Spielerinnen haben hohes Verletzungsrisiko,Hallfootball: Futsal players have a high risk of injury
1240430086,Faszination Faszie – Die Fascia thoracolumbalis bei Hunden mit Diskushernie,Fascinating Fascia – The Thoracic-Lumbar Fascia in Dogs with Intervertebral Disc Disease
1240437277,"Triggerpunkt, Akupunkturpunkt, Druckpunkt – „Who is who“?","Trigger point, acupuncture point, pressure point – “Who is who”?"
124048142X,Oberflächenentigen- und Sehnenmarkerexpression equiner multipotenter mesenchymaler Stromazellen,Surface marker and tendon stem cell expression of equine multipotent mesenchymal stromal cells
1240482760,"Schottky-Kontakte auf Zinkoxid- und β-Galliumoxid-Dünnfilmen: Barrierenformation, elektrische Eigenschaften und Temperaturstabilität Schottky-Kontakte auf Zinkoxid- und β-Galliumoxid-Dünnfilmen:Barrierenformation, elektrische Eigenschaften und Temperaturstabilität","Schottky contacts on zinc oxide and beta-gallium oxide thin films: Barrier formation, electrical properties, and temperature stability"
1240487541,Phosphataufnahme durch auf dem deutschen Markt befindliche Alleinfutter und Nierendiäten für Hunde und Katzen,Phosphorus analysis by single-feed and kidney diets for dogs and cats on the German market
1240487649,Adipositas beim Hund – ein Überblick zu den Ursach,Obesity in dogs - an overview of the causes
1240487800,Bestätigte West-Nil-Virus-Infektion bei einem Pferd mit minimalen neurologischen Symptomen und günstigem klinischem Verlauf,Confirmed West Nile Virus infection in a horse with minimal neurological symptoms and favorable clinical course
1240487878,Schmerzbewertung bei der Kastration von Pferden,Pain assessment during castration of horses
1240488165,Sportkletter-und Boulderverletzungen,Sports climbing and bouldering injuries
1240495560,Chronische Einsamkeit – mehr als ein Symptom einer Depression,Chronic loneliness – more than a symptom of depression
124049906X,Fingerkrafttraining für Kletterer: Anleitung zur Verwendung eines Trainingsboards,Climbing finger strength training: Guide to using a training board
1240540469,Democracy For Future Das demokratische Update zur Klimawende,A democratic update for the climate turnaround
1240609353,Persönlichkeitsfragebogen – kritische und konstruktive Argumente,Personality Questionnaire – Critical and Constructive Arguments
1240614160,Schutz vor Gewalt gegen Frauen und Männer in Papstbriefen des 12. Jahrhundert,Protection against violence against women and men in papal letters of the 12th century
1240615582,Digitale Studienbegleitung und -unterstützung mithilfe des E-Guide StartING,Digital study accompaniment and support using the E-Guide StartING
1240616058,EXIT — Wirtszellaustritt intrazellulärer Pathogene,Exit — Decline of intracellular pathogens
124062820X,"Die @Gesamtrechtsnachfolge im Verwaltungsrecht, insbesondere im Einkommensteuerrecht","The universal succession in administrative law, particularly in income tax law"
1240673655,Identifying body parameters of Arenicola marina based on the diameter of fecal strings,Identifying body parameters of Arenicola marina based on the diameter of fecal strings
1240673973,Elektronenmikroskopische Untersuchung der Epidermis von Pomatias elegans,Electron microscope investigation of the epidermis of Pomatias elegans
1240676557,Die @französische Besatzungszeit in Rottenburg am Neckar 1945-1949,The French occupation period in Rottenburg am Neckar 1945-1949
124076068X,Entwicklung einer agil-strukturierten Prozesslösung mittels ASD Agile Systems Design für das technische Änderungsmanagement im After Sales eines OEM der Automobilindustrie,Development of an agile-structured process solution using ASD Agile Systems Design for technical change management in the After Sales department of an OEM in the automotive industry.
1240832478,Papst Franziskus und die Theologie der Befreiung - zur Einführung,Pope Francis and Liberation Theology: An Introduction
124084784X,Die @Endometriumbiopsie bei der Stute- eine Analyse der histologischen Befunde zwischen 1992- 2012 am Leipziger Institut für Veterinär- Pathologie,Endometrial biopsy in mares - an analysis of histologic findings between 1992 and 2012 at the Leipzig Institute of Veterinary Pathology
1240933304,Einfluss der Substitutionstherapie mit Plenadren auf die kognitive Leistungsfähigkeit von Patienten mit Nebenniereninsuffizienz,The influence of adrenal substitution therapy with Plenadren on the cognitive performance of patients with adrenal insufficiency
124101907X,Zyklisches di-AMP — ein essenzielles Signalmolekül mit vielen Facetten,Cyclic di-AMP — an essential signaling molecule with many facets
1241019150,RNA-basierte Regulation der Genexpression: künstliche Genschalter,RNA-based regulation of gene expression: artificial gene switches
1241019177,Friss oder stirb! Erweiterung des Substratspektrums von P. putida,Eat or die! Expansion of the substrate spectrum of P. putida
1241064636,Seroepidemiologie der Sarcoptes-Räude des Schweines,Epidemiology of Sarcoptic Mange in Pigs
1241064660,Zur Entwicklung des tierärztlichen Berufsstandes in Deutschland seit dem Jahr 2000 - eine empirische Verbleibstudie mit Geschlechtervergleich,To the development of the veterinary profession in Germany since the year 2000 - an empirical follow-up study with gender comparison
1241195153,"Das @Potenzial der Migration aus Indien: Entwicklungen im Herkunftsland, internationale Migrationsbewegungen und Migration nach Deutschland","The potential of migration from India: Developments in the country of origin, international migration movements, and migration to Germany"
1241246815,Strategien zur energieoptimalen Flugführung eines batterie-elektrisch angetriebenen Leichtflugzeuges,Strategies for energy-efficient flight guidance of a battery-electric-powered lightweight aircraft
1241318271,"Mindeststeuern: Gut gemeint, aber wirkungsschwach","Minimum taxes: Well-intentioned, but ineffective"
1241478252,"Durchführung von Sitzungen, Abstimmungen und Wahlen des Landtages in krisenhaften Notlagen","Conducting sessions, voting and elections of the state parliament during crisis situations"
1241536945,"Die @Debatte um die Zulässigkeit Nicht-Invasiver Pränataldiagnostik (NIPT) Eine Analyse und kritische Gegenüberstellung der Stellungnahmen des Deutschen Ethikrates, des Nuffield Council on Bioethics und des Comité Consultatif National d'Éthique","The Debate on the Admissibility of Non-Invasive Prenatal Diagnosis (NIPT): An Analysis and Critical Comparison of the Statements of the German Ethics Council, the Nuffield Council on Bioethics, and the French National Consultative Ethics Committee"
1241537658,Das @Hotel als heterotopischer Ort. Hotelromane des 20. Jahrhunderts aus komparatistischer Perspektive,The hotel as a heterotopic space. 20th-century hotel novels from a comparative perspective.
1241667373,Die @Pietà-Ilkonik in der Gegenwartskunst Modifikation und Innovation einer Bildformel,Die Pietà-Ilkonik in der Gegenwartskunst: Modifikation und Innovation einer Bildformel
1241667888,Phänomenologie der Lebenswelt. Ausgewählte Texte II Reclams Universal-Bibliothek,Phenomenology of the Life-world. Selected Texts II Reclam's Universal Library
1241675589,Gesellschaftliche Bedrohung von Rechts: Analyse der Beratungsanfragen an die Mobilen Beratungen gegen Rechtsextremismus NRW,Societal threat from the right: Analysis of counseling requests to Mobile Counselling against Right-wing Extremism NRW
124179619X,Das @Virus des Autoritarismus breitet sich in Lateinamerika aus: Machtverschiebungen im Schatten von Covid-19,The virus of authoritarianism is spreading in Latin America: Power shifts in the shadow of Covid-19
1241811490,Zum Forschungsstand über Ansätze des Dual Career Coachings,The state of research on approaches to dual career coaching.
124201814X,Über den Wert von Daten in der Landwirtschaft,The Value of Data in Agriculture
1242026134,Südasien in der Corona-Krise: wirtschaftliche und politische Folgen,South Asia in the Coronavirus crisis: Economic and political consequences
1242090789,"Weibs_Bilder_Zwei Punkt Null Elke_Albrecht, Clivia_Bauer, Marianne_Conrad, Katrin_Prinich-Heutzenröder, Sybille_Suchy, Marion_Walther, Rosmarie_Weinlich : Kunsthalle Arnstadt, Galerie für zeitgenössische Kunst, Ausstellung,14. Feburar - 11. April 2021","Women's_Images_Two_Point_Zero Elke_Albrecht, Clivia_Bauer, Marianne_Conrad, Katrin_Prinich-Heutzenroeder, Sybille_Suchy, Marion_Walther, Rosmarie_Weinlich : Kunsthalle Arnstadt, Gallery for Contemporary Art, Exhibition, February 14 - April 11, 2021"
1242239014,Digitale Welten – Unterricht 4.0 in der beruflichen Fachrichtung Ernährung und Hauswirtschaft Digital worlds - Education 4.0 in the professional field of nutrition and home economics,Digital Worlds – Teaching 4.0 in the Professional Field of Nutrition and Home Economics
124231587X,Jüngste Arbeiten zum Begriff der Dankbarkeit in Philosophie und Psychologie,Recent Works on the Concept of Gratitude in Philosophy and Psychology
1242381635,Kompetenzmodell der Modellierkompetenz – Die Rolle abduktiven Schließens beim Modellieren,Competence model of modeling competence - The role of abductive reasoning in modeling
1242385274,Wie funktioniert Retouren-vermeidung im Online-Shopping durch KI?,How does return avoidance work in online shopping through AI?
1242385525,Mehr Transparenz bitte! Die Vorteile KI-gestützten Identitätsmanagements,Please demand more transparency! The advantages of KI-supported identity management
1242385606,Integrierte Intelligenz: Mit KI neue Kundenbedürfnisse adressieren,Integrated Intelligence: Addressing New Customer Needs with AI
1242410430,Ermittlung der Prävalenz der Paramphistomidose auf Herdenebene mit Bestimmung vorkommender Pansenegelspezies bei Rindern in Deutschland,"Prevalence determination of Paramphistomidosis in herds, with identification of occurring Pansenegel species in cattle in Germany"
1242476105,Vermögensbildung in Deutschland Immobilien Schwelle und Schlüssel zugleich,Asset formation in Germany: Real estate as a threshold and key
1242484329,Kirchliche Statistik als Soziologie des Christentums,Church statistics as sociology of Christianity
1242574417,Die @Kunst auf einem beschädigten Planeten zu leben. Der dystopische Roman als Erzählform des Anthropozäns am Beispiel nordeuropäischer Literatur,To live on damaged planet. The dystopian novel as a narrative form of the Anthropocene in the context of Nordic literature.
1242634800,Behutsamer Erneuerer: Gerhard A. Ritter und die Sozialgeschichte in der Bundesrepublik,Tactful Renewer: Gerhard A. Ritter and the Social History of the Federal Republic
1242637648,In Sorge um den Arbeitsplatz: Wie die Arbeitsmarktpolitik Jobunsicherheit beeinflusst,Concerned about the job: How labor market policy affects job insecurity
1242810226,Wohnungsmarkt: Ein politisches Signal,Housing Market: A Political Signal
1242829113,Digitale Technik einfach gemacht. Der Einfluss betrieblicher Lerngelegenheiten auf die Nutzung digitaler Datenbanken,Digital technology made simple. The impact of on-the-job learning opportunities on the use of digital databases
1242860320,Biotechnologische Herstellung des Biotensids Surfactin,Biotechnological production of the biosurfactant Surfactin
1242973605,Fliegenfischen: der edle Flug der kleinen Mücke,Fishing for flies: the elegant flight of the small fly
1243285958,Bildung im Raum,Education
1243286326,systhemia-Fieldbook Tools zur systemischen Veränderungsbegleitung,systemic change companion tools
1243286652,Konfliktfeld Inklusiver Unterricht Eine Praxisfundierung des Diskurses,Conflict Zone Inclusive Education A Practice Based Foundation of the Discourse
124335111X,… damit sie uns nicht verloren gehen! Der Sport und die Kinderrechte während der Pandemie,so that they do not get lost! The sport and children's rights during the pandemic
1243351144,Gelingensbedingungen eines digitalen Sportangebots Projektvorstellung,Success Factors of a Digital Sports Offering Project Presentation
1243351179,Jugendsportvereine im Brennglas von Corona Klassische konzeptionelle Orientierungen von Jugendarbeit bekommen neue Bedeutung,Youth sports clubs in the spotlight of COVID-19 Traditional conceptual approaches to youth work are gaining new significance
1243351209,Jugend und Sport – zur Geschichte einer symbiotischen Beziehung von der Wende zum 20. Jahrhundert bis ins nationalsozialistische Deutschland,Youth and Sport – a symbiotic relationship from the turn of the 20th century to national socialist Germany
1243351233,Die @Peergroup allein löst nicht alles Replik auf den Fachbeitrag von Gerhard Treutlein,The @Peergroup alone cannot solve everything.
1243351241,"„Wichtig ist, dass junge Menschen die Gegenwart und Zukunft positiv bewerten“ Fragen zu Zeitperspektiven von Jugendlichen und zur Rolle ihres Sportengagements dabei","""It's important that young people evaluate the present and future positively."" Questions about young people's time perspectives and the role of their sports engagement in this"
1243433337,Einsatz moderner Sequenziertechniken für die Analyse des porzinen Darmmikrobioms und zur detaillierten Pathogencharakterisierung,Deployment of modern sequencing techniques for the analysis of the intestinal microbiome and for the detailed characterization of pathogens
1243439661,Sprache als Herausforderung - Literatur als Ziel Kinder- und jugendliterarische Texte und Medien als Ressource für sprachsensibles Lernen - Teil 1,Language as a Challenge - Literature as a Goal: Children's and Youth Literature and Media as Resources for Language-Sensitive Learning - Part 1
124343967X,Sprache als Herausforderung - Literatur als Ziel Kinder- und jugendliterarische Texte und Medien als Ressource für sprachsensibles Handeln - Teil 2,Language as a challenge - Literature as a goal Children's and youth literature and media as a resource for language-sensitive action - Part 2
1243482486,Sexualisierte Gewalt in kirchlichen Kontexten | Sexual Violence in the Context of the Church Neue interdisziplinäre Perspektiven | New Interdisciplinary Perspectives,Sexualized Violence in Church Contexts | New Interdisciplinary Perspectives
1243569786,"Handbuch Canyoning Sicherheit, Technik, Ausrüstung, Planung","Handbook Canyoning Safety, Technique, Equipment, Planning"
124366343X,Keramikschäume mit hoher Stegporosität,Ceramic foams with high strut porosity
1243681039,"Zytologie bei Atemwegsproblemen – Indikation, optimiertes Probenhandling und Aussagekraft der Befunde","Cytology in respiratory problems – Indication, optimized sample handling, and interpretability of findings"
1243681926,Kunst. Anthropozän. New Materialism. Studiopraxis 16 Essays von Studierenden : Kunsthochschule Mainz 2021,Art. Anthropocene. New Materialism. Studio Practice 16 Essays by Students: University of Fine Arts Mainz 2021
1243714271,Passen wir zueinander? was Lernzieltransparenz und formative Assessments zur Modulentwicklung beitragen können,Do we fit together? What learning goal transparency and formative assessments can contribute to module development.
1243746769,Von Plastikmüll zu Plastikwertstoffen Polymerrecycling neu gedacht,From plastic waste to plastic valuable materials Polymer recycling rethought
1244230499,Fundamentals DIe zehn Prinzipien der modernen Physik,The Ten Principles of Modern Physics
1244282340,Risiken und Nebenwirkungen einer naiv evidenzbasierten Grundschulpädagogik zu Inklusion und Partizipation,Risks and side effects of a naive evidence-based approach to primary school pedagogy on inclusion and participation
1244475076,Subjektivierung im Arbeitshandeln: Stolperstein oder Chance bei der Digitalisierung in mittelständischen Produktionsunternehmen?,Subjectivization in Work Behavior: Stumbling Block or Opportunity in Digitalization of Medium-Sized Manufacturing Companies?
1244476870,Dialogische Unterrichtsgespräche führen,Conducting dialogical classroom conversations
1244476978,Dialogische Lernentwicklungsgespräche,Dialogic Learning Development Conversations
1244828254,Molekulargenetische Untersuchungen zur Ergänzung des biologischen Profils eines historischen Grabungsfundes auf der Grundlage autosomaler und uniparentaler aDNA-Marker,Molecular genetic investigations to supplement the biological profile of a historical archaeological excavation find on the basis of autosomal and uniparental aDNA markers
1244915742,Bekämpfung der Spielwettbewerbsmanipulation Präventionsmaßnahmen im Deutschen Fußballsport,Combating sports betting fraud Preventive measures in German football
1244920304,Text im Hypertext. Erarbeitung eines Textproduktionsmodells für Onlineumgebung,Hypertext. Development of a text production model for an online environment
124500302X,Die @nationalsozialistische Propaganda in Sachsen 1921-1945,The National Socialist Propaganda in Saxony 1921-1945
1245003038,Fluoreszenzkinematografische Untersuchungen des Einflusses verschiedener Beschlagmodifikationen auf die Ausrichtung der Zehengelenke des Ponys in Bewegung,Investigations of the influence of various dew modifications on the alignment of the hoof joints of the pony in motion using fluorescence cinematography
1245017586,Sind Entzündungen der Gebärmutter verantwortlich für „Problemkühe“?,"Are uterine inflammations responsible for ""problem cows""?"
1245252496,Zur (Fach‑)Spezifität von Unterrichtsqualität im Fach Sport,The specificity of teaching quality in the subject of PE
1245432710,"COVID-19-Impfung: Wer nicht impfen will, soll zahlen",COVID-19 Vaccination: Those who do not want to be vaccinated should pay
1245445928,„Entscheidend is' aufm Platz“ - Sportökonomische Analysen der Performance der Akteure im Profifußball,„Decisive is on the pitch“ - Sportökonomische Analysen der Performance der Akteure im Profifußball
1245532529,Methoden zur Untersuchung und Dokumentation der Geigen am Museum für Musikinstrumente der Universität Leipzig,Methods for the investigation and documentation of violins at the University of Leipzig Museum of Musical Instruments
1245563238,Exotische Kleinsäuger in der Tierarztpraxis: Kurzkopfgleitbeutler (Sugar Glider),Exotic Miniature Mammals in the Veterinary Clinic: Sugar Glider
124561987X,Veränderung der Struktur elementarer Schnelligkeitsleistungen im Altersgang,Change in the structure of elementary speed performances across age groups
1245620568,"Frédéric Chopin, wie ihn Robert Schumann und Felix Mendelssohn Bartholdy gesehen haben zwei Warschauer Vorträge","Frederic Chopin, as seen by Robert Schumann and Felix Mendelssohn Bartholdy, two Warsaw lectures"
1245622080,Der @Essay als Medium von Lernprozessen,The Essay as a Medium for Learning Processes
1245622390,Und plötzlich wird ein Autor sichtbar,"Suddenly, an author becomes visible"
1245791761,Bewusstseinsintelligenz und Künstliche Intelligenz,Consciousness Intelligence and Artificial Intelligence
1245792008,"""Le roi maudit"" - Mechanismen königlicher Macht Ludwigs II. im Allgäu und in Tirol","""The Cursed King"" - Mechanisms of royal power of Ludwig II. in Allgäu and Tyrol"
1245843680,Ambidextrie – Brauchbare Beobachtungsbrille zur aktuellen Konfliktdynamik in Organisationen?,Ambidexterity – A useful observing glasses for the current conflict dynamics in organizations?
1245864378,"""Die Riester-Rente ist nie wirklich in Fahrt gekommen""","""The Riester pension has never really gotten off the ground"""
1245936182,Social Media Analytics Eine Analyse der Funktionalitäten kostenfreier Werkzeuge,Social Media Analytics: An Analysis of the Features of Free Tools
1246164426,Nichtlineare modellprädiktive Regelung von Mild-Hybridantrieben mit elektrischer Zusatzaufladung,Nonlinear model predictive control of mild hybrid drives with electric auxiliary charging
1246274523,Die @Achse Berlin - Rom - Tokio,The @Axis Berlin - Rome - Tokyo
1246513935,Digitale Transformation und John Hatties Bildungsforschung: Implikationen auf den Bildungsfaktor Feedback,Digital Transformation and John Hattie's Educational Research: Implications for the Educational Factor of Feedback
1246674963,1.1 Quantum Applications - Blogbeitrag: Practical Quantum Computing,1.1 Quantum Applications - Blogbeitrag: Practical Quantum Computing
1246683997,Die @Unveränderlichkeit des Logos in der Inkarnation: Lösungsversuche aus der scholastischen Theologie der frühen Neuzeit,The Immutability of the Logo in Incarnation: Solutions from the Scholastic Theology of the Early Modern Period
1246745143,Rheologische Prüfung des Feuchtigkeitseinflusses bei reaktiven Hotmelts,Rheological testing of the influence of moisture on reactive hotmelts
1246759640,Wilhelm Wundts Logik als Auftakt zu einer induktiven Metaphysik,Wilhelm Wundt's Logic as the Beginning of an Inductive Metaphysics
1246814307,Taktische Periodisierung im Fußball Die erfolgreiche Methode im Fußball,Tactical Periodization in Football: The Successful Method
1246879018,Ein @kommunikationsbasiertes Gefahrstellenwarnsystem für Motorräder,A communication-based hazard point warning system for motorcycles
1246897369,Evaluierung prognostischer Indikatoren der klinischen Untersuchung sowie eines Scoringsystems für Kolikerkrankungen beim Pferd,Evaluation of predictive indicators from clinical examination and a scoring system for colic in horses
1246897385,Herdenstatus – Beurteilung von Schafherden Ressourcen- und managementbezogene Tierwohlindikatoren,Assessment of Sheep Herd Resources and Management-based Animal Welfare Indicators
1246904411,"Akutes Leberversagen bei einem Hund nach Aufnahme eines Pilzes, vermutlich der Gattung Amanita","Acute liver failure in a dog following ingestion of a mushroom, likely from the genus Amanita"
1247008339,"Dem @Holocaust entkommen Polnische Juden in der Sowjetunion, 1939–1946","Polish Jews who escaped the Holocaust in the Soviet Union, 1939–1946"
1247174204,Regesten des Wormser Eidbuches (Stadtarchiv Worms Abt. 1 B 23). Eine Quelle zur Geschichte der Stadt Worms im 15. und frühen 16. Jahrhundert,"Records of the Wormser Oath Book (City Archive Worms, Room 1 B 23). A source for the history of the city of Worms in the 15th and early 16th centuries"
1247217221,In guter Gesellschaft auf dem Weg zu Gott In den Glaubenskursen der Katholischen Hochschulgemeinde (KHG) auf dem Campus Westend bereiten sich junge Erwachsene auf ihre Firmung vor,"In good company on the way to God In the faith courses of the Catholic Student Community (KHG) on the Westend campus, young adults prepare for their confirmation."
1247405702,Gedichtespaß in der Grundschule Sprachgefühl verbessern - Wortschatz erweitern - Freude am Reimen wecken (2. bis 4. Klasse),Poetry Fun in Elementary School - Improve Language Feeling - Expand Vocabulary - Stir Up Joy in Rhyming (2nd to 4th Grade)
1247407322,Konzentration fördern Lernvoraussetzungen im Anfangsunterricht (1. Klasse/Vorschule),Promoting Concentration for Learning Requirements in the Early Grades (1st Grade/Kindergarten)
124742992X,Jahrbuch des öffentlichen Rechts der Gegenwart. Neue Folge eBook-SonderausgabeDie Corona-Pandemie und das Recht,Yearbook on Public Law of the Present. New Edition eBook Special Edition The Corona Pandemic and the Law
1247431703,Konzepte und Theorie der Sozialethik in der Sozialen Arbeit,Concepts and Theory of Social Ethics in Social Work
1247444139,Frauen- und Männerrollen in mittelhochdeutscher Kreuzzugslyrik,Gender Roles in Medieval German Crusade Poetry
1247479579,Tatbestandslose Maskendeals?,No-crime cover deals?
1247525724,Soundtracks virtueller Welten Musik in Videospielen,Soundtracks of Virtual Worlds Music in Video Games
1247573877,Köln und die Folgen die Soziologin Prof. Kira Kosnick analysiert die aktuelle Diskussion über Einwanderung und Sexismus seit den Vorfällen an Silvester,Cologne and its consequences: Sociologist Prof. Kira Kosnick analyzes the current discussion about immigration and sexism since the New Year's Eve incidents.
1247578186,Motivierter arbeiten und lernen mit Medikamenten? die Soziologin Greta Wagner hat für ihre Doktorarbeit zum Thema »Neuroenhancement« den WISAG-Preis 2015 erhalten,Motivated to work and learn with medications? Sociologist Greta Wagner received the WISAG Award 2015 for her doctoral thesis on »Neuroenhancement«
1247606392,Selbstbestimmung in Schulpraktika Motivationale Prozesse in der Interaktion von Studierenden und Mentor/inn/en,Autonomy in School Practices Motivation Processes in the Interaction of Students and Mentors
1247862119,"Studien zu Darstellungen von Prostituierten in der bildenden Kunst der BRD, der DDR und Österreichs nach dem Zweiten Weltkrieg bis in die 1970er Jahre","Studies on representations of prostitutes in the fine arts of West Germany, East Germany, and Austria after World War II up to the 1970s"
1248084470,Tempobezeichnungen Ursprung. Wandel im 17. und 18. Jahrhundert,Temporal designations. Origin. Change in the 17th and 18th centuries
1248102924,Wir gingen raus und spielten Fußball,We went out and played football
1248285611,Zur Mitgliederentwicklung im organisierten Sport und der Abschätzung von pandemiebedingten Folgen Alles anders durch Corona?,The development of members in organized sports and the assessment of pandemic-related consequences Everything different than Corona?
1248365933,Veränderungen des Verletzungsprofils beim Sportklettern unter besonderer Berücksichtigung der Aufnahme in das Olympische Programm,"Changes in the injury profile in sport climbing, with particular consideration of its inclusion in the Olympic program"
1248384989,Wie in Mathe so auch in Kunst? Zur Konzeption von Unterrichtsqualität im Kunstunterricht,"Just as in math, so also in the arts? On the Conceptualization of Teaching Quality in Art Education"
1248421493,Die @Endozytose — ein zellulärer Aufnahmeweg mit vielfältigen Funktionen,Endocytosis — a cellular uptake pathway with diverse functions
1248421531,Dynamische Peptidvesikel als Vorstufe synthetischer Zellen?,Dynamic peptide vesicles as precursor of synthetic cells?
124848469X,Gegenwärtige Abwesenheit: Europa als politisches Denkmodell im 17. Jahrhundert?,Current Absence: Europe as a political thought model in the 17th century?
124869435X,Gender Care Gap: Sorgearbeit gerecht verteilen,Gender Care Gap: Fairly distribute care work
1248767187,Hiroshima 6. August 1945 - 8:15:17,"Hiroshima, August 6, 1945 - 8:15:17"
1248971604,Kölner Fragebogen zur Sprachlosigkeit Empirische Prüfung eines Schwellenwerts für den klinischen Einsatz,Cologne Questionnaire on Speechlessness Empirical Testing of a Threshold for Clinical Use
1249009448,Einfluss von Spine und Spline auf die Pfeilgruppierung bei der Compound-Bogen-Meisterschaftsrunde auf 50 m,Influence of spine and spline on grouping of arrows in the compound bow championship round at 50 meters
1249014395,„Exekutive Funktionen im Lehrplan“ Eine Untersuchung zum Begriffswirrwarr „moderner Theorien zum Kompetenzerwerb“ am Beispiel von Baden-Württemberg und Nordrhein-Westfalen,"""Executive Functions in the Curriculum: A Study of the Conceptual Confusion 'Modern Theories of Skills Acquisitions' in the Context of Baden-Württemberg and North Rhine-Westphalia"""
1249123054,"Atem/Breath Gestalterische, ökologische und soziale Dimensionen/Morphological, Ecological and Social Dimensions","Morphological, Ecological, and Social Dimensions"
124913952X,Kunst als soziale Praxis Zur Formierung des künstlerischen Feldes in London und Berlin (1750–1840),Art as social practice: The formation of the artistic field in London and Berlin (1750–1840)
1249217113,Neue effiziente Wege zur Synthese hierarchisch poröser Titanzeolithe als Epoxidierungskatalysatoren und zur Bestimmung von Zeolithacidität,New efficient methods for the synthesis of hierarchically porous titanozolites as epoxidation catalysts and for determining zeolitic acidity
124922599X,"Automatismen der Wiederholung. Aristoteles, Kierkegaard und Lacan","Automatisms of repetition. Aristotle, Kierkegaard and Lacan"
1249381363,Peripartale psychische Belastung und Auswirkungen auf die frühe Elternschaft,Peripartal psychological stress and its effects on early parenthood
1249415462,"Thesenbaukasten zu Eigenschaften, Funktionsweisen und Funktionen von Automatismen. Teil 1","Toolbox for properties, functioning, and functions of automata. Part 1"
1249415837,Das @physikalisch-ökonomische Narrativ in den Anfängen der Psychoanalyse – Freuds Entwurf vorwärts und rückwärts gelesen,The @physical-economic narrative in the early days of psychoanalysis – Freud's design forward and backward read
124946532X,"Die @Lausitz als Modellregion einer nachhaltigen Transformation Eine qualitative Inhaltsanalyse auf Basis der 17 Sustainable Development Goals zur Integration von sozialer, ökologischer und ökonomischer Entwicklung","The Lausitz as a model region of sustainable transformation A qualitative content analysis based on the 17 Sustainable Development Goals for the integration of social, ecological, and economic development"
1249478405,Stellungnahme Sächsisches Transparenzgesetz (SächsTranspG) Das Recht auf Zugang zu Informationen und eine transparente Verwaltung,Statement on the Saxon Transparency Act (SaechsTranspG) The right to access information and a transparent administration
1249482232,Verschleißprognose zur zuverlässigkeitsorientierten Regelung für trockene Reibkupplungen,Wear prediction for reliability-oriented control of dry friction clutches
1249663997,Radikales Hören: sprachliche Hermeneutik und auditiver Turn,Radical Listening: Linguistic Hermeneutics and Auditory Turn
1249724201,Nach allen Regeln der Kunst? Entautomatisierungsstrategien vor ihrem Scheitern auf dem Markt,By all means? Deautomatization strategies before their market failure
1249724619,Wiederholung bzw. Ähnlichkeit in der (Sprach-)Kunst als sinnstiftende formale Selbstreferenz,Repetition and similarity in the (language-)art as meaningful formal self-reference
1249761875,26. Spotlight: Expert*innen auf dem Gebiet der SynBio eine Recherche unter Anwendung des ExpertExplorers,Expert Spotlight: Experts in the field of SynBio using the ExpertExplorer
1249799007,Mathieu Molitor (1873 - 1929) - Ein Künstler in Leipzig nach 1900,Mathieu Molitor (1873 - 1929) - An artist in Leipzig after 1900
1249957206,"Räume und Bewegungen in Jan Faktors Roman ""Georgs Sorgen um die Vergangenheit oder Im Reich des heiligen Hodensack-Bimbams von Prag""","Spaces and movements in Jan Faktor's novel ""Georg's worries about the past or In the realm of the sacred scrotum-bimm-bamm from Prague"""
1249993164,"Schule unter Pandemiebedingungen: ""Lockdown"" - ""Hybridmodell"" - ""Normalbetrieb""","School under pandemic conditions: ""Lockdown"" - ""Hybrid model"" - ""Normal operation"""
1249995426,Kontingenz von Differenzkonstruktionen in der inklusionsorientierten musikalischen Bildung am Beispiel des Umgangs mit digitalen Musizier-Medien,Contingency of Differentiated Constructions in Inclusive Musical Education: The Example of Working with Digital Music-Making Media
124999571X,Sehnsucht nach Bildung? Über den Einsatz systemischer Fragetechniken in der qualitativen Erwachsenenbildungs-/ Weiterbildungsforschung bei Biografieträger*innen mit einer zugeschriebenen geistigen Behinderung,Longing for Education? On the Use of Systemic Inquiry Techniques in Qualitative Adult Education and Continuing Education Research with Biographical Bearers with an Attributed Mental Disability
1250066506,Jean-Philippe Baratier oder die Vermarktung eines Wunderkindes.,Jean-Philippe Baratier or The Promotion of a Wunderkind
1250086078,Regenbogenfamilien begleiten und stärken,Family Rainbow
1250171946,Elektronen - fast so schwer wie Wasserstoff,Electrons - almost as heavy as hydrogen
1250171962,Allerheiligen: das Fest der Gemeinschaft der Heiligen,All Saints' Day: the Feast of the Communion of Saints
1250175437,"Fragmentierung, Multiplizität und Symmetrie. Praxistheorien in Post-Pluraler Attitüde","Fragmentation, Multiplicity, and Symmetry. Practical Theories in Post-Plural Attitude"
1250188024,Von der Bühne zum Text: Theatrale Konstellationen zwischen Sigmund Freud und Gilles Deleuze im Schreiben von Hysterie und Körper.,From the stage to the text: Theatrical constellations between Sigmund Freud and Gilles Deleuze in the writing of hysteria and body.
125021890X,Der @alte und der neue Materialismus in der Geschichte der Sklaverei,The old and new materialism in the history of slavery
1250251044,Die @Dialektik des Automatismus – Deflexion oder das andere der Reflexion,The Dialectics of Automation – Deflection or the Other of Reflection
1250279240,Die @magnetresonanztomografische Darstellung mesenchymaler Stromazellen in equinem Sehnengewebe mit Hilfe des Magic-Angle-Effektes,Magnetic resonance imaging of mesenchymal stromal cells in equine tendon tissue using the Magic-Angle Effect
125028032X,"Afrikabestände im Unitätsarchiv der Herrnhuter Brüdergemeine I. Schriftliches Material, Ethnographica, Bilder, Karten","African states in the Unitas Archive of the Herrnhuter Brüdergemeine I. Written material, Ethnographic, Images, Maps"
1250328209,Digitale Führung – Was uns die Pandemie für das moderne Management gelehrt hat,Digital Leadership – What the Pandemic Has Taught Us about Modern Management
1250328276,Remote Work – Neue Entwicklungen im öffentlichen Sektor,Remote Work – New Developments in the Public Sector
1250331315,Traumdeutung und empirische Traumforschung,Dream interpretation and empirical dream research
1250331668,Landesverfassungsgerichtsbarkeit,Landes constitutional court jurisdiction
1250342848,Genomische und genetisch‐statistische Analyse zur Anfälligkeit für Dermatitis digitalis beim Holstein‐Rind,Genomic and genetic-statistical analysis of susceptibility to digital dermatitis in Holstein cattle
1250343666,Einführung in die grundlegende Terminologie der Sportart Rugby,Introduction to the basic terminology of the sport rugby
1250351898,Gattungsbeiträge oder was? Pendereckis Kammermusik für Streicher,Genre contributions or what? Penderecki's chamber music for strings
1250416728,"Dietrich von Stechow, Bischof von Brandenburg 1459–1472. Regesten zur Vita und zum Episkopat","Dietrich von Stechow, Bishop of Brandenburg 1459–1472. Registers for Life and Episcopal Career"
1250450667,Ost-West-Musikwissenschaft von den späten Siebzigern bis in die achtziger Jahre,East-West musicology from the late seventies to the eighties
1250450705,Der @Bitterfelder Weg,The Bitterfelder Way
1250450934,Der @Dirigent Fritz Reiner in Ljubljana (Laibach),Conductor Fritz Reiner in Ljubljana (Laibach)
1250451027,Grenzland Schlesien und das Musikleben von Breslau,Prussian Silesia and the musical life of Breslau
1250451213,Das @musikalische Zitat bei Krzysztof Penderecki Verwendung und Wirkung,The musical quotation in Krzysztof Penderecki's use and effect
1250451264,Krzysztof Pendereckis 'Sacra Rappresentazione' Paradise Lost und das religiöse Musiktheater im 20. Jahrhundert,Krzysztof Penderecki's 'Sacra Rappresentazione' Paradise Lost and the religious music theater in the 20th century
1250451620,Die @Klangaura des zwischenkriegszeitlichen Breslaus in Ego-Dokumenten seiner Bewohner jüdischer Abstammung,The @Klangaura of interwar Breslau in Ego-documents of its Jewish residents
1250453798,„Quidem Patria hac Summe depopulata“ Ansiedlung und Integration der Deutschen im Sathmar 1712-1810,„As the country was greatly depopulated“ - Settlement and Integration of the Germans in Sathmar 1712-1810
1250497035,Globale Gesundheitssicherheit als moralische und wirtschaftliche Chance,Global health security as a moral and economic opportunity
1250498252,3G-Beschränkung der Versammlungsfreiheit?,Limitation of assembly freedom by 3G?
1250671531,Mehr Durchblick mit Visual Business Analytics,More Clarity with Visual Business Analytics
1250682118,Komponisten im Spielfilm,Composers in Film
1250682770,Filme über Johann Strauß (Vater) und Johann Strauß (Sohn),Films about Johann Strauss (Father) and Johann Strauss (Son)
1250692377,Die @soziale Lage des Komponisten im gesellschaftlichpolitischen System der Ukraine in den 1960er- bis 1980er-Jahren,The social position of the composer in the socio-political system of Ukraine in the 1960s to 1980s
1250717612,Die @Mainzer Republik 2 Protokolle des Rheinisch-deutschen Nationalkonvents mit Quellen zu seiner Vorgeschichte,The @Mainz Republic 2 Protocols of the Rhenish German National Convention with Sources to its Prehistory
1250734851,Räuberische Pilze mit Anwendungspotenzial,Pilz-Diebstahl mit Anwendungsmöglichkeiten
1250734991,Die @Proteinausstattung eines einzelnen pflanzlichen Mitochondriums,The protein complement of a single plant mitochondrial
1250735092,Klimapflanzen und biologische Wege zu negativen Kohlendioxidemissionen,Plants and biological methods to achieve negative CO2 emissions
1250747902,Leibesgestimmtheit: Über das Gesundheitsverständnis der Neuen Phänomenologie,Mood: On the health understanding of the New Phenomenology
1250861055,Reformkräfte: Die katholischen Kirchen und die Perestrojka,Power of Reform: The Catholic Churches and Perestroika
1250914868,Gegenwart und Zukunft des mündlichen Geschichten-Erzählens in Deutschland Explorative Vorstudie in Kooperation mit professionellen Erzähler*innen,Present and Future of Storytelling in Germany Exploratory Pre-Study in Cooperation with Professional Storytellers
125099540X,Dunkle Persönlichkeit und Kollaboration in virtuellen Kontexten Dark Traits im virtuellen Arbeitskontext,Dark Traits in Virtual Work Contexts
1250996538,Maßstabskonflikte im Populären über Friktionen der Popularisierung zweiter Ordnung am Beispiel der ZDF-Hitparade,Scale conflicts in the popular over frictions of popularization of the second order at the example of the ZDF-Hitparade
125113176X,Pop-Art-Kataloge,Pop-Art catalogs
1251135684,"Konzeptuelle Musik, konzeptuelle Popmusik","Conceptual music, conceptual pop music"
1251137180,"Partizipation 3.0. Partizipation im Social Web. Ein diskursanalytischer Ansatz zur Erschliessung des Konzepts ""Partizipations-Dispositiv""","Participation 3.0. Participation in the Social Web. A discourse-analytical approach to the exploration of the concept ""Participation Device""."
1251137504,Das @bildphilosophische Stichwort 34: Kunstgeschichte als Bildgeschichte,Keyword 34: Art history as the history of images
125114196X,Ibiza-Club-Magazine,Ibiza Club Magazine
1251142001,Video-Dekompositionen,Video Decomposition
125114473X,Siegerkunst,Victory Art
1251145256,"Heimat als vergiftetes und sich vergiftendes Ökosystem. Zur Überblendung von Erinnerungs-, Ökologie- und Herkunftsdiskurs in Josef Winklers LASS DICH HEIMGEIGEN, VATER, ODER DEN TOD INS HERZ MIR SCHREIBE (2017/18)","Home as a poisoned and self-poisoning ecosystem. The fusion of memory, ecology, and homeland discourse in Josef Winkler's LASS DICH HEIMGEIGEN, VATER, ODER DEN TOD INS HERZ MIR SCHREIBE (2017/18)"
1251146368,Ethische Grenzen der Faszination? Warum Sportereignisse ihre Zuschauer fesseln,Ethical limits of fascination? Why sports events captivate their viewers
1251148883,Warum Bilder keine Täter sind,Why pictures are not criminals
1251149626,Bild und Moderne,Art and Modernity
1251149855,Begeistert. Musikerfahrung im madagassischen Hochland,Enthusiastic. Musical experience in the highlands of Madagascar
1251150667,Das @bildphilosophische Stichwort 38: Bildrezeption als Kommunikationsprozess,The philosophical keyword 38: Image reception as a communication process
125115221X,"Musikalische Immersion. ""Hörende Anwesenheit spüren""","Musical Immersion. ""Sensing present presence"""
1251153208,Das @Lieblings-Video des neuen Feuilletons,The @favorite video of the new newsletter
1251153216,Das @bildphilosophische Stichwort 1: Bildwissenschaft vs. Bildtheorie,The @philosophical keyword 1: Image science vs. Image theory
1251153453,Das @bildphilosophische Stichwort 37: Bildakt-Theorie,Image act theory
1251153852,"Über Klangerzeuger, Metallkisten und Breakbeat-Labore. Konstellationen aus Sound, Technik, Wissen und Praxis","On sound generators, metal boxes, and breakbeat labs. Constellations of sound, technology, knowledge, and practice"
1251154816,Share the Dream. Der inszenierte olympische Traum. Ein Tagungsbericht,The Dream. The Staged Olympic Dream. A Congress Report
1251155103,Technologie und Methode in den Bildwissenschaften. Eine Rück- und Vorschau auf Form und Filter,Technology and Method in the Bildwissenschaften. A Retrospective and Prospective on Form and Filter
125115574X,Das @bildphilosophische Stichwort 7: Ästhesiologie,The philosophical concept corresponding to image 7 is aesthesiology.
125115820X,Healing Holes,Healing Holes
1251159818,Criminal Acts. Überlegungen zur dokumentarischen Ethik und zum Umgang mit Bildtrophäen,Reflections on Documentar Ethics and the Handling of Photographs
1251161618,Ästhetik der Gewalt?,Aesthetics of violence?
1251162584,Von der documenta lernen? Über die kulturelle Dringlichkeit im Ursprung der Ausstellungsreihe und ihre transkulturellen Implikationen für das kuratorische Konzept der documenta 14,Learning from the documenta? On the cultural urgency in the origins of the exhibition series and its trans-cultural implications for the curatorial concept of documenta 14
125116370X,"Von der Fähigkeit, einen Stuhl zu ignorieren. A. N. Whiteheads Konzept der Wahrnehmung als symbolisierender Tätigkeit und die Art, wie wir Bilder als Bilder sehen",The ability to ignore a chair. A. N. Whitehead's concept of perception as symbolic activity and the way we see pictures as pictures.
1251163793,Laboratorien kultureller Ausdrucksformen. Das Eigene und das Fremde im Vergleich,Laboratories of cultural expression forms. The Own and the Foreign in Comparison
1251165036,Das @bildphilosophische Stichwort 25: Perspektivik,The philosophical concept 25: Perspectivism
1251169074,Das @bildphilosophische Stichwort 17: Affekt und Wahrnehmung,The term 17: Affect and Perception
1251189164,Ein @Weg zu sozialer Gerechtigkeit Die Idee der sportpädagogischen Entwicklungsforschung am Beispiel des Projekts Open Sunday,A Path to Social Justice: The Concept of Sport Pedagogical Development Research at the Example of the Open Sunday Project
1251189180,Erlebnis Schulsport Wettbewerbe entwicklungsgerecht und zeitgemäß gestalten,Designing school sports competitions to be age-appropriate and up-to-date.
1251189202,Der @offene Sonntag prosperiert Eine Betrachtung des sportpädagogischen Projekts Open Sunday: viel Lob und eine wunde Stelle,Open Sunday: A Review of the Sport-Pedagogical Project
1251189288,"Eine @Frage des Kindeswohls Wie die Corona-Zeit und die daraus getroffenen Entscheidungen für den Sport die Gesundheit der Kinder und Jugendlichen in Deutschland aufs Spiel setzt und wie Sport, Spiel und Bewegung nun helfen können","A matter of children's well-being How the corona time and the measures taken for sports endanger the health of children and young people in Germany and how sports, games and movement can now help"
1251189296,Dauerhaftes Sporttreiben im Sportverein und motorische Entwicklung: Ergebnisse der MoMo-Längsschnittstudie (2003–2017),Long-term sports participation in sports clubs and motor development: Results of the MoMo long-term study (2003-2017)
1251197310,Aufgefrischt-und-wiederholt-Karten Mathematik 5-6 Lernrückstände aufholen und Lücken schließen - einfach und effektiv (5. und 6. Klasse),Refresh and Repeat Cards Math 5-6 Catch Up and Fill Gaps - Simple and Effective (Grades 5 and 6)
125123903X,""" ... darüber muss man dichten"": Plädoyer für die theologische Bedeutung poetischer Wahrheit","""... about that one must compose poetry"": A plea for the theological significance of poetic truth"
1251239080,Web 3.0: eine neue und andere Herausforderung für die theologische Ethik,Web 3.0: a new and different challenge for theological ethics
1251240755,"""Glaubensflüchtlinge"" in Brandenburg im 17. und 18. Jahrhundert","""Refugees of Faith"" in Brandenburg in the 17th and 18th centuries"
1251242464,Zwischen umkämpftem Erbe und programmatischer Überforderung: das Kaisertum in der Zeit Ludwigs des Bayern,Between contested legacy and programmatic overreach: the Kaiserate in the time of Louis the Bavarian
1251312144,Der @verweigerte Kniefall eines Buchbinders: Eine 'Primary Rejection' am 31. Mai 1839 in Ingolstadt,The @refusal to kneel of a bookbinder: A 'Primary Rejection' on 31 May 1839 in Ingolstadt
1251400639,Vorwärts - in die Vergangenheit. Zum Schicksal der turkmenischen Musik,Forward - into the past. The fate of Turkmen music
1251400655,Restituta Polonia' in der polnischen Symphonie zu Beginn des 20. Jahrhunderts,Poland's Restitution in the Polish Symphony at the Beginning of the 20th Century
1251498868,Zu schwer fürs Pferd? Eine Pilotstudie,Too heavy for the horse? A pilot study
1251531989,Evangelische Kirchen im Nationalsozialismus Kollektivbiografische Untersuchung der schleswig-holsteinischen Pastorenschaft,Evangelical Churches in National Socialism: Collective Biography Study of the Schleswig-Holstein Pastorate
125154908X,Systemtheoretische Überlegungen zur Unterscheidung von Sport und eSport,System-theoretical considerations on the distinction between sport and eSport
1251559182,Zum Rückkehrrecht extremistischer Abgeordneter in den öffentlichen Dienst,The right of return for extremist members of parliament to public service
1251561772,Die @Einflüsse der Philosophie am Weimarer Bauhaus,The Influences of Philosophy on the Weimar Bauhaus
1251565034,". . . daß wir denTag des Anschlusses sehnlichst erwarten'. Nationale, sozialistische und kulturelle Ambitionen des österreichischen Arbeitersängerbundes 1918-1934",". . . that we eagerly await the Day of the Annexation'. National, socialist, and cultural aspirations of the Austrian Workers' Association 1918-1934"
1251740332,"Wiener Jahrbuch für Kunstgeschichte LXVI Julius von Schlosser (1866-1938). Internationale Tagung, veranstaltet vom Kunsthistorischen Museum und dem Institut für Kunstgeschichte","Vienna Yearbook for Art History LXVI Julius von Schlosser (1866-1938). International Conference, organized by the Kunsthistorisches Museum and the Institute for Art History"
1251808336,"Was geben uns ,unaussprechliche Stimmungen‘ zu verstehen?",What do 'unspeakable moods' tell us?
125181154X,Online-Seminare bewegt gestalten Mit Schwung durch den Online-Marathon,Online seminars to design with enthusiasm Through the Online Marathon
1251951007,"Galerieraum, Galerieszene und die Erweiterung des Kunstbegriffs. Rudolf Zwirner und die Rezeption der amerikanischen zeitgenössischen Kunst in den 1960er- und 1970er- Jahren in Westdeutschland.","Galleryspace, Gallery environment and the expansion of the concept of art. Rudolf Zwirner and the reception of American contemporary art in the 1960s and 1970s in West Germany."
1251951422,Kognitive Regulation selbstbewertender Emotionen bei moralischen Konflikten,Cognitive Regulation of Self-Confident Emotions in Moral Conflicts
1252061579,Chorpraxis. Studien zum Chorsingen und Chorleiten,Chorpraxis. Studies on Choral Singing and Conducting
125206280X,"Probleme mit einem ""Schmuddelthema"". Die Erziehungswissenschaft und das Sexuelle","Problems with a ""dirty"" topic. The educational sciences and the sexual"
1252063601,Der @Einfluss der innerschulischen Peer-Group auf die individuelle Studienentscheidung The influence of the school peer-group on the individual aspiration for tertiary education,The influence of the school peer-group on the individual aspiration for tertiary education
1252063792,"Höhere beruflich-betriebliche Bildung. Entwicklung, Durchführung und Attraktivität am Beispiel der Abiturientenprogramme","Higher vocational and professional education. Development, execution, and attractiveness exemplified by the Abiturienprogrammes"
1252172362,Was Sie schon immer über jugendliche Liebe wissen wollten,What you've always wanted to know about adolescent love
1252244762,Ein @Plädoyer für die Relevanz der Vergleichenden Psychologie für das Verständnis menschlicher Entwicklung,A Plea for the Relevance of Comparative Psychology for Understanding Human Development
1252288239,Die @weltliche Vokalmusik Spaniens am Anfang des 17. Jahrhunderts Der Cancionero Claudio de la Sablonara,The Secular Vowel Music of Spain at the Beginning of the 17th Century: The Cancionero Claudio de la Sablonara
1252319541,Adventure Warsaw – Adventure PRL!,Adventure Warsaw – Adventure PRL!
1252320442,Die @Philosophie der Religion. Sechster Band,The Philosophy of Religion. Sixth Volume
1252333722,"Aus der Werkstatt der Wiener Klassiker Bearbeitungen Haydns, Mozarts und Beethovens","From the workshop of the Vienna Classics: Arrangements of Haydn, Mozart, and Beethoven"
125234628X,Orgelchoral und Ensemblesatz bei J. S. Bach,Organ choral and ensemble score by J. S. Bach
1252355815,Die @Motetten der Madrider Notre-Dame-Handschrift Studie,The @Motets of the Madrider Notre-Dame Manuscript Study
1252673612,Über die evangelisch-theologische Fakultät an der Universität Breslau,About the evangelical theological faculty at the University of Breslau
1252751648,Das @Orchester in den Werken Jean-Baptiste Lullys,The orchestra in the works of Jean-Baptiste Lully
1252797451,Die @Wirksamkeit von Interaktionsspielen im Zweitspracherwerb: Eine Evaluationsstudie im Einzelfalldesign,The effectiveness of interaction games in second language acquisition: A case study
1252839618,Mozart und die Salzburger Tradition Band [1]: [Textband]. Band [2]: Notenteil,Mozart and the Salzburg Tradition. Volume 1: Text Volume. Volume 2: Sheet Music Volume
1252867956,Auf dem Weg zu einem nationalsozialistischen Sportsystem vom Vereinssport zum parteigebundenen Sport,On the way to a national socialist sports system from club sport to party-bound sport
1252868006,Großunternehmen und Betriebssport in Deutschland vom Kaiserreich bis zur Gegenwart Ein (zu) wenig beachtetes sozial- und sportpolitisches Phänomen,Large enterprises and company sports in Germany from the German Empire to the present day A (too) little noticed socio-political and sports political phenomenon
1252879164,Terminal - Endstation die Konferenz von Potsdam - 17. Juli-2. August 1945,"Terminal - Endstation the Potsdam Conference - July 17 - August 2, 1945"
1252967861,Erfolgreiches wissenschaftliches Arbeiten. Seminararbeit - Bachelor-/Masterarbeit (Diplomarbeit) - Doktorarbeit.,Successful academic work. Seminar paper - Bachelor's/Master's thesis (Diploma thesis) - Doctoral thesis.
1253011613,Neue Jesus-Gedichte im Religionsunterricht: Texte – Interpretationen – Methoden,New Jesus poems in religious education: Texts – Interpretations – Methods
125301177X,Aufklärung: Literatur,Education: Literature
1253016747,Gitarrensimulant*innen und Daumenartist*innen?,Guitar simulators and thumb artists?
1253105812,Die @Aufzeichnung des Nicht-Sagbaren Annäherung an die kommunikative Funktion der Bilder in den Fechtbüchern des Hans Talhofer,The Record of the Incommunicable Approaching the Communicative Function of Images in Hans Talhofer's Fencing Books
1253134391,Johnny Cash. 100 Seiten Reclam 100 Seiten,Johnny Cash. 100 Seiten Reclam 100 Seiten
1253222894,6 Bestreiten und Bekennen Vom Umgang der Alten Ägypter mit ihrer Schuld,6 Deny and Admit: The treatment of the old Egyptians with their guilt
1253304769,"Resilienz Konzepte, Theorien und Relevanz in der COVID-19-Pandemie","Resilience Concepts, Theories, and Relevance in the COVID-19 Pandemic"
1253304939,Interventionen zur Steigerung der Resilienz Eine narrative Übersicht,Interventions to Increase Resilience: A Narrative Overview
1253319286,Praxisabgabe: taktische Überlegungen (Teil II),Practice submission: tactical considerations (Part II)
1253329672,Rettungsdienst – Ethik des Helfens,Emergency Service – Ethics of Helping
125336561X,Der @Mut zur Zerbrechlichkeit: Wie man dem Trauma der Pandemie begegnet und mit einer ungewissen Zeit lebt (Teil 1),The courage to be fragile: How to face the trauma of the pandemic and live with uncertainty (Part 1)
1253387818,Wilhelm Wundt (1832-1920) : eine Centenarbetrachtung,Wilhelm Wundt (1832-1920): A Centennial Consideration
1253513414,Intergenerationale Werteähnlichkeit zwischen Erwachsenen und ihren Eltern,Generational value similarity between adults and their parents
1253520283,Minderheiten und Mehrheiten Erkundungen religiöser Komplexität im mittelalterlichen Afro-Eurasien,Minorities and Majorities: Exploring Religious Complexity in Medieval Afro-Eurasia
1253523894,"Smarte Regelung und Diagnose für den energieeffizienten Betrieb von Pumpen, AZ 32936/01","Smart control and diagnosis for energy-efficient pump operation, AZ 32936/01"
1253576548,AQ: Warum Anpassungsfähigkeit die wichtigste Zukunftskompetenz ist,Why adaptability is the most important future skill
1253655235,Generierung feiner Unterschiede? Horizontale Distinktion und Hierarchisierung im gymnasialen Feld,Generating Fine Distinctions? Horizontal Distinction and Hierarchization in the Gymnasial Field
125366806X,Auswirkungen ermüdungsbedingter Betondegradation auf das Eindringverhalten flüssiger Medien,Impact of fatigue-induced concrete degradation on the penetration behavior of liquid media
1253721378,Menschenkenntnis,People skills
1253732957,Hochbegabte und Hochsensible in der Psychiatrie,Giftige und Giftige in der Psychiatrie
1253742464,Einfluss der Pasteurisierung von bovinem Kolostrum auf bestimmte Inhaltsstoffe,Influence of pasteurization of bovine colostrum on certain ingredients
1253745609,Die @Liebe als innerseelischer Protest,Love as inner soul protest
1253748195,Jede einzelne Pflanzenzelle ist wehrhaft! Wie Pflanzen sich gegen Krankheitserreger schützen,Each plant cell is a fortress! How plants protect themselves against pathogens
125375313X,Über Professionelle Beziehungen zu Haustieren und ihren Besitzern: Die Tiermedizinische Triade und ihre Folgen für die Balintarbeit,Professional Relationships with Pets and Their Owners: The Veterinary Triad and Its Implications for Balint's Work
1253800723,Von der Verkündigung Jesu zum verkündigten Christus,From the proclamation of Jesus to the proclaimed Christ
1253929742,Zu Risiken und Nebenwirkungen des Gesetzes über digitale Dienste (Digital Services Act),Risks and side effects of the law on digital services (Digital Services Act)
1254029052,Das @Angenehme für eine neue Ästhetik des Sinnlichen,The Pleasant for a New Aesthetics of the Sensual
1254029087,"Uhrensammler über Zeit und Uhren in Romanen von Umberto Eco, Christophe Bataille und Christoph Ransmayr","Collectors of time and clocks in novels by Umberto Eco, Christophe Bataille, and Christoph Ransmayr"
1254029141,Digitale Müllverwertung Spam in und als Literatur,Digital waste management: Spam in and as literature
1254307869,Vom Bierbrauen zur Forschung im 21. Jahrhundert,From brewing beer to research in the 21st century
125481275X,Geschlechtergleichstellung an Kunst- und Musikhochschulen,Gender Equality in Art and Music Schools
1254906053,Mit dem E-Bike durch die Nordeifel und das Hohe Venn 10 Touren von 30 bis 40 km,E-bike Tour through the Eifel and the High Venn 10 routes from 30 to 40 km
1254931104,Christliche Sozialethik Grundlagen – Kontexte – Themen. Ein Lehr- und Studienbuch,Christian Social Ethics Foundation – Contexts – Topics. A Teaching and Study Book
1254931686,Synthese,Synthesis
1255169508,"Grundfragen der Lyrikologie 1 Lyrisches Ich, Textsubjekt, Sprecher?","Fundamental Questions of Lyricology 1. Lyrical I, Text Subject, Speaker?"
1255226218,Zur tiergerechten Haltung von Königspythons (Python regius) Beurteilung unterschiedlicher Haltungssysteme unter den Aspekten des Tierverhaltens und der Stressbelastung,Assessment of different housing systems for king pythons (Python regius) considering aspects of animal behavior and stress load
1255276487,Konzeption einer Unterrichtssequenz zur Erzähltechnik in Caesars Bellum Gallicum,Concept of a lesson sequence on storytelling in Caesar's Commentaries on the Gallic War
1255278064,Freiheit als Grundbegriff einer Ethik sozialer Institutionen Axel Honneths Gesellschaftstheorie in theologischer Perspektive,Freedom as a Fundamental Concept of Ethics in Social Institutions Axel Honneth's Sociological Theory from a Theological Perspective
1255321962,Heiteres aus dem Gemeindeleben ernstgenommen,Light-hearted things from the community life taken seriously
1255365862,Werkzeuge und Konzepte für die Untersuchung und Entwicklung zukünftiger Kfz-Bremssysteme,Tools and Concepts for the Investigation and Development of Future Automotive Brake Systems
1255383755,Inflammatory Bowel Disease (IBD) bei der Katze,Inflammatory Bowel Disease (IBD) in the Cat
1255448040,Bildungslandschaften in Campus-Form aus schulischer Perspektive Educational landscapes in campus form from a school perspective,Educational landscapes in campus form from a school perspective
1255500921,Die @Konversen der Zisterzienser. Untersuchungen über ihren Beitrag zur mittelalterlichen Blüte des Ordens. (Ordensstudien IV).,The Conversations of the Cistercians. Investigations into their contribution to the medieval blossoming of the Order. (Monastery Studies IV).
125552250X,„Everything was very neat“: Abject Art zwischen Kunstgeschichte und Politik,"""Everything was very neat"": Objet d'Art between Art History and Politics"
1255559276,Lernen ist (nie) verkehrt!? Fallstricke organisationalen Wissenserwerbs,Is learning ever wrong? Pitfalls of organizational knowledge acquisition
1255604603,Diachrone Narratologie und historische Erzählforschung. Eine Bestandsaufnahme und ein Plädoyer,Chronological Narratology and Historical Narrative Research. A State of the Art and a Manifesto
1255684143,Nihilismus,Nihilism
1255750758,Die @Ansiedlungspolitik der Markgrafen von Brandenburg aus dem Hause der Askanier,The settlement policy of the Margraves of Brandenburg from the House of Ascania
1255773421,Welche Farbe hat der Montag? Synästhesie: das Leben mit verknüpften Sinnen,What color is Monday? Synaesthesia: Life with connected senses
1255876212,CT-gestützte Evaluation der Trachea beim Zwergkaninchen. Eine Grundlagenstudie zur Erstellung evidenz-basierter Intubationsempfehlungen,Evidence-based intubation recommendations for the trachea in the dwarf rabbit: A fundamental study
1255903120,Die @Relevanz von Sozialkapitalindikatoren für die Mitgliederbindung in Zeiten von Corona,The relevance of social capital indicators for member retention during Corona times
1256043516,Das @große Buch der Gefühle,The Great Book of Feelings
1256171956,At first it’s just an empty space... Ari Benjamin Meyers’ Musikinstallationen,"At first, it's just an empty space... Ari Benjamin Meyers' music installations"
1256179299,Karl Ernst und Gertrud Osthaus Die Gründer des Folkwang-Museums und ihre Welt,Carl Ernst and Gertrude Osthaus: The Founders of the Folkwang Museum and Their World
1256346810,Einfach. Alles. Merken. Das perfekte Gedächtnistraining. Geniale Merktechniken,Simple. Everything. Remember. The perfect memory training. Genial memory techniques.
1256361364,Anstieg von Nebenwirkungen beim Pferd – die Aufklärung des „Gentamicinproblems“,Increase in side effects in horses – the clarification of the „Gentamicin problem“
1256429074,Zeitgemäße Musikvermittlung für Erwachsene Eine Disziplin zwischen Praxis und Wissenschaft,Timely Music Mediation for Adults: A Discipline Between Practice and Science
1256431974,Die @Fußballblase Hinter den Kulissen eines Milliardengeschäfts,The Football Bubble Behind the Scenes of a Billion-Dollar Business
1256432393,"Digitale Lernwelten – Serious Games und Gamification Didaktik, Anwendungen und Erfahrungen in der Beruflichen Bildung","Digital Learning Environments - Serious Games and Gamification: Didactics, Applications and Experiences in Vocational Education"
1256552895,Dreizehn Beiträge zu 1968 Von künstlerischen Praktiken und vertrackten Utopien,"Thirteen Contributions on 1968, From Artistic Practices and Tangled Utopias"
1256596884,Apokalyptische Variationen über ein Leben nach dem Tod: zu einem Aspekt der Basileia-Verkündigung Jesu,Apocalyptic Variations on a Life After Death: An Aspect of the Basileia-Preaching of Jesus
1256616257,"""So eine Fotze, die sieht doch nichts!"" - Eine empirische Annäherung an das Erleben und den Umgang mit persönlichen Diskriminierungen von Schiedsrichterinnen im deutschen Amateurfußball","""So a pussy, yet sees nothing!"" - An empirical approach to the experience and handling of personal discriminations by referees in German amateur football"""
1256618616,Zur Tradierung in der Transformation - Woran knüpft die Habitustransformation an?,Connecting to the habit transformation - What does the habit transformation refer to?
1256677620,Einfluss der Spin-Bahn-Kopplung auf die Abstandsverteilung der Exzitonenzustände in Kupferoxydul,Effect of spin-orbit coupling on the distance distribution of exciton states in copper oxide
1256774340,"Corona, Kunst, Krise? – Landesregierungen unterstützen ihre Künstlerinnen und Künstler","Corona, Art, Crisis? – State Governments Support Their Artists"
1256774723,Duchamps Readymades: Die Aura des Zeugs Teil 3/3: Ein Gedankenexperiment zu Duchamps Readymades,Duchamp's Readymades: The Aura of the Thing Part 3/3: A Thought Experiment on Duchamp's Readymades
1256774847,"Bildermanipulationen Französische Revolution: ""Alles Räuber und Vandalen!""","Image manipulation: French Revolution, ""All robbers and Vandals!"""
1256829269,Psychologie Heute Compact 64: Trauer und Verlust Was wir verlieren – Wie wir trauern – Was uns tröstet,Psychology Today Compact 64: Grief and Loss What we lose – How we grieve – What consoles us
1256837997,Der @brandenburgisch-pommersche Krieg unter Kurfürst Albrecht Achilles (1478/1479),The Brandenburg-Pomeranian War under Elector Albrecht Achilles (1478/1479)
1256876690,Gesundheitliche Bewertung von Materialien im Kontakt mit Lebensmitteln,Health evaluation of materials in contact with food
1256955507,Die @unendliche Geschichte der europäischen Patentreform scheint zu einem guten Ende zu kommen,The seemingly endless history of the European patent reform seems to be coming to an end
1257038729,Coaching mit neuer transaktionsanalytischer Theorie,Coaching with new transactional analytic theory
1257220527,"""My Musical"": Musikalisches Erzählen am Beispiel von Scrubs","""Scrubs: Musical Storytelling"""
1257229672,Betrachtung der Abbildung und des Einflusses von Restsystemen bei Zweimassenschwungrad-Komponentenuntersuchungen im Kontext des IPEK-X-in-the-Loop-Ansatzes  Examination of the mapping and influence of remaining systems in dual-mass flywheel component investigations in the context of the IPEK-X-in-the-Loop-Approach,Consideration of the mapping and influence of residual systems in dual-mass flywheel component investigations in the context of the IPEK-X-in-the-Loop approach.
1257421328,An den Grenzen des Ästhetischen Friedrich Theodor Vischers Arbeit an einer Kulturgeschichte und an Inklusionen/Exklusionen des Hässlichen,Friedrich Theodor Vischer's work on a cultural history and inclusions/exclusions of the ugly
1257430734,Verschleiß- und feuchteresistente MoS2 Festschmierstoffschichten für den Gleit- und Wälzkontakt,Wear- and moisture-resistant MoS2 solid lubricant layers for sliding and roller contact
1257559796,Agile Transformation,Agile Transformation
125778868X,"Stolperfallen im Gespräch Passende Antworten auf unpassende Fragen und andere Möglichkeiten, Gespräche zu lenken",Tripwires in Conversation: Appropriate Responses to Inappropriate Questions and Other Ways to Guide Conversations
1257860607,Atomare Einblicke in die Dynamik der Membransysteme und der Biokatalyse,Atomic insights into the dynamics of membrane systems and biocatalysis
1257860615,Eintauchen in die Sprache der Pilze,Immersion in the language of mushrooms
1257963082,Ethische Herausforderungen in der Onkologie,Ethical Challenges in Oncology
1257963856,Akzeptanzsteigerung als Regelungsziel?,Increasing acceptance as a regulatory goal?
125804417X,Scheitern bei Olympia? Zur Illusion der Autonomie im Sport am Beispiel der Modernen Fünfkämpferin Annika Schleu Ein Kommentar,Failure at the Olympics? The Illusion of Autonomy in Sport: The Case of Modern Pentathlete Annika Schleu
1258052571,Von christlichem Antijudaismus im modernen Antisemitismus,Christian Antijudaism in modern Anti-Semitism
1258062763,Psychologie des Alltagslebens Mehr Selbsterkenntnis und Selbstwirksamkeit,The Psychology of Everyday Life: More Self-awareness and Self-efficacy
1258123290,Empowerment von Mitarbeitern und Teams in Organisationen Ein systemischer Ansatz,Empowerment of employees and teams in organizations A systemic approach
125834968X,Konfessionsbezogene Differenzsensibilität im Religionsunterricht für alle Analysen - Interpretationen - Empfehlungen,Religious Sensitivity in Religious Education: Analyses - Interpretations - Recommendations
1258350459,Die @Satire als invektive Gattung,The satire as an invective genre
1258523159,Snowboarden – Entwicklungs- und Strukturmuster einer Trendsportart,Snowboarding – Development and structural patterns of a trend sport
1258523191,Sportgeschichte 2020? Sportwissenschaftliche Positionierung und geschichtswissenschaftlicher Paradigmenwechsel,Sport history 2020? Sport science positioning and historical science paradigm shift
1258523302,"Seniorensport in Deutschland 1880-1970 ""Wie köstlich ist solches Alter, das so sich tummeln kann, und das danken wir unserer ewig jungerhaltenden Turnerei.""","""Elder sport in Germany 1880-1970 'How delightful this old age is that it can still frolic, and we owe it to our eternally youth-preserving gymnastics.'"""
1258714221,Die @Verantwortung der kirchlichen Ehejudikatur für das bonum familiae: die Ansprache Papst Franziskus' vom 29. Januar 2021 an die Mitglieder des Gerichts der Römischen Rota zur Eröffnung des Gerichtsjahres,"The responsibility of the ecclesiastical court for the common good of the family: Pope Francis' address to the members of the Roman Rota on January 29, 2021"
1258854309,Vorposten der Freiheit Remigranten an der Macht im geteilten Berlin (1940–1972),Outposts of Freedom: Remigrants in Power in Divided Berlin (1940–1972)
1258869543,Die @unbewegten Beweger wie kleinste Teilchen fast so schnell werden wie das Licht,"The unmoving movers, like the smallest particles, almost as fast as light"
1258949725,Visuell-kognitive Leistungen im Freizeit- und Leistungssport am Beispiel von Handball und Fechten,"Visual-spatial skills in recreational and performance sports, illustrated with handball and fencing."
1259047261,Verbraucherinteressen als Teil der öffentlichen Ordnung?,Consumer concerns as part of the public order?
1259192415,Das @Selbst als mentaler Akteur Ein vernachlässigtes Konzept der Psychoanalyse,The @Self as mental agent An underestimated concept of psychoanalysis
1259218252,Keine Anstellungsgenehmigungen für Gesellschafter-Geschäftsführer,No employment permits for shareholders-managing directors
1259349896,Russiﬁzierung/Sowjetisierung in Kultur und Gesellschaft,Russianization/Sovietization in Culture and Society
1259506304,"Pädagogische Kompetenzen im 'Zwischen'. Interkulturell, intersektionell, interreligiös, inklusiv","Pedagogical Competencies in 'Betweenness'. Intercultural, intersectional, interreligious, inclusive"
1259507173,Mythos Eignungsprüfung. Kunst – Leistung – hochschulische Prüfungspraxis,Mythos Fitness Test. Art – Performance – University Examination Practice
1259582531,Veränderungen des Personalmanagements: Sonderbericht,Changes in personnel management: special report
1259687767,Musik - Raum - Sozialität,Music - Space - Sociability
125969402X,Einschneidendes Ereignis für Kinder Nachgefragt,Inquiry on Cutting-Edge Events for Children
1259697762,Anleger müssen bewusst Risiken eingehen,Investors must be willing to take on risks
1259731456,Rahmenerzählung und kultureller Transfer die Bedeutung des Petrus Alfonsi für die narrativen Formen des Mittelalters,Rahmentheorie and cultural transfer: the significance of Peter Alfonsi for the narrative forms of the Middle Ages
1260144453,Künstliche Kompartimente für die zellfreie synthetische Biologie,Artificial compartments for cell-free synthetic biology
1260365220,"Entwicklungspsychologie - Entwicklungswissenschaft des Kindes- und Jugendalters Neuropsychologische, genetische und psychosoziale Aspekte der Entwicklung","Developmental psychology - Developmental science of children and adolescents Neuropsychological, genetic, and psychosocial aspects of development"
1260723194,Die @schuldigen Hirten Geschichte des sexuellen Missbrauchs in der katholischen Kirche,The guilty shepherds: The history of sexual abuse in the Catholic Church
1260724212,Ethik in der Pflege Das Lehrbuch für alle Bereiche der Pflege,Ethics in Nursing: The Comprehensive Textbook for All Areas of Care
126072669X,Pflegerische Kompetenzen von Lehrpersonen für sonderpädagogische Förderung. Ein Literaturreview,Nursing Competencies of Teachers for Special Educational Support. A Literature Review
1260749525,"Gott belohnt, Gott straft Religiöse Kategorien der Geschichtsdeutung im Frühen und Hohen Mittelalter","God rewards, God punishes Religious categories of historical interpretation in the Early and High Middle Ages"
1260871711,„Shut up and dribble“ – zur Legende des „mündigen Athleten“,"""Shut up and dribble"" — the legend of the ""talking athlete"""
1260965600,"KI-gestütztes Recruiting – technische Grundlagen, wirtschaftliche Chancen und Risiken sowie ethische und soziale Herausforderungen","AI-assisted Recruiting – Technical Foundations, Economic Opportunities and Risks, as well as Ethical and Social Challenges"
1260974294,Fratelli tutti - Anmerkungen zur Enzyklika,All brothers - Comments on the Encyclical
1261095162,Bundesbericht Wissenschaftlicher Nachwuchs 2021. Statistische Daten und Forschungsbefunde zu Promovierenden und Promovierten in Deutschland,Federal Report on Scientific Successors 2021. Statistical data and research findings on PhD students and PhDs in Germany
1261284844,"Golf Alles, was man wissen muss",Golf Everything you need to know
1261290321,"Für jugendliche Gefangene von zentraler Bedeutung Sport im Jugendstrafvollzug – Potenziale, Wirkungen, Hindernisse","Sports for juvenile inmates in juvenile detention - Potentials, Effects, Obstacles"
1261298772,Gutzwiller-korrelierte Wellenfunktionen in endlichen Dimensionen d eine systematische Entwicklung in 1/d,Goodwin-functions in finite dimensions 1/d is a systematic development
1261431197,Wandern während und nach Corona – Segmentierung von Wanderzielgruppen am Beispiel der Sinus-Milieus®,Hiking during and after Corona – Segmenting Hiking Destination Groups by Example of Sinus-Milieus®
1261434897,Jahresregister 2021 43. Jahrgang 2021,"Annual Register 2021, 43rd Year 2021"
1261444736,Körper in Eisen. Rüstungsdarstellungen im Kontext der Bild- und Körperpolitik des 19. und frühen 20. Jahrhunderts,Body in Iron. Armored depictions in the context of visual and body politics of the 19th and early 20th centuries
1261849043,Exklusiv: akademischer Alltag im deutschsprachigen Universitätsroman; eine gendersensible praxeologische Analyse,Exclusive: Academic daily life in the German-speaking university novel; a gender-sensitive praxeological analysis
1261891635,Optische Kontrolle und metallorganische Modifikation elektrochemisch hergestellter Punktkontakte,Optical control and electrochemical modification of point contacts
1261978897,"Die @deutschen Social Media Artists um Leon Löwentraut, Tim Bengel und Co.","The German social media artists like Leon Löwentraut and Tim Bengel, etc."
1262092205,Felsbilder Ägyptens Zeichen einer sozialisierten Landschaft,Rock art of Egypt: Symbols of a socialized landscape
1262173531,Ich über mich – Schreiben als Selbsterfahrung,Me – Writing as a Self-Discovery Experience
1262242681,Frustration mit erstaunlicher Wirkung: Quantenspinflüssigkeiten,Frustration with surprising effect: Quantum spin liquids
1262466245,Zufall und Ursache spezieller Ereignisse. Eine metaphysische Untersuchung nicht-fundamentaler Wahrscheinlichkeiten und Kausalbeziehungen,Accident and cause of specific events. A metaphysical investigation of non-fundamental probabilities and causal relationships.
1262734401,Liturgie und kreative Sinnstiftung in den dominikanischen Schwesternbüchern,Liturgy and Creative Meaning-Making in Dominican Sister Books
1262975409,‚Wechselspiegel‘: Perspektiven zum Verhältnis von Kunst- und Medienwissenschaften,“Reflecting Mirrors': Perspectives on the Relationship Between Art and Media Studies”
1263183506,Abwägen,Weighing
126354844X,Nutzung von RNA-seq zur Detektion aktiver Ribozyme in Zellextrakten,Use of RNA-seq for the detection of active ribozymes in cell extracts
1263548466,Visualisierung endogener Proteine in ihrer natürlichen Umgebung,Visualization of endogenous proteins in their natural environment
1263751679,Johann Albrecht Bengel: Briefwechsel Briefe 1732–April 1741,Johann Albrecht Bengel: Correspondence Letters 1732–April 1741
1263752780,"Pastoraltheologie ohne GPM 2022 Jg. 111, Heft 6 Monatsschrift für Wissenschaft und Praxis in Kirche und Gesellschaft","Theology Without GPM 2022 Year 111, Issue 6 Monthly Journal for Science and Practice in Church and Society"
1263755348,Ästhetische Erfahrungen in der Appmusikpraxis. Eine Grounded Theory,Aesthetic Experiences in App Music Practice. A Grounded Theory
1263764835,"Opel Corsa D 10/06-12/14 So wird's gemacht, Band 145","Opel Corsa D 10/06-12/14 So wird's gemacht, Band 145"
1263780709,"Die @Persönlichkeit verrät, wie gut wir hören",Personality reveals how well we listen
1264197802,"Narratives Coaching mit der Zeitlinie. Arbeit mit Geschichten, Emotion und Identität im Einzelsetting","Narrative Coaching with the Timeline. Working with stories, emotion, and identity in individual settings."
1264295480,Außendienst-Teams mit KI steuern,Controlling field service teams with AI
1264304889,Schüler*innen-Lehrer*innen-Beziehung aus bindungstheoretischer Perspektive im Förderschwerpunkt der Emotionalen und Sozialen Entwicklung,Student-Teacher Relationship from a Bond Theory Perspective in the Focus on Emotional and Social Development
1264478828,GarageBand – Analysen von Genderstereotypen,GarageBand – Analysis of gender stereotypes
1264480733,Lehrkräfte als Leiheltern: Arbeiten mit Kindern ist Arbeiten für Kinder. Anregungen zu einer bindungsorientierten Neuausrichtung der Kooperation zwischen allgemeinen und sonderpädagogischen Lehrkräften,Teachers as Helpers: Working with Children is Working for Children. Suggestions for a relationship-oriented reorientation of the cooperation between general and special education teachers.
1264641834,Membranumbau durch ESCRT-III-Proteine,Membrane remodeling by ESCRT-III proteins
1264641850,Fließbandfertigung von Atmungskettenkomplexen in Mitochondrien,Conveyor production of respiratory chain complexes in mitochondria
1264641877,CRISPR-Cas-Systeme der Klasse 1: Genome Engineering und Silencing,CRISPR-Cas Systems of Class 1: Genome Engineering and Silencing
1264641990,Ungewöhnliche Flavoenzyme steuern die Bildung von Troponen in Bakterien,Unusual flavoproteins control the formation of tropones in bacteria
126464213X,PAZy — mikrobielle Enzyme für den Abbau künstlicher Polymere,Enzyme for the breakdown of artificial polymers
1264661088,Entwicklung und Validierung eines videobasierten Testinstruments zur Erfassung des Noticing mit dem Fokus auf Anerkennungsprozesse im inklusiven Sportunterricht,Development and validation of a video-based test instrument for assessing noticing with a focus on recognition processes in inclusive physical education
1264661193,Correction: Entwicklung und Validierung eines videobasierten Testinstruments zur Erfassung des Noticing mit dem Fokus auf Anerkennungsprozesse im inklusiven Sportunterricht,Development and validation of a video-based test instrument for assessing noticing processes with a focus on recognition processes in inclusive physical education
1264706049,Mütterliche Versorgung – primär – außerfamiliär? Ein blinder Fleck in unserer Theorie und Praxis,Motherly care – primary – non-family? A blind spot in our theory and practice
1264754671,"Rhetorik als literaturtheoretische Praxis (zu Derrida, de Man und Barthes)","Rhetoric as literary theoretical practice (regarding Derrida, de Man, and Barthes)"
1265009473,Auswirkungen des vollautomatischen Bahnbetriebs auf ETCS und weitere Umsysteme,Effects of fully automated railway operation on ETCS and other subsystems
1265014116,Intertextualität in deutschen Rap-Texten und ihr didaktischer Nutzen für den Deutschunterricht,Intertextuality in German rap lyrics and its didactic value for German language instruction
1265173605,Dimensionen des Werkbegriffs,Dimensions of the concept of work
1265212899,Enzyklopädische Phantasien Wissensvermittelnde Darstellungsformen in der Literatur – Fallstudien und Poetiken,Encyclopedic Phantasies: Knowledge-Mediating Representational Forms in Literature – Case Studies and Poetics
1265284679,Professionelle Kompetenz(en) von Musiklehrkräften: Ein empirisch begründetes Modell,Professional Competence(s) of Music Teachers: An Empirically Based Model
1265362424,Blockchain — Nicht nur die Praxis des Bezahlens wird eine andere sein,Blockchain — Not only the practice of paying will be different
1265445435,Journalismus und Plattformen als vermittelnde Dritte in der digitalen Öffentlichkeit,Journalism and platforms as intermediaries in the digital public sphere
1265671087,"Schöner fremder Klang – Wie exotische Musik nach Deutschland kam Band 2: Samba, Mambo, Bossa & Co. (1945–1975)","Beautiful foreign sound – How exotic music came to Germany Band 2: Samba, Mambo, Bossa & Co. (1945–1975)"
1265754292,"Bibel und Big Bang Naturwissenschaft, Religion und die größten Rätsel unserer Welt","Bible and Big Bang: Science, Religion, and the Greatest Mysteries of Our World"
1265801215,Freie Beiträge zur Jahrestagung der Gesellschaft für Musikforschung 2019,Free contributions to the annual conference of the Society for Music Research 2019
1265828350,Kondylis heute. Anthropologie im Werk von Panajotis Kondylis.,Condylis today. Anthropology in the work of Panajotis Kondylis.
1265850550,"EduBreakouts_Schule unter Hochspannung Kooperation & Teambildung in Klasse, Kollegium & Schulfamilie - Grundschule","EduBreakouts - School in High Voltage - Cooperation & Team Building in Class, Staff and School Community - Primary School"
1265878935,Die @Erfindung der Urteilskraft. Eine genealogische Skizze,The Invention of Judgment. A Genealogical Sketch
1266293957,Entwicklung von Unterrichtsplanungsfähigkeit im Fach Physik: Welchen Einfluss hat Professionswissen?,Development of teaching planning skills in the field of physics: What influence does professional knowledge have?
126629466X,"Kunstgeschichte an Polytechnischen Instituten, Technischen Hochschulen und Technischen Universitäten Geschichte - Positionen - Perspektiven","History of Art at Polytechnic Institutions, Technical Universities, and Universities of Technology - History - Positions - Perspectives"
1266294708,Briefwechsel Band IV: 1905–1911,Correspondence Volume IV: 1905–1911
1266294910,Systematische Theologie Teil II: Durch Wahrheit zur Freiheit,Systematic Theology Part II: Through Truth to Freedom
1266726861,"Schöner fremder Klang – Wie exotische Musik nach Deutschland kam Band 1: Ragtime, Tango, Rumba & Co. (1855–1945)",Beautiful Foreign Sound – How exotic music came to Germany (1855–1945)
1266799087,Das @Thema Gender im Rechtspopulismus - empirische Befunde zur Anschlussfähigkeit bei Frauen und Männern,The topic of gender in right-wing populism - empirical findings on the receptivity of women and men
1266922555,Was heißt 'kuratieren' heute? Potenziale für transnationale Kooperationen,What does 'curating' mean today? Potentials for transnational cooperation
1266964657,Ohne ihr Wissen haben manche schon Engel beherbergt. Theologische Überlegungen zur Willkommenskultur,Some have already taken in angels without knowing it. Theological considerations on the welcome culture
1267033908,Computerbasierte Analyse und visuelle Repräsentationsformen der Musik im Kontext der neuesten Entwicklungen im Bereich Computer/Multimedia und deren Integration in musikologische Forschung und Lehre,Computer-based analysis and visual representation forms of music in the context of the latest developments in the field of computer/multimedia and their integration into musicological research and teaching
1267033983,Ein @Nachlass der Geschichte: Die fünf historischen Rätsel der Kleinstadt Neusalza-Spremberg in der Oberlausitz,A Legacy of History: The Five Historical Puzzles of the Town of Neusalza-Spremberg in Upper Lusatia
1267251417,Die @limnologischen Institute am Bodensee 100 Jahre Bodenseeforschung im Spiegel der Zeit- und Wissenschaftsgeschichte,The limnological institutes on Lake Constance 100 years of Lake Constance research in the mirror of the time and science history
1267387688,Ländliche Gesellschaft zwischen Krise und Anpassung Die altwürttembergischen Ämter Besigheim und Bietigheim im Dreißigjährigen Krieg,Rural society between crisis and adaptation: The old Württemberg offices of Besigheim and Bietigheim during the Thirty Years' War
1267571209,Prozessdenken bei Alfred North Whitehead und Gilles Deleuze,Process thinking in Alfred North Whitehead and Gilles Deleuze
1267825987,Eine @symmetriebasierte kinematische Theorie für das Design von Nanokristall‐Morphologien,A symmetry-based kinematic theory for the design of nanocrystal morphologies
1267987340,Schreckenskomet des Dreißigjährigen Kriegs,Pestilence Comet of the Thirty Years' War
1267987456,"Ernest Rutherford: Die Radioaktivität. Berlin: Springer, 1907","Ernest Rutherford: Radioactivity. Berlin: Springer, 1907"
126804136X,Gesellschaft als Gemeinschaft? Akademischer und politischer Populismus,Society as Community? Academic and Political Populism
1268047287,Führung in Teilzeit? Eine empirische Analyse zur Verbreitung von Teilzeitarbeit unter Führungskräften in Deutschland und Europa,Leadership in Part-Time? An Empirical Analysis of the Spread of Part-Time Work Among Leadership Positions in Germany and Europe
1268129038,Heimat Hohenelbe Geschichte und Geschichten,Home Hohenelbe History and Stories
1268264776,"Untersuchungen zum deutschen Vertriebenen- und Flüchtlingsproblem. Zweite Abteilung: Einzeldarstellungen. IV: Esenwein-Rothe, Ingeborg: Die Eingliederung der Flüchtlinge in die Stadtstaaten Bremen und Hamburg.","Studies on the German problem of displaced persons and refugees. Second Department: Individual Portraits. Volume IV: Esenwein-Rothe, Ingeborg: The Integration of Refugees into the City-States of Bremen and Hamburg."
1268429139,Ein @Beitrag zum Verständnis des Verschleißverhaltens im System Radialwellendichtring,A contribution to understanding the wear behavior of the system radial well seal
1268512656,Was ist Moralismus? Über Zeigefinger und den Ort der Moral,What is moralism? About the index finger and the location of morality
1268615692,"Leidfaden 2022 Jg. 11, Heft 3: Schamgebeugt und schuldbeladen Fachmagazin für Krisen, Leid, Trauer","Issue 2022 Jg. 11, Number 3: Shame-bound and burdened with guilt Magazine for Crisis, Suffering, Grief"
1268617334,Regesten zur Biografie und Herrschaft des Nürnberger Burggrafen und Brandenburger Kurfürsten Friedrich VI. (I.). Die erste Lebenshälfte: von seiner Geburt im Jahr 1371 bis zum Ende des Jahres 1403,Chronicles of the biography and rule of Nuremberg Burgrave and Brandenburg Elector Friedrich VI. (I.). The first half of his life: from his birth in the year 1371 to the end of the year 1403
1268712515,Sämtliche Schriften Band 1: Mensch und Menschenwelt,All Writings Volume 1: Man and Human World
1268712566,Sämtliche Schriften Band 5: Hegel und die Aufhebung der Philosophie im 19. Jahrhundert — Max Weber,Complete Works Volume 5: Hegel and the Abolition of Philosophy in the 19th Century — Max Weber
1268712914,Trauer in Zeiten der Corona-Krise Eine qualitative Untersuchung zum Trauererleben weiblicher Adoleszenter während der Covid-19-Pandemie,Grief during the COVID-19 crisis: A qualitative study on the grief experience of female adolescents during the COVID-19 pandemic
1268843172,Lieder aus dem Dreißigjährigen Krieg: Erasmus Widmanns Helden-Gesäng (1633),Songs from the Thirty Years' War: Erasmus Widmann's Heroic Song (1633)
126891133X,Ein @Bild hilfloser Schwäche? Papst Alexander IV. (1254-1261) in seinen Briefen,A picture of helpless weakness? Pope Alexander IV (1254-1261) in his letters
1268997242,"""Wir richten uns danach aus, wo wir gebraucht werden""","""We orient ourselves where we are needed"""
1268997331,Struktur in das Datenmeer bringen,Organize the data ocean
1269028049,"Zur Überlieferung der Werke Christoph Willibald Glucks in Böhmen, Mähren und Sachsen","The Transmission of Christoph Willibald Gluck's Works in Bohemia, Moravia, and Saxony"
1269028103,In der Ferne heimatverbunden?,Feeling homesick at a distance?
1269049348,Der @Zusammenhang zwischen außerschulischem Lesen und Lesekompetenz Ergebnisse einer Längsschnittstudie am Übergang von der Grund- in die weiterführende Schule,The connection between extracurricular reading and reading competence Results of a longitudinal study at the transition from primary to secondary school
1269095153,"Psychologische Experimente Grundwissen, Planung und Durchführung mit Open-Source-Software","Psychological Experiments: Basic Knowledge, Planning, and Implementation with Open-Source Software"
1269158430,Passion und Kalkül: Zur beruflichen Bewährung in der Galerie,Passion and Calculation: Professional Validation in the Gallery
1269211382,"Der @Politische Rezess mit seinen Festlegungen, der zwischen Grundherrschaft und Bürgerschaft der Stadt Neu-Salza vereinbart und von Kurfürst Johann Georg II. von Sachsen am 12. Juni 1673 in Dresden ratifiziert wurde","The Political Recess, which was agreed upon between the Lordship and the Citizenship of the City of Neu-Salza, and ratified by Kurfürst Johann Georg II. of Saxony on June 12, 1673 in Dresden"
1269218581,Düstere Aussichten oder: Sigmund Freuds »Unbehagen in der Kultur« Eine Einführung,"Dark prospects or: Sigmund Freud's ""Unbehagen in der Kultur"" - An Introduction"
1269218670,Der @Holocaust bei uns? (Außer-)Schulische Perspektiven lokaler und regionaler Erinnerungskultur,The Holocaust in us? (Extra-)Schulische Perspectives on Local and Regional Memory Culture
1269218700,Bildkompetenz im Klassenzimmer Welchen Beitrag kann die Kunstgeschichte leisten?,Artistic Competency in the Classroom What Contribution Can Art History Make?
1269264389,Musik in Baden-Württemberg. Jahrbuch 2021/22 Band 26,Music in Baden-Württemberg. Yearbook 2021/22 Volume 26
1269342045,"Praxis Wärmepumpe Technik, Planung, Installation","Heat Pump Technology, Planning, Installation"
1269394517,Intelligenz‍(tests) verstehen und missverstehen,Intelligence (tests) understand and misunderstand
1269394878,Osteuropäische Geschichte im Schulunterricht Verpasste Chancen?,European History in School: Missed Opportunities?
1269700278,Musikalischer Rhythmus und semantisches Priming - Konsequenzen für den Begriff der Audiation,Musical rhythm and semantic priming - consequences for the concept of audiation
1269847864,Welchen Nutzen hat die „Item-Response“-Theorie bei der Skalenkonstruktion?,"What benefits does the ""Item-Response"" theory offer in scale construction?"
1269872451,Der @Knoten im Taschentuch,The knot in the handkerchief
1269903535,Krieg in Jugoslawien - nur ein jugoslawischer Krieg? Vorträge zum Vierten Dresdner Friedenssymposium am 10. Februar 1996,"War in Yugoslavia - just a Yugoslavian war? Lectures for the Fourth Dresden Peace Symposium on February 10, 1996"
1269946102,Vitale Mystik,Vital Mysticism
1270005146,Ambivalente Dekonstruktionen der Macht die Rücknahme des Erzählers in den modernistischen Erzählungen Carl Spittelers,Ambitious deconstructions of power the withdrawal of the narrator in the modernist narratives of Carl Spitteler
1270005448,"""Schreihälse der Modernität"" Spitteler als Literaturkritiker","""Cry Masks of Modernity"" Spitteler as Literary Critic"
1270096516,Forschungsdatenmanagement in der Medienwissenschaft. Eine Auswertung von qualitativen Interviews zur Bedarfsermittlung für die Gestaltung eines medienwissenschaftlichen Forschungsdatenrepositoriums,Research data management in media studies. A qualitative interview-based needs assessment for the design of a media studies research data repository.
1270403583,Realität und Wirklichkeit Zur Ontologie geteilter Welten,Reality and Reality: On the Ontology of Shared Worlds
1270565648,Die @griechische Kunst,Greek Art
1270570927,Aristoteles' »Nikomachische Ethik«. Ein systematischer Kommentar Reclams Universal-Bibliothek,"Aristotle's ""Nicomachean Ethics."" A Systematic Commentary. Reclams Universal-Bibliothek"
1270605569,Bewegung als Zugang: Performance - Geschichte(n) - Ausstellen,Movement as Access: Performance - History(-ies) - Exhibition
1270606522,Das @Performance-Bild,The @Performance graph
1270633864,Der @fließende Gott Bilder von Flüssen und ihren Göttern in der römischen Kaiserzeit,The Flowing God: Images of Rivers and Their Gods in the Roman Imperial Period
1270678817,Kunst oder Kollektiv,Art or Collective
1270687077,Achtsamkeit verstehen und leben Über den Ursprung und die Praxis,Understanding and living mindfulness  About the origin and practice
1270687476,"Hallo, ich lebe noch! Trauernde Geschwister begleiten","Hello, I'm still alive! Bereaved siblings accompany"
1270798294,Identifizierung von Problemen im Ananasanbau Costa Ricas und Lösungsansätze für Verbesserungen entlang der Produktionskette,Identification of problems in the pineapple cultivation in Costa Rica and solutions for improvements along the production chain
1271218348,Ist eine Zwangsbehandlung bei Fremdgefährdung zum Wohl der gefährdenden Person? Eine ethische Analyse von Wohl und Wille im psychiatrischen Behandlungskontext,Is compulsory treatment for danger to others in line with the wellbeing of the dangerous person? An ethical analysis of wellbeing and will in the psychiatric treatment context
1271340488,‚Sorge um das Leben‘ oder ‚Sorge als Leben‘? Neo-vitalistische Denkfiguren als Alternativen zu einer funktionalistischen Beziehung,Care for life‘ or ‚Life as care‘? Neo-vitalistic thought figures as alternatives to a functionalistic relationship
1271510960,Vertrauen in Datenverarbeitung Der Beitrag von Siegeln und Zertifikaten zu einer Vertrauensinfrastruktur,Trust in Data Processing: The Role of Seals and Certificates in Establishing a Trust Infrastructure
1271680009,Motivationsarbeit im organisationalen Wandel - Konzeption einer motivationalen Organisationsentwicklung. Ein Beitrag zur weiteren Professionalisierung im Changemanagement.,Motivation Work in Organizational Change - Conceptualization of Motivational Organizational Development. A Contribution to Further Professionalization in Change Management.
1272249352,"Kita-Clips: Einstieg, Abschied, Übergang Mikrofortbildung für Sie, Ihr Team, Ihre Kita (Kindergarten)","Kita-Clips: Introduction, Farewell, Transition Micro-training for you, your team, your kindergarten"
1272915638,Fiktionskompetenz ist kein Zufall! Ein Unterrichtsmodell zur verlässlichen Zufallssuche in literarischen Texten und zur lesestrategischen Förderung der Fiktionskompetenz in den Sekundarstufen 1 und 2,Fictional competence is not a coincidence! A teaching model for reliable random search in literary texts and for promoting fictional competence in grades 7-10.
1272947424,"40 Jahre Deutschland Subjektive Levels der Partizipation, transnationale Subjektivität, sich im Fluss der Zeiten sehen : migrantische Altersverortung am Beispiel der italienischen Zuwanderung in München","Forty Years of Deutschland: Subjective Participation Levels, Transnational Subjectivity, Seeing Oneself in the Flow of Time: Migrant Aging and the Case of Italian Immigration in Munich"
1272948439,Ein @Weg zur Lösung des kosmischen Antimaterie-Rätsels? Suche nach dem elektrischen Dipolmoment des Neutrons,A path to the solution of the cosmic antimatter riddle? Search for the electrical dipole moment of the neutron
1272949273,"Künstlerische Interventionen in der Kulturellen Bildung. Inhalte, Methoden und Reflexionen eines Curriculums für Künstler:innen","Artistic Interventions in Cultural Education. Contents, Methods, and Reflections of a Curriculum for Artists"
1272952657,Von der Reformation zur Gemeinschaft/From Reformation to Communion 50 Jahre Leuenberger Konkordie/The Leuenberg Agreement Turns 50,From Reformation to Communion: The Leuenberg Agreement Turns 50
1273046285,Ribosomenbiogenese in Archaeen,Ribosomal biogenesis in Archaea
1273046412,Mikrobielle Antibiotikafabriken verstehen und verbessern,Understanding and improving microbial antibiotic factories
1273048571,„Versuche über Pflanzen-Hybriden“ — neue Einsichten,New Insights into Plant Hybrids
1273228049,Feldherren und Soldaten : russische Konzeptionen des Kriegshelden im 19. und frühen 20. Jahrhundert,Field marshals and soldiers: Russian concepts of the war hero in the 19th and early 20th centuries
1273438280,Das @Kostenverhalten in Entscheidungen einbeziehen,Incorporate cost behavior into decisions
127344342X,"Motivation, Emotion und die Rolle der Schreibberatung Wissenschaftliches Schreiben aus Studierendensicht","Motivation, Emotion, and the Role of Academic Writing from the Student's Perspective"
1273576470,Lebensräume im Mittelmeer Ein Handbuch für Unterwassermenschen,Marine Habitats: A Handbook for Underwater People
127398112X,Ultraschnelle Erzeugung von Skyrmionen: Magnetismus,Ultrafast Skyrmion generation: Magnetism
1274228204,E. T. A. Hoffmanns Weg zur Oper Von der Idee des Romantischen zur Genese der romantischen Oper,E. T. A. Hoffmann's Path to the Opera From the Idea of the Romantic to the Genesis of the Romantic Opera
127423736X,Variatio in Kunst und Handwerk Modulare Arbeitsweisen in spätantiker und frühbyzantinischer Zeit,Variation in Art and Craft Modular Working Methods in Antique and Early Byzantine Periods
1274300231,Philosophie und Künste Ostasiens im Werk von Günther Uecker,Philosophy and Arts of Eastern Asia in the Work of Günther Uecker
127437524X,Der @infame Krieg/La guerre infame Aus- und Nachwirkungen eines missglückten Friedens/Consequences et prolongements d'une paix manquee,The infamous war/ the infamous war: consequences and aftermath of a failed peace/ consequences and prolongations of a failed peace
1274435692,Descartes’ Sum-Res-Cogitans-Argument in der Zweiten Meditation,Descartes' Sum-Res-Cogitans-Argument in the Second Meditation
1274637759,"Hundert Jahre Streit um die Helden von 1812. Vom ""Vaterländischen"" Krieg zum Ersten ""Weltkrieg""","A century of disputes over the heroes of 1812. From the ""Fatherland"" war to the First World War"
1274640067,Wie Wünsche zweiter Stufe praktisch relevant werden,How second-order wishes become practically relevant
1274667755,Die @Grund- und Gutsherrschaften des sächsischen Dorfes Spremberg (seit dem 13. Jahrhundert) und der Stadt Neu-Salza (seit 1670) bis 1945 chronologische Reihenfolge,"The lordships of the Saxon village of Spremberg (since the 13th century) and the city of Neu-Salza (since 1670) until 1945, in chronological order"
127483905X,Regers dynamisches Tempo,Reiger's dynamic tempo
1274839084,Von der Kunst der Beschränkung,The Art of Self-Restraint
1275244866,Das @21 Tage Programm „Schreiben und Reflektieren“,The 21-Day Program “Writing and Reflecting”
1275253571,Meine letzten sechs Tage des 2. Weltkriegs in Mecklenburg,My last six days of World War II in Mecklenburg
1275332668,Kybernetik,Cybernetics
1275343864,Zwischen Staatsmacht und Kunst. Ausstellungen russischer Avantgardisten in den 1920er Jahren in Deutschland,Between State Power and Art. Exhibitions of Russian Avant-Gardists in the 1920s in Germany
1275473172,Einführung in die Provenienzforschung Wie die Herkunft von Kulturgut entschlüsselt wird,An Introduction to Provenance Research How the Origin of Cultural Property is Determined
127547585X,Digitale Musikmedien und -technologien in der Musiklehrer*innenausbildung an der Universität Potsdam,Digital music media and technologies in music teacher training at the University of Potsdam
1275476015,"„… dass ich endlich verstanden habe, wofür man das alles braucht.“ Zum didaktischen Konzept und zu möglichen Effekten der erziehungswissenschaftlichen Begleitung",“… that I finally understood why all of this is necessary.” On the didactic concept and possible effects of educational accompaniment
1275641059,Den @ethischen Kompass im Blick – Werteaspekte in der Digitalisierung,Ethical Compass – Value aspects in digitization
1275645100,"Ich mach mir die Welt, wie sie mir gefällt?",I make the world as I like it.
1275700462,Entwicklung von Unterrichtsplanungsfähigkeit im Fach Physik: Welchen Einfluss hat Professionswissen?,Development of teaching planning skills in the subject of physics: What impact does professional knowledge have?
127598312X,Basel zwischen Burgund und dem ostfränkischen Reich,Basel between Burgundy and the East Frankish Empire
1275984304,Status-quo-Analyse zu tierschutzrelevanten Veränderungen bei Rindern in einem Verarbeitungsbetrieb tierischer Nebenprodukte in Süddeutschland,Status-quo analysis of changes in cattle relevant to animal welfare in a processing facility for animal by-products in southern Germany
1276088256,Wikinger in Böhmen und der Oberlausitz – ein Novum der Regionalgeschichte,Vikings in Bohemia and Upper Lusatia – a novelty in regional history
1276089368,Eine @US-Amerikanerin in Neusalza – Marion Estelle Edison,"Marion Estelle Edison, an American in Neusalza"
1276239041,"Digitales Studium im Rahmen des ""Studium im Alter"" an der Westfälischen Wilhelms‐Universität (WWU) Münster Erfahrungen und Perspektiven","Digital studies in the context of ""Studium im Alter"" at the Westfälische Wilhelms-Universität Münster: Experiences and Perspectives"
1276585519,KI pimpt Produktionsplanung,Artificial Intelligence optimizes production planning
1276589808,Erzwungenes Ausweichmanöver,Forced evasive maneuver
1276592396,Delphi-Studie zum Begriff Schülervorstellungen in der deutschsprachigen Physikdidaktik-Community,Study of the concept of student ideas in the German-speaking physics education community
1276600348,Der @Heiligen Leben,The Holy Life
1276665369,Der @letzte Takt,The last beat
1276676093,"Familienrecht, Teil 2: §§ 1589–1921","Family Law, Part 2: §§ 1589–1921"
1276680341,Körperbilder der Macht in Europa: 1300–1800 Beiträge zu einer Ikonographie des Politischen in Aktion,Corps of Power in Europe: 1300–1800 Contributions to an Iconography of Politics in Action
1276736398,"Psychoanalyse Grundlagen, Behandlungstechnik und Anwendung","Psychoanalysis: Fundamentals, Treatment Techniques, and Applications"
1276739753,Global – digital – medial: Musik in transkulturellen/traditionellen Räumen und Kontexten Bericht über die Jahrestagung des ICTM Deutschland 2019,Global – digital – medial: Music in transnational/traditional spaces and contexts Report on the ICTM Germany 2019 Annual Conference
1276781814,Die @Erfolgsquellen korrekt identifizieren,The @Success factors should be correctly identified
1276932065,Die @Suche nach dem Impact im Puzzle Ein neuer Sammelband zeigt das Spektrum der systematischen Kinder- und Jugendsportforschung in Deutschland,The search for impact in the puzzle: A new collection showcases the spectrum of systematic children's and youth sports research in Germany.
1276936419,Erreichbarkeitspotenziale als Wachstumsimpuls von Mittelzentren zwischen Metropolregionskernen,Potential for reachability as a growth driver of mid-sized centers between metropolitan region cores
1277005400,Sozialisationsindikatoren zur Erfassung von Sozialisationsbedingungen in der frühen Kindheit,Socialization indicators for assessing socialization conditions in early childhood
1277009996,Zeitenwende oder Mitte des Mittelalters? - Lebensordnungen und Ordnungsvorstellungen im Umbruch des 11. Jahrhunderts,Times of Change or the Middle of the Middle Ages? - Life Orders and Order Ideas in the Transformation of the 11th Century
1277143463,Experimentelle Untersuchungen zum Systemdesign von Kryogenen Stromkomparatoren,Experimental studies on the system design of cryogenic current comparators
1277160287,Perspektiven auf geschlechtliche Vielfalt im Sport,Perspectives on gender diversity in sports
1277171297,"Musikkonzepte - Konzepte der Musikwissenschaft Band I: Hauptvortrag, Kolloquien, Symposien","Music Concepts - Concepts of Musicology Volume I: Main Lectures, Colloquia, Symposia"
1277270902,Der @„einzelne Ausdruck mit seiner Gewalt“ Eine Beethoven-Kritik Gustav Jacobsthals aus dem Jahre 1889,"The ""single expression with its power"" A Beethoven criticism by Gustav Jacobsthal from the year 1889"
1277344639,Gute Reise?,Good trip?
1277531846,Wechselwirkungen zwischen Kantenzuständen auf dem topologisch kristallinen Isolator Pb\(_{1-x}\)Sn\(_x\)Se,Interactions between cantonal conditions on the topologically crystalline insulator Pb\(_{1-x}\)Sn\(_x\)Se
1277706638,Die @Philosophie des modernen Songs,The Philosophy of Modern Songs
1277809941,Interaktives musikalisches Lernen und Möglichkeiten der Realisierung in der Grundschule unter Beachtung deutscher Bildungskonzeptionen Eine empirische Studie dargestellt am Beispiel des Komponierens in der Gruppe,Interactive musical learning and opportunities for implementation in primary school with consideration of German educational concepts: An empirical study presented with a focus on group composition
127786361X,"Fastenaktion 2023: Leuchten! 7 Wochen ohne Verzagtheit - Fastenlesebuch Der Begleiter durch die Fastenzeit. Denkanstöße, Bibeltexte, Übungen & Coaching-Tipps. Eine Fastenaktion voller Freude & Fantasie!","Fasting Action 2023: Shine! 7 Weeks Without Fear - A Fastenlesebuch Companion Through Lent. Food for Thought, Bible Verses, Exercises & Coaching Tips. A fasting action full of joy and imagination!"
1277885508,Indeterminismus vor der Quantenmechanik: Richard von Mises’ wahrscheinlichkeitstheoretischer Purismus in der Theorie physikalischer Prozesse,Indeterminism before quantum mechanics: Richard von Mises' probability-theoretic purism in the theory of physical processes
1277885567,Mathematische und phänomenologische Strenge: Distributionen in der Quantenmechanik und -feldtheorie,Mathematical and phenomenological rigor: Distributions in quantum mechanics and field theory
1277925852,"„Es ist nicht gut, dass der Mensch allein ist“: Zur biblischen Theologie der Einsamkeit","""It is not good that the man should be alone"""
1278021019,Zur Entwicklung der kinder- und jugendliterarischen Fantasy im westlichen deutschen Sprachraum (1950er- bis 1980er-Jahre),The development of children's and young adult fantasy literature in the Western German-speaking region (1950s to 1980s)
1278156518,Osteuropawissenschaft im Krieg. Herausforderungen der epochalen Zeitenwende,Eastern European Studies in War. Challenges of the epochal turn of times
1278158782,Starke Stimme - Stark im Job Ihr Trainingsprogramm für mehr Überzeugungskraft im Beruf,Strong Voice - Strong in Your Job: Your Training Program for Increased Persuasiveness in Your Career
1278235329,Das @Mittelalter Von Karl dem Großen bis zum späten Mittelalter,The Middle Ages from Charlemagne to the late Middle Ages
1278246428,Lehren und Lernen mit Enterprise Resource Planning (ERP) Systemen – Typische Bearbeitungsprobleme als Grundlage der Lernprozessgestaltung,Teaching and Learning with Enterprise Resource Planning (ERP) Systems – Common Processing Problems as a Basis for Learning Process Design
1278427368,Helle Funken in schwarzer Nacht Ein kollektives Erinnerungsprotokoll über humanitäres Handeln am Ende des 2. Weltkrieges,"Flickering Lights in the Black Night
A collective memory record of humanitarian actions at the end of World War II"
1278432108,Die @»Paulskirchenverfassung« der Frankfurter Nationalversammlung,The »Paulskirchenverfassung« of the Frankfurt National Assembly
1278592849,Wähle Deine Worte mit Bedacht,Choose your words carefully
1278869638,Generalissimus Suvorov – ein Heroisierungsversuch des ausgehenden Zarenreiches und sein Scheitern im Ersten Weltkrieg,Generalissimus Suvorov – an attempt at heroization by the waning empire of Tsarism and its failure in World War I
1278870326,Ethik in der Softwareentwicklung,Ethics in Software Development
1278912207,Religionsphilosophie evangelischer Theologie,Philosophy of religion and evangelical theology
1278916083,Erkenntnistheorie,Epistemology
1278917233,Grundthemen der Literaturwissenschaft: Drama,Basic Topics of Literary Studies: Drama
1279021233,Ontologische Narratologie Welt erzählen bei Wilhelm Raabe,Ontological Narratology: Storytelling in Wilhelm Raabe
1279030526,Artusroman und Bildlichkeit,Artusroman und Bildlichkeit
1279274808,"Etwas nimmt seinen Anfang, weil es um sein Ende (nicht) weiß Freud und der Flirt",Something begins because it does not know about its end.
1279595736,Perspektiven der Lyrikologie,Perspectives of Lyric Studies
1279661402,Unter einem anderen Mond Carlo Ginzburg und die Hermeneutik der Risse,Under a Different Moon: Carlo Ginzburg and the Hermeneutics of Cracks
1279661682,"Tragödie als Ich-Erzählung inszenierte Notwendigkeit in Max Frischs ""Homo faber""","Tragedy as a Necessity Narrated in the First Person in Max Frisch's ""Homo faber"""
1279661828,"Archäologie des Arbeiter- und Bastlerstaats Marc Schweskas Roman ""Zur letzten Instanz"" (2011)","Archaeology of the Worker-State: Marc Schweska's novel ""To the Last Instance"" (2011)"
1279661941,Meridiane und Tropen zur performativen Poetologie Paul Celans,Meridians and Tropics for Performative Poetics by Paul Celan
1279693177,Polyphosphat — ein unterschätztes Molekül,Polyphosphate — an underrated molecule
1279693738,Bestimmung mikrobieller Gemeinschaften von Teichen in Stadt und Land,Determination of microbial communities in city and country ponds
1279693916,Stabile Langzeitkultivierung mikrobieller Gemeinschaften im loop-design,Stable long-term cultivation of microbial communities in loop design
1279708921,Spektakel und Möglichkeitsraum. Kunst und der lange Sommer der Migration,Spectacle and Possibility Space. Art and the Long Summer of Migration
1280090952,„Fülle des Nichts“ Zur (Un) möglichkeit der Metaphysik nach Adorno und Beckett,"""Nothingness Fills"" On (Im) possibility of Metaphysics after Adorno and Beckett"
1280233028,"""Ich bin fertig"" - Feedback in Arbeitsphasen von Schüler*innen","""I'm done"" - Student feedback in working phases"
1280506237,Trajektorienplanung autonomer Fahrzeuge: Diskrete Lösungsmethode für urbane Szenarien,Path planning for autonomous vehicles: Discrete solution method for urban scenarios
128078248X,"Politik auf der Straße? Zum Forschungsstand zu sozialen Bewegungen, Protest und Zivilgesellschaft","Politics on the Street? Research on Social Movements, Protest, and Civil Society"
1281004553,"""Manchmal ist Verdecken von Widerstand notwendig""","""Sometimes, concealing resistance is necessary"""
1281081930,Kreative Methoden in der Online-Supervision,Creative Methods in Online Supervision
1281175986,Die @'Autonomie' des Kindes in den kollektiven Praktiken frühpädagogischer Fachkräfte in Kindertageseinrichtungen. Aspekte ihrer Professionalität,The @'Autonomy' of the Child in the Collective Practices of Early Childhood Educators in Childcare Facilities. Aspects of Their Professionalism.
1281295736,Wismar im Mittelalter. (Pfingstblätter des Hansischen Geschichtsvereins VI).,Wismar in the Middle Ages. (Pfingstblätter of the Hanseatic Historical Society VI).
1281296031,Reiseberichte und andere Zeugnisse über den deutsch-britischen Pas de deux in der Geschichte.,Travel accounts and other evidence of the German-British pas de deux in history.
1281578738,Zeiten der Auflehnung Eine Geschichte des indigenen Widerstandes in den USA,Times of Resistance: A History of Indigenous Resistance in the USA
1282130862,"""Kunden wissen um den Wert ihrer Altersvorsorge""","""Customers are aware of the value of their retirement provision."""
1282144618,Zum Tod von Hugo Dyserinck (1927-2020),Hugo Dyserinck (1927-2020)
1282419420,LaBrassBanda Barfuß in Lederhosen um die Welt,LaBrassBanda Barefoot in Leather Pants Around the World
128243621X,"Lehrbuch des deutschen Zivilprozessrechts. Neue, die Amtsgerichts-Novelle vom 1. Juni 1909 und die Reichsgerichts-Novelle vom 22. Mai 1910 berücksichtigende Ausgabe. In zwei Bänden.","Textbook of German Civil Procedure Law. New Edition, Incorporating the District Court Amendment of June 1, 1909 and the Federal Court Amendment of May 22, 1910. In Two Volumes."
1282511696,"Lesen mit Detektiv Pfiffig, Klasse 1 Erstklässler nehmen Bilder und Wörter unter die Lupe",Detective Pfiffig teaches class 1 students to examine pictures and words
1282542095,Wie gelingt erfolgreiches Skillmanagement?,How does successful skill management succeed?
1282550632,Reform des Tierschutz­kriminalstrafrechts zur effektiven Bekämpfung von Tierquälerei - Entwurf einer Straf­vorschrift gegen die Tierquälerei im Strafgesetzbuch – Gutachten im Auftrag der Fraktion Bündnis 90/Die Grünen im Deutschen Bundestag,Reform of the animal protection criminal law for effective combat against animal cruelty - Draft of a criminal provision against animal cruelty in the Criminal Code - Opinion on behalf of the Alliance 90/The Greens parliamentary group in the German Bundestag
1282728636,Mein Herz hat Sonnenbrand Über schiefe bis irrwitzige Songtexte aus 60 Jahren deutscher Popmusik,My heart has sunburn Over crooked to crazy song lyrics from 60 years of German pop music
1282805851,Der @20. Juli 1944 und die Folgen Eine Forschungskooperation mit Studierenden der Sozialwissenschaftlichen Fakultät der Georg-August-Universität Göttingen,"The July 20, 1944, and its consequences A research cooperation with students from the Social Science Faculty of the Georg-August-University of Goettingen"
1282856170,Deserteure der Wehrmacht im alpinen Raum Neue Forschungen,Deserters of the Wehrmacht in the Alpine region: New findings
1282972707,Förderung der Ambulantisierung Berufs- und gefahrenabwehrrechtliche Dimension ambulanter Kliniken,Promotion of the Ambulantization Professional and occupational safety and health aspects of outpatient clinics
1283409372,Die @Geste der Kunst. Paradigmen einer Ästhetik,The Gesture of Art. Paradigms of an Aesthetics
1283706784,Probleme der physikalischen und religiösen Wirklichkeit.,Problems of physical and religious reality.
1283906910,43. Jahresband des Arbeitskreises Musikpädagogische Forschung,43rd Yearbook of the Research Group on Music Pedagogy
1283907402,Individualisierung und Standardisierung in der inklusiven Schule - ein unauflösbarer Widerspruch?,Individualization and standardization in the inclusive school - an unsolvable contradiction?
1283909863,Expertise- und stimulusbedingte Unterschiede in schriftlichen videobasierten Reflexionen,Expertise- and stimulus-based differences in written video-based reflections
1283923416,Von der Videophilie zurück zur Biophilie. Beweggründe zum Einsatz einer digitalen Selbstlernumgebung zur Förderung von Naturverbundenheit (NaveL),From videophilia to biophilia: Motivations for using a digital self-learning environment to promote nature affinity (NaveL)
128392420X,Bach bearbeitet. Bericht über die Tagung im Rahmen des 93. internationalen Bachfestes der neuen Bachgesellschaft in Tübingen,Reports on the conference held as part of the 93rd International Bach Festival of the New Bach Society in Tübingen
1284678784,Strömungsmechanische Simulation und experimentelle Validierung des kryogenen Wasserstoff-Moderators für die Europäische Spallationsneutronenquelle ESS,Flow-mechanical simulation and experimental validation of the cryogenic hydrogen moderator for the European Spallations Neutron Source ESS
1284741796,Ein @ethischer Leitfaden zum Gesundheitsmonitoring,An ethical guide to health monitoring
1284818586,"Alfred Rothstein (1892-1960) Armut, Ausgrenzung, Überleben. Eine jüdische Biografie","Alfred Rothstein (1892-1960) Poverty, Exclusion, Survival. A Jewish Biography"
1284818675,"Ein @Leben, das zählt Vom Nazi-Albtraum zum American Dream",A Life That Counts: From Nazi Nightmare to American Dream
1284971627,Didaktische Gestaltung einer Moodle-Phase in einem Grundlagenmodul der Politikwissenschaft,Designing a Moodle phase for a foundational module in political science
1285099176,Ist Krieg heilbar? Anregungen für ein tiefenpsychologisch inspiriertes Politikverständnis.,Can war be healed? Suggestions for a psychoanalytically inspired understanding of politics.
1285157796,"""Der Verbindung mit der katholischen Welt zu dienen"": zur Wahrnehmung und Deutung von Literatur und Dichtung in der katholischen Monatsschrift Herder Korrespondenz 1946-2009","""Serving the connection with the Catholic world"": experiences and interpretations of literature and poetry in the Catholic monthly Herder Korrespondenz 1946-2009"
1285170717,Lebenslagen oder Intersektionalität? Gerontologie aus kritisch feministischer Perspektive,Lifesituations or Intersectionality? Gerontology from a critical feminist perspective
1285434978,Hof und Hofgesellschaft in den deutschen Staaten im 19. und beginnenden 20. Jahrhundert einleitende Bemerkungen,Court and court society in the German states during the 19th and early 20th centuries introductory remarks
1285869400,Widerstand und Missverständnis Über den schwierigen Umgang mit dem deutschen Widerstand gegen das NS-Regime,Resistance and Misunderstanding: On the Difficult Relationship with the German Resistance against the Nazi Regime
1286014042,Bewusst im Paradies: Kitsch und Reflexivität,Conscious in Paradise: Kitsch and Reflexivity
1286189756,Empirischer Forschungsstand zu digitalen Medien im Schulunterricht in inklusiven und sonderpädagogischen Kontexten. Eine systematische Übersichtsarbeit,Empirical findings on digital media in inclusive and special education contexts in schools. A systematic review
1286202051,New Work,New Work
1286208327,Poetische Twitter-Bots und das Problem der Rekontextualisierung Eine theoretische und experimentelle Untersuchung digital generierter Literatur am Beispiel von @sustuli1,"Poetic Twitter Bots and the Problem of Recontextualization: A Theoretical and Experimental Study of Digitally Generated Literature, Using the Example of @sustuli1"
1286492475,"Flüchtig, veränderlich, wechselhaft - Gedanken zur musikalisch-modischen Gegenwart","Fleeting, Changeable, Wavering - Thoughts on the Musical-Fashion Present"
1286493439,Leopolds Löwen und Hermanns Bären „Offizielles Lipperband“ zum Besten der Hinterbliebenen,"Leopolds Lions and Hermans Bears ""Official Lipper Band"" for the benefit of the survivors"
1286687284,Frequenzabhängigkeit der Steifigkeits- und Dämpfungskoeffizienten schnelllaufender Gleitlager,Frequency dependence of stiffness and damping coefficients of high-speed sliding bearings
1286688876,Schreiben in Distanz,Writing from a distance
1286901057,Was bewirkt Psychologie in Arbeit und Gesellschaft?,What does psychology do in work and society?
1286972922,Etablierung eines multifaktoriellen Risikoindex zur Bewertung des Anästhesierisikos beim Hund,Establishment of a multifactor risk index for assessing the risk of anesthesia in dogs
1287019889,Mathematische Methoden für die effiziente Auslegung und den Betrieb induktiver Batterieladesysteme,Mathematical Methods for the Efficient Design and Operation of Inductive Battery Charging Systems
1287137156,"Perspektiven der NS-Geschichte Zur Bedeutung von Überlebenden, Verfolgung von Minderheiten und Religiosität in den Lagern sowie zum Umgang nach 1945","Perspectives of Nazi History: The Significance of Survivors, Persecution of Minorities, Religion in the Camps, and Post-1945 Treatment"
1287235727,CRISPR-Fortschritte — Schnitt für Schnitt zu neuen Möglichkeiten,CRISPR Advances — Cut by Cut to New Possibilities
1287236057,Nicht-codierende RNA als Regulator der Neurogenese,Non-coding RNA as a regulator of neurogenesis
1287585671,Zelluläre Mikroskopie der Poly(ADP-Ribos)ylierung von Proteinen in Echtzeit,Live-cell microscopy of poly(ADP-ribos)ylation of proteins
1287737218,"Die @Weiße Rose Geschichte, Menschen, Vermächtnis","The White Rose Story, People, Legacy"
1287831338,Die @alte Heimat Oberhohenelbe im Riesengebirge,The old Heimat Oberhohenelbe in the Riesengebirge
1287928145,Manfred Angerer – Gesammelte Schriften und Vorträge,Manfred Angerer – Collected Writings and Lectures
1287928234,"Göttinger Händel-Beiträge, Band 24 Jahrbuch/Yearbook 2023","Goettingen Handel Beitraege, Band 24 Jahrbuch/Yearbook 2023"
1287932630,Getriebemodelle für Ähnlichkeitsbetrachtungen,Gear models for similarity considerations
1288351127,Wege durch den Informationsdschungel Psychologische Faktoren erkennen und bewerten,Navigating the Information Jungle: Identifying and Assessing Psychological Factors
1288814437,"Überwachung in der Gegenwart Fiktionale und faktuale Erzählungen, Narrative und ihre Perspektiven","Surveillance in the Present Fictional and factual narratives, stories, and their perspectives"
128901664X,Rhetorik macht erfolgreich Überzeugen. Begeistern. Weiterkommen. | (Mit digitalen Zusatzinhalten zum Buch),Rhetoric makes successful persuasion. Inspire. Progress. (With digital additional contents for the book)
1289151636,Werkstätten an Hochschulen. Orte des entdeckenden und/oder forschenden Lernens,Workshops at universities. Places of discovery and/or research learning
1289480192,Histomonose bei der Pute Epidemiologische Untersuchungen zur Ermittlung von Eintragsursachen und krankheitsbegünstigenden Faktoren,Histomonosis in turkeys Epidemiological investigations to determine sources of entry and disease-favoring factors
129014530X,"Adelssitze – Adelsherrschaft – Adelsrepräsentation in Altbayern, Franken und Schwaben: Interdisziplinäre Tagung in Schloss Sinning und der Residenz Neuburg an der Donau vom 8.-10. September 2011: 1. Eine Tagungseinführung","Castles – Lordship of the Nobility – Representation of Nobility in Old Bavaria, Franconia and Swabia: Interdisciplinary Conference in Schloss Sinning and the Residence of Neuburg an der Donau from September 8-10, 2011: 1. An Introduction to the Conference"
1290271712,'Pataphysik oder ±Gott ist der kürzeste Weg von 0 bis ∞,'Pataphysics or ±God is the shortest path from 0 to ∞
1290336636,"Risiken sozialwissenschaftlicher Forschung? Forschungsethik, Datenschutz und Schutz von Persönlichkeitsrechten in den Sozial- und Verhaltenswissenschaften","Risks of social science research? Research ethics, data protection, and protection of personality rights in the social and behavioral sciences"
1290405719,"Materie am Limit wie Gold, Blei & Co. entstanden sind","Matter at the limit like gold, lead, and others"
129056857X,TextING – Ein Best-Practice-Beispiel für beruflich- und wissenschaftlich-kooperatives Schreiben in den Ingenieurwissenschaften,TextING – A Best-Practice Example for Business and Scientific Collaborative Writing in Engineering Sciences
1290938202,Krisen öffnen Möglichkeitsräume – Systemaufstellungen auch,Crises open possibilities – system constellations also
1291223681,Das @metaphysische Unternehmen,The @metaphysical company
1291663649,"Der @Vorbereitungsdienst: ""Angst, Jammer, Schein und Lüge""? Überlegungen dazu, wie ein vielleicht nicht ganz zu Unrecht bestehendes Bild vom Vorbereitungsdienst ins rechte Licht gerückt werden kann","The @Preparatory Service: ""Fear, Complaining, Pretence, and Deception""? Reflections on how a perhaps not entirely undeserved image of the Preparatory Service can be put in a better light"
1292170190,Regentinnen und andere Stellvertreterfiguren Vom 10. bis zum 15. Jahrhundert,Regentesses and other representative figures From the 10th to the 15th century
1292209410,Design eines Virtuellen Supportteams. Konzeptionelle Überlegungen und empirische Befunde zur Entwicklung Fakultät übergreifender virtueller Teams in der IT-Administration einer Hochschule,Design of a Virtual Support Team. Conceptual considerations and empirical findings on the development of faculty-spanning virtual teams in the IT administration of a university
1292211784,"Wie man einzelne Gene einer Pflanze an- und abschaltet der Molekularbiologe Sotirios Fragkostefanakis erforscht epigenetische Verfahren, um Nahrungspflanzen weiterzuentwickeln","How molecular biologist Sotirios Fragkostefanakis studies epigenetic methods to switch individual genes of plants on and off, and to further develop food crops."
1292354607,›Wort‹ und ›Stein‹. Differenz und Kohärenz kultureller Ausdrucksformen,Word and Stone. Difference and Coherence of Cultural Expression Forms
1292429518,Entwicklung eines Instruments zur Erfassung des medienpolitischen Wissens (angehender) Grundschullehrkräfte,Development of an instrument for measuring the media political knowledge of (future) primary school teachers
1292662409,Didaktik des Kunstunterrichts Ein Lehrbuch für Studium und Praxis ,Didactics of Art Education A textbook for study and practice
1292744588,Das @Belvedere. 300 Jahre Ort der Kunst,The Belvedere. 300 Years of Art
1292804572,Mimik und Emotion,Facial Expressions and Emotions
1293606448,Über die Wirkungsweise und den Aufbau von Protonen-Wendellinearbeschleunigern mit variabler Endenergie,On the mode of operation and the structure of proton cyclotron accelerators with variable final energy
1293606456,Ein @einfaches Näherungsverfahren zur quantenmechanischen Behandlung der π-Elektronensysteme aromatischer Kohlenwasserstoffe I,A simple approximation method for the quantum mechanical treatment of π-electron systems in aromatic hydrocarbons I
1293606790,Über die Rotgrenze der Augenempfindlichkeit,Beyond the red threshold of visual sensitivity
1293606839,Thermokraftmessungen an Kupferoxydul bei hohen Temperaturen,Thermocouple measurements on copper oxide at high temperatures
1293606871,Massenspektrometrische Untersuchungen an Germanium,Mass spectrometry studies on germanium
1293607142,Die @optischen Konstanten n und ϰ von LiF im Bereich der ultraroten Reststrahlbande,The optical constants n and k of LiF in the ultra-red residual radiation band
1293607169,Messungen an CsBr im Bereich der ultraroten Eigenschwingung,Measurements of CsBr in the range of the ultra-violet own resonance
1293607207,Über eine einfache Anordnung zum Sichtbarmachen der Anregungszustände in Glimmstrecken und Entladungs-Lampen,Display of excitation states in glow discharge and discharge lamps using a simple arrangement
1293607266,Ein @Molekularverstärker für eine Betriebstemperatur von 90 °K,A molecular amplifier for an operating temperature of 90 K
1293607320,Relatives Verhalten der Wirkungsquerschnitte für inelastische Elektronen zur inelastischen Positronenstreuung am Atomkern,Behavior of the cross sections for inelastic electrons scattering inelastically off the atomic nucleus
1293950017,"Lebenssinn in der Psychologie ein Mixed-Methods-Ansatz zur integrativen Definition und Messung von Begreifbarkeit, Orientierung und Bedeutsamkeit","Purpose of life in psychology: A mixed-methods approach for an integrative definition and measurement of understandability, orientation, and significance"
1294306634,Zur Harmonik bei Johann Philipp Kirnberger,Harmony in Johann Philipp Kirnberger
1294452347,Zur Variation von Lumineszenz-Lebensdauern durch eine dielektrische Grenzfläche die Näherung der Polarisations-Methode,Variation of Luminescent Lifetimes by a Dielectric Interface Using the Polarization Method
1294452517,Der @aus dem Noetherschen Theorem folgende Energie-Impulstensor für das elektromagnetische Feld in Materie,The energy-momentum tensor following from the Noether's theorem for the electromagnetic field in matter is
1294453483,"Ein @Beitrag zu den ""mirror lines"" im Rotationsspektrum von Methanol","A contribution to the ""mirror lines"" in the rotational spectrum of methanol"
129445370X,Molekularthermodynamische Interpretation der Phasentrennung und der kritischen Phänomene,Molecular thermodynamic interpretation of phase separation and critical phenomena
1294746324,Nachhaltigkeit und Autarkie: Versuch der fruchtbaren Ergänzung räumlicher und zeitlicher Qualitäten zweier Konzeptionen,Sustainability and Self-sufficiency: Attempt at a fertile complementarity of spatial and temporal qualities of two concepts
1295190230,Untersuchungen über die Zusammensetzung der Desoxyribonucleinsäure aus den reifen Spermatozoen von Seegurken,Investigations on the composition of desoxyribonucleic acid from ripe sperm of sea cucumbers
1295517337,"Care, Arbeit, Care-Arbeit zwischen Solidarität und Wettbewerb : die ökonomisch ignorierte Rolle von Care für den Zusammenhalt einer freiheitlichdemokratischen Gesellschaft ; sozialethische Überlegungen zwischen BGE und unternehmerischem Selbst","Care, Work, and Care Work between Solidarity and Competition: The Economically Neglected Role of Care for the Cohesion of a Freedom-Loving Democratic Society; Social-Ethical Considerations between Basic Income and Entrepreneurial Self"
1295799502,Zum Rückgriff auf Grundprinzipien der klassisch-römischen imitatio auctorum und zur Bedeutung des imitatio-Begriffs im 12./13. Jahrhundert,To refer back to the principles of classical Roman imitation of authors and to the significance of the imitatio concept in the 12th/13th century
1295877570,Die @junge Käthe Kollwitz in ihrer künstlerischen Findungsphase,The young Käthe Kollwitz in her artistic phase of discovery
1296020045,Bemerkungen zur elektronenmikroskopischen Dickenmessung von Kohleschichten,Remarks on electron microscopic thickness measurement of carbon layers
1296020290,Die @Wirkung von O2-Entzug auf die Induktionsphase der photosynthetischen CO2-Aufnahme,The effect of oxygen deprivation on the induction phase of photosynthetic CO2 uptake
1296020428,Nachweis zweier verschiedener paramagnetischer Reaktionsprodukte bei Röntgenbestrahlung eines Faserproteins durch Elektronenresonanz-Messung,Proof of two different paramagnetic reaction products in X-ray irradiation of a fiber protein by electron resonance measurement
1296377725,Händel-Oratorien in den baltischen Ländern,Oratorios by Handel in the Baltic countries
1296378136,Das @Musikleben der Ukraine auf den Seiten der Russischen Musikzeitung (1894-1918),The musical life of Ukraine in the pages of the Russian Musical Chronicle (1894-1918)
1296378292,Leipzig: Die Geburtsstätte von Mykola Lysenko als Dirigent,Leipzig: The birthplace of Mykola Lysenko as a conductor
1296378578,"Catalogus Collectionis Operum Artis Musicae Ecclesiae Sanctissimae Trinitatis in Koleč (=Artis Musicae antiquioris Catalogorum Series, Vol. XI) Composuit Lucie Havránková et Karel Veverka, Pragae MMXX","Catalogue of the Collection of Works of Church Music of the Most Holy Trinity, edited by Lucie Havranková and Karel Veverka, Prague 2022."
1296547558,Heilsbringer der Laien Die Seitenwunde Christi als mittelalterliches Andachtsbild,Healing Bearer of the Laity The Side Wound of Christ as a Medieval Devotional Image
1297033256,Reflect! Ein Beobachtungs- und Reflexionstool für Instrumental- und Gesangslehrende,Reflect: An Observation and Reflection Tool for Instrumental and Vocal Educators
1297154878,Ein @nicht eingelöstes Versprechen Die Umsiedlung der Deutschen aus der Dobrudscha 1940 und ihre Folgen,A @unfulfilled Promise: The Expulsion of the Germans from Dobrudscha 1940 and its Consequences
1297281233,Kunsttheorie Von der Antike bis zur Gegenwart,Art Theory From Antiquity to the Present
1297395115,Stadt und Erinnerungskultur Tagungsband der 58. Jahrestagung des Südwestdeutschen Arbeitskreises für Stadtgeschichtsforschung,Conference Proceedings of the 58th Annual Meeting of the Southwestern German Association for Urban History Research
1297425243,Der @harmonisch getriebene Rayleigh-van der Pol Oszillator,The @harmonically driven Rayleigh-van der Pol oscillator
1297468341,Vertrauen im Konflikt: CONTRUST,Trust in Conflict: CONTRUST
1298210046,"""Grupo operativo"" als reflexiv-gruppale Professionalisierungsstrategie schulischer Heilpädagogik im Feld sozial-emotionaler Entwicklung","""Operative group"" as reflective group-based professionalization strategy for school pedagogical therapy in the field of socio-emotional development"
1298216176,Chancen des inklusionsorientierten Sachunterrichts für didaktisch-diagnostisches Handeln – Konzeptionelle und methodologisch-methodische Grundlagen eines forschungsbasierten Entwicklungsansatzes für die Lehrer*innenbildung,Opportunities of Inclusive Content-Based Instruction for Diagnostic-Didactic Action - Conceptual and Methodological Foundations of a Research-Based Development Approach for Teacher Education
1298220475,"""Ein Hubschrauberflug auf dem Mars"" - ""Lernwerkstatt unterwegs"". Unterstützung des Lernens mit und über digitale(n) Medien in einer Grundschule während der Pandemie","""A helicopter flight on Mars"" - ""Learning workshop on the road"". Support for learning with and about digital media in a primary school during the pandemic"
1299353487,Forschendes Lernen im Lehramtsstudium Biologie. Dokumentarische Rekonstruktionen studentischer Experimentierprozesse,A research-based learning approach in teacher training in biology. Documented reconstructions of student experimental processes.
1299436544,Cum ira et studio? Hohenzollerndebatte – eine Stil- und Argumentationskritik,The Hohenzollern debate – a style and argumentation critique
1299453902,Kunstberichte als kultur- und pressepolitisches Herrschaftsinstrument im NS: Untersuchung der Berichterstattung zur „Großen Deutschen Kunstausstellung“ in München von 1937 bis 1943 in der „Frankfurter Zeitung und Handelsblatt“,Art reports as a cultural and press-political instrument of power in the NS: Study of the reporting on the „Great German Art Exhibition“ in Munich from 1937 to 1943 in the „Frankfurter Zeitung and Handelsblatt“
1300201185,Der @überschätzte Mensch Anthropologie der Verletzlichkeit,The Overestimated Person Anthropology of Vulnerability
130027705X,Mechanismen und Herausforderungen des Bewegungssehens,Mechanisms and challenges of eye movement
1300278234,Bakterielle Cellulose — ein Netzwerk gestaltet von drei Cellulose-Synthasen,Bacterial cellulose – a network designed by three cellulose synthases
1300736984,"Avantgarden in Zentraleuropa Andere Räume, andere Bühnen","Avantgarden in Central Europe Other spaces, other stages"
1300956240,Messunsicherheiten quantifizieren: Welche Maße gibt es dafür?,Quantifying measurement uncertainties: What measures are there for that?
1300956429,Messdaten im Physikunterricht auswerten – wann sind Messunsicherheiten wichtig?,Analyzing measurement data in physics lessons – when are measurement uncertainties important?
1301520152,Abschluss-Expertenvorträge der Kinder der Wilhelm-Conrad-Röntgen-Juniorakademie begeisterten ein großes Publikum,Closing speeches by the children of the Wilhelm-Conrad-Roentgen Junior Academy captivated a large audience
1302127268,Einsatz von Process-Mining zur Verifikation und Validierung von Simulationsmodellen in Produktion und Logistik,Use of Process Mining for Verification and Validation of Simulation Models in Production and Logistics
1302222546,Blicke auf das Schlachtfeld. Wahrnehmung und Schilderung der Walstatt in mittelalterlichen Quellen,Look at the battlefield. Perception and description of the battlefield in medieval sources
1302280120,Wie sekundäre Transporter mit substratbindenden Proteinen interagieren,How secondary transporters interact with substrate-binding proteins
1302281348,Proteomdynamik im Gefäßsystem von Pflanzen,Proteome dynamics in the vascular system of plants
1302746383,Einleitung in die Phänomenologie Vorlesung 1912,Introduction to Phenomenology Lecture 1912
1303164353,Digitale Seelsorge Impulse für die Praxis,Digital Pastoral Care Tips for Practice
1303500418,Geistesgeschichte als Ideologie und als Versprechen,The history of ideas as ideology and as promise
130381949X,Zugängliche KI-Algorithmen für bessere Zellmikroskopie,Accessible AI algorithms for better cell microscopy
1304585700,Sprache im Physikunterricht – Welche Orientierungen zeigen angehende Physiklehrkräfte?,Language in Physics Education - Which orientations do prospective physics teachers show?
1306465354,Hybrid Work: Herausforderungen an das Change Management in Unternehmen,Hybrid Work: Challenges in Change Management for Companies
1306903963,Finningen vom Mittelalter bis zum Ende des Alten Reichs,Finningen from the Middle Ages to the end of the Holy Roman Empire
1307021786,Hat der Poynting-Vektor auch im statischen Fall eine physikalische Bedeutung?,Does the Poynting vector also have a physical meaning in the static case?
1307071538,Zeittafel des Käbschütztals in der Lommatzscher Pflege,Timeline of the Kaebschuetz Valley in the Lommatzscher Pflege
1307173322,Mehr oder weniger? Bevölkerungspolitik als gesellschaftliche Pflicht,More or less? Population policy as a social duty
1307315860,Künstlerhäuser in England (um 1860): Konzept und Selbstentwurf,Artists' Houses in England (around 1860): Concept and Self-Design
1307483860,Anforderungsbewältigung von Jugendlichen und jungen Erwachsenen mit ADHS-Symptomen in Schule und Betrieb,Handling of ADHD symptoms in adolescents and young adults in school and work
1307487165,Kunst und Wissenschaft,Art and Science
1307492371,"Historiker an der KBW Hans Liebeschütz, Percy Ernst Schramm, Richard Salomon und Karl Brandi","Historians at the KBW Hans Liebeschütz, Percy Ernst Schramm, Richard Salomon, and Karl Brandi"
1307492436,Von antiklassisch zu antimanieristisch Walter Friedländers Neubewertung von Epochenbegriffen,Walter Friedlaender's new assessment of epochal concepts: from anti-classical to anti-manieristic
1307492460,Die @Leerstelle Walter Benjamin zur Verfehlung einer kulturwissenschaftlichen Wahlverwandtschaft,The @Leerstelle Walter Benjamin in the failure of a cultural studies affinity relationship
1308856245,Herausforderungen und Gefahren der Integration von Genomdaten in die Erforschung der frühmittelalterlichen Geschichte,Challenges and Dangers of Integrating Genomic Data in the Study of Early Medieval History
1309409285,Hochmittelalterliche Territorialstrukturen in Deutschland und Italien.,High medieval territorial structures in Germany and Italy.
1309752761,Clavichorde in süddeutschen Sammlungen,Clavichord in South German collections
1310698570,»... bleibe stolz und trage Deinen Kopf hoch« [Elektronische Ressource] Eine Kurzbiografie über Karl Zink,... stay proud and keep your head high
1310708290,Das @verhüllte Rätsel. Verschwinden und Erscheinen in der surrealistischen Kunst,The Enigmatic Mystery. Disappearance and Appearance in Surrealist Art
131072590X,Eine @frühmittelalterliche Siedlung auf der Mark „Nordinowa“?,A medieval settlement on the field “Nordinowa”?
1310792542,"Es schleimt, es lebt, es denkt. Eine Rheologie des Medialen","It slimes, it lives, it thinks. A rheology of the medial"
1310982384,Neue Kunstmusik für die moderne Türkei die kultur- und gesellschaftspolitische nationale und internationale Bedeutung der Sinfonien von Ahmed Adnan Saygun als eine Ausprägung des Kulturtransfers der türkischen zeitgenössischen Kunstmusik,New Kunstmusik for the modern Turkey the cultural and societal national and international significance of the symphonies of Ahmed Adnan Saygun as a manifestation of the cultural transfer of the Turkish contemporary art music
1311381147,"»mit saurem Schweiß sagen, was man nicht weiß«","to say, with sour sweat, what one does not know"
1311805699,"Maximilian I. und die Kunst in Augsburg - Kaiser, Künstler, Beziehungsgeflechte","Maximilian I. and the Art in Augsburg - Emperor, Artists, Interrelations"
1312249129,Schein und Anschein Dynamiken ästhetischer Praxis in der Vormoderne,Appearance and Deception: Aesthetic Practices in the Pre-Modern Era
1312786256,"Studies in the Arts II - Künste, Design und Wissenschaft im Austausch","Studies in the Arts II - Arts, Design, and Science in Dialogue"
1313280313,1989 Das Jahr beginnt,1989 The year begins
1313280941,Pastoralpsychologie Ein Lehrbuch,A Textbook on Pastoral Psychology
1313502030,Helfen Bodenbakterien in der Waschmaschine gegen schlechte Gerüche?,Can bacteria in the washing machine help against bad odors?
1313556424,"""Sonniges Georgien"" Figurationen des Nationalen im Sowjetimperium","""Sunny Georgia"" Figurationen des Nationalen im Sowjetimperium"
1314381776,Zerschlagen des Scheins der Naturwüchsigkeit Naturgeschichte zwischen Marx und Adorno,The illusion of natural growth: Natural history between Marx and Adorno
1314923978,Phosphorylierung von Methylthio-β.ᴅ-galaktosid in E. coli,Phosphorylation of Methylthio-β.ᴅ-galactoside in E. coli
1315045737,Wilhelm Conrad Röntgen – der Mann hinter der Entdeckung der „X-Strahlen“ Zum 100. Todesjahr von Wilhelm Conrad Röntgen 2023 – Teil 2,William Conrad Röntgen – the man behind the discovery of the “X-rays” On the 100th anniversary of Wilhelm Conrad Röntgen's death in 2023 – Part 2
1315470500,Komparatistik und Gegenwartskunst,Comparative Art History and Contemporary Art
1316002160,"Die @Frau ohne Schatten: Hugo von Hofmannsthals und Richard Strauss' ""Schmerzenskind""","The Lady in the Shadows: Hugo von Hofmannsthal and Richard Strauss' ""Pain Child"""
1316362469,Zum 100. Todesjahr von Wilhelm Conrad Röntgen (1845–1923),On the 100th anniversary of the death of Wilhelm Conrad Röntgen
1316437612,"Gesten des Sichtbarmachens explorativ, reflexiv, in Suchbewegungen","Exploratory gestures of making visible, reflexive, in search movements"
131667181X,"Synthetische Wissenschaftstheorie. Versuch einer Synthese der falsifikationslogischen, der wahrscheinlichkeitslogischen und der transzendentallogischen Denkform.","Synthetic Science Theory. Attempt at a synthesis of falsification logic, probability logic, and transcendental logic."
1316733521,Teilung und (Wieder-)Anschluss. Infrastrukturen und Raumformate am „Eisernen Vorhang“,"Division and (Re-)Connection. Infrastructure and Spatial Formats at the ""Iron Curtain"""
1316896226,"Kunst, Macht, Agonismus Auf der Suche nach einer Gabentheorie der Kunst bei Plinius dem Älteren","Art, Power, Agonism: In Search of a Gift Theory of Art in Pliny the Elder"
1316974448,Russlands diktierter Nicht-Frieden im Donbas 2014-2022: Warum die Minsker Abkommen von Anbeginn zum Scheitern verurteilt waren,Russia's dictated non-peace in Donbas 2014-2022: Why the Minsk agreements were doomed to failure from the outset
1317919351,"Die @Ukraine, Russland und die Deutschen 1990/91 bis heute","The Ukraine, Russia and the Germans 1990/91 until today"
1318037735,Ethik der Kindheit Philosophische Essays,Ethics of Childhood Philosophical Essays
1318284384,"Reise an Orte des Schreckens: Exkursion nach Polen im Rahmen des Seminars ""Erziehung nach Auschwitz heute""","Tour of Horrors: Excursion to Poland as part of the seminar ""Education after Auschwitz today"""
1318473780,"Undine spricht Ingeborg Bachmanns ""Undine"" im Kontext ihrer medialen Genese","Undine speaks Ingeborg Bachmann's ""Undine"" in the context of its medial genesis"
1318476631,"Formen der Ironie ""Der Zauberberg"" und ""Der Mann ohne Eigenschaften"" im Vergleich","Forms of irony in ""The Magic Mountain"" and ""The Man Without Qualities"" compared"
1318476828,"Von der Demokratisierung der Kunst wie der Rezipient Kunstproduktionen beeinflusst und die Kunst - mal weniger, mal mehr - kunstvoll reagiert","The democratization of art, as well as the influence of the audience on art productions, causes the art to react, sometimes more, sometimes less, in a highly artistic manner."
1318744946,Halbseiten-Reaktivität der Glycerinaldehyd-3-phosphat Dehydrogenase aus Kaninchen-Skelettmuskel mit Strukturanalogen von NAD,Half-side reactivity of glyceraldehyde-3-phosphate dehydrogenase from rabbit skeletal muscle with NAD structure analogs
1318745128,Ein @Vergleich von Eigenkanal-und R-Matrix-Theorie,A comparison of Eigenchannel and R-Matrix theory
1319074138,"Den @Dingen auf der Spur. Wege von Kunstobjekten zwischen Kunsthandel und Museen in Dresden und Deutschland, 1924–1975","On the Trail of Things. Paths of Art Objects between Art Trade and Museums in Dresden and Germany, 1924–1975"
1319551378,Maximilian Erbacher: Versprechen,Maximilian Erbacher: Promise
1321006888,Der @Zusammenhang zwischen der Qualität von Experimentalpraktika und der Entwicklung der professionellen Kompetenz angehender Physiklehrkräfte,The relationship between the quality of experimental practices and the development of professional competence of upcoming physics teachers
1321114982,"Oswald von Wolkenstein: Lieder Text, Übersetzung, Melodien, Kommentar","Oswald von Wolkenstein: Song Text, Translation, Melodies, Commentary"
1321161417,Dürer im Zeitalter der Wunder Kunst und Gesellschaft an der Schwelle zur globalen Welt.,Dur' in the Age of Wonders: Art and Society at the Threshold of the Global World
1322382921,Fragile Souveränität Eine Politische Theologie der Freiheit,Fragile Sovereignty: A Political Theology of Freedom
1323163131,Christentum und Islam Theologische Verwandtschaft und Konkurrenz,Christianity and Islam: Theological Affinity and Competition
1323511466,Künstlerische Beobachtungen im professionellen Feld leicht schräg neben dem Berufsziel,Artistic observations in the professional field somewhat askew from the career goal
1323511660,Berufsfeldbezogene Praxisstudie im Ausland. Professionalisierung durch internationale Praxiserfahrung,Professionalization through international practical experience
1323512918,Transition von der Sekundarstufe 1 in die Sekundarstufe 2. Einfluss einer diagnostizierten Angststörung oder Depression im Jugendalter auf nachobligatorische Ausbildungsverläufe,Transition from secondary school level 1 to secondary school level 2. Impact of diagnosed anxiety disorder or depression in adolescence on post-obligatory vocational training
1323520341,Nichtmenschliche Ästhetik Kuratieren jenseits des Menschlichen,Non-human aesthetics: curation beyond the human
1323925163,"Zeit-Hören Erfahrungen, Taktungen, Musik","Time-Hearing Experiences, Metronomes, Music"
1324540591,Eine @Theorie der Erhaltung für die moderne Kunst Ein Beitrag zur Verwissenschaftlichung der Konservierung/Restaurierung,A Theory of Conservation for Modern Art A Contribution to the Scientific Advancement of Conservation/Restauration
1324638273,Sternenfreundschaft Die Korrespondenz Aby Warburg und Franz Boll,Star Friendship: The Correspondence between Aby Warburg and Franz Boll
1324751487,Liebe kann nicht scheitern Welche Sexualmoral braucht das 21. Jahrhundert?,Love cannot fail. What sexual morality does the 21st century need?
1325325457,Nachweise für berufliche Qualifikationen oder doch nur ein Motivationssignal? Zur Wirkung non-formaler Weiterbildungszertifikate in der Personalauswahl,Proofs of professional qualifications or just a motivation signal? The impact of non-formal continuing education certificates in personnel selection
1325355895,Grab und Krone der Königin Anna (†1281) im Basler Münster,Grab and Crown of Queen Anne (†1281) in Basel Minster
1325906336,Aufgabenentwicklung für einen inklusiven Kunstunterricht - Zu einem Spannungsfeld zwischen Re- und Dekategorisierung,Task Development for an Inclusive Art Class - Between Re- and Dekategorization
1326155423,Vollendung der ganzen Schöpfung? Eschatologie und Anthropozentrik im Licht einer Passage der Enzyklika Laudato Sì,Completion of the whole creation? Eschatology and anthropocentrism in the light of a passage from the encyclical Laudato Si'.
1326267809,Untersuchung von Schwingungen in Bezug auf Spin-Phonon-Kopplung in Einzelmolekülmagneten mittels nuklearer inelastischer Streuung am 161Dy-Kern,Study of oscillations in relation to spin-phonon coupling in single molecule magnets using nuclear inelastic scattering at the 161Dy nucleus
1326297341,KI-Kompetenzen in der Praxis: Eine Analyse deutscher KMUs,Artificial Intelligence Competencies in Practice: An Analysis of German SMEs
1326512234,Grenzen der Künste im digitalen Zeitalter Künstlerinnen und Künstler über ihre Werke,Artists' works and the limits of art in the digital age.
1326833251,Verzweigte Vermittlungswege im Umkreisen von globalen Herausforderungen,Branched mediation paths in the vicinity of global challenges
1327156350,Enden,End
1327687194,Einführung in das philosophische Denken,Introduction to philosophical thinking
132768893X,Funktionale Metrik in Claviertänzen des 17. und 18. Jahrhunderts,Functional metrics in keyboard dances of the 17th and 18th centuries
1327706717,"Marxismus, Pragmatismus und Postmetaphysik Vom Finden zum Machen","Marxism, Pragmatism, and Postmetaphysics: From Finding to Making"
1328028372,Das @Nachleben der Künste Von Kunst und Künsten zu Materialien und Orten,The Afterlife of Art From Art and Artists to Materials and Places
1328073238,Singen Mit Musik Gottesdienst und Gemeindearbeit gestalten,"Singing with music, designing worship services and community work"
1329120752,Carl Muth und das Hochland (1903–1941),Carl Muth and the Highlands (1903–1941)
1330346106,Selbstbewusstsein und Reflexion Studien zur Philosophie des Geistes von Locke bis Kant,Confidence and Reflection: Studies on the Philosophy of Mind from Locke to Kant
1330773063,Geburt des Ethos aus dem Pathos Wege einer responsiven Phänomenologie,The Birth of Ethos from Pathos: Pathways of a Responsible Phenomenology
1331050111,Erinnerungen an das Warschauer Ghetto. Das Ghetto kämpft,Memories of the Warsaw Ghetto. The ghetto fights
1331056748,An den Rändern des Wissens. Über künstlerische Epistemologien,At the edges of knowledge. On artistic epistemologies
1331665728,Transformationserleben und Werkentwicklung Zu Wirkungen gesellschaftlicher Umbrüche im künstlerischen Werk,Experiencing Transformations and Development of Works to Effects of Societal Shifts in Artistic Works
1331954703,Lebensweisheiten berühmter Philosophen 4.000 Zitate von Aristoteles bis Wittgenstein,"Wisdom of Famous Philosophers 4,000 Quotes from Aristotle to Wittgenstein"
1332857469,Zur privaten Musikproduktion im Metal,For private music production in metal
1333108214,Das @›Zentrum für Osteuropa-Studien‹ – ein unverzichtbares Instrument einer exzellenten Universität,"The ""Centre for East European Studies"" – an indispensable tool of an excellent university"
1333108230,Von Greta und anderen Heldinnen Kinderliteratur über den Klimawandel,Greta and other heroines' children's literature about climate change
1333188714,„Letztes Jahr Titanic“,"""Last Year's Titanic"""
1333411022,Entfaltungen: Channa Horwitz und das Leporello,Expansions: Channa Horwitz and the Leporello
1333411235,Wessen Ordnung? Zum Verhältnis von Performance und Dokumentation als künstlerische Praktiken,Whose Order? The relationship between Performance and Documentation as artistic practices
1333411642,Sonnenberg und Chemnitz 2025. Teil 1: Kunst-Räume und Initiativen,Sonnenberg and Chemnitz 2025. Part 1: Art Spaces and Initiatives
1333797346,Die @Taufe beim jungen Luther Eine Untersuchung über das Werden der reformatorischen Sakraments- und Taufanschauung,The Baptism of the Young Luther: An Investigation into the Development of the Reformer's Sacrament and Baptismal Doctrine
1334065535,Bewegung als Zugang: Performance – Geschichte(n) – Ausstellen,Movement as access: Performance – History(ies) – Exhibition
1334273049,Auf Tuchfühlung Alois Riegl oder die Erfindung des haptischen Sehens,On Tactile Feeling: Alois Riegl or the Invention of Haptic Vision
1334709521,Kunst  Realität + x? Auf der Suche nach einer Gegenständlichkeit des Hyperrealismus,Art Reality + x? Searching for a counter-phenomenon of Hyperrealism
1334710945,Entwerfen – produzieren – transformieren. Vom Freiraum zum Zukunftsraum,Design – produce – transform. From free space to future space
1334711097,Spürtechniken. Von den Medien der Naturvermittlung zu den Ästhetiken des Spürens,Techniques of Tracing. From the Media of Nature Education to the Aesthetics of Perception
1334711720,„Die Kunst der Fälschung“ Wenn es der Experte verifiziert… Echter Fake in der bildenden Kunst. Besitzt ein gefälschtes Kunstwerk eine Aura?,"""The Art of Deception"" If the expert verifies... A genuine fake in visual art. Does a fake artwork possess an aura?"
1334712727,“Es ist Faust.“ Anne Imhofs Performance auf der Biennale 2017,It is Faust. Anne Imhof's performance at the Biennale 2017
1334842086,"Akteur-Kunst-Theorie Übersetzungen zwischen Akteur-Netzwerk-Theorie, Kunst und Visueller Kultur","Actor-Network Theory Translations between Actor-Network Theory, Art, and Visual Culture"
1335209026,Vor-Hüte Kopfbedeckungen als Artefakte der Avantgarde,Headgear as Avant-garde Artefacts
1335209182,Artefakte on Demand postdigitale Bücher erschließen und überliefern,On-Demand Artefacts: Digitizing and Delivering Post-Digital Books
1336125977,Wenn es kein Richtig oder Falsch gibt – Ethische Entscheidungsfindung,When there is no right or wrong - Ethical Decision Making
133618177X,Spielmacher Gottes? Facetten des bischöflichen Amtes,Game Maker of God? Facets of the Episcopal Office
1336592192,EU Green Deal muss fortgeführt und intensiviert werden,The EU Green Deal must be continued and intensified.
1336628111,Vita Karoli Magni/Das Leben Karls des Großen (Lateinisch/Deutsch),Life of Charlemagne (Latin/German)
1337020788,"Langeoog – Biographie einer deutschen Insel Bd. 1: Das Nordseebad zwischen Monarchie und Republik Bd. 2: Tourismus und Nationalsozialismus, 1933–1939","Langeoog: A German Island's Life – Volume 1: The North Sea Bath between Monarchy and Republic; Volume 2: Tourism and National Socialism, 1933–1939"
1337117595,Normative Wichenstellungen in der Klimaethik - auch aus theologischer Sicht,Normative Guidelines in Climate Ethics - Also from a Theological Perspective
1337639346,"""Da war ich erstmal ganz schön perplex"". Zur Entwicklung differenzversierter Unterrichtskulturen im Fach Kunst","""Well, I was quite confused at first"". Towards the development of differentiated learning cultures in the subject of art"
1337640883,"""...so muss die Ausbildung der Gesanglehrer einheitlich und planmäßig den Forderungen des Faches angepasst werden."" - Die Prüfungsordnung für das künstlerische Lehramt an höheren Schulen vom 22. Mai 1922 und die Etablierung des Schulfachs Musik","""...so must the training of singing teachers be uniform and planned to meet the demands of the subject."" - The Examination Ordinance for the artistic teaching degree at higher schools of 22 May 1922 and the establishment of the school subject Music"
133811607X,Brasilien Gesellschaft - Kultur - Politik,Brazil Society - Culture - Politics
133822977X,Der @Intellekt als vollkommene Potenz Rezeption und Umdeutung der aristotelischen Nuslehre bei Alexander von Aphrodisias,The Intellect as the Complete Power: Reception and Reinterpretation of Aristotle's Nus Doctrine by Alexander of Aphrodisias
133829721X,Siedlungs- und Werkstattareale des Hoch- und Spätmittelalters. Abschlussbericht zur Rettungsgrabung (2023_0149) Löchgau „Ärztehaus Nonnengasse“,Settlement and workshop areas of the High and Late Middle Ages. Final report on the rescue excavation (2023_0149) Löchgau „Ärztehaus Nonnengasse“
1338379607,"Lob und Laster der Trunkenheit: Trinkbilder, Trinkpokale und Trinkgewohnheiten im Nürnberg der ersten Hälfte des 16. Jahrhunderts","Virtue and Vice of Drunkenness: Drinking Scenes, Drinking Bowls, and Drinking Habits in Nuremberg of the First Half of the 16th Century"
1338461370,Begriff und Psychodynamik des Scheiterns aus psychoanalytischer Sicht am Beispiel des „König Lear Opern Projekts“ von Giuseppe Verdi,"The concept and psychodynamics of failure from a psychoanalytic perspective in the context of the ""King Lear Opera Project"" by Giuseppe Verdi"
1338836293,Konkurrenzbeziehungen Allgemeine und konfessionelle Kunstvereine im Kunstfeld des 19. Jahrhunderts,Competitive Relations: General and Confessional Art Associations in the Art Field of the 19th Century
1339041138,Egbert Hayessen – sein Weg in den Widerstand,Egbert Hayessen’s Path to Resistance
1339113279,Wachende Vernunft Philosophische Perspektiven politischer Ethik,Awakening Reason Philosophical Perspectives on Political Ethics
1339140233,Der @Bauernkrieg Ein Medienereignis,The Peasants' War: A Media Incident
1339140276,Gorbatschow Der Weltveränderer,Gorbachev The World Changer
1339244888,Praktisches Wissen Konzeptueller Rahmen und logische Geographie eines grundlegenden Begriffs der praktischen Philosophie,Practical knowledge Conceptual framework and logical geography of a basic concept of practical philosophy
1340353229,Klangwelten digitaler Spiele. Zur Bedeutung von Sound und Musik für Game Design und Forschung,Digital Soundscapes in Video Games. The Significance of Sound and Music for Game Design and Research
1340998009,"""Angekommene frembde Herren Passagiers"" Besucher in Darmstadt in drei Dekaden des 18. Jhs. : ein Werkstattbericht",Arrived foreign gentlemen passengers in Darmstadt in three decades of the 18th century: a workshop report
1341565319,"Immanuel Kant – Freiheit, Vernunft, Sinnlichkeit Vielstimmiger Widerhall der Philosophie Kants im zwanzigsten Jahrhundert","Immanuel Kant – Freedom, Reason, Sensibility: A Multivocal Echo of Kant's Philosophy in the Twentieth Century"
1341601374,Ein @Brief des Gothaer Humanisten Mutianus Rufus an den hessischen Kanzler Feige aus dem Frühjahr 1523,A letter from the humanist Mutianus Rufus of Gotha to the Hessian chancellor Feige from the spring of 1523.
1341693392,Ausgewählte Schriften,Selected Writings
1341693511,Kunst der Vereinigten Staaten 1750–2000 Eine kommentierte Quellenanthologie,Art of the United States 1750–2000 A Commented Anthology of Sources
1341830845,Nachhaltige Produkte eine unternehmensethische Untersuchung,Sustainable Products: A Corporate Ethical Investigation
1341959961,»Inniges Sein inmitten der Dinge« Die »Weltoffenheit« des Menschen,"""Essence in the midst of things"" The ""Openness to the World"" of Humanity"
1341974383,"Was sollen wir glauben? Zwischen Wahrheit, Täuschung und Propaganda","What should we believe? Between truth, deception, and propaganda"
1341974995,Radikaler Digitaler Humanismus Eine Philosophie für die digitale Gesellschaft des 21. Jahrhunderts,Radical Digital Humanism: A Philosophy for the Digital Society of the 21st Century
1342399927,Improvisieren Kirchliche Arbeit kreativ mitgestalten,Creatively shape church work through improvisation
1342400321,Die @dunklen Seiten Gottes Band 2: Allmacht und Ohnmacht,The Dark Side of God Book 2: Omnipotence and Impotence
1344907830,"Populäre Bildkulturen der Vormoderne Prozesse der Produktion, Distribution und Rezeption","Popular image cultures of the pre-modern processes of production, distribution, and reception"
1348093560,Kant: ‚Mein Thema ist eigentlich Metaphysik‘,Kant: ‘My theme is actually metaphysics‘
1348257830,Glaube – Religion – Christentum Elementare Begriffe evangelischer Theologie,Faith – Religion – Christianity Fundamental Concepts of Evangelical Theology
1349717401,Kunst und Politik,Art and Politics
1350832820,Herausgefordert Die anhaltische Landeskirche zwischen 1945 und 1969,The Anhaltische Landeskirche between 1945 and 1969
1351390635,Bilder der Alterität – Alterität der Bilder Zum transkulturellen Potenzial von Bildern in Übersetzungsprozessen zwischen Neuspanien und Europa im 16. Jahrhundert,Images of Antiquity – Antiquity of Images The trans-cultural potential of images in translation processes between New Spain and Europe in the 16th century
