doc_id,label_id,score,relevance
1122545738,951385941,0.12022695690393448,1
1122545738,040329348,0.12157151848077774,1
1122586574,042736978,0.1948411613702774,1
1122586574,040725324,0.4714314639568329,1
1123477132,04053460X,0.14166483283042908,1
1123481415,041948718,0.4177570343017578,1
1123481415,041250354,0.20976029336452484,1
1123927022,040120465,0.46473395824432373,1
1123928916,041261534,0.2872436046600342,1
1124202757,118525069,0.37269824743270874,1
1124507019,1016429800,0.47289422154426575,1
1124507019,040602303,0.03204609081149101,1
1124507019,040605957,0.0816466435790062,1
1124902562,040262235,0.44129228591918945,1
1124902562,041375440,0.03768053278326988,1
1125044241,04064037X,0.11035799980163574,1
1125044241,040223922,0.42577028274536133,1
1125104864,04054608X,0.3453305959701538,1
1125104864,040491978,0.0028586452826857567,1
1125229918,040564312,0.39456477761268616,1
1125229918,041900219,0.1035664901137352,1
1125229918,040563995,0.10331086814403534,1
1125229918,1019753552,0.05385451763868332,1
1125461594,040714977,0.25061944127082825,1
1125541288,040221539,0.16365966200828552,1
1125541288,041502175,0.018262358382344246,1
1125929316,967555604,0.19812440872192383,1
1126197157,040318834,0.2470100075006485,1
1126254452,040789217,0.16787348687648773,1
1126524956,040212793,0.0659564733505249,1
1126524956,041274946,0.1634855419397354,1
1126524956,041703839,0.02198120579123497,1
1126895326,040005712,0.477580189704895,1
1126895326,041619536,0.2265012115240097,1
1127044397,041370422,0.32087934017181396,1
1127044397,04173534X,0.03774203360080719,1
1127075470,041985788,0.18890881538391113,1
1127193538,041352319,0.2728289067745209,1
1127193538,041887379,0.4845850467681885,1
1127194852,04010074X,0.37322720885276794,1
1127626248,041858530,0.02894691936671734,1
1127678930,04060344X,0.2259647250175476,1
1127678930,040344533,0.48851728439331055,1
1127678930,040344509,0.33609727025032043,1
1127678930,041758749,0.19609862565994263,1
1127957120,041298950,0.24999219179153442,1
1128151618,04154773X,0.1004968211054802,1
1128265826,1127660101,0.3842502534389496,1
1128407175,040654680,0.5957674384117126,1
1128407175,957319304,0.42658087611198425,1
1128407175,040120058,0.2847001850605011,1
1128506513,040621588,0.5720279216766357,1
1128506513,040234932,0.03536797687411308,1
1128594420,041210948,0.9019683599472046,1
1128649829,040027309,0.18572622537612915,1
1128649829,040557324,0.36708998680114746,1
112873415X,041215559,0.04092923551797867,1
1129003566,041239288,0.1348096877336502,1
1129003566,040111342,0.1327844113111496,1
1129003566,1105568555,0.3985922038555145,1
1129105377,040050335,0.03748174011707306,1
1129105377,04209514X,0.054474446922540665,1
1129105377,04130621X,0.5197708010673523,1
1129229319,040709590,0.23601119220256805,1
112939302X,040476898,0.45910367369651794,1
112939302X,040258017,0.19800488650798798,1
1129409880,041987217,0.3688632845878601,1
1129409880,041546806,0.34551578760147095,1
1129451992,041346629,0.46859312057495117,1
1129556387,04057833X,0.0602017343044281,1
1129956687,042058953,0.678645133972168,1
112995675X,040128148,0.1889626532793045,1
112995675X,041346815,0.21161305904388428,1
1130066061,1012624110,0.05956888198852539,1
1130119815,04146351X,0.20320846140384674,1
1130544125,040631494,0.0869302824139595,1
1130545784,04136726X,0.22067151963710785,1
1130587088,041837738,0.20264339447021484,1
1130869598,041411277,0.11572232842445374,1
1130922367,041143817,0.26509058475494385,1
1130922367,964789736,0.2116898000240326,1
1131254252,945177151,0.010510209947824478,1
113131378X,041517954,0.7069047689437866,1
113131378X,041263928,0.1387685388326645,1
113131378X,041254678,0.1553644835948944,1
1131644484,998134988,0.002954056253656745,1
1131707060,941398722,0.04749000072479248,1
113192200X,042131286,0.7067858576774597,1
113192200X,040153320,0.20401379466056824,1
113192200X,040430472,0.1972784698009491,1
113192200X,040200698,0.0833871066570282,1
1132111412,040475115,0.01829439401626587,1
1132111412,042377552,0.43924689292907715,1
1132288681,040474410,0.17085565626621246,1
1132289211,040667898,0.7472999691963196,1
1132320550,040408434,0.15381751954555511,1
113232081X,041514343,0.052436791360378265,1
113232081X,040775704,0.29683202505111694,1
113243419X,040149544,0.44981518387794495,1
113243419X,041206703,0.28917208313941956,1
113243419X,040149579,0.460432767868042,1
1132554950,040003175,0.028768600896000862,1
1132776120,041849450,0.15961477160453796,1
1135134464,042787475,0.46859312057495117,1
113518450X,040785998,0.3212093114852905,1
113518450X,041410793,0.23711496591567993,1
113518450X,101046003X,0.20768676698207855,1
1135919259,041297563,0.5489429235458374,1
113596372X,040128148,0.09016173332929611,1
113596372X,040384039,0.7288004755973816,1
1136135057,050582267,0.13702386617660522,1
1136285687,040685969,0.20768676698207855,1
1136285687,04145622X,0.21513664722442627,1
1136421777,040709590,0.23601119220256805,1
1136421777,042720184,0.12642516195774078,1
1136471588,96987071X,0.1029624417424202,1
1136660569,041907647,0.21120736002922058,1
1137003294,04124995X,0.34279826283454895,1
1137003294,040180417,0.08984016627073288,1
1137054387,041788125,0.16722258925437927,1
1137211555,04008003X,0.29262614250183105,1
1137211555,04046539X,0.19651773571968079,1
1137211555,04066466X,0.10078898072242737,1
1137919450,041310284,0.18388161063194275,1
1138135038,040781682,0.3102860748767853,1
1138135038,041715896,0.028271080926060677,1
1138233994,041424069,0.5964542031288147,1
1138233994,040707040,0.04910624772310257,1
1138233994,04053541X,0.13493956625461578,1
1138233994,040354202,0.09714410454034805,1
113827965X,040189686,0.11919278651475906,1
113827965X,999201387,0.5205526947975159,1
113827965X,041557360,0.1271459311246872,1
1138280321,041737369,0.5593228340148926,1
1138280720,041341902,0.4198899269104004,1
1138285811,040791637,0.5194231867790222,1
1138286052,118500775,0.5817872881889343,1
1138359777,950237280,0.010288563556969166,1
1139252232,041276159,0.2275560051202774,1
1139252232,041851188,0.006883979309350252,1
113948236X,040710343,0.31557604670524597,1
1139604139,041696786,0.04530966654419899,1
1139604139,041517679,0.20335495471954346,1
1140486705,940712849,0.5948179960250854,1
1140486705,04126827X,0.016878951340913773,1
1140486705,042012023,0.03766029700636864,1
1140760920,040410307,0.22457467019557953,1
1141177110,992096200,0.18211179971694946,1
1141225263,042961785,0.26132768392562866,1
1141225263,963446827,0.214697003364563,1
1141295652,040052273,0.47926658391952515,1
1141626462,041877616,0.0281472560018301,1
1141626462,04187756X,0.01959960348904133,1
114179313X,041987217,0.3688632845878601,1
1142450295,041481143,0.5845860242843628,1
1142450295,040586405,0.7499614953994751,1
1142527107,040111520,0.5332343578338623,1
1142527107,04003559X,0.2629714906215668,1
1142527107,1105568555,0.38861948251724243,1
1142528189,118616366,0.26509058475494385,1
1142528189,040039390,0.6459183096885681,1
1142659496,040189686,0.2985101640224457,1
1142659496,040375897,0.23852339386940002,1
1142659496,961739223,0.630702018737793,1
1142730921,041286502,0.14751923084259033,1
1142920429,041525469,0.1954978108406067,1
1143065301,961543965,0.6216350197792053,1
1143065301,041877632,0.12583079934120178,1
114306562X,995800995,0.6983286738395691,1
114306562X,040567303,0.42136114835739136,1
114306562X,040087670,0.12021871656179428,1
114306562X,040136736,0.4636993110179901,1
1143231066,041841182,0.06703251600265503,1
1143440366,04078570X,0.09161948412656784,1
1143539850,041535723,0.5502257943153381,1
1143539850,94910938X,0.3440282642841339,1
1143539850,04148259X,0.10096064954996109,1
1143766849,987895397,0.12400270253419876,1
1143766849,041289455,0.052382536232471466,1
1143766849,040746720,0.3281860053539276,1
1144015758,040465268,0.7681816220283508,1
1144133025,04186848X,0.6953062415122986,1
1144133025,040763080,0.21106910705566406,1
1144379393,040436659,0.7440535426139832,1
114439645X,041254899,0.1053154245018959,1
1144615712,970679645,0.49542537331581116,1
1144619165,1046924427,0.35346803069114685,1
1144620015,1017248184,0.7716361880302429,1
1144805422,040148742,0.054149046540260315,1
1147295425,041221664,0.4838274419307709,1
1147295425,942785444,0.013279234990477562,1
1147295425,040436802,0.04940070956945419,1
1147344930,040397858,0.0940447673201561,1
1147344930,041441265,0.028180357068777084,1
1147907749,040457915,0.5514043569564819,1
114790796X,040163970,0.4762260615825653,1
114790796X,04204779X,0.3334631323814392,1
1147924643,041953800,0.5513615608215332,1
1147924686,041401247,0.716301679611206,1
1148375392,040024067,0.20338717103004456,1
114838782X,04066399X,0.6413581371307373,1
114838782X,944720374,0.19490760564804077,1
1148475834,04010074X,0.4932454824447632,1
1148658203,041264126,0.77760249376297,1
1148658203,974041238,0.48591604828834534,1
1148870970,041206320,0.1361798346042633,1
1148870970,040335976,0.27633368968963623,1
114887884X,041508033,0.18211179971694946,1
114904943X,040310310,0.7693538069725037,1
114904943X,043232744,0.3626262843608856,1
114951390X,041607139,0.08422171324491501,1
114951390X,946952590,0.05641680955886841,1
1149628081,040035247,0.5121769309043884,1
1150059281,041230655,0.5598111748695374,1
1150160845,004116968,0.17519940435886383,1
1150510951,040175987,0.17663432657718658,1
1151103810,040786099,0.08059361577033997,1
1151103810,040664902,0.049816280603408813,1
1151496499,040382419,0.7547658681869507,1
1151792918,1217543678,0.2763344347476959,1
1151792918,96798145X,0.49640727043151855,1
1151792918,041291476,0.07030563801527023,1
1152058762,042525799,0.30631715059280396,1
1152077627,119035316,0.650354266166687,1
1152078283,041392507,0.07479320466518402,1
1152138405,041250494,0.3298744857311249,1
1152139436,949276324,0.6528600454330444,1
1152210823,041660854,0.0816490575671196,1
1152211005,118511262,0.31355491280555725,1
1152211005,042679990,0.12437896430492401,1
1152265377,041374797,0.6240507364273071,1
1152322559,300064837,0.3930787146091461,1
1152437615,042628768,0.1565377414226532,1
1152437615,041369254,0.05749942734837532,1
1153062739,040802493,0.7019815444946289,1
1153325071,040362108,0.7916972041130066,1
1153325071,99018773X,0.6296083927154541,1
1153326590,99018773X,0.5392767786979675,1
1153326590,041275829,0.642749011516571,1
1153326590,042743249,0.2583732604980469,1
1153326590,041215907,0.24547208845615387,1
1153408112,041710770,0.43320393562316895,1
1153474700,041767888,0.06583836674690247,1
1153476959,960175504,0.049621887505054474,1
1153476959,950271020,0.02011384442448616,1
1153480468,041517954,0.13471248745918274,1
1153480468,041535537,0.014531495980918407,1
1153480867,040351653,0.17178168892860413,1
1153484358,1151838586,0.04976462945342064,1
1153484358,04148911X,0.06648386269807816,1
1153485109,041302664,0.4329375624656677,1
1153489929,041353692,0.2233557552099228,1
1153503484,042723116,0.0633125752210617,1
1153503484,042090350,0.1810969114303589,1
1153504677,042723116,0.5250046849250793,1
1153505444,969774206,0.03891827538609505,1
1153505444,040351653,0.16862492263317108,1
1153548054,040443213,0.03972725197672844,1
1153611678,949276324,0.016811266541481018,1
1153611678,041731727,0.01451114658266306,1
1153611678,1264956134,0.43075573444366455,1
1153768100,040432076,0.395947128534317,1
1153768100,040162168,0.4805316925048828,1
115430700X,040664392,0.39125341176986694,1
115430941X,041609166,0.005420687608420849,1
115430941X,043245676,0.01672307960689068,1
115430941X,941779599,0.397655189037323,1
1154555313,040566188,0.40562376379966736,1
1154665070,040384160,0.17222638428211212,1
1154665070,041832108,0.016209600493311882,1
1154665070,040397130,0.1912197768688202,1
1154665070,040574474,0.083401158452034,1
1154840557,041579062,0.1710553616285324,1
1154840557,042713994,0.08253514766693115,1
1154840557,94097911X,0.02413429133594036,1
115493120X,041143353,0.668595552444458,1
1154941035,949276324,0.6749171614646912,1
1154964612,04112667X,0.08457700163125992,1
1154986241,940540916,0.25273242592811584,1
1155085531,1187666564,0.05956689268350601,1
1155085531,042695112,0.03741170093417168,1
1155085949,041750934,0.00993036013096571,1
1155086317,940589761,0.7349385619163513,1
1155086317,042793238,0.12611675262451172,1
1155086627,041753275,0.14370200037956238,1
1155086627,040336964,0.022340158000588417,1
1155303024,042404428,0.016320787370204926,1
1155303024,04197011X,0.3569890260696411,1
1155338138,041654234,0.10312408208847046,1
1155338138,041654412,0.07611086219549179,1
1155359232,040090167,0.20878835022449493,1
1155359232,041889320,0.05956888198852539,1
1155360303,121100928,0.29666489362716675,1
1155521161,041232755,0.3440282642841339,1
1155533046,041748565,0.2655457854270935,1
1155533046,940589761,0.21676330268383026,1
1155533046,041233778,0.6522988677024841,1
1155637267,041230655,0.6413581371307373,1
1155638247,1072179776,0.7104782462120056,1
1155638247,041127366,0.5189023017883301,1
1155691067,042064953,0.6450535655021667,1
1155691067,040746178,0.017963316291570663,1
1155691067,954394011,0.028572050854563713,1
1155760611,1032746432,0.12607213854789734,1
1155760611,981212956,0.013418643735349178,1
1155760611,043054595,0.016228020191192627,1
1155786424,040710130,0.11842210590839386,1
1155786424,041943635,0.4593285024166107,1
1155788125,980302455,0.18429024517536163,1
1155788125,040766055,0.13707061111927032,1
1156173027,041698169,0.07801906764507294,1
1156186226,041172655,0.15248915553092957,1
1156444004,944445268,0.4245281219482422,1
1156445868,040408434,0.21191838383674622,1
115646255X,96473222X,0.2004522681236267,1
1156780357,041912632,0.014688188210129738,1
1156901138,963781227,0.011715712025761604,1
1156901138,942388445,0.07182106375694275,1
1156901138,042372038,0.5268821120262146,1
1158597606,041999258,0.4655364751815796,1
1159622140,040450643,0.16478531062602997,1
1159632871,041412990,0.47569212317466736,1
1159632871,043088309,0.1737385243177414,1
1159642109,04010110X,0.20836561918258667,1
1159642109,040464490,0.25256916880607605,1
115990040X,040272540,0.13731956481933594,1
1160303835,040541517,0.7874519228935242,1
1160309159,040265358,0.20822696387767792,1
1160309159,040066320,0.7909436821937561,1
1160312516,953491943,0.028645191341638565,1
1160344256,041156064,0.7100929617881775,1
1160344256,95668193X,0.33198627829551697,1
1160345309,98415941X,0.5591296553611755,1
1160347549,040441962,0.7863780856132507,1
1160405476,040468119,0.11331524699926376,1
1160405476,041635817,0.1634855419397354,1
1160428581,040162788,0.23601119220256805,1
1160684456,940540916,0.15721569955348969,1
1160684456,946675724,0.1634855419397354,1
1160810044,040777049,0.09952233731746674,1
1160810044,945262779,0.09296446293592453,1
1160819106,043242758,0.2987375259399414,1
1161047190,040273660,0.283331960439682,1
1161047190,041875230,0.15063175559043884,1
116113929X,041951034,0.319749116897583,1
116113929X,041369777,0.3734235167503357,1
1161334262,041328302,0.1252392679452896,1
116134005X,040114740,0.32140225172042847,1
116134005X,040575616,0.03965412452816963,1
116134005X,04057329X,0.17039237916469574,1
116134005X,940540916,0.25273242592811584,1
1161410635,949276324,0.6528600454330444,1
1161410635,04128271X,0.2417849749326706,1
1161410635,040270890,0.15292933583259583,1
1161530339,043266029,0.06811297684907913,1
1161530339,041708830,0.05894361436367035,1
1161649263,041172205,0.5545626878738403,1
1161843655,1046235370,0.03953442722558975,1
1161843655,041295218,0.22316713631153107,1
1161843655,040114139,0.5013519525527954,1
1161976892,982398735,0.7420160174369812,1
1161976892,041513460,0.28791898488998413,1
1161976892,1124488332,0.00939120166003704,1
1162048484,95421689X,0.25100332498550415,1
1162048484,040295672,0.0893201157450676,1
1162048484,042060184,0.09329299628734589,1
1162129948,040537706,0.7472997903823853,1
1162129948,040175987,0.20171447098255157,1
1162263644,040111342,0.5874186158180237,1
1162556811,040728110,0.0412282831966877,1
1162642149,041243277,0.534285843372345,1
1162642149,041638638,0.23943863809108734,1
1162797282,007314752,0.25359243154525757,1
1162797282,041739442,0.005733053665608168,1
1162797282,951526863,0.029560407623648643,1
1162955171,04003500X,0.4872337579727173,1
1162955171,041696263,0.0679851844906807,1
1163010065,041760743,0.7344920635223389,1
1163274550,962804401,0.09327345341444016,1
1163274550,042741238,0.1557633876800537,1
1163281972,956220495,0.041326191276311874,1
1163281972,042474906,0.18841934204101562,1
1163320811,04042362X,0.059140950441360474,1
1163536393,04202787X,0.14104485511779785,1
116362781X,950582824,0.5346576571464539,1
116362781X,041351347,0.3661193251609802,1
116362781X,042975433,0.05991706624627113,1
1163664634,985262818,0.22495654225349426,1
1163664634,040156028,0.302357941865921,1
1163805564,040085287,0.18719516694545746,1
1163805564,041270835,0.2989301085472107,1
1163805564,04291096X,0.07085544615983963,1
1163937541,040788598,0.7017437815666199,1
1164001299,041909488,0.023688362911343575,1
1164071335,04007403X,0.25627630949020386,1
1164428314,995996776,0.20644351840019226,1
1165132826,040449033,0.5426056981086731,1
1165132826,040328325,0.1382635235786438,1
116514137X,040237443,0.2909259498119354,1
1165304821,042329078,0.05128243938088417,1
1165304821,041365062,0.1927270144224167,1
1165460580,04126892X,0.5683596134185791,1
1165460580,042453984,0.10182070732116699,1
1165503069,040004643,0.26984813809394836,1
1166068315,040495078,0.1966959685087204,1
1166068315,041343190,0.26213955879211426,1
1166068315,041223306,0.03617028519511223,1
1166559734,997859024,0.06709787994623184,1
116658058X,118616242,0.25202107429504395,1
116658058X,040992578,0.06095001474022865,1
1166756920,040197026,0.35888493061065674,1
1166756920,1062915038,0.592059314250946,1
1166932486,953102424,0.25234806537628174,1
1166957853,041507355,0.23919595777988434,1
1167194500,041985788,0.20569783449172974,1
1167195140,041734793,0.28173407912254333,1
1167244192,041892992,0.25939011573791504,1
1167344413,958164371,0.027591941878199577,1
1167363299,041396863,0.06716619431972504,1
1167363299,949424315,0.6190052628517151,1
1167717139,040631184,0.09251760691404343,1
1167717139,944456960,0.06634172797203064,1
1168324165,118547739,0.2583732604980469,1
1168324165,040761649,0.5065739750862122,1
1168380049,040118827,0.566318154335022,1
1168380049,964675765,0.1974780261516571,1
1168380049,041176227,0.10728868842124939,1
116872144X,041332628,0.5690944194793701,1
116872144X,1138303283,0.7608647346496582,1
116872144X,040775704,0.2829686403274536,1
1168723760,041541898,0.004214602988213301,1
1168900603,984023801,0.07315031439065933,1
1168900603,040776069,0.2004522681236267,1
1169300081,040762157,0.5231299996376038,1
1169300928,042074282,0.3086160719394684,1
1169300928,040039889,0.23573242127895355,1
116941379X,040567834,0.09419886022806168,1
1169520421,040763889,0.23025895655155182,1
1169538762,041250826,0.06460130214691162,1
1169652832,042741238,0.3189365565776825,1
1169652832,041613589,0.005786039400845766,1
1170015433,953102424,0.2154458910226822,1
1170020747,041591038,0.03640871122479439,1
1170020747,041165225,0.18291255831718445,1
1170020747,955915252,0.6050682663917542,1
1170047475,040580474,0.41763806343078613,1
1170395384,040676609,0.2688269019126892,1
1170583105,040181456,0.4906492233276367,1
1170583105,040449254,0.2688198387622833,1
1170892078,040992535,0.07687491178512573,1
1171069243,040701026,0.7221280932426453,1
1171069243,040187764,0.3655419945716858,1
1171428510,949746983,0.48209303617477417,1
1171428510,041970349,0.6251000165939331,1
117163207X,040391639,0.3095737099647522,1
1172071926,040145166,0.4846229553222656,1
1172154643,987608886,0.4635857343673706,1
1172346690,043266029,0.07371222227811813,1
1172414793,04179589X,0.16930986940860748,1
1172414793,1069505412,0.19959920644760132,1
1172809674,041412990,0.48634397983551025,1
1172809674,041366700,0.23042751848697662,1
1173194479,1059654814,0.08539652079343796,1
1173400354,040777049,0.246626615524292,1
1173587160,041297210,0.24729633331298828,1
117397797X,040164942,0.6817837953567505,1
1174064234,953572072,0.17920349538326263,1
1174064234,040027627,0.3154255449771881,1
1174128534,040085287,0.8070515394210815,1
1174181958,040176045,0.18256708979606628,1
1174295430,041655494,0.14873012900352478,1
1174428589,040321878,0.38657328486442566,1
1174687878,940762439,0.3281823396682739,1
1174687878,040693775,0.2520102560520172,1
1174958820,040477010,0.47217032313346863,1
1175380695,971923515,0.1643809676170349,1
1175380695,1164030825,0.1554093211889267,1
1175380695,043261094,0.7482694387435913,1
117595053X,041412990,0.293425053358078,1
1176106872,040392899,0.6054413318634033,1
1176131788,041126033,0.1465848833322525,1
1176176374,1009242296,0.7197703719139099,1
1176638548,040575780,0.06914430111646652,1
117670785X,040073696,0.4098943769931793,1
117670785X,103216963X,0.49542537331581116,1
117680975X,042985307,0.20742543041706085,1
117680975X,955143799,0.07326549291610718,1
117680975X,040422844,0.11156307905912399,1
117680975X,974041238,0.31319835782051086,1
1177045281,040688666,0.046444620937108994,1
1177045281,040599647,0.006896802689880133,1
1177045281,981343252,0.3453305959701538,1
1177045532,041760727,0.19736029207706451,1
1177045532,040193306,0.5490102171897888,1
1177108089,040760014,0.2800167202949524,1
1177108089,040122115,0.18637220561504364,1
1177108089,041410459,0.06002942472696304,1
1177120194,041509072,0.23086687922477722,1
1177248212,118540238,0.5087717771530151,1
1177248212,118506803,0.2730441689491272,1
1177249499,967279453,0.7389950752258301,1
1177249499,041173457,0.1701493263244629,1
1177546574,00465739X,0.0633125752210617,1
1177546574,040441962,0.477580189704895,1
1177546574,1013193407,0.014088879339396954,1
117754895X,040122115,0.5459409952163696,1
117754895X,041977009,0.12505775690078735,1
117754895X,1031225951,0.028271080926060677,1
1178009947,04128805X,0.12023603171110153,1
1178115453,040412512,0.7104782462120056,1
1178130959,040377970,0.20742543041706085,1
1178130959,974675598,0.09434612095355988,1
1178147843,040377970,0.20742543041706085,1
1178147843,974675598,0.03904659301042557,1
1178163687,040377903,0.3461745083332062,1
1178163687,040664562,0.11572232842445374,1
1178245713,041927230,0.7178637385368347,1
1178245713,042943086,0.3592594563961029,1
1178245713,042520932,0.37500473856925964,1
1178397807,040295656,0.1888359934091568,1
1178672093,041656393,0.2487374246120453,1
1178762599,040059642,0.21610704064369202,1
1178791017,041216539,0.27388429641723633,1
1178815145,1008942340,0.1634855419397354,1
1178815145,042641632,0.023088494315743446,1
1179236866,041549473,0.047941144555807114,1
117944891X,040567303,0.365802139043808,1
117944891X,041139976,0.3126031458377838,1
1179463242,04214003X,0.03817826509475708,1
1179754220,040006042,0.18658475577831268,1
1179754220,040717968,0.5513615608215332,1
1179909747,040448908,0.08590252697467804,1
1180031962,041716310,0.06218094751238823,1
1180031962,04185134X,0.07749903947114944,1
1180032640,000259438,0.06703251600265503,1
1181287723,953750922,0.4458221197128296,1
1181287723,041154630,0.5179033279418945,1
1181329647,042171660,0.5514734983444214,1
1181408547,040693422,0.21213199198246002,1
1181408547,042276543,0.05478692799806595,1
1181579139,040564428,0.42562469840049744,1
1181680964,004316770,0.6057342886924744,1
118179126X,043052967,0.6459089517593384,1
1181792967,040362329,0.03902868553996086,1
1181854385,00497364X,0.06340514123439789,1
1181856701,118592424,0.1788349598646164,1
1182007341,969278233,0.036856185644865036,1
1182084346,040324168,0.09795856475830078,1
1182084346,040477460,0.26112839579582214,1
1182477593,136543537,0.3010327219963074,1
1182677649,040790584,0.2989301085472107,1
1183126697,041143345,0.6287176012992859,1
1183262396,040101622,0.0196555033326149,1
118387880X,041596277,0.11572232842445374,1
1183914989,040642143,0.024762744084000587,1
1183914989,041355512,0.1224980279803276,1
1184178879,041653246,0.01681465655565262,1
1184178879,940836580,0.2831670045852661,1
1184879834,042723116,0.08533067256212234,1
1184879834,041760727,0.09667292982339859,1
1184887012,040613852,0.1935676485300064,1
1185259341,04077791X,0.15044918656349182,1
1185339671,041753615,0.27359968423843384,1
1185600329,961449314,0.01402529701590538,1
1185600329,041760743,0.33511972427368164,1
1185653821,040756602,0.77760249376297,1
118576013X,040632415,0.24212531745433807,1
1186046295,04113446X,0.37779656052589417,1
1186046295,042131324,0.12218023836612701,1
1186063033,041660439,0.1912197768688202,1
1186063033,040656853,0.147995725274086,1
1186071257,118611666,0.29847434163093567,1
1186071257,040239969,0.2131858617067337,1
1186206950,040436500,0.3025135397911072,1
1186207345,041360982,0.10065174847841263,1
1186207345,040469743,0.1252392679452896,1
1186306181,981784518,0.12683261930942535,1
1186306181,040762157,0.5639347434043884,1
1186306181,040465268,0.6251000165939331,1
1186330899,040350886,0.25061944127082825,1
1186366249,041407075,0.3189365565776825,1
1186366249,968696724,0.1252392679452896,1
1186374497,042039665,0.3299241065979004,1
1186374497,042017947,0.3298571705818176,1
1186406208,040714284,0.7886982560157776,1
1186412127,04200053X,0.7478908896446228,1
1186412127,042453984,0.16956837475299835,1
1186524731,040027333,0.4630473852157593,1
1186524731,04069335X,0.36708998680114746,1
1186724544,040728854,0.18503127992153168,1
1186794313,040773493,0.27471837401390076,1
1186981369,040340538,0.06484860181808472,1
1187062243,042221269,0.3227834701538086,1
1187062243,040354326,0.19752247631549835,1
1187062243,990706060,0.6695926189422607,1
1187067555,041750292,0.2688269019126892,1
1187067555,041285972,0.24748532474040985,1
118710325X,043264646,0.4386187493801117,1
1187137456,040403645,0.5854257941246033,1
118713841X,040187764,0.14554254710674286,1
118713841X,04200179X,0.03801153600215912,1
1187144754,040687945,0.09750702977180481,1
1187179396,040319520,0.08611876517534256,1
1187180289,964066505,0.6352598071098328,1
1187180424,04236194X,0.47289422154426575,1
1187180858,11884556X,0.1252392679452896,1
1187180858,041719875,0.13755150139331818,1
1187194409,040355829,0.7115505337715149,1
1187251089,040178455,0.175895094871521,1
1187251089,041245253,0.054474446922540665,1
1187273910,1069126748,0.6240507364273071,1
1187275999,040559165,0.40065622329711914,1
1187275999,1098579690,0.1615641862154007,1
1187275999,042131324,0.12709695100784302,1
1187282200,040881199,0.3492394685745239,1
1187658421,040189686,0.1906202733516693,1
1188189239,041608356,0.20808345079421997,1
1188456466,040350932,0.25716590881347656,1
1188456466,945262779,0.020869499072432518,1
1188456466,040535347,0.02701576054096222,1
1188456466,1044874414,0.7646519541740417,1
118872570X,040794687,0.22864948213100433,1
1188882287,041412990,0.6986548900604248,1
1188882287,040497224,0.015730390325188637,1
1188882287,04318717X,0.06893448531627655,1
118890440X,040510425,0.25938063859939575,1
1189005492,040118827,0.4142850637435913,1
1189419017,19915046X,0.1191001683473587,1
1189419017,040009114,0.30325812101364136,1
1189722798,040189686,0.227309912443161,1
1189722798,041977750,0.03428064286708832,1
1189727846,040774457,0.05103557929396629,1
1190031108,041660307,0.1386931836605072,1
1190240734,040118827,0.38482600450515747,1
1190240734,040623866,0.22906705737113953,1
1190240734,040781909,0.23131150007247925,1
1190247070,04045696X,0.09732937067747116,1
1190247070,040098486,0.09157748520374298,1
1190247070,042571952,0.18993695080280304,1
1190247070,04069335X,0.10178369283676147,1
1190248182,1163689106,0.2116898000240326,1
1190344335,04069335X,0.16319382190704346,1
1190565552,040494225,0.09642096608877182,1
1190565552,041532619,0.1415969282388687,1
1190680556,04121465X,0.665212869644165,1
1190680556,041176227,0.4898357689380646,1
1190991381,123288835,0.2572844922542572,1
1190991381,004148738,0.03123760037124157,1
1190991748,040099377,0.25427544116973877,1
1190991748,040431525,0.148901104927063,1
1190996049,040057097,0.382037490606308,1
1191065723,041134826,0.03139958903193474,1
1191065723,041684257,0.3651179373264313,1
1191069540,040614964,0.5231299996376038,1
119131944X,106969780X,0.3496101200580597,1
1191322033,040059642,0.1162189170718193,1
1191437981,040318125,0.20269964635372162,1
1191437981,041554442,0.07936135679483414,1
1191437981,00771761X,0.016161127015948296,1
1191522865,040625125,0.5813501477241516,1
1191522865,04046539X,0.17687101662158966,1
1191525082,041644654,0.11703557521104813,1
1191528863,040337928,0.5092569589614868,1
1191565742,118575767,0.3452872335910797,1
1191662446,040149544,0.18764032423496246,1
1191662446,041351290,0.20609408617019653,1
1191662446,040208729,0.42060181498527527,1
1191662446,040027376,0.15574097633361816,1
1191749991,040295095,0.03673764318227768,1
1191936333,040762157,0.1816541999578476,1
1191940314,971874549,0.713578999042511,1
119204813X,042773040,0.07749903947114944,1
1192050282,040790096,0.5975282192230225,1
1192051858,985576723,0.3540322780609131,1
119213477X,040099377,0.20904631912708282,1
119213477X,040754685,0.2391282320022583,1
1192137175,040136566,0.49799734354019165,1
1192199618,004047788,0.006723826285451651,1
1192199618,004150309,0.007400320377200842,1
1192203380,040777049,0.4197036623954773,1
1192203380,041223438,0.27492377161979675,1
1192203380,041306155,0.21471795439720154,1
1192370902,040159558,0.13651520013809204,1
1192441834,1051121949,0.29639750719070435,1
1192441834,041350294,0.09005284309387207,1
1192441834,040005895,0.14473330974578857,1
119282167X,040408515,0.06334506720304489,1
1193037697,040006263,0.6977696418762207,1
1193491614,041971744,0.04003114998340607,1
1193491614,042104009,0.02023700252175331,1
1194312802,118555049,0.018953727558255196,1
1194312802,041218779,0.027282152324914932,1
1194312802,040789225,0.2275560051202774,1
1194374123,041488113,0.3545999825000763,1
1194374123,040216713,0.5127897262573242,1
1194375561,043237673,0.14233945310115814,1
1194375979,041740408,0.14007799327373505,1
1194376770,043237673,0.0037470045499503613,1
1194376983,1080677399,0.014017010107636452,1
1194376983,040216713,0.2679113745689392,1
119437817X,040240525,0.3633590042591095,1
1194467121,040786099,0.23590661585330963,1
1194467121,042141540,0.5964542031288147,1
1194666949,040156028,0.4702942371368408,1
119505615X,041212606,0.6324580907821655,1
119505615X,040360504,0.7385296821594238,1
1195056389,041639472,0.028408493846654892,1
1195056389,041806859,0.06460706144571304,1
1195225962,101046003X,0.4898357689380646,1
1195225962,967191297,0.10363876819610596,1
1195237693,974041238,0.596802294254303,1
1195442165,1128091860,0.04257940500974655,1
1195442165,040335739,0.40939927101135254,1
1195442165,04072395X,0.0607021301984787,1
1195442165,04133695X,0.08687292039394379,1
1195532822,042232082,0.5755339860916138,1
1195532822,041698169,0.32778093218803406,1
1195590199,041132262,0.2970856726169586,1
1195590199,041798007,0.41698768734931946,1
1195599056,040285324,0.6054098010063171,1
1195659520,040391795,0.33863013982772827,1
1196111669,041747267,0.07490433007478714,1
1196111669,043185800,0.0506625659763813,1
1196328560,040223493,0.08984960615634918,1
1196328730,040728579,0.5458709001541138,1
1196328730,041164660,0.15181869268417358,1
1196328730,041242106,0.06477983295917511,1
1196644772,040066509,0.552808403968811,1
1196699801,98901049X,0.2939473092556,1
1196699917,040386929,0.6190052628517151,1
1196699917,042237688,0.31490153074264526,1
1196700451,004273559,0.43987908959388733,1
1196960461,042215722,0.06978107243776321,1
1196960461,043266029,0.5179563760757446,1
1196970505,04200179X,0.07007317990064621,1
1197057552,980051770,0.018262358382344246,1
1197077456,040316416,0.3003792464733124,1
1197636102,040334473,0.1772620528936386,1
119768154X,972192700,0.06079654395580292,1
1197929274,041230655,0.6769218444824219,1
1197929274,04006204X,0.16505509614944458,1
1197929274,041260147,0.053893838077783585,1
1198068590,04115584X,0.08676950633525848,1
1198068590,041312597,0.04537415876984596,1
1198405104,042124905,0.6381481289863586,1
1198455802,041229266,0.6384736895561218,1
1198455802,041550463,0.40579232573509216,1
1198480262,1188472186,0.01829557679593563,1
1199266019,041229150,0.1914086639881134,1
1199268828,041364392,0.022462833672761917,1
1199268828,004680367,0.03167637437582016,1
1199355747,041195450,0.027998533099889755,1
1199355747,040785998,0.33231544494628906,1
1199355747,041242955,0.07801906764507294,1
1199355747,986238228,0.43131279945373535,1
119954664X,041532457,0.4881718158721924,1
1199615161,1027514626,0.059140950441360474,1
120035365X,947600582,0.15694250166416168,1
120035365X,947676724,0.07751721888780594,1
120035365X,945696108,0.07749903947114944,1
120035365X,043233414,0.08670821785926819,1
1200405730,041378946,0.15750081837177277,1
1201263751,041451295,0.07155615091323853,1
1201263751,04145135X,0.015226433053612709,1
120130685X,040198413,0.06628826260566711,1
1201462908,041300262,0.03532416746020317,1
1201462908,043245676,0.3095737099647522,1
1201631491,040164543,0.07388201355934143,1
1201631491,040164438,0.6113730072975159,1
1201644283,041523385,0.14323198795318604,1
1201644283,1048715485,0.15075373649597168,1
1202010997,040511588,0.4405723214149475,1
1202010997,040762319,0.07070423662662506,1
1202010997,041214447,0.24039357900619507,1
1202045367,040457915,0.4278623163700104,1
1202118496,040459985,0.7681816220283508,1
1202220959,040122115,0.6618936061859131,1
1202222331,041793129,0.10122141987085342,1
1202272312,040261816,0.5189648270606995,1
1202272312,041439937,0.009305031038820744,1
1202272312,948738189,0.1157725527882576,1
1202363962,981714250,0.19151248037815094,1
1202439128,042261279,0.5105507373809814,1
1202439128,043285007,0.06410808861255646,1
1202608884,040777049,0.15251363813877106,1
1202608884,041306155,0.08171842992305756,1
1202780903,04128805X,0.6618936061859131,1
1202780903,041849655,0.08719158172607422,1
1202811663,041230655,0.5598111748695374,1
1202811663,041267249,0.2710646092891693,1
1203370202,041810147,0.6262068748474121,1
1203370202,041249399,0.14693449437618256,1
120387524X,042643929,0.1375906765460968,1
1204199841,040362620,0.16821494698524475,1
1204199841,040066177,0.3688632845878601,1
1204253323,041140877,0.47080671787261963,1
1204365466,945803796,0.4927138388156891,1
120443106X,040389367,0.7276236414909363,1
1204555478,041299655,0.0916443020105362,1
1204555478,041125983,0.6817837953567505,1
1204555478,040426238,0.24693304300308228,1
1204826757,040226484,0.22507509589195251,1
1204826757,041535200,0.4066825807094574,1
1204889635,119962747X,0.3010327219963074,1
1204889635,040147150,0.09020690619945526,1
1204889635,041306880,0.07737621665000916,1
1204926751,042193052,0.04055611789226532,1
1205009426,988068419,0.44007524847984314,1
1205009426,041409396,0.08122113347053528,1
1205009426,04065852X,0.1584107130765915,1
1205016686,041993993,0.24229973554611206,1
1205018549,040261816,0.3231905996799469,1
1205139486,040066673,0.14911949634552002,1
1205259163,040132153,0.09473659843206406,1
1205734848,041207955,0.7752922773361206,1
1205737790,040062929,0.2035612165927887,1
1205737790,040318699,0.1970653533935547,1
1205737839,040754863,0.07541298121213913,1
1205737839,1028776632,0.6079759001731873,1
1205804595,042952778,0.00841250829398632,1
1205804595,041712005,0.1191001683473587,1
1205971858,041351665,0.15721569955348969,1
1205977597,040717763,0.33117732405662537,1
1206240393,952972530,0.7449001669883728,1
1206250143,041315227,0.06648578494787216,1
1206250682,118513109,0.5836467742919922,1
120658856X,040586405,0.686555027961731,1
120658856X,040055655,0.12207893282175064,1
1206688874,986508780,0.39296698570251465,1
1206723688,967279453,0.4898357689380646,1
1206730897,040444643,0.02804715186357498,1
1206820284,004549465,0.5564674139022827,1
1206820284,040487156,0.0604860782623291,1
1206864311,040498360,0.3495456874370575,1
1206864311,04161965X,0.13337939977645874,1
1206864311,041720687,0.2425616979598999,1
1206877766,040300463,0.3420778512954712,1
1206877766,041260732,0.169211745262146,1
1207146757,041223438,0.699529767036438,1
1207161756,043244165,0.09843476116657257,1
1207444723,954454553,0.4765363335609436,1
1207619671,041481143,0.4557453691959381,1
1207619671,041154630,0.08873207122087479,1
1207720879,04031295X,0.5250046849250793,1
1207720879,040268799,0.11863196641206741,1
1208147838,118597868,0.7440535426139832,1
1208211870,007636040,0.16802054643630981,1
1208323237,040417816,0.08813754469156265,1
120850763X,040563669,0.25687524676322937,1
120850763X,040605957,0.09772668778896332,1
1208520512,041978730,0.2987375259399414,1
1208633260,955137284,0.47289422154426575,1
1208764527,041899407,0.0779849961400032,1
1208764527,041166450,0.04410400986671448,1
1208764527,950838314,0.35346803069114685,1
1208764527,041172655,0.10719164460897446,1
120893788X,945451660,0.37289708852767944,1
1209067331,042402867,0.06406232714653015,1
1209067331,041371798,0.4927138388156891,1
1209257254,042023629,0.21040241420269012,1
1209267365,040772160,0.17417344450950623,1
1209267365,040735737,0.1465848833322525,1
1209267365,040773477,0.21600691974163055,1
1209472945,04074793X,0.06683255732059479,1
1209472945,947676724,0.14914371073246002,1
1209474611,040288595,0.4236150085926056,1
1209474611,951720600,0.054474446922540665,1
1209490692,040476898,0.47363150119781494,1
1209671085,97200923X,0.4264046251773834,1
1209873982,040607429,0.7928312420845032,1
1209873982,04204779X,0.3683210611343384,1
1209873982,040541517,0.6677485704421997,1
121015689X,040034127,0.02514401264488697,1
121015689X,042764130,0.02487933821976185,1
1210245752,040063119,0.28590747714042664,1
1210333546,041849450,0.25869837403297424,1
1210347148,121085600,0.09005284309387207,1
1210424029,118528823,0.06099778041243553,1
1210424029,944318959,0.008841264992952347,1
1210424029,942823710,0.05575350299477577,1
1210590646,042907330,0.04549277946352959,1
1210590646,040775755,0.16340979933738708,1
1210664410,1123527725,0.12057767063379288,1
1210664410,1068087374,0.43647414445877075,1
1210692074,040479897,0.6522988677024841,1
1210694549,040777049,0.560211718082428,1
1210694549,040563979,0.4133700132369995,1
1210694549,041231767,0.2798328399658203,1
1210729415,041139240,0.04577317833900452,1
1210730170,95406030X,0.09750702977180481,1
1210730170,043245676,0.018379390239715576,1
1210730170,981830676,0.018496934324502945,1
1211172759,041868358,0.33986783027648926,1
1211293157,040598276,0.38050082325935364,1
1211314707,041969642,0.06569723784923553,1
1211392562,959843493,0.030423037707805634,1
1211736334,04244506X,0.29666489362716675,1
1211736334,040459608,0.698799192905426,1
1211737985,040261816,0.25604820251464844,1
1211737985,040418979,0.09707213193178177,1
1211791483,1019430699,0.028271080926060677,1
121197409X,040475115,0.09399168193340302,1
121197409X,945450427,0.43075573444366455,1
1211984796,040465268,0.39125341176986694,1
1211987345,042012759,0.49337056279182434,1
1211987868,040336379,0.14692595601081848,1
1211987868,040788954,0.6520472168922424,1
1211990788,041996798,0.08348119258880615,1
1211990788,041849450,0.05411958694458008,1
1212453263,04127976X,0.12111771106719971,1
121265272X,040111598,0.09613889455795288,1
1212795954,040651096,0.7920082807540894,1
1212795954,040389359,0.18535998463630676,1
1212855205,041386167,0.3196878731250763,1
1212855205,041139887,0.22457467019557953,1
1212855205,040154289,0.27279701828956604,1
1213038774,040261816,0.5781043767929077,1
1213038774,041673832,0.3930787146091461,1
1213097193,1060780534,0.029639171436429024,1
1213300584,040886840,0.0041711474768817425,1
1213448832,040187764,0.49558210372924805,1
1213451698,04060523X,0.24567292630672455,1
1213451698,040266567,0.15388141572475433,1
1213472741,042980925,0.04320070520043373,1
1213472741,040615855,0.3181552290916443,1
1213472741,987436635,0.06549844145774841,1
1213513332,967279453,0.36761370301246643,1
1213513332,040700879,0.1276889145374298,1
1213523303,040887073,0.5940719246864319,1
1213523303,04229763X,0.43131279945373535,1
1213524180,041165462,0.5644627809524536,1
1213524180,040120465,0.23291867971420288,1
1213526752,040066584,0.5795799493789673,1
1213547725,04066466X,0.35838159918785095,1
1213547725,040664937,0.3369482457637787,1
121363458X,041364155,0.5886634588241577,1
1213728487,118594893,0.1966959685087204,1
1213811201,040272966,0.04672320559620857,1
1213811678,041537173,0.09005284309387207,1
1213811678,041411293,0.3054802119731903,1
1213811678,042262976,0.15075373649597168,1
121388490X,041526473,0.5096811056137085,1
121388490X,041372174,0.015320656821131706,1
1213972442,942218981,0.012594213709235191,1
1213972442,1003483682,0.35039079189300537,1
1214130275,04127833X,0.6720635890960693,1
1214301533,041242610,0.6114798188209534,1
1214301533,041827236,0.2167864739894867,1
1214301606,041517954,0.3094263970851898,1
1214367127,041139364,0.4172835648059845,1
1214368735,041692128,0.05740343779325485,1
1214368735,040746720,0.4257364869117737,1
1214640001,042007933,0.2198258638381958,1
1214640001,040196224,0.19533279538154602,1
1214811884,118598678,0.042871084064245224,1
1214811884,040776204,0.11715059727430344,1
1214886159,040578038,0.42419272661209106,1
1214886159,041552725,0.12564717233181,1
1214886159,041739086,0.5191941261291504,1
1214886841,1098579690,0.06654641032218933,1
1214886841,042131324,0.06488879770040512,1
1214886841,040621278,0.06165193021297455,1
1214958710,040209490,0.0658336728811264,1
1214958710,040431738,0.17491428554058075,1
1214958710,040172147,0.11875290423631668,1
1214970524,041269748,0.7344920635223389,1
1214970524,1123527725,0.41804245114326477,1
1215036981,040636259,0.10246303677558899,1
1215036981,041808215,0.6634969711303711,1
1215037171,041429907,0.025015871971845627,1
1215037171,041658329,0.03890084847807884,1
1215099010,041421760,0.526860237121582,1
1215099010,94257849X,0.10424681007862091,1
1215159366,042961785,0.18391618132591248,1
1215159366,040494284,0.1442880481481552,1
1215159366,04064037X,0.065276600420475,1
1215167741,041857763,0.6385077238082886,1
1215295529,100072185X,0.27195754647254944,1
1215321791,041800443,0.14007799327373505,1
1215321791,951339486,0.013351824134588242,1
1215336985,041884396,0.018948886543512344,1
1215337221,040562182,0.1820858120918274,1
1215500084,04011144X,0.1803193986415863,1
1215500084,040553825,0.14134587347507477,1
1215500084,040111342,0.21925005316734314,1
1215500300,041132092,0.0059484634548425674,1
1215500300,041136179,0.05232777073979378,1
1215576684,1206347392,0.615209698677063,1
1215576684,041323262,0.628348171710968,1
1215576684,041264126,0.34739553928375244,1
1215732880,040252264,0.2019810676574707,1
1215732880,042312884,0.6262068748474121,1
1215764286,040477045,0.4079674482345581,1
1216040613,040068773,0.6748194694519043,1
1216040613,960278222,0.30045828223228455,1
1216144435,041310187,0.08926047384738922,1
1216144435,040493482,0.1594221293926239,1
1216256942,041270835,0.24447648227214813,1
1216257744,042510635,0.0355357751250267,1
1216397082,040408434,0.4227110743522644,1
1216397082,982637632,0.03489959239959717,1
1216397082,123322929X,0.2078772783279419,1
1216706794,042122856,0.11418667435646057,1
1216706794,961720069,0.3102291226387024,1
1216706964,040792153,0.46688133478164673,1
1216706964,040027023,0.10622774809598923,1
1216706964,040557472,0.2090316265821457,1
1216706964,042264049,0.2920794188976288,1
1217009094,041786246,0.20212948322296143,1
1217065180,04163425X,0.0958363339304924,1
1217065180,041233778,0.14977996051311493,1
1217065180,041560434,0.3146054446697235,1
1217507116,04128691X,0.47289422154426575,1
1217587888,042525799,0.31017252802848816,1
1217938516,041931769,0.09776368737220764,1
1218037598,04073840X,0.7886982560157776,1
121809883X,040331784,0.46473395824432373,1
1218354887,974041238,0.596802294254303,1
1218366230,04066533X,0.15343749523162842,1
1218400285,118528297,0.09257768094539642,1
1218400285,041292812,0.12014152109622955,1
1218463899,118597868,0.5983288288116455,1
1218463899,04049716X,0.553817629814148,1
1218485590,973074388,0.7336184978485107,1
1218685913,040289443,0.019799696281552315,1
1218685913,041282337,0.24382548034191132,1
1218685913,041966643,0.5085553526878357,1
1218769904,041883748,0.07051313668489456,1
1218783931,041245164,0.12121575325727463,1
1218867086,040457982,0.5127897262573242,1
1218867159,040456609,0.4186379313468933,1
1218867159,041143884,0.24742726981639862,1
1218867183,118600613,0.2285737246274948,1
1218867183,040457982,0.539733350276947,1
1218867779,04072560X,0.3212093114852905,1
1218869194,040558649,0.4471217691898346,1
1218869194,100072185X,0.2587668299674988,1
1218869194,040408434,0.4257364869117737,1
1218869496,041807030,0.0271023940294981,1
1218872160,040564592,0.40416425466537476,1
1218872160,041408802,0.10337688028812408,1
1218872160,041231767,0.316903293132782,1
1218875550,041203739,0.12326323986053467,1
1218875550,04165739X,0.14191482961177826,1
1219139882,118587943,0.1877034455537796,1
1219141046,040459748,0.13405653834342957,1
1219141046,000350745,0.24903084337711334,1
1219149667,040710343,0.250747948884964,1
1219577677,041332792,0.19697381556034088,1
1219664510,040297020,0.07100974023342133,1
1219962791,040741672,0.11898151785135269,1
1219962791,1046414801,0.2170259803533554,1
1219982725,043121470,0.4762837290763855,1
1220035432,959740856,0.10995618999004364,1
1220250333,042525799,0.2925556004047394,1
1220250333,040212165,0.1351412832736969,1
1220276782,042002303,0.1553727388381958,1
1220488399,041408802,0.11950134485960007,1
1220488577,944368417,0.00913025252521038,1
1220633178,040136302,0.42360854148864746,1
1220633178,040513424,0.5837945342063904,1
1220633178,040136566,0.501675009727478,1
1220633445,040268993,0.2974434196949005,1
1220633445,040146928,0.1732914298772812,1
122085140X,040261816,0.5936011075973511,1
122085140X,041599349,0.04998182877898216,1
122085140X,042982375,0.004790072329342365,1
1221130544,042916755,0.45005249977111816,1
1221278053,041144716,0.24743883311748505,1
1221278053,040367746,0.42348355054855347,1
1221282611,04026193X,0.18865558505058289,1
1221282611,041974298,0.053001850843429565,1
1221282611,041860594,0.005605168174952269,1
1221289829,040009890,0.018262358382344246,1
1221312227,041253752,0.11418667435646057,1
1221319337,040052346,0.06218094751238823,1
1221396846,118583700,0.08244980871677399,1
1221596993,040336379,0.39125341176986694,1
1221596993,042636310,0.13829092681407928,1
1221597485,041851056,0.2416723072528839,1
1221971182,040087670,0.35838159918785095,1
1222436140,041360699,0.16629472374916077,1
1222436140,041143167,0.3094263970851898,1
1222737302,967941407,0.7580972909927368,1
1222743701,040383377,0.3411445617675781,1
1222743701,04114483X,0.23333293199539185,1
1222973901,040358755,0.12296511232852936,1
1222973901,041241797,0.020657850429415703,1
1223174921,040154793,0.273170530796051,1
1223174921,040305813,0.2718353569507599,1
1223174921,040717763,0.19731420278549194,1
1223605434,969713266,0.22360444068908691,1
1223605434,040592456,0.15769223868846893,1
1223611078,1001075595,0.4927138388156891,1
1223660567,118751867,0.4927138388156891,1
1223705269,04131705X,0.11638812720775604,1
1223847357,041925483,0.5957674384117126,1
1223865703,943667240,0.1191001683473587,1
1223865703,956298788,0.017770016565918922,1
1224079914,040710343,0.2953594923019409,1
1224193393,118557513,0.42383959889411926,1
1224193393,946020663,0.3404053747653961,1
1224193393,04075166X,0.06164297088980675,1
1224216121,040710262,0.4431006610393524,1
1224216121,940431181,0.3636339008808136,1
1224216121,040710130,0.14899615943431854,1
1224315081,955915252,0.4498245418071747,1
1224334183,040309576,0.3428895175457001,1
1224334183,041818725,0.08760861307382584,1
1224527976,041869575,0.14806701242923737,1
1224527976,040156028,0.46155956387519836,1
1224739418,041661133,0.10929251462221146,1
1224739418,041696263,0.04599568992853165,1
1224964810,987973851,0.3014979660511017,1
1224964810,040318834,0.7270005941390991,1
1224964810,040751287,0.17345988750457764,1
1225069394,040114139,0.2635940611362457,1
122525616X,040605949,0.29859673976898193,1
122525616X,040544389,0.22316713631153107,1
1225545714,040620115,0.2688269019126892,1
1225549051,041333330,0.1764344424009323,1
1225749697,040114139,0.5027047991752625,1
1226426565,040110028,0.6802741289138794,1
1226426565,96473222X,0.2778376042842865,1
1226430651,041841409,0.2089165598154068,1
1226430651,042628784,0.1314598172903061,1
1226485197,040789438,0.5231299996376038,1
1226485197,040793516,0.17164385318756104,1
1226485197,04066533X,0.0317210778594017,1
1226756069,040512533,0.0697530210018158,1
1226756069,041414144,0.007888218387961388,1
1226756069,041362675,0.11572232842445374,1
1226895611,041474600,0.010923486202955246,1
1226895611,04212042X,0.11418667435646057,1
1226896634,959303383,0.041326191276311874,1
1226896634,041746422,0.01620292477309704,1
1226936334,040408019,0.3905813694000244,1
1226936334,041708245,0.06703251600265503,1
1226942873,042795745,0.059632282704114914,1
1226942873,041254678,0.06060195714235306,1
1226942873,1123746923,0.20884600281715393,1
1226944442,041635949,0.02542954310774803,1
1226944442,040605817,0.3126031458377838,1
1226997449,04114130X,0.30399081110954285,1
1227999879,041306422,0.2953594923019409,1
1228072833,041336836,0.2572844922542572,1
1228786690,004522370,0.660443127155304,1
1228786690,041554442,0.014730296097695827,1
1229139796,948693541,0.5738643407821655,1
1229139796,041451457,0.04190574213862419,1
1229435115,1110910134,0.19812440872192383,1
1229688889,040336379,0.37958016991615295,1
1229834745,118810537,0.1191001683473587,1
1229835768,04135432X,0.6079759001731873,1
1229976485,041704959,0.09484268724918365,1
1229976485,946374112,0.24567292630672455,1
1230445226,041140699,0.2802148163318634,1
1230550666,041865685,0.11572232842445374,1
1230550666,952406128,0.2072681039571762,1
123055114X,004815270,0.04628957435488701,1
123055114X,1031114947,0.7272615432739258,1
1230755772,041172493,0.18719401955604553,1
1230755853,118637649,0.2356140911579132,1
1230755853,040360504,0.324446439743042,1
1230796371,040670295,0.1944999396800995,1
1230857737,043123740,0.24567292630672455,1
1231274735,040267512,0.6810394525527954,1
1231547022,960633170,0.12642516195774078,1
1232072133,041210786,0.6678795218467712,1
1232072133,040137767,0.07272285223007202,1
1232072133,04135348X,0.029740218073129654,1
1232073083,042001323,0.6262068748474121,1
1232073083,1156876761,0.003712524427101016,1
1232401455,041214625,0.07525809109210968,1
1232401455,042797055,0.24567292630672455,1
1232406228,040705129,0.03661482036113739,1
1232406228,041608399,0.12642516195774078,1
1232406228,041703707,0.025301847606897354,1
1232407542,040005895,0.2200828641653061,1
1232407542,043132545,0.05094873905181885,1
1232576700,040781682,0.04742441698908806,1
1232815187,041205898,0.1252392679452896,1
1233012762,043287808,0.1634855419397354,1
1233012762,040120635,0.046597983688116074,1
1233108824,040534693,0.3201156258583069,1
1233108824,04144910X,0.499416321516037,1
1233113682,95159981X,0.3558296859264374,1
1233113682,040490750,0.6624910235404968,1
1233194585,040685969,0.36761370301246643,1
1233461494,041229266,0.40588104724884033,1
1233462555,040694674,0.3243265748023987,1
1233462555,040535320,0.12161946296691895,1
1233601377,041166175,0.004003627225756645,1
1233601377,042780004,0.2205369472503662,1
1233601377,04153414X,0.03211340680718422,1
123360225X,041230655,0.4777529537677765,1
123360225X,041281284,0.24742726981639862,1
1233678760,041230655,0.5831482410430908,1
1233678760,041969103,0.24613289535045624,1
1233678760,040066509,0.35352498292922974,1
1233957171,118560085,0.5808356404304504,1
1234017873,947601600,0.4927138388156891,1
1234240300,041292960,0.0984216257929802,1
1234395428,041656083,0.040365640074014664,1
1234466945,985534478,0.6644276976585388,1
1234466945,949011533,0.05498473346233368,1
1234911809,974675598,0.10212374478578568,1
1234911809,042388120,0.7963060736656189,1
1235138542,041127625,0.17878270149230957,1
1235138542,041323009,0.4268985986709595,1
1235489159,1138804673,0.041326191276311874,1
123568721X,940038757,0.036856185644865036,1
1236383974,041737504,0.20692318677902222,1
1236543815,04018837X,0.028556939214468002,1
1236575067,04060747X,0.029976217076182365,1
1236732561,940179482,0.5948179960250854,1
1236846680,943441951,0.44957995414733887,1
1237105706,042202000,0.43075573444366455,1
1237164176,041127269,0.1879514455795288,1
123732002X,041616340,0.0052955616265535355,1
1237495849,040447375,0.4899967908859253,1
1237498945,040331873,0.38118940591812134,1
1237623049,118813455,0.35346803069114685,1
1237623049,118615270,0.1906774640083313,1
1237746884,041824849,0.06590314954519272,1
1237747155,992613787,0.5255967974662781,1
1237959675,040665208,0.279417484998703,1
1237959675,04032589X,0.2528271973133087,1
1237971071,040446964,0.1654984951019287,1
1238148301,041693957,0.2688198387622833,1
1238148301,041693949,0.05399072915315628,1
1238148301,040754219,0.4037644565105438,1
1238305857,040359646,0.4840908646583557,1
1238307094,968867146,0.17920349538326263,1
1238307094,041408810,0.06404479593038559,1
1238366392,1041589379,0.036856185644865036,1
1238366392,040349225,0.4003679156303406,1
123849420X,953750485,0.6199849843978882,1
1238527647,040174972,0.059688784182071686,1
1238527647,041366360,0.026107212528586388,1
1238527647,952848546,0.4635857343673706,1
1238598471,040121836,0.1220569908618927,1
1238601588,04016876X,0.4094291031360626,1
1238601588,04129002X,0.140153706073761,1
1238654290,118877925,0.041326191276311874,1
1238779956,967279453,0.26649579405784607,1
1238779956,043264646,0.2772579789161682,1
1238779956,042412919,0.1813761591911316,1
123888850X,040632903,0.4003679156303406,1
1238891888,041930169,0.04149502143263817,1
1238891888,994047185,0.04851698875427246,1
1238892094,983782784,0.5660520792007446,1
1238892515,04318717X,0.13947327435016632,1
1238894496,040496880,0.3736903965473175,1
1239442548,040628558,0.21482832729816437,1
1239561245,041310187,0.5458709001541138,1
1239561245,040638545,0.31366288661956787,1
1239561245,04130375X,0.3893705904483795,1
1239562594,040597296,0.37490227818489075,1
1239562594,041172493,0.2272941768169403,1
1239659067,041381432,0.26960620284080505,1
1239837399,041142276,0.07212723791599274,1
1239837399,040413829,0.2962994873523712,1
1239837399,041126394,0.14357790350914001,1
1239894171,040789217,0.1287432610988617,1
1239894171,04054284X,0.2860974073410034,1
1240052103,04079184X,0.4933529794216156,1
1240052103,040379345,0.12777402997016907,1
1240052103,041635922,0.5591296553611755,1
1240230532,996916032,0.07749903947114944,1
1240230532,041620186,0.008770357817411423,1
1240247028,041252802,0.39456477761268616,1
124039828X,04169919X,0.029780147597193718,1
1240430086,04026193X,0.12297219038009644,1
1240430086,940492598,0.32390958070755005,1
1240488165,04125385X,0.21652419865131378,1
1240488165,040564363,0.35675090551376343,1
1240609353,041738667,0.1191001683473587,1
1240614160,041732308,0.036856185644865036,1
1240673655,041643526,0.4258340895175934,1
1240673973,041524985,0.12583079934120178,1
1240673973,040143279,0.2078772783279419,1
124076068X,1123527725,0.15304015576839447,1
1240933304,041713842,0.036856185644865036,1
1240933304,042067685,0.03319365531206131,1
1241195153,041620518,0.4861067533493042,1
1241318271,959934766,0.054474446922540665,1
1241478252,040642860,0.08146678656339645,1
1241536945,1106874455,0.054474446922540665,1
124179619X,040740323,0.3475821316242218,1
124179619X,1206347392,0.2953594923019409,1
124179619X,042320763,0.44247350096702576,1
1242239014,041286375,0.06579695641994476,1
124231587X,040110192,0.6689676642417908,1
124231587X,040457915,0.4405921399593353,1
1242574417,042022622,0.16821494698524475,1
1242634800,041273664,0.04132074862718582,1
1242637648,040027376,0.7472999691963196,1
1243351144,042692032,0.03669639304280281,1
1243351233,040759687,0.33609727025032043,1
1243439661,040289117,0.19730529189109802,1
1243439661,040360326,0.09999710321426392,1
1243681926,1211559238,0.143268421292305,1
1244920304,947642250,0.05069122463464737,1
1244920304,041849450,0.3094263970851898,1
124500302X,040511766,0.2744646966457367,1
124500302X,040413160,0.3794878125190735,1
124500302X,040763749,0.4875720143318176,1
1245252496,040777049,0.47040805220603943,1
1245252496,041306155,0.23180224001407623,1
1245620568,118520539,0.1348096877336502,1
1245620568,118580779,0.3519081175327301,1
1245843680,1023547457,0.5851606726646423,1
1246164426,979308658,0.405290812253952,1
1246164426,041608356,0.23048202693462372,1
1246674963,955915252,0.6050682663917542,1
1246683997,040270246,0.036637961864471436,1
1246683997,042200156,0.001738131046295166,1
1246759640,040267652,0.10412146151065826,1
1246759640,040389367,0.18855692446231842,1
1246879018,040403920,0.460432767868042,1
1246897369,040455157,0.28590747714042664,1
1247008339,040288145,0.1510734260082245,1
1247008339,040775488,0.5155393481254578,1
1247431703,04055676X,0.4512135088443756,1
1247431703,041210948,0.18789009749889374,1
1248102924,040189686,0.3343258500099182,1
1248421493,041521684,0.5877816677093506,1
1248767187,955951038,0.13380372524261475,1
1248971604,042393280,0.5096811056137085,1
1248971604,04128271X,0.2447219341993332,1
1249123054,041126114,0.039938852190971375,1
1249123054,040034046,0.2128029763698578,1
1249415462,042185785,0.1040743887424469,1
1249995426,040408434,0.4257364869117737,1
1249995426,041969103,0.3567771315574646,1
1249995426,967279453,0.1406385749578476,1
1250066506,119313618,0.2487374246120453,1
1250188024,118535315,0.038297925144433975,1
1250188024,118524534,0.5069315433502197,1
1250279240,042783089,0.18003369867801666,1
1250279240,041208064,0.06715989112854004,1
1250328276,041217616,0.2272941768169403,1
1250328276,04043169X,0.3748094439506531,1
1250331315,04060750X,0.7886982560157776,1
1250331315,04060747X,0.10932397842407227,1
1250342848,972554041,0.4765363335609436,1
1250351898,118592610,0.0010115017648786306,1
1250351898,04136998X,0.6804855465888977,1
1250450667,041305264,0.572251558303833,1
1250451264,040408744,0.09798506647348404,1
1250451264,04126228X,0.04826109856367111,1
1250497035,04127850X,0.14068569242954254,1
1250497035,041900383,0.09613893926143646,1
1250682770,118619098,0.2487374246120453,1
1250682770,11861908X,0.5243706703186035,1
1250692377,040775755,0.47926658391952515,1
1250717612,041339487,0.3204936683177948,1
125113176X,040762599,0.44791075587272644,1
1251145256,041221923,0.15726907551288605,1
125115574X,04227768X,0.011864329688251019,1
1251159818,041420195,0.28590747714042664,1
1251163793,041143280,0.36708998680114746,1
1251163793,040184218,0.11948463320732117,1
1251197310,040379493,0.5443493723869324,1
1251197310,042024943,0.42562901973724365,1
1251240755,040079554,0.31752341985702515,1
1251240755,947815376,0.03781347721815109,1
1251808336,952725150,0.2662532925605774,1
1251808336,041409418,0.19812440872192383,1
125181154X,1079480048,0.5932585597038269,1
125181154X,956012027,0.24806131422519684,1
125206280X,040443027,0.593225359916687,1
125206280X,040546799,0.3277319073677063,1
1253304769,974041238,0.6540696620941162,1
1253329672,040496260,0.45135417580604553,1
1253576548,041281284,0.3277319073677063,1
125366806X,040746313,0.04842439666390419,1
1253732957,1105568407,0.3893705904483795,1
1253732957,040476677,0.5256848335266113,1
1253800723,118557513,0.21600691974163055,1
1254029141,955543495,0.02572050504386425,1
125481275X,040336557,0.11185290664434433,1
125481275X,040408485,0.3038691580295563,1
1255169508,041144716,0.18348079919815063,1
1255169508,040367746,0.5141463875770569,1
1255226218,947516433,0.013803144916892052,1
1255226218,956298788,0.09151641279459,1
1255226218,04143126X,0.39410626888275146,1
125552250X,963109227,0.07490433007478714,1
125552250X,04033659X,0.06564014405012131,1
1255876212,040682528,0.1996629536151886,1
1255876212,041349466,0.44129228591918945,1
1255876212,041621964,0.036268457770347595,1
1255876212,040710343,0.22248928248882294,1
1256043516,040197026,0.25584226846694946,1
1256361364,040455033,0.5523960590362549,1
1256774723,11852772X,0.21101172268390656,1
1256837997,118637665,0.12749777734279633,1
1256837997,040079554,0.4385715126991272,1
1257559796,988072351,0.08390460908412933,1
1257860615,040460762,0.716301679611206,1
1258062763,040013073,0.4236150085926056,1
1258523159,041936086,0.570462703704834,1
1258523159,956153186,0.20338717103004456,1
1258523302,040014770,0.3905813694000244,1
1260144453,998904597,0.6802741289138794,1
1261431197,040645320,0.5268403887748718,1
1262466245,040301028,0.10867059975862503,1
1263764835,99327269X,0.4765363335609436,1
1264661088,040777049,0.255813866853714,1
1264661088,944257194,0.041326191276311874,1
1264661088,041334353,0.1289929449558258,1
1265014116,041132920,0.36948055028915405,1
1265014116,043035183,0.5039528608322144,1
1265014116,041140516,0.3820635974407196,1
1265014116,040119750,0.14554254710674286,1
1265362424,1124028595,0.7752922773361206,1
1266922555,041205030,0.4356842637062073,1
1267825987,04136175X,0.1191001683473587,1
1267825987,984845321,0.20742543041706085,1
1267987340,040129853,0.09945163875818253,1
1268617334,11870317X,0.018262358382344246,1
1269218670,040730913,0.5093272924423218,1
1269218670,042007933,0.5776687264442444,1
1269218700,041388038,0.29066067934036255,1
1269218700,1222777320,0.08159524202346802,1
1269342045,040641953,0.33863013982772827,1
1270687476,040205789,0.3324434459209442,1
1270798294,042735319,0.09633280336856842,1
1271340488,041818555,0.15069761872291565,1
1271340488,041884396,0.1252392679452896,1
1272948439,952666480,0.007374738808721304,1
1273046285,040028259,0.5193750262260437,1
1273046285,041277317,0.02107071690261364,1
1273228049,040768996,0.15522991120815277,1
1275473172,1001334752,0.7440535426139832,1
1275984304,042868688,0.020714713260531425,1
1275984304,040601315,0.26443299651145935,1
1276585519,040473600,0.716301679611206,1
1276585519,040334473,0.15292933583259583,1
1276736398,040476898,0.6167933344841003,1
1276781814,041970349,0.1772620528936386,1
1277809941,040408434,0.235623300075531,1
127786361X,041302168,0.32514744997024536,1
1277885508,040790134,0.08575809001922607,1
1278912207,040494152,0.7478908896446228,1
1278912207,040158756,0.49093854427337646,1
1278916083,040709140,0.3708142638206482,1
1279030526,041126033,0.5337426662445068,1
1279693916,041698088,0.04851698875427246,1
1279693916,940535912,0.05576600506901741,1
1280090952,040389367,0.577839195728302,1
1283706784,040663809,0.15065179765224457,1
1284741796,040207749,0.25703537464141846,1
1284741796,042090156,0.5490102171897888,1
1284741796,040746720,0.3730452060699463,1
1286014042,041639766,0.599844217300415,1
1286972922,040261816,0.6125937104225159,1
128901664X,040767043,0.7916972041130066,1
128901664X,041887379,0.1351412832736969,1
1289480192,940156105,0.028271080926060677,1
1289480192,1017959544,0.00631010252982378,1
1293606448,04167698X,0.01863948628306389,1
1293606839,959038299,0.27892637252807617,1
1294453483,041286960,0.5995350480079651,1
1294453483,04178507X,0.27470675110816956,1
1297281233,040006263,0.676372766494751,1
1300278234,041474619,0.03327074274420738,1
1300956429,040459772,0.6860889196395874,1
1300956429,042103746,0.27405044436454773,1
1303164353,041230655,0.5425812005996704,1
1303164353,040541517,0.5854257941246033,1
1307487165,040334228,0.20457929372787476,1
1308856245,040382176,0.09530605375766754,1
1312249129,040006263,0.41186195611953735,1
1313280941,040448649,0.7892578840255737,1
131667181X,041176650,0.6228876709938049,1
1318744946,041559525,0.397655189037323,1
1319074138,00479995X,0.0936504602432251,1
1324540591,041142799,0.11554986983537674,1
1324540591,040496007,0.5600432753562927,1
1326512234,040334228,0.3054908514022827,1
1326512234,041660439,0.04269106686115265,1
1329120752,118989820,0.3294982314109802,1
1329120752,041601602,0.006964794360101223,1
1331050111,041573196,0.06151161715388298,1
1331050111,041292464,0.3092619776725769,1
1331665728,04227561X,0.5116069316864014,1
1331954703,040652033,0.1525759994983673,1
1331954703,040457907,0.6520472168922424,1
1334273049,118600818,0.06036361679434776,1
1334711097,99466592X,0.20027852058410645,1
1334712727,1139297287,0.28173407912254333,1
1335209026,041339657,0.77886199951171875,1
1336628111,118560034,0.1178598552942276,1
1337020788,040345149,0.16358116269111633,1
133829721X,041294645,0.132961705327034,1
1339113279,04129503X,0.17518262565135956,1
1339140276,11874660X,0.6986548900604248,1
1122545738,042507022,0.08738493174314499,0.6666666666666666
1122545738,040667804,0.06414750963449478,1
1122545738,042382076,0.04048500210046768,0
1122545835,964119226,0.02155398391187191,0
1122545835,004010531,0.018151650205254555,0
1122545835,943776767,0.015181255526840687,0
1122545835,000361879,0.01437213271856308,0
1122545835,041309847,0.012334950268268585,0
1122586574,04025092X,0.15248993039131165,0.3333333333333333
1122586574,040448932,0.08498358726501465,0.3333333333333333
1122586574,94956186X,0.06737343966960907,0
1123477132,040335720,0.40579232573509216,0.3333333333333333
1123477132,040496732,0.1524711698293686,0
1123477132,04051157X,0.1342838704586029,0
1123477132,041206274,0.13218703866004944,0.3333333333333333
1123477132,040335976,0.05453047528862953,0.3333333333333333
1123477132,041400488,0.05226811766624451,0.6666666666666666
112347995X,04180757X,0.06877092272043228,0
112347995X,04117724X,0.04584234580397606,0
112347995X,042367360,0.0364656001329422,0
112347995X,042505860,0.014094484969973564,0
112347995X,042151317,0.012334950268268585,0
1123481415,041263693,0.018262358382344246,0.3333333333333333
1123481415,042587670,0.0054602790623903275,0.3333333333333333
1123481415,042302684,0.003619447583332658,0.3333333333333333
1123644314,040437442,0.44115331768989563,0.6666666666666666
1123644314,041360850,0.034215398132801056,0
1123644314,040206459,0.028793344274163246,0.6666666666666666
1123644314,954353331,0.020026033744215965,0
1123644314,952838583,0.018262358382344246,0
1123927022,040124754,0.20521347224712372,0
1123927022,963213709,0.06584575772285461,0.6666666666666666
1123927022,041393864,0.06508774310350418,0
1123927022,041275063,0.06493538618087769,0.3333333333333333
1123927022,041923510,0.04851698875427246,0.6666666666666666
1123928916,040674886,0.40302354097366333,0
1123928916,040465675,0.07148329168558121,0
1123928916,956840175,0.030699850991368294,0
1123928916,041254244,0.02185700088739395,0
1123928916,1065700539,0.006781450472772121,0
1124202757,041490630,0.39827823638916016,0.3333333333333333
1124202757,040762262,0.29958024621009827,0.3333333333333333
1124202757,040709558,0.1944999396800995,0.3333333333333333
1124202757,040694682,0.07589332014322281,0
1124507019,041977750,0.14127559959888458,0.6666666666666666
1124507019,041845684,0.12876343727111816,0.6666666666666666
1124507019,041824628,0.06423471868038177,0.3333333333333333
1124902562,04186820X,0.20479151606559753,0
1124902562,042020700,0.16785109043121338,0.6666666666666666
1124902562,041133099,0.12200716882944107,0
1125044241,042508096,0.069386787712574,0.6666666666666666
1125044241,041392086,0.06090646982192993,0
1125044241,041300505,0.033944327384233475,0.3333333333333333
1125104864,94891565X,0.05258757248520851,0.6666666666666666
1125104864,041402049,0.008088353089988232,0
1125104864,950565334,0.005422386806458235,0
1125229918,004789326,0.10761476308107376,0.6666666666666666
1125229918,041824598,0.10669621080160141,0.3333333333333333
1125461594,04200179X,0.35938745737075806,0.6666666666666666
1125461594,040777049,0.2140789031982422,0
1125461594,040187764,0.20535649359226227,0.6666666666666666
1125461594,042479088,0.08780365437269211,0.3333333333333333
1125541288,041411994,0.025580037385225296,0
1125541288,040003205,0.023092694580554962,0
1125541288,040901319,0.018927251920104027,0.3333333333333333
1125929316,040582167,0.11131104826927185,0.3333333333333333
1125929316,040665968,0.10165400803089142,0.6666666666666666
1125929316,041139372,0.09429086744785309,0.6666666666666666
1125929316,041602048,0.08003190159797668,0
1125929316,042053587,0.0397690124809742,0.6666666666666666
112612365X,041634187,0.04088687151670456,0
112612365X,041650018,0.02085123211145401,0
112612365X,04204183X,0.018151650205254555,0
112612365X,953549747,0.01658947393298149,0
112612365X,1065365187,0.00975737627595663,0
1126197157,040685969,0.3049893081188202,0.6666666666666666
1126197157,040014207,0.2264445573091507,0
1126197157,940674513,0.21101172268390656,0
1126197157,040717577,0.1542438566684723,0
1126197157,04142056X,0.007004869636148214,0.3333333333333333
1126216712,04225938X,0.13195966184139252,1
1126216712,042266793,0.1224980279803276,0
1126216712,04015999X,0.1153142973780632,0.6666666666666666
1126216712,041230892,0.0697111263871193,0
1126216712,04139030X,0.06493173539638519,1
1126216712,040772020,0.030943341553211212,0.6666666666666666
1126254452,040052036,0.36275914311408997,0.6666666666666666
1126254452,040384616,0.3404053747653961,0.3333333333333333
1126254452,041317017,0.22952716052532196,0.3333333333333333
1126254452,041512766,0.1928883045911789,0.3333333333333333
1126524956,118553615,0.014891330152750015,0
1126524956,040562778,0.014845171943306923,0.3333333333333333
1126524956,042557526,0.005065602250397205,0
1126895326,04068587X,0.3841153383255005,0
1126895326,041644735,0.3086160719394684,0
1126895326,041644654,0.23139996826648712,1
1127044397,968346901,0.17920349538326263,0
1127044397,040448797,0.04961653798818588,0.6666666666666666
1127044397,941675033,0.03688621520996094,0.3333333333333333
1127045377,041555244,0.04987728223204613,0
1127045377,041677889,0.031652554869651794,0
1127045377,041487079,0.03110075183212757,0
1127045377,042995825,0.016546176746487617,0
1127045377,946859833,0.012555274181067944,0
1127075470,943667275,0.5925266146659851,0.6666666666666666
1127075470,040162974,0.11149386316537857,0.3333333333333333
1127075470,041252802,0.029423879459500313,0.3333333333333333
1127075470,040481557,0.02503030374646187,0.3333333333333333
1127193538,040767043,0.08899350464344025,0.6666666666666666
1127193538,040640353,0.07815147191286087,0.3333333333333333
1127193538,041165802,0.051960598677396774,0
1127194852,04049408X,0.702201783657074,1
1127194852,042046327,0.4859727621078491,0.6666666666666666
1127194852,04010141X,0.30044013261795044,0
1127194852,04059758X,0.20509466528892517,0.6666666666666666
1127626248,041563166,0.28653889894485474,0
1127626248,041977750,0.20027852058410645,0.3333333333333333
1127626248,040347192,0.1654984951019287,0.3333333333333333
1127626248,041845684,0.11500537395477295,0.6666666666666666
1127626248,041858549,0.10605902969837189,0.3333333333333333
1127678930,001111620,0.2794899046421051,0
1127957120,04015999X,0.580173909664154,0.3333333333333333
1127957120,040006263,0.5528917908668518,0.6666666666666666
1127957120,041933176,0.16316546499729156,0.3333333333333333
1127957120,040788598,0.05161432921886444,0
1128033682,040605957,0.2681151330471039,0
1128033682,040693775,0.18783387541770935,0
1128033682,042453984,0.17598390579223633,0
1128033682,042480434,0.15004990994930267,0
1128033682,040059103,0.11131104826927185,0
1128074389,041323009,0.25563326478004456,0
1128074389,040200973,0.12157265841960907,0
1128074389,136759750,0.09720289707183838,0
1128074389,123367433,0.08159524202346802,0
1128074389,040068048,0.07045634835958481,0
1128074389,120421542,0.016211790964007378,0
1128074389,118582364,0.0020403496455401182,0
112811643X,986395048,0.04110943526029587,0
112811643X,124804500,0.03621060401201248,0
112811643X,000176389,0.018151650205254555,0
112811643X,115733388,0.014440772123634815,0
112811643X,1035621363,0.012334950268268585,0
1128151618,042789338,0.19736029207706451,0.6666666666666666
1128151618,041682440,0.17005158960819244,0
1128151618,944184391,0.08773195743560791,0
1128151618,041547829,0.08215411007404327,0
1128151618,041682475,0.020125683397054672,1
1128265826,040560082,0.09187398105859756,0
1128265826,947987576,0.08003190159797668,0
1128265826,942852044,0.0770055428147316,0.3333333333333333
1128265826,041210417,0.050831615924835205,0.3333333333333333
1128407175,004042719,0.23058457672595978,0
1128407175,041405919,0.2154458910226822,0.3333333333333333
1128506513,041396553,0.6856667995452881,0.6666666666666666
1128506513,04137455X,0.07633309811353683,0
1128506513,040786684,0.058533020317554474,0
1128594420,040557650,0.31135281920433044,0.3333333333333333
1128594420,040710424,0.11774143576622009,0
1128594420,040733157,0.08334868401288986,0.3333333333333333
1128594420,040261409,0.050843726843595505,0
1128649829,040557642,0.174723282456398,0
1128649829,041820126,0.16148611903190613,0
1128649829,04055905X,0.09001603722572327,0.6666666666666666
112873415X,042515688,0.1191001683473587,0.6666666666666666
112873415X,041566866,0.07502534985542297,0.3333333333333333
112873415X,040859312,0.04742441698908806,0
112873415X,118565877,0.027998533099889755,0
1128818442,040754219,0.31429967284202576,0.3333333333333333
1128818442,042179610,0.0619165301322937,0
1128818442,041347382,0.033380892127752304,0
1128818442,04232758X,0.027998533099889755,0
1128818442,955575869,0.022294769063591957,0
112881899X,118522892,0.015421713702380657,0
112881899X,1213677874,0.012334950268268585,0
112881899X,042319366,0.00978516973555088,0
112881899X,042171652,0.009639986790716648,0
1128996685,040389715,0.21191838383674622,0.6666666666666666
1128996685,041854977,0.1780284196138382,0.6666666666666666
1128996685,956298788,0.14007799327373505,0
1128996685,982268742,0.09109283238649368,0
1128996685,1014573556,0.06795430928468704,0
1129003566,041128559,0.1348096877336502,0.6666666666666666
1129003566,1142573028,0.1224980279803276,0.6666666666666666
1129105377,041863844,0.1610228717327118,1
1129105377,040752984,0.07434111833572388,0
1129229319,041156064,0.055411435663700104,0
1129229319,1014195845,0.049621887505054474,0
1129229319,041347129,0.04439500346779823,0
1129229319,043097545,0.026095181703567505,0
1129229319,95280171X,0.0023012233432382345,0
112939302X,040257983,0.27006223797798157,1
112939302X,041316932,0.06654641032218933,0.3333333333333333
112939302X,041762010,0.06476381421089172,0.6666666666666666
112939302X,041597486,0.015771735459566116,0.3333333333333333
1129409880,041237617,0.32777780294418335,0.6666666666666666
1129409880,041996763,0.1554928570985794,0.6666666666666666
1129409880,988495953,0.08308196067810059,0
1129451992,041305817,0.04127970337867737,0.3333333333333333
1129451992,041825403,0.028142571449279785,0
1129451992,041752473,0.018778309226036072,0
1129451992,97532800X,0.0171050988137722,0
1129556387,007540035,0.013528450392186642,0
1129556387,040276066,0.010359563864767551,0
1129556387,041953169,0.010103859938681126,0.3333333333333333
1129556387,965375625,0.0027206256054341793,0
1129956687,042743494,0.19048981368541718,0.6666666666666666
1129956687,040178978,0.11047066003084183,0
1129956687,042798728,0.051291417330503464,0.6666666666666666
1129956687,041914619,0.013346197083592415,0
112995675X,959344357,0.12482786178588867,0.3333333333333333
112995675X,962124575,0.06494785845279694,0
112995675X,040128156,0.05751580372452736,0
1130066061,040023605,0.05575266107916832,0.6666666666666666
1130066061,944568742,0.02722310647368431,0
1130066061,041915364,0.027105800807476044,0.3333333333333333
1130066061,041211510,0.01650342345237732,0.3333333333333333
1130066061,940039117,0.00881044752895832,0.6666666666666666
1130119815,042527732,0.041326191276311874,0.3333333333333333
1130119815,041942388,0.03704807162284851,0.3333333333333333
1130119815,042520746,0.03704110532999039,0
1130119815,041732006,0.01491839811205864,0.3333333333333333
1130544125,040139743,0.18390929698944092,0
1130544125,040037630,0.12038920074701309,0
1130544125,040468860,0.0528317466378212,0
1130544125,041137248,0.041326191276311874,0
1130545784,04069108X,0.13835380971431732,0
1130545784,041520955,0.10020235180854797,0.6666666666666666
1130545784,041892119,0.06608033180236816,0
1130545784,1011126443,0.019448570907115936,0
1130587088,041837622,0.21471014618873596,0
1130587088,943953189,0.032932404428720474,0.6666666666666666
1130587088,042549663,0.02461778186261654,0.6666666666666666
1130587088,04183772X,0.014775353483855724,0
1130869598,040699269,0.07434111833572388,0
1130869598,040291669,0.048631712794303894,0.6666666666666666
1130869598,040002454,0.022315962240099907,0.6666666666666666
1130869598,941546624,0.017402926459908485,0
1130922367,040502082,0.16477933526039124,0.3333333333333333
1130922367,042614627,0.06258290261030197,0.3333333333333333
1130922367,042043999,0.014782622456550598,0
1131254252,042480906,0.20770590007305145,0.3333333333333333
1131254252,118575449,0.1379137486219406,0
1131254252,043033504,0.11456168442964554,0
1131254252,040490750,0.09376958012580872,0.3333333333333333
1131254252,949924725,0.07148329168558121,0
113131378X,1042006857,0.2855749726295471,0.3333333333333333
113131378X,041441265,0.15142297744750977,1
113131378X,040297489,0.07371484488248825,0.6666666666666666
1131644484,041763599,0.11920531839132309,0
1131644484,1019847689,0.09613893926143646,0.3333333333333333
1131644484,04065835X,0.06711123883724213,0.6666666666666666
1131644484,980325358,0.008869200944900513,0
1131644484,1031890807,0.006952263880521059,0
1131707060,040357112,0.043740786612033844,0
1131707060,945729251,0.023415548726916313,0
1131707060,1070495565,0.018262358382344246,0.3333333333333333
1131707060,042445043,0.014605105854570866,0
113192200X,040763080,0.2197231501340866,0.3333333333333333
1132111412,043279074,0.07078758627176285,0.3333333333333333
1132111412,040142558,0.022378474473953247,0
1132111412,040144003,0.020908161997795105,0.3333333333333333
1132111412,042420466,0.014247075654566288,0.6666666666666666
1132111412,042428696,0.002415276365354657,0
1132288681,978261437,0.1224980279803276,0.3333333333333333
1132288681,040474453,0.06847645342350006,0
1132288681,041156463,0.05624791607260704,0
1132288681,042738180,0.04344332963228226,0.3333333333333333
1132289211,041988795,0.24824583530426025,0.6666666666666666
1132289211,041176707,0.23316523432731628,0
1132289211,041139976,0.08629395812749863,0
1132289211,041176790,0.05708359181880951,0
1132289211,040721302,0.050416670739650726,0
1132289211,041176774,0.035688791424036026,0.6666666666666666
1132289211,041901789,0.034200314432382584,0.6666666666666666
1132320550,041535200,0.08017436414957047,0
1132320550,041707966,0.06703251600265503,0.6666666666666666
1132320550,040272184,0.028285477310419083,0
1132320550,040408906,0.020411547273397446,0.6666666666666666
113232081X,042033985,0.1760166883468628,0
113232081X,041513746,0.15391984581947327,0
113232081X,040225968,0.15063175559043884,0
113232081X,040066509,0.14953528344631195,0.3333333333333333
113243419X,040664384,0.23498520255088806,0.6666666666666666
113243419X,040268403,0.14903384447097778,0.3333333333333333
113243419X,042130905,0.03829341009259224,0.6666666666666666
1132554950,040456714,0.5306829214096069,0.6666666666666666
1132554950,041387686,0.2988678812980652,0.6666666666666666
1132554950,042067685,0.0366118848323822,0.3333333333333333
1132554950,040707946,0.02968868613243103,0
1132772095,040680975,0.427991658449173,0
1132772095,040473902,0.27633368968963623,0.3333333333333333
1132772095,041381505,0.2143978625535965,0.6666666666666666
1132772095,041328779,0.09169510751962662,0
1132772095,042050960,0.05393892154097557,0
1132772095,041911253,0.05202498286962509,0
1132776120,041164180,0.5817872881889343,0
1132776120,040771563,0.25234806537628174,0
1132776120,041655508,0.20338226854801178,0.3333333333333333
1132776120,041678826,0.188136488199234,0
1132934001,041719875,0.18211179971694946,0
1132934001,040585255,0.053905442357063293,0
1132934001,04072803X,0.050745490938425064,0
1132934001,042510260,0.038246579468250275,0
1132934001,041154495,0.035019151866436005,0
1133021174,040564207,0.07744858413934708,0
1133021174,041824679,0.058321427553892136,0.6666666666666666
1133021174,041983327,0.034136369824409485,1
1133021174,1096831724,0.018151650205254555,0
1133021174,041373863,0.01523583848029375,0.3333333333333333
1135116989,040410714,0.099830731749534607,0
1135116989,040534014,0.0785413458943367,0
1135116989,040380017,0.07102393358945847,0
1135116989,041472543,0.057791147381067276,0
1135116989,944242758,0.05393892154097557,0
1135134464,040018954,0.044524215161800385,0
1135134464,04076110X,0.02948727458715439,0
1135134464,041644425,0.012227064929902554,0.6666666666666666
1135134464,041524403,0.008740231394767761,0.3333333333333333
113518450X,040786099,0.07698895037174225,0
113518450X,041156064,0.07320977747440338,0
1135687927,04328552X,0.04168042168021202,0
1135687927,118631713,0.0278631579130888,0
1135687927,040474798,0.01895722560584545,0
1135687927,041663357,0.018151650205254555,0
1135687927,041774043,0.015659084543585777,0.6666666666666666
1135919259,041402200,0.35601910948753357,0
1135919259,04229620X,0.11128698289394379,0
1135919259,041398785,0.08487968891859055,0
1135919259,041212665,0.02836751751601696,0
113592273X,041893999,0.21942561864852905,0.6666666666666666
113592273X,983397872,0.09768237918615341,0
113592273X,041233247,0.0481775663793087,0
113592273X,040368742,0.04407895728945732,0
113592273X,1049750993,0.018151650205254555,0
113596372X,040703703,0.28713056445121765,0
113596372X,040509265,0.2831132709980011,0.6666666666666666
113596372X,040682277,0.07839310169219971,0.3333333333333333
1136024298,040297136,0.23914800584316254,0
1136024298,040751023,0.03289835900068283,0
1136024298,004816595,0.02278921566903591,0
1136024298,941541908,0.018151650205254555,0
1136024298,003015386,0.017505530267953873,0
1136135057,957725957,0.05054960027337074,0.6666666666666666
1136135057,00035886X,0.040365640074014664,0
1136135057,041000080,0.018438586965203285,0
1136135057,944068650,0.01472039520740509,0
1136285687,041670566,0.16821494698524475,0.6666666666666666
1136285687,040614743,0.12709695100784302,0
1136285687,040717577,0.07561441510915756,0
1136322604,040566935,0.43131279945373535,0.3333333333333333
1136322604,042349877,0.22734883427619934,0.3333333333333333
1136322604,942852044,0.14466974139213562,0
1136322604,04077791X,0.1362711489200592,0.3333333333333333
1136322604,040775879,0.1341843158006668,0.3333333333333333
1136421777,041270185,0.06461077928543091,0.3333333333333333
1136421777,04243713X,0.03890084847807884,0
1136421777,042122910,0.029444394633173943,0
1136471588,041696166,0.28443118929862976,0
1136471588,042066050,0.03818746656179428,0.3333333333333333
1136471588,04160847X,0.03273501619696617,0.6666666666666666
1136471588,042677696,0.0281240064650774,0.3333333333333333
1136660569,04045956X,0.19441722333431244,0.6666666666666666
1136660569,040459772,0.034428685903549194,0
1136660569,123777070,0.018151650205254555,0
1136660569,040459748,0.017375875264406204,0
1136660569,043084192,9.715163614600897e-4,0.6666666666666666
1136724575,041532066,0.09571467339992523,0
1136724575,041261798,0.0189304668456316,0
1136724575,041408306,0.018262358382344246,0
1136724575,972451404,0.016902001574635506,0
1136724575,1112143165,0.015226283110678196,0
1136945946,043163815,0.5490705370903015,0
1136945946,041906179,0.5268821120262146,0
1136945946,040492753,0.3231905996799469,0
1136945946,04061672X,0.2898932993412018,0
1136945946,040205312,0.132961705327034,0
1137003294,043251935,0.2989301085472107,0
1137003294,040187764,0.23532725870609283,0.6666666666666666
1137003294,041923677,0.10390426963567734,0
1137054387,041404610,0.16683436930179596,0
1137054387,041744594,0.0929863303899765,0.6666666666666666
1137054387,043178618,0.08159524202346802,0
1137054387,04248815X,0.03387298062443733,1
1137211555,040332039,0.23975975811481476,0.6666666666666666
1137211555,991483006,0.1733214557170868,0.6666666666666666
1137211555,041326938,0.09141667187213898,0.6666666666666666
1137466804,001204254,0.018262358382344246,0
1137466804,004661982,0.017951803281903267,0
1137466804,961102519,0.01469803974032402,0
1137466804,1181003342,0.010359417647123337,0
1137466804,946026416,0.00669851154088974,0
113782896X,040753689,0.7128313183784485,1
113782896X,041762630,0.11929792165756226,1
113782896X,041925483,0.07258272916078568,0.6666666666666666
113782896X,042768705,0.05933115631341934,0.6666666666666666
113782896X,971609888,0.04802539199590683,0
1137919450,042058112,0.2272941768169403,0.6666666666666666
1137919450,042261740,0.1755473017692566,0.6666666666666666
1137919450,043147542,0.07280540466308594,0.3333333333333333
1137919450,042179610,0.0619165301322937,0.3333333333333333
1137919450,007540035,0.007936496287584305,0.3333333333333333
1138135038,040418715,0.10044127702713013,0.3333333333333333
1138135038,040416496,0.044926732778549194,0.6666666666666666
1138135038,040709140,0.03695816546678543,0
1138135038,041806948,0.025934912264347076,0.3333333333333333
1138233994,040534464,0.13985653221607208,0.6666666666666666
113827965X,040050440,0.25448617339134216,0
113827965X,042058805,0.21314872801303864,0.6666666666666666
1138280321,040332292,0.6114798188209534,0.3333333333333333
1138280321,040360202,0.15853431820869446,0
1138280321,040596575,0.11102274805307388,0
1138280321,041678745,0.05866127833724022,0
1138280720,950565334,0.1252392679452896,0
1138280720,041979672,0.06277648359537125,0
1138280720,041393392,0.053301408886909485,0.3333333333333333
1138280720,1000159914,0.052978161722421646,0
1138280720,043064329,0.014140881597995758,0.3333333333333333
1138285811,041583132,0.7482694387435913,0.3333333333333333
1138285811,040221695,0.4431006610393524,0
1138285811,040222195,0.12224715948104858,0
1138285811,041357167,0.0679764673113823,0
1138286052,04122759X,0.3733803629875183,0
1138286052,041124588,0.10449013113975525,0
1138286052,948526971,0.08253514766693115,0
1138286052,985451106,0.06375468522310257,0
1138359777,041760263,0.15750081837177277,0
1138359777,042609984,0.04222537577152252,0.3333333333333333
1138359777,040309827,0.01716735027730465,0
1138359777,040427943,0.0164713803678751,0
1138757675,040028275,0.27177149057388306,0
1138757675,040789519,0.0427236407995224,0
1138757675,041429443,0.02086721733212471,0
1138757675,04164039X,0.019363492727279663,0
1138757675,1114424455,0.018151650205254555,0
1139252232,945420641,0.018151650205254555,0
1139252232,041823354,0.011056971736252308,0.3333333333333333
1139252232,041362160,0.0024526254273951054,0
113948236X,00438508X,0.3413538634777069,0
113948236X,040771784,0.013190029188990593,0
113948236X,040506649,0.011539391241967678,0
1139604139,041696794,0.403491735458374,0.6666666666666666
1139604139,042910862,0.09984539449214935,0.6666666666666666
1139604139,041381327,0.06609760969877243,0
1139604139,041284518,0.048134759068489075,0.6666666666666666
1139604139,968603785,0.010167239233851433,1
1139961586,041291085,0.5998496413230896,0.6666666666666666
1139961586,041420659,0.06460460275411606,0
1139961586,040382176,0.03168428689241409,0
1139961586,041568524,0.027311310172080994,0
1139961586,968099696,0.018151650205254555,0
1140165453,040372782,0.30865445733070374,0
1140165453,041139720,0.1559184491634369,0
1140165453,041804562,0.0690493956208229,0
1140165453,949401323,0.06477983295917511,0
1140165453,956298788,0.05857119709253311,0
1140165453,986238228,0.05632147565484047,0.6666666666666666
1140176951,04174084X,0.5391160249710083,1
1140176951,1012828697,0.11433523893356323,0
1140176951,986395048,0.09068166464567184,0
1140176951,946225249,0.06713082641363144,0
1140176951,954766393,0.06546618789434433,0
1140486705,040432076,0.09405382722616196,0.3333333333333333
1140486705,043005640,0.07841257750988007,0.6666666666666666
1140486705,041390679,0.05326644703745842,0
1140641751,040028909,0.4894596338272095,0
1140641751,985936371,0.24017995595932007,0
1140641751,00467345X,0.053875647485256195,0
1140641751,004373448,0.018151650205254555,0
1140641751,956731643,0.010684212669730186,0
1140760920,041420594,0.1565377414226532,0.6666666666666666
1140760920,040014134,0.12420463562011719,0.3333333333333333
1140760920,040558983,0.09181328117847443,0.3333333333333333
1140760920,041709950,0.05257044732570648,0.6666666666666666
1141177110,04021365X,0.3121286630630493,0
1141177110,04033676X,0.2174430638551712,0.3333333333333333
1141177110,041645405,0.12398922443389893,0.3333333333333333
1141177110,042677696,0.1101258173584938,0.6666666666666666
1141225263,040494225,0.35352498292922974,0.6666666666666666
1141225263,040494128,0.18487600982189178,0.6666666666666666
1141225263,040053776,0.15750081837177277,0
1141230429,041133617,0.27405044436454773,0.6666666666666666
1141230429,041264843,0.12936873733997345,0
1141230429,040204332,0.08157306164503098,0.3333333333333333
1141230429,041297032,0.04400484636425972,0.6666666666666666
1141230429,04205897X,0.033437397330999374,0
1141295652,040275035,0.7100929617881775,0
1141295652,971874549,0.5490102171897888,0.3333333333333333
1141295652,952781360,0.13674688339233398,0.3333333333333333
1141295652,041987888,0.04797668009996414,0
1141626462,042479282,0.4888225793838501,0
1141626462,004685016,0.028271080926060677,0
1141626462,041529243,0.020641909912228584,0.3333333333333333
1141630826,040262790,0.23058457672595978,0
1141630826,041608356,0.20028088986873627,0
1141630826,954874765,0.16400891542434692,0
1141630826,960526005,0.14004772901535034,0
1141630826,1019257644,0.13810200989246368,0
1141630826,04160847X,0.021786967292428017,0
114179313X,040139603,0.2813454866409302,0.6666666666666666
114179313X,041237617,0.12233615666627884,0.6666666666666666
114179313X,041514343,0.11748024076223373,0.6666666666666666
114179313X,041317254,0.11701365560293198,0
1141906198,955363594,0.028271080926060677,0
1141906198,996173056,0.0121468435972929,0
1141906198,1223633438,0.010017339140176773,0
1141906198,952274620,0.005131527315825224,0
1141906198,95235196X,0.0038354191929101944,0
1142450295,043249809,0.11374236643314362,0.3333333333333333
1142450295,042453984,0.0999893769621849,0
1142450295,042198917,0.07607998698949814,0
1142450295,041127110,0.04055309295654297,0.3333333333333333
1142450295,960591540,0.010984414257109165,0.3333333333333333
1142527107,041434315,0.07749903947114944,0
1142527107,040788814,0.06201667711138725,0
1142528189,041436830,0.27542567253112793,0.3333333333333333
1142528189,041323009,0.139975905418396,0
1142528189,042602777,0.13039450347423553,0
1142659496,041165497,0.5676228404045105,0
1142659496,981966233,0.19210679829120636,0
1142730921,04113446X,0.3505880534648895,0
1142730921,042021715,0.3440282642841339,0
1142730921,040149048,0.18056100606918335,0
1142730921,040389715,0.14061632752418518,0
1142920429,043114784,0.09294553846120834,0
1142920429,040484556,0.08032026141881943,0.3333333333333333
1142920429,040699269,0.07434111833572388,0.3333333333333333
1142920429,041369254,0.06519395858049393,0.6666666666666666
1143065301,04115438X,0.1053154245018959,0
1143065301,041398467,0.08743888139724731,0
1143065301,040432076,0.05510573089122772,0
1143065301,040432084,0.050557345151901245,0
114306562X,04112846X,0.3867860734462738,0
1143067347,040557642,0.6174235939979553,0.3333333333333333
1143067347,040557626,0.21072551608085632,0.3333333333333333
1143067347,040694674,0.08855758607387543,0.3333333333333333
1143067347,1103153382,0.058427393436431885,0
1143067347,04055757X,0.04775143787264824,0
1143231066,041900219,0.15456527471542358,0.3333333333333333
1143231066,040031802,0.015240625478327274,0
1143231066,1010320432,0.01286364533007145,0
1143231066,941980588,0.00978516973555088,0
1143440366,040271455,0.29328233003616333,0
1143440366,041172930,0.0923723354935646,0.3333333333333333
1143440366,041172957,0.041326191276311874,0
1143440366,04134698X,0.03355754166841507,0
1143539850,040550729,0.42938685417175293,0.6666666666666666
1143539850,040063402,0.25838035345077515,0.6666666666666666
1143539850,040023605,0.08717704564332962,0.6666666666666666
1143696034,041673069,0.2731291949748993,0.3333333333333333
1143696034,041406087,0.23645015060901642,0
1143696034,04073756X,0.09026460349559784,0
1143696034,041306570,0.08071982860565186,0.6666666666666666
1143696034,041869796,0.07919340580701828,0
1143766849,957699328,0.12903304398059845,0.6666666666666666
1143766849,040746755,0.05966794118285179,0.6666666666666666
1143766849,041933664,0.027802444994449615,0.6666666666666666
1144015758,041490630,0.0888727530837059,0.6666666666666666
1144015758,041277058,0.06609988957643509,0.3333333333333333
1144015758,041384989,0.021938782185316086,0.3333333333333333
1144015758,042053579,0.010873046703636646,0
1144133025,040394174,0.21065638959407806,0
1144133025,041700058,0.13822199404239655,0.6666666666666666
1144133025,041253523,0.10653191059827805,0
1144379393,040453243,0.11883192509412766,0.6666666666666666
1144379393,041956400,0.0376332625746727,0
1144379393,041911237,0.023198511451482773,0
1144379393,042725739,0.02261511981487274,0
114439645X,040149889,0.13516296446323395,0.3333333333333333
114439645X,94956186X,0.06096372753381729,0
114439645X,042040698,0.05489885434508324,0
114439645X,103347116X,0.016740895807743073,0
1144401380,041285409,0.12409591674804688,0.6666666666666666
1144401380,128434317,0.06978107243776321,0
1144401380,041154495,0.02230076678097248,0
1144401380,954353331,0.012908656150102615,0
1144401380,134064607,0.012334950268268585,0
1144615712,040550729,0.11757179349660873,0.3333333333333333
1144615712,040663752,0.06609988957643509,0
1144615712,96473222X,0.05999118834733963,0.6666666666666666
1144615712,041172655,0.04932297766208649,1
1144619165,040565610,0.06776305288076401,0.6666666666666666
1144619165,04126679X,0.046882759779691696,0
1144619165,041645405,0.04617713764309883,0
1144619165,943171253,0.023027243092656136,0
1144620015,043084168,0.4207174479961395,0.6666666666666666
1144620015,040621634,0.05171046406030655,0.3333333333333333
1144620015,963924419,0.030543629080057144,0
1144620015,958514097,0.02708369679749012,0
1144805422,04033676X,0.34448546171188354,0.3333333333333333
1144805422,040336816,0.25938063859939575,1
1144805422,041143353,0.12276433408260345,0.3333333333333333
1144805422,041660765,0.08533067256212234,0.3333333333333333
1144805422,041660617,0.07351883500814438,0
1147295425,040392384,0.09001818299293518,0
1147295425,943295440,0.07168665528297424,0
1147295425,04043687X,0.027292579412460327,0.3333333333333333
1147344930,041489527,0.41136839985847473,0.3333333333333333
1147344930,1042006857,0.33986783027648926,1
1147344930,040647846,0.1296943724155426,0.6666666666666666
1147344930,043240968,0.08054911345243454,0.3333333333333333
1147907749,040470555,0.14670734107494354,0.6666666666666666
1147907749,040018695,0.12628132104873657,0
1147907749,041219325,0.03198372945189476,0
1147907749,041742842,0.029978733509778976,0
114790796X,041933648,0.47532758116722107,0.6666666666666666
114790796X,041231848,0.36761370301246643,0.3333333333333333
114790796X,040607429,0.28571817278862,1
114790796X,954609093,0.07009367644786835,0.3333333333333333
1147924643,040565505,0.3014242649078369,0
1147924643,040114740,0.250747948884964,0.6666666666666666
1147924643,041360699,0.04254776984453201,0.6666666666666666
1147924643,041673034,0.03023906797170639,0.3333333333333333
1147924686,041156455,0.34876593947410583,0
1147924686,04069352X,0.1318472921848297,0
1147924686,040474445,0.09750702977180481,0
1147924686,041378644,0.04531186446547508,0.3333333333333333
1148375392,040024059,0.5958799123764038,0.6666666666666666
1148375392,041512766,0.20277808606624603,0.6666666666666666
1148375392,041427718,0.136842742562294,0
1148375392,1029392293,0.07514279335737228,0
114838782X,041248546,0.21512220799922943,0.6666666666666666
114838782X,040665283,0.1066395491361618,0
114838782X,040171825,0.10388399660587311,0
1148475834,04010141X,0.33322200179100037,0
1148475834,040307026,0.32997292280197144,0.3333333333333333
1148475834,041210948,0.28665465116500854,0
1148475834,040494012,0.2465415596961975,0
1148658203,041954610,0.3473176658153534,0.3333333333333333
1148658203,040476863,0.16437087953090668,0.3333333333333333
1148658203,040027678,0.13246317207813263,0.6666666666666666
1148749128,041396294,0.14967405796051025,0
1148749128,041324358,0.1388418823480606,0
1148749128,041518748,0.11572232842445374,0.6666666666666666
1148749128,040291669,0.0613335482776165,0
1148749128,041658663,0.015494603663682938,0
1148870970,041659686,0.23492102324962616,0
1148870970,040334228,0.2069845348596573,0.3333333333333333
1148870970,940011581,0.05637170001864433,0
114887884X,040568342,0.12225037068128586,0.3333333333333333
114887884X,040568377,0.08203292638063431,0.3333333333333333
114887884X,978424506,0.04476321116089821,0.3333333333333333
114887884X,941498999,0.03617117553949356,0
114951390X,042609984,0.18684136867523193,0.6666666666666666
114951390X,941031918,0.13835380971431732,0
114951390X,040147223,0.12696479260921478,0
1149628081,1072179776,0.22620631754398346,0
1149628081,040762319,0.06728386878967285,0
1149628081,042816203,0.04851698875427246,0
1149628081,041967208,0.04158098250627518,0
1150059281,1019842695,0.22213159501552582,0.3333333333333333
1150059281,042002346,0.12934912741184235,0.3333333333333333
1150059281,040658376,0.12436109036207199,0
1150059281,040123030,0.10138100385665894,0
1150123761,041239849,0.33106696605682373,0
1150123761,042081068,0.13812807202339172,0
1150123761,041143795,0.08135481923818588,0.6666666666666666
1150123761,042873029,0.07137054949998856,0
1150123761,943104254,0.04987728223204613,0
1150123761,04307166X,0.031187666580080986,0.3333333333333333
1150160845,97269093X,0.77760249376297,0.6666666666666666
1150160845,040213293,0.0913839042186737,0.6666666666666666
1150160845,041272862,0.08522295206785202,0.6666666666666666
1150160845,04148259X,0.08340540528297424,0.3333333333333333
1150160845,040562433,0.04486003518104553,1
1150238119,040048454,0.5600432753562927,0.6666666666666666
1150238119,040111520,0.13641460239887238,0.6666666666666666
1150238119,040365468,0.11948463320732117,0.6666666666666666
1150238119,964642417,0.018262358382344246,0
1150238119,004043448,0.01764964684844017,0
1150510951,041851056,0.7573754787445068,0.3333333333333333
1150510951,040694682,0.15500175952911377,0.3333333333333333
1150510951,040544907,0.08817290514707565,0.3333333333333333
1150510951,040176045,0.0572444424033165,0.6666666666666666
1151103810,040664910,0.20264339447021484,0
1151103810,040664384,0.16113655269145966,0
1151103810,040462420,0.06135290488600731,0
1151103810,040665208,0.05775204300880432,0
1151496499,040332039,0.49666061997413635,0.6666666666666666
1151496499,041273745,0.3724260628223419,0
1151496499,985679492,0.16455602645874023,0
1151496499,041323262,0.16419121623039246,0.3333333333333333
1151792918,04062644X,0.08335871994495392,1
1151792918,041143302,0.04555448144674301,0.3333333333333333
1152058762,042252997,0.5660520792007446,0
1152058762,040118908,0.5392545461654663,0.3333333333333333
1152058762,040757706,0.3199234902858734,0
1152058762,040703509,0.2529732286930084,0
1152058762,042798760,0.1242028996348381,0
1152077627,04073708X,0.20559382438659668,0
1152077627,041719875,0.18211179971694946,0
1152077627,118563076,0.169200599193573,1
1152077627,041203364,0.03346309810876846,0
1152078283,943048567,0.18597429990768433,0
1152078283,04046699X,0.1251455545425415,0.6666666666666666
1152078283,043071228,0.11715059727430344,0.6666666666666666
1152078283,040700852,0.05069343373179436,0
1152138405,042457130,0.14478076994419098,0.6666666666666666
1152138405,041250508,0.08863895386457443,0.6666666666666666
1152138405,040539725,0.06413725018501282,0
1152138405,041845870,0.03095066174864769,0.6666666666666666
1152139436,041970349,0.13310949504375458,0
1152139436,041552725,0.05915994942188263,0.6666666666666666
1152139436,042090156,0.04349683225154877,0
1152210823,1038543959,0.018151650205254555,0
1152210823,041659902,0.007095581851899624,0
1152210823,957528914,0.004301517736166716,0
1152210823,004752457,0.004160307347774506,0
1152211005,967680689,0.01829557679593563,0
1152265377,040681858,0.13774967193603516,0
1152265377,951494708,0.09863197058439255,0
1152265377,041218833,0.07216878235340118,0
1152265377,040633632,0.06887714564800262,0
1152322559,040164829,0.06634172797203064,0
1152322559,118544489,0.008641526103019714,0.6666666666666666
1152322559,300009798,0.008299734443426132,0
1152322559,948397284,0.0026251126546412706,0
1152437615,041543580,0.04048500210046768,0
1152437615,041508335,0.03225265443325043,0
1152437615,041363396,0.027234764769673347,0
1153062739,1080677399,0.07896362990140915,0
1153062739,1080665633,0.06431002914905548,0
1153062739,1099941660,0.011075053364038467,0
1153062739,042362628,0.0027528598438948393,0
1153325071,952694840,0.3893705904483795,0
1153325071,940072386,0.2061912715435028,0.6666666666666666
1153325071,944524648,0.13755150139331818,0
1153325071,043084133,0.13284063339233398,0.6666666666666666
1153326590,954232488,0.15750081837177277,0.3333333333333333
1153408112,04059758X,0.43547776341438293,1
1153408112,041355903,0.30097559094429016,0
1153408112,04074972X,0.26980143785476685,0
1153408112,041215842,0.19056588411331177,0
1153474700,041209974,0.3049893081188202,0.3333333333333333
1153474700,041281306,0.04975603148341179,0.6666666666666666
1153474700,94173577X,0.027652431279420853,0
1153474700,041703707,0.02099660597741604,0
1153476959,040389715,0.21191838383674622,0.3333333333333333
1153476959,042025850,0.12324760854244232,0.3333333333333333
1153476959,042059747,0.0759149119257927,0.3333333333333333
1153476959,966502116,0.03853265568614006,0
1153480468,040009882,0.2152305692434311,0.6666666666666666
1153480468,040142388,0.19958731532096863,1
1153480468,960175504,0.1610228717327118,1
1153480468,040142345,0.07050477713346481,0.3333333333333333
1153480867,040108430,0.21760277450084686,0
1153480867,041487249,0.19196948409080505,0
1153480867,042445329,0.09327345341444016,0
1153480867,041302753,0.04050014168024063,0
1153484358,100970625X,0.18211179971694946,0.6666666666666666
1153484358,041703049,0.07316292822360992,0.3333333333333333
1153484358,041842316,0.06991724669933319,0.6666666666666666
1153485109,042242142,0.4443798363208771,0.3333333333333333
1153485109,041136810,0.05734460428357124,0.3333333333333333
1153485109,042444926,0.047598160803318024,0
1153485109,04136709X,0.025943677872419357,0
1153489929,041269454,0.3711853623390198,0.3333333333333333
1153489929,041142616,0.10907138884067535,0.6666666666666666
1153489929,041243064,0.06429718434810638,0
1153489929,04213997X,0.03809943422675133,0.6666666666666666
1153503484,041216636,0.5548123121261597,0.6666666666666666
1153503484,041145755,0.5329496264457703,0.3333333333333333
1153503484,041212592,0.3952723443508148,0.6666666666666666
1153503484,041760727,0.13137179613113403,1
1153503484,040388247,0.061428219079971313,0.6666666666666666
1153504677,960963405,0.21316203474998474,1
1153504677,04157432X,0.1324455589056015,0
1153504677,040598446,0.12469086796045303,0.3333333333333333
1153504677,042311225,0.043639469891786575,0
1153505444,040740242,0.3298571705818176,0.6666666666666666
1153505444,041668219,0.08291851729154587,0.6666666666666666
1153505444,042439795,0.04958570748567581,0.3333333333333333
1153505444,983865388,0.047659143805503845,0
1153548054,041157192,0.2663073241710663,0
1153548054,04006672X,0.13772428035736084,0.3333333333333333
1153548054,040059243,0.03418661281466484,0
1153548054,041730860,0.032962966710329056,0
1153611678,041550463,0.04829515889286995,0.6666666666666666
1153611678,041532422,0.03630274906754494,0.3333333333333333
1153611678,04040708X,0.03031983971595764,0.3333333333333333
1153611678,041393112,0.020257070660591125,0.3333333333333333
1153768100,040616444,0.3212093114852905,0.3333333333333333
1153768100,040432084,0.2347392439842224,0.3333333333333333
1153768100,040666123,0.20471163094043732,0.3333333333333333
115430700X,04066399X,0.4306563138961792,0.3333333333333333
115430700X,980244854,0.08824069052934647,0.6666666666666666
115430700X,041282698,0.08695057034492493,0
115430700X,040793206,0.08688998222351074,0
115430941X,040475212,0.02038412168622017,0.3333333333333333
115430941X,041359623,0.01319904439151287,1
1154486206,041291085,0.6583747267723083,1
1154486206,040690083,0.07647179812192917,0
1154486206,040307204,0.06257322430610657,0
1154486206,041308115,0.045193303376436234,0
1154486206,041639308,0.041326191276311874,0.3333333333333333
1154486206,040382176,0.03429814800620079,0
1154555313,040465594,0.058056604117155075,0
1154555313,041265556,0.05614149197936058,0
1154555313,040723496,0.0437382310628891,0
1154555313,041367553,0.018151650205254555,0
1154665070,041145577,0.11377520859241486,0.3333333333333333
1154665070,956305164,0.10124257206916809,0
1154665070,040397149,0.0954265296459198,0
1154680509,041155904,0.7916972041130066,0
1154680509,041374002,0.26960620284080505,0
1154680509,040762262,0.24909597635269165,0
1154680509,040762297,0.17045475542545319,0
1154680509,040465268,0.12605662643909454,0
1154680509,040465632,0.11455991119146347,0
1154840557,007591705,0.052954912185668945,0.6666666666666666
1154840557,944562426,0.017753828316926956,0.6666666666666666
115493120X,041660579,0.1737385243177414,0
115493120X,040429083,0.06955680251121521,1
115493120X,041660765,0.06292560696601868,0.6666666666666666
115493120X,040059960,0.05758725851774216,0.6666666666666666
1154941035,1070104361,0.03336057439446449,0
1154941035,041618165,0.030579237267374992,0
1154941035,040114252,0.012796318158507347,0.3333333333333333
1154941035,041242017,0.00588886858895421,0
1154964612,961739223,0.7390777468681335,0.3333333333333333
1154964612,04004436X,0.487612247467041,0.6666666666666666
1154964612,981966233,0.2762466073036194,0.6666666666666666
1154964612,040557626,0.21638259291648865,0.3333333333333333
1154964612,04032950X,0.1104905977845192,0.3333333333333333
1154986241,040525805,0.25387975573539734,0.6666666666666666
1154986241,041796616,0.06068483740091324,0.3333333333333333
1154986241,040027678,0.05361512675881386,0.3333333333333333
1154986241,042505860,0.04385512322187424,0
1154986241,040028089,0.021388061344623566,0
1155083113,040626709,0.061761945486068726,0.3333333333333333
1155083113,042192129,0.04939925670623779,0
1155083113,041354672,0.04348902776837349,0
1155083113,041448642,0.030331816524267197,0
1155083113,04074745X,0.029445601627230644,0.3333333333333333
1155085531,041601270,0.23367361724376678,0
1155085531,040049450,0.1594700962305069,0
1155085531,040626709,0.08322478830814362,0.3333333333333333
1155085531,962925446,0.06519479304552078,0.3333333333333333
1155085949,04228998X,0.3453305959701538,0
1155085949,041304624,0.0984216257929802,0.6666666666666666
1155085949,040336964,0.02439659647643566,0.3333333333333333
1155085949,949917818,0.01467585563659668,0
1155085949,041752473,0.013818159699440002,0.3333333333333333
1155086317,941420167,0.10598523914813995,0.6666666666666666
1155086317,042045304,0.08543632179498672,0.6666666666666666
1155086317,043274706,0.07532620429992676,0.3333333333333333
1155086627,041304624,0.1870735138654709,1
1155086627,1187666564,0.05956888198852539,0.6666666666666666
1155086627,040310035,0.04519164562225342,1
1155303024,040606759,0.12856708467006683,0
1155303024,040124789,0.09288231283426285,0
1155303024,040711846,0.060623034834861755,0
1155303024,040179826,0.027694862335920334,0
1155338138,041134508,0.4211380183696747,0.3333333333333333
1155338138,04032690X,0.37958016991615295,0.6666666666666666
1155338138,041524446,0.2688269019126892,0
1155338138,040592529,0.10105405002832413,0.3333333333333333
1155359232,041733746,0.1522156298160553,0.6666666666666666
1155359232,041215699,0.10244473069906235,0
1155359232,040642860,0.08783607929944992,0.3333333333333333
1155359232,040149048,0.07655394077301025,0
1155359232,040643026,0.06835170090198517,0.6666666666666666
1155360303,118617443,0.32355374097824097,0
1155360303,04247048X,0.042551569640636444,0
1155360303,128805617,0.041326191276311874,0
1155360303,043151159,0.008680966682732105,0
1155521161,040201368,0.13764911890029907,0.6666666666666666
1155521161,041924800,0.12208206206560135,0.6666666666666666
1155521161,042502497,0.06703251600265503,0.6666666666666666
1155521161,040473902,0.06164297088980675,0
1155533046,042231280,0.13155995309352875,0.6666666666666666
1155533046,041605799,0.10733228176832199,0
1155533046,041748719,0.03851110488176346,0.6666666666666666
1155637267,1005978824,0.6183247566223145,0.3333333333333333
1155637267,1019842695,0.41566869616508484,0
1155637267,041969103,0.28140920400619507,0
1155637267,040063119,0.1004701480269432,0
1155638247,955572037,0.09100690484046936,0
1155638247,040592057,0.07395109534263611,0
1155638247,944805965,0.025119423866271973,0
1155691067,04022354X,0.1293170303106308,0.6666666666666666
1155691067,040054616,0.05804182216525078,0.3333333333333333
1155760611,959116044,0.25842589139938354,0
1155760611,041806859,0.09374016523361206,0
1155760611,041676394,0.0803535208106041,0.3333333333333333
1155760611,041546725,0.06460130214691162,0
1155786424,041205030,0.18011142313480377,0.6666666666666666
1155786424,950490083,0.15276940166950226,0.6666666666666666
1155786424,965106497,0.06238198280334473,0
1155788125,954933664,0.26960620284080505,0
1155788125,040567303,0.2531677484512329,0.6666666666666666
1155788125,040567958,0.19382308423519135,0
1155788125,040567540,0.1733214557170868,0.6666666666666666
1155788125,040490408,0.12346376478672028,0.6666666666666666
1155969162,040751287,0.24810636043548584,0.6666666666666666
1155969162,041753615,0.17188039422035217,0.3333333333333333
1155969162,040619168,0.17081229388713837,0
1155969162,041258584,0.16234418749809265,0
1155969162,040638499,0.12301408499479294,0
1156173027,041141598,0.3201156258583069,0.3333333333333333
1156173027,041634888,0.08708048611879349,0.6666666666666666
1156173027,040300536,0.07976367324590683,0.3333333333333333
1156173027,975311816,0.07205366343259811,0.6666666666666666
1156186226,042239656,0.12607213854789734,0
1156186226,042030692,0.038610655814409256,0
1156186226,04077970X,0.03523096814751625,0.3333333333333333
1156186226,041863062,0.017427103593945503,1
1156444004,981432670,0.4396534860134125,0.6666666666666666
1156444004,041800990,0.12332987785339355,0.3333333333333333
1156444004,040707040,0.06194689869880676,0.3333333333333333
1156444004,041267168,0.04667564481496811,0.3333333333333333
1156445868,040272184,0.2976682782173157,0.6666666666666666
1156445868,041708342,0.10015352070331573,0.6666666666666666
1156445868,942290518,0.04048500210046768,0.6666666666666666
1156445868,004988825,0.039705801755189896,0
115646255X,040550729,0.25427162647247314,0.6666666666666666
115646255X,04148259X,0.10977064818143845,0.6666666666666666
115646255X,040787877,0.04923776164650917,0.6666666666666666
115646255X,041317696,0.04394089803099632,0
1156602793,041332474,0.5197708010673523,0
1156602793,118523813,0.34638455510139465,0.3333333333333333
1156602793,970695438,0.10717205703258514,0
1156602793,1070828033,0.018151650205254555,0
1156602793,100725727X,0.007822236977517605,0.3333333333333333
1156780357,042211212,0.17437882721424103,1
1156780357,041956826,0.008598316460847855,0
1156780357,98078686X,0.0030765675473958254,0.3333333333333333
1156780357,043266827,0.0030765675473958254,0
1156901138,975460773,0.09474800527095795,0.3333333333333333
1156901138,041727614,0.059527866542339325,0
1156901138,043053025,0.043371763080358505,0
1156901138,042011868,0.037633996456861496,0.6666666666666666
1158597606,040288633,0.20305053889751434,0.6666666666666666
1158597606,040776069,0.14023497700691223,0.6666666666666666
1158597606,043186726,0.10157839208841324,0.6666666666666666
1158597606,040564207,0.05298401787877083,0.6666666666666666
1159622140,043040047,0.054474446922540665,0.3333333333333333
1159622140,04179589X,0.015554239973425865,0
1159622140,041806425,0.011452470906078815,0.3333333333333333
1159622140,040414779,0.007962974719703197,0
1159632871,040603563,0.041637107729911804,0
1159632871,945023995,0.035874344408512115,0
1159632871,040455750,0.024906069040298462,0.3333333333333333
1159642109,040101118,0.26960620284080505,0.6666666666666666
1159642109,118523708,0.07829214632511139,0.6666666666666666
1159642109,04318183X,0.03306671604514122,0
115990040X,041358384,0.2309734970331192,0.3333333333333333
115990040X,040114503,0.12121575325727463,0.3333333333333333
115990040X,041490819,0.0393550768494606,0.3333333333333333
115990040X,040728609,0.03897687420248985,0.3333333333333333
1160157855,041686748,0.39673343300819397,0
1160157855,041143302,0.3362574577331543,0.3333333333333333
1160157855,040266176,0.2917996048927307,0
1160157855,041143310,0.25132837891578674,1
1160157855,041277090,0.19590552151203156,0
1160182043,041340140,0.11572232842445374,0
1160182043,040136604,0.062318116426467896,0
1160182043,042105293,0.05636497959494591,0
1160182043,040136574,0.055345457047224045,0
1160182043,947167153,0.02708369679749012,0
1160303835,957590369,0.3155384063720703,0.3333333333333333
1160303835,041565169,0.29051482677459717,0.3333333333333333
1160303835,04073773X,0.18497978150844574,0.3333333333333333
1160303835,041536673,0.0938185378909111,0.3333333333333333
1160303835,040773140,0.05562169849872589,0.3333333333333333
1160309159,041369777,0.0662778988480568,0
1160309159,041750292,0.03824308514595032,0.3333333333333333
1160309159,041750519,0.033843159675598145,0.6666666666666666
1160309159,042773113,0.021285995841026306,0
1160312516,040291669,0.21216356754302979,0.3333333333333333
1160312516,04026288X,0.1649577021598816,0.6666666666666666
1160312516,040178978,0.1391167789697647,0.3333333333333333
1160312516,041276213,0.04122695326805115,1
1160313199,040710130,0.5643704533576965,1
1160313199,04162677X,0.08719158172607422,0
1160313199,050097539,0.018262358382344246,0
1160313199,985704578,0.004044476430863142,0
1160313199,00472920X,0.003236395539715886,0
1160340196,945860234,0.15398752689361572,0
1160340196,040292908,0.10232478380203247,0
1160340196,041812093,0.052748486399650574,0
1160340196,1152329898,0.041326191276311874,0
1160340196,040101789,0.04011518508195877,0
1160344256,040473600,0.41014593839645386,0.6666666666666666
1160344256,040763625,0.2121686339378357,0.6666666666666666
1160344256,041135474,0.06297782808542252,0.6666666666666666
1160345309,042368650,0.3684273660182953,0.6666666666666666
1160345309,959293981,0.12196774780750275,0
1160345309,041944623,0.11449878662824631,0
1160345309,97263665X,0.039812829345464706,0
1160347549,042066026,0.19048981368541718,0.3333333333333333
1160347549,04062661X,0.11643478274345398,0.6666666666666666
1160347549,040122115,0.053692057728767395,0.3333333333333333
1160347549,041277988,0.038890350610017776,1
1160405476,040302717,0.14282581210136414,1
1160405476,041968646,0.0785413458943367,0
1160405476,04175378X,0.045878149569034576,0.6666666666666666
1160428581,040142388,0.36708998680114746,0
1160428581,041535804,0.21225985884666443,0.6666666666666666
1160428581,041517954,0.18866203725337982,0
1160428581,040208079,0.07498282194137573,0.3333333333333333
1160428581,040142868,0.06038151681423187,0
1160684456,041502280,0.07349085807800293,0
1160684456,040027678,0.06922589242458344,0
1160684456,040063119,0.0658399760723114,0.3333333333333333
1160810044,041231414,0.4855426549911499,0.6666666666666666
1160810044,040564428,0.15134938061237335,0.6666666666666666
1160810044,041824849,0.09988978505134583,0.3333333333333333
1160810044,041527267,0.09788914769887924,0.6666666666666666
1160810044,952225611,0.08901689946651459,0.6666666666666666
1160819106,040001075,0.1009734645485878,0.3333333333333333
1160819106,041877136,0.09817661345005035,0.3333333333333333
1160819106,041317165,0.0341048464179039,0.6666666666666666
1160819106,041547063,0.029560407623648643,0.3333333333333333
1160819106,040765733,0.017028603702783585,0.3333333333333333
1161047190,040437744,0.09526389092206955,0
1161047190,040273873,0.08951206505298615,0
1161047190,042247225,0.02312830649316311,0.6666666666666666
116113929X,041239806,0.35796988010406494,0.3333333333333333
116113929X,997766662,0.169211745262146,0.3333333333333333
116113929X,04046590X,0.09849010407924652,0.3333333333333333
1161334262,04005988X,0.2663073241710663,0.6666666666666666
1161334262,041127285,0.19489064812660217,0.3333333333333333
1161334262,949116173,0.16037993133068085,0.3333333333333333
1161334262,041327845,0.06225787475705147,0
116134005X,041389212,0.23291867971420288,0.3333333333333333
116134005X,040027678,0.17802415788173676,0
116134005X,041831306,0.1621951460838318,0.3333333333333333
1161410635,971874549,0.22269317507743835,0.3333333333333333
1161410635,040052273,0.08086390793323517,0.3333333333333333
116141536X,040195570,0.2177874892950058,0
116141536X,1031114947,0.06674259901046753,0.6666666666666666
116141536X,041915062,0.05546925216913223,0.3333333333333333
116141536X,04061588X,0.05298381671309471,0
116141536X,041996798,0.04267493262887001,0.6666666666666666
1161530339,041566386,0.15423966944217682,0.3333333333333333
1161530339,040675475,0.12420463562011719,0.6666666666666666
1161530339,043221815,0.04048500210046768,0.3333333333333333
1161649263,04143126X,0.48057010769844055,0.6666666666666666
1161649263,956298788,0.38906070590019226,0.6666666666666666
1161649263,041141598,0.3709981143474579,0
1161649263,952319586,0.3588922917842865,0
1161843655,041249410,0.2944979965686798,0
1161843655,043287948,0.17920349538326263,0.3333333333333333
1161843655,041750330,0.1340564638376236,0.6666666666666666
1161976892,041879082,0.051920291036367416,0.3333333333333333
1161976892,954405110,0.04549480974674225,0.6666666666666666
1161976892,954202481,0.03821338713169098,0
1162048484,040275566,0.16709263622760773,0.6666666666666666
1162048484,040565505,0.11056530475616455,0
1162129948,041207300,0.36010780930519104,0.6666666666666666
1162129948,040512932,0.11394084990024567,0.3333333333333333
1162129948,988495953,0.11185292899608612,0
1162263644,040111520,0.5431421399116516,1
1162263644,040027716,0.37583091855049133,0
1162263644,040693864,0.29586952924728394,0.6666666666666666
1162263644,04011144X,0.28560858964920044,0.3333333333333333
1162556811,040592057,0.551155149936676,0.6666666666666666
1162556811,040182029,0.38077253103256226,0.6666666666666666
1162556811,040592766,0.06807184219360352,0.3333333333333333
1162556811,041373049,0.036145683377981186,0.6666666666666666
1162642149,041705882,0.43717101216316223,0
1162642149,041710738,0.23944874107837677,0.6666666666666666
1162642149,040605957,0.13486307859420776,0.3333333333333333
1162642149,04310455X,0.0524468831717968,0.3333333333333333
1162797282,007203551,0.20976029336452484,0.6666666666666666
1162797282,949545651,0.008040357381105423,0
1162955171,040388727,0.24077878892421722,0
1162955171,041222822,0.1348096877336502,0
1162955171,041800184,0.024452941492199898,0
1163010065,974146463,0.27405044436454773,0.6666666666666666
1163010065,942388445,0.21885310113430023,0
1163010065,040135853,0.15278613567352295,0
1163010065,041139976,0.13740330934524536,0
1163236403,040482677,0.155796617269516,0
1163236403,040859312,0.04742441698908806,0
1163236403,118565877,0.027998533099889755,0
1163236403,040497437,0.02641560696065426,0
1163236403,042788714,0.023142904043197632,0
1163274550,042100437,0.0436309315264225,0.6666666666666666
1163274550,041715136,0.01386744249612093,0
1163274550,042540860,0.013644155114889145,0
1163281972,041282337,0.07906924188137054,0
1163281972,040509397,0.07711981981992722,0.6666666666666666
1163281972,041378644,0.03662474453449249,0
1163320811,042529956,0.1300477385520935,0.6666666666666666
1163320811,04263850X,0.12855887413024902,0.6666666666666666
1163320811,041208064,0.12482786178588867,0
1163320811,041979443,0.05692389979958534,0.3333333333333333
1163536393,040331148,0.15771053731441498,0.6666666666666666
1163536393,040665623,0.15283413231372833,0.3333333333333333
1163536393,041699777,0.09327345341444016,0
1163536393,106969780X,0.06090646982192993,0
116362781X,04012178X,0.12470434606075287,0.3333333333333333
116362781X,042783070,0.10995618999004364,0.3333333333333333
1163664634,040014207,0.2982098162174225,0.3333333333333333
1163664634,040781763,0.20586709678173065,0
1163664634,041269764,0.10329762101173401,0.3333333333333333
1163664634,041313364,0.01719243824481964,0.3333333333333333
1163780723,040025810,0.7499614953994751,0
1163780723,041779339,0.12903304398059845,0
1163780723,042264049,0.07467107474803925,0
1163780723,041205022,0.05200017988681793,0
1163780723,940483726,0.0338076613843441,0
1163805564,040098958,0.16170664131641388,0.6666666666666666
1163805564,118534912,0.015421713702380657,0
1163805564,042846862,0.006978762336075306,0.6666666666666666
1163937541,040550729,0.09528665244579315,0
1163937541,04114287X,0.0587642639875412,0
1163937541,042409454,0.04190237447619438,0
1163937541,041165594,0.03607532009482384,0
1164001299,1124105581,0.09984539449214935,0.6666666666666666
1164001299,040485676,0.028915753588080406,0
1164001299,041166450,0.026709983125329018,0
1164001299,04120669X,0.0232301764190197,1
1164071335,040074056,0.32442551851272583,0.3333333333333333
1164071335,948110325,0.28173407912254333,0.3333333333333333
1164071335,1017941106,0.12437896430492401,0.3333333333333333
1164071335,040074080,0.061874572187662125,0.3333333333333333
1164071335,042983959,0.025096263736486435,0.3333333333333333
1164428314,042775078,0.3256610333919525,0
1164428314,040014207,0.3212093114852905,0
1164428314,041420322,0.15746596455574036,0
1164428314,042011272,0.15286017954349518,0
1164428314,040014754,0.10934681445360184,0
1164433067,040111342,0.5637568235397339,0.3333333333333333
1164433067,04011144X,0.1507151573896408,0.3333333333333333
1164433067,041819136,0.040203291922807693,0
1164433067,040358437,0.029935471713542938,0
1164433067,987138588,0.01899847574532032,0
1164763814,040360342,0.22268494963645935,0
1164763814,040360318,0.1820526272058487,0
1164763814,040360202,0.15209877490997314,0
1164763814,950345180,0.054474446922540665,0
1164763814,1019958685,0.044834721833467484,0
1164763814,041261097,0.04385512322187424,0
1164763814,040628434,0.03980981186032295,0
1165132826,04140257X,0.2749762237071991,0
1165132826,964181266,0.17097705602645874,0
1165132826,040697193,0.06584639102220535,0
116514137X,04076351X,0.24567292630672455,0.6666666666666666
116514137X,040560236,0.15097516775131226,0.6666666666666666
116514137X,953356477,0.12610867619514465,0
116514137X,04062644X,0.08544671535491943,0.3333333333333333
1165304821,041339657,0.14550788700580597,0.3333333333333333
1165304821,1205743510,0.041326191276311874,0
1165304821,004702921,0.027998533099889755,0.6666666666666666
1165460580,041234405,0.34352126717567444,0.6666666666666666
1165460580,954874765,0.2519585192203522,0.6666666666666666
1165460580,041659686,0.13516296446323395,0
1165503069,041716787,0.12359587103128433,0.3333333333333333
1165503069,041201310,0.0657065287232399,0
1165503069,041420659,0.03491497412323952,0
1165503069,041568524,0.03117428533732891,0
1165826097,041249410,0.16257379949092865,0
1165826097,040223442,0.10465052723884583,0
1166068315,1038114020,0.04365299269556999,0.3333333333333333
1166068315,04181973X,0.024097522720694542,0.3333333333333333
1166074331,041234472,0.1224980279803276,0.3333333333333333
1166074331,118552759,0.04135170951485634,0
1166074331,040172147,0.03345344588160515,0.3333333333333333
1166074331,944896197,0.027874398976564407,0.3333333333333333
1166074331,1221085204,0.012334950268268585,0
1166260283,040344029,0.41804882884025574,1
1166260283,040007693,0.17920349538326263,0.6666666666666666
1166260283,040694844,0.09940807521343231,0.3333333333333333
1166260283,04034407X,0.08347442001104355,0.3333333333333333
1166260283,040343898,0.058226242661476135,0.3333333333333333
1166293890,040082407,0.6884196400642395,0
1166293890,041466098,0.6662546992301941,0
1166293890,041800117,0.017712529748678207,0
1166293890,118729373,0.005339648574590683,0
1166293890,1038172756,0.0013684494188055396,0
1166559734,040266567,0.3075576424598694,1
1166559734,042548314,0.2353232353925705,0.6666666666666666
1166559734,040266613,0.055345457047224045,0.3333333333333333
1166559734,977749002,0.018953727558255196,0
1166559734,954613902,0.00947981420904398,0.6666666666666666
116658058X,118559796,0.47510844469070435,0.6666666666666666
116658058X,04099256X,0.20609408617019653,0.6666666666666666
116658058X,971973164,0.06021752953529358,0
1166756920,041520890,0.3243265748023987,0.3333333333333333
1166756920,940610272,0.12616902589797974,0.6666666666666666
1166756920,040759962,0.037584930658340454,0.3333333333333333
1166932486,1020952970,0.3497258126735687,0.3333333333333333
1166932486,981171052,0.24883081018924713,0.6666666666666666
1166932486,043279074,0.03529754653573036,0
1166932486,040593673,0.034644901752471924,0
1166957853,952063719,0.4765363335609436,0
1166957853,040015904,0.2638711631298065,1
1166957853,042195292,0.08420675992965698,0
1166957853,040130878,0.04230319336056709,0
1167194500,943667275,0.5925266146659851,0.3333333333333333
1167194500,040056945,0.08120802789926529,0
1167194500,041535685,0.011684074997901917,0.3333333333333333
1167194500,949195642,0.001371934893541038,0
1167195140,040326845,0.03181278705596924,0.6666666666666666
1167195140,041143353,0.028092866763472557,0.3333333333333333
1167195140,944100511,0.013939126394689083,0
1167195140,007591705,0.012516970746219158,0.6666666666666666
1167244192,040263096,0.06911736726760864,0
1167244192,041127714,0.02940339222550392,0.3333333333333333
1167244192,041227549,0.02572152204811573,0
1167244192,041328035,0.025112880393862724,0.3333333333333333
1167344413,041648285,0.1053154245018959,0
1167344413,041229134,0.01780940219759941,0.6666666666666666
1167344413,042325986,0.015451818704605103,1
1167344413,118681028,0.011074253357946873,0
1167363299,949595101,0.07497131824493408,0
1167363299,041222008,0.06797049939632416,0.6666666666666666
1167363299,948143819,0.024249963462352753,0.3333333333333333
1167370716,041435176,0.12243326008319855,0
1167370716,041245806,0.10557972639799118,0
1167370716,041320336,0.10359843075275421,0
1167370716,041657772,0.09289056062698364,0
1167370716,041879252,0.04226205125451088,0
1167663152,041880390,0.660443127155304,0
1167663152,040465144,0.31858718395233154,0.3333333333333333
1167663152,041155904,0.16759204864501953,0.6666666666666666
1167663152,947496742,0.14451467990875244,0
1167663152,04132367X,0.1441810131072998,0.3333333333333333
1167691318,040267792,0.5799575448036194,0
1167691318,040592057,0.48095425963401794,0
1167691318,040268136,0.355029821395874,0.6666666666666666
1167691318,955572037,0.20668049156665802,0
1167691318,948202491,0.11553192883729935,0
1167717139,041879325,0.3058492839336395,1
1167717139,040631214,0.044320397078990936,0.3333333333333333
1167717139,940664178,0.028597982600331306,0.6666666666666666
1167717139,94574630X,0.013065206818282604,0.3333333333333333
1167800532,040024342,0.5188445448875427,0.6666666666666666
1167800532,040358089,0.04987728223204613,0
1167800532,118575228,0.04987728223204613,0.6666666666666666
1167800532,040339084,0.016293106600642204,0
1167800532,041662784,0.007049255073070526,0
116832341X,040651096,0.6289663314819336,0.6666666666666666
116832341X,040674886,0.3126104474067688,0.6666666666666666
116832341X,040331784,0.13295991718769073,0
116832341X,041258320,0.08061996102333069,0.3333333333333333
116832341X,993735339,0.061356984078884125,0
1168324165,040156028,0.3648321032524109,0.3333333333333333
1168324165,04129503X,0.2745091915130615,0.3333333333333333
1168324165,040402223,0.2474237084388733,0.3333333333333333
1168380049,040368246,0.15100409090518951,0
1168380049,040118894,0.08202891051769257,0
1168380049,941641422,0.02120075188577175,0
1168380049,987707876,0.016211790964007378,0.3333333333333333
116872144X,040481719,0.2723674774169922,0.6666666666666666
116872144X,040488292,0.20305053889751434,0.6666666666666666
1168723760,04169631X,0.09511888772249222,0
1168723760,040169219,0.03774319961667061,0.6666666666666666
1168723760,007271913,0.018151650205254555,0
1168723760,041305736,0.014185650274157524,0
1168723760,041235452,0.012334950268268585,0
1168723760,041696212,0.0045032016932964325,0
1168900603,041165438,0.42195358872413635,0.6666666666666666
1168900603,040717763,0.3189835250377655,0.3333333333333333
1168900603,041164857,0.25411540269851685,0.3333333333333333
1168900603,040558916,0.243228942155838,0.3333333333333333
1169300081,040206432,0.12424850463867188,0.6666666666666666
1169300081,040087670,0.08116979151964188,0.6666666666666666
1169300081,040289184,0.06535963714122772,0
1169300081,1042638616,0.041326191276311874,0
1169300928,042074312,0.2064446359872818,0.3333333333333333
1169300928,04032690X,0.1827787458896637,0.6666666666666666
1169300928,042071887,0.09043057262897491,0.3333333333333333
116941379X,1042006857,0.33986783027648926,0.3333333333333333
116941379X,041517954,0.1698678880929947,0.6666666666666666
116941379X,041356586,0.1664714515209198,0.6666666666666666
116941379X,040326713,0.042232222855091095,0.3333333333333333
1169520421,043173527,0.12642516195774078,0.3333333333333333
1169520421,040674614,0.11960379034280777,0.6666666666666666
1169520421,041361644,0.06689527630805969,0
1169520421,040859312,0.050112757831811905,0
1169538762,040251756,0.26960620284080505,0.6666666666666666
1169538762,041877136,0.24902261793613434,0
1169538762,041300076,0.09028702229261398,0.6666666666666666
1169538762,041314026,0.059085797518491745,0.3333333333333333
1169568696,1010578995,0.22022762894630432,0
1169568696,040368246,0.1608942300081253,0.6666666666666666
1169568696,043097502,0.0833994448184967,0
1169568696,96312286X,0.07749903947114944,0
1169568696,1147621667,0.06410808861255646,0
1169652832,042745322,0.08926047384738922,0
1169652832,041234170,0.054148897528648376,0
1169652832,041365984,0.024684295058250427,0
1169652832,041857976,0.022397860884666443,0
1170015433,040597989,0.1520599126815796,0.3333333333333333
1170015433,041982339,0.09932343661785126,0.3333333333333333
1170015433,972463739,0.05008222907781601,0
1170015433,042152089,0.02720840461552143,0
1170020747,041165217,0.04639262333512306,1
1170020747,96554351X,0.032847605645656586,1
1170020747,1197831657,0.010486924089491367,0.6666666666666666
1170020747,976447657,0.006674132775515318,0.6666666666666666
1170047475,042026466,0.2939748167991638,0.3333333333333333
1170047475,041385659,0.1816679686307907,0.6666666666666666
1170047475,041802020,0.16113516688346863,0.3333333333333333
1170047475,042011337,0.041405268013477325,0.6666666666666666
1170395384,041638832,0.057791147381067276,0
1170395384,040306690,0.057791147381067276,0.6666666666666666
1170395384,040306674,0.05424712598323822,0
1170395384,041638808,0.05276353284716606,0.6666666666666666
1170583008,007634846,0.018262358382344246,0
1170583008,961786418,0.013463239185512066,0
1170583008,000186708,0.010287320241332054,0
1170583008,040798690,0.006614330690354109,0
1170583008,004684311,0.005472240038216114,0
1170583105,040015165,0.0907839834690094,0
1170583105,004953886,0.04810043051838875,0
1170583105,041305310,0.03182770684361458,0
1170914837,1201525330,0.09005284309387207,0
1170914837,11857745X,0.060802120715379715,0.6666666666666666
1170914837,118569880,0.0483529195189476,0.6666666666666666
1170914837,941245535,0.0013447616947814822,0
1170914837,963773526,0.0011162067530676723,0
1171069243,040372782,0.2061695009469986,0.6666666666666666
1171069243,040323129,0.18613043427467346,0.3333333333333333
1171069243,040574725,0.094658263027668,0
1171428510,040152243,0.29092395305633545,0.3333333333333333
1171428510,942539559,0.18912093341350555,0
1171428510,962102733,0.18291057646274567,0
117163207X,040747816,0.1704706996679306,0.3333333333333333
1172071926,041520548,0.5878466367721558,0.6666666666666666
1172071926,040164098,0.20607654750347137,0.3333333333333333
1172071926,041253523,0.19958731532096863,0.3333333333333333
1172071926,1004278810,0.10683738440275192,0
1172154643,040172333,0.4575744569301605,1
1172154643,959523537,0.12890411913394928,0
1172154643,040420957,0.12583079934120178,0.3333333333333333
1172154643,040592316,0.08813754469156265,0.3333333333333333
1172346690,041126270,0.16092625260353088,0.6666666666666666
1172346690,041606655,0.1029624417424202,0.6666666666666666
1172346690,041606698,0.05956888198852539,0.6666666666666666
1172346690,042687276,0.04048500210046768,0.6666666666666666
1172346690,040035883,0.01910281740128994,0
1172346690,04054284X,0.01898675225675106,0.6666666666666666
1172414092,040459365,0.5871482491493225,0.6666666666666666
1172414092,041478215,0.04683610051870346,0.6666666666666666
1172414092,041968964,0.03714121878147125,0.3333333333333333
1172414092,041155513,0.025362830609083176,0.3333333333333333
1172414092,041745515,0.024003891274333,0.6666666666666666
1172414092,042426774,0.007151258643716574,0
1172414793,041243064,0.17074543237686157,0.3333333333333333
1172414793,040524116,0.1276930719614029,0.3333333333333333
1172414793,041326822,0.11418667435646057,0.3333333333333333
1172414793,041795954,0.03159526363015175,0.3333333333333333
1172527814,040598276,0.1945456564426422,0.6666666666666666
1172527814,040009882,0.1619754284620285,0.6666666666666666
1172527814,040598403,0.1348096877336502,0
1172527814,040592316,0.1046949028968811,0
1172527814,04174604X,0.08253514766693115,0.6666666666666666
1172634696,977578003,0.03890084847807884,0
1172634696,300009798,0.030503230169415474,0
1172634696,300006942,0.018151650205254555,0
1172634696,300010036,0.010510209947824478,0
1172634696,118651471,0.005819416139274836,0
1172634696,300005865,0.0010002851486206055,0
1172809674,040545989,0.1275281310081482,0
1172809674,041797744,0.04420705884695053,0
1172809674,043165648,0.02841300144791603,0
1172809674,041782534,0.0036319675855338573,0
1173194479,041171926,0.4066825807094574,0
1173194479,118557513,0.3207438290119171,0.6666666666666666
1173194479,040573109,0.23431268334388733,0.6666666666666666
1173194479,04010110X,0.17248526215553284,0
1173400354,040741117,0.6520472168922424,0
1173400354,041877136,0.27650412917137146,0
1173400354,041533038,0.20742543041706085,0.6666666666666666
1173400354,041870743,0.061806175857782364,0.3333333333333333
1173420290,118584596,0.4066825807094574,0.6666666666666666
1173420290,040436020,0.11477094143629074,0.3333333333333333
1173420290,118584588,0.017282893881201744,0
1173420290,119176653,0.0037152045406401157,0
1173587160,040795837,0.6610507369041443,0.6666666666666666
1173587160,041259092,0.24467825889587402,0.6666666666666666
1173587160,040272664,0.19417354464530945,0.6666666666666666
1173587160,041367952,0.17417344450950623,0.6666666666666666
117397797X,042261368,0.6550830006599426,0
117397797X,041228030,0.14121951162815094,0.3333333333333333
117397797X,041232364,0.07699834555387497,0
117397797X,041136810,0.07676951587200165,0
1174064234,041615425,0.2890825569629669,0
1174064234,040592529,0.19421198964118958,0.6666666666666666
1174064234,041704959,0.15460243821144104,0.6666666666666666
1174128534,043029590,0.03844531625509262,0
1174128534,040329186,0.013627762906253338,0
1174128534,043120946,0.012442104518413544,0
1174128534,042749298,0.011507286690175533,0
1174181958,040710130,0.48529863357543945,0
1174181958,988495953,0.15834800899028778,0
1174181958,041514343,0.12881748378276825,0.3333333333333333
1174181958,041619196,0.06899053603410721,0
1174295430,040680975,0.39424994587898254,0.3333333333333333
1174295430,043264646,0.27912190556526184,0
1174295430,041923677,0.12475250661373138,0
1174295430,040114503,0.05602078512310982,0.3333333333333333
1174295430,041145704,0.053445372730493546,0
1174428589,041145704,0.11078999191522598,0.3333333333333333
1174428589,040117847,0.07565703988075256,0
1174428589,041705416,0.021470164880156517,0
1174428589,042493129,0.018262358382344246,0
1174512512,040335976,0.5718870759010315,0.3333333333333333
1174512512,040789373,0.09927461296319962,0.3333333333333333
1174512512,948105976,0.09613893926143646,0
1174512512,041222008,0.0905868336558342,0
1174512512,958935858,0.041629210114479065,0
1174512512,04099192X,0.0409185029566288,0
1174687878,040786129,0.33769455552101135,0
1174687878,04069335X,0.1588817536830902,0.3333333333333333
1174687878,041258355,0.1092008575797081,0
1174958820,04176224X,0.04922930896282196,1
1174958820,971609888,0.024377362802624702,0.3333333333333333
1174958820,040477053,0.021096142008900642,0
1174958820,040476987,0.01578713208436966,0
1175343293,040271455,0.13296695053577423,0.3333333333333333
1175343293,042042437,0.12616902589797974,0.6666666666666666
1175343293,041862619,0.037957459688186646,0
1175343293,954675738,0.024749988690018654,0
1175343293,041243293,0.02456788718700409,0
1175380695,043264646,0.5252054929733276,0.3333333333333333
1175380695,040375897,0.31360331177711487,0.3333333333333333
1175380695,041689070,0.2194230854511261,0
1175878146,041139720,0.34356406331062317,0.3333333333333333
1175878146,042650925,0.09464754164218903,0.3333333333333333
1175878146,040262014,0.09384014457464218,0.3333333333333333
1175878146,940755521,0.07273725420236588,0.6666666666666666
1175878146,042002303,0.07102393358945847,0.3333333333333333
117595053X,041744594,0.04538840055465698,0
117595053X,95988789X,0.018151650205254555,0.6666666666666666
117595053X,04248815X,0.01222480833530426,0
117595053X,042685648,0.008095629513263702,0
1176020900,040320812,0.2004522681236267,0.6666666666666666
1176020900,040736784,0.17539677023887634,0.3333333333333333
1176020900,041649583,0.17190402746200562,0.6666666666666666
1176020900,041649648,0.1410292237997055,0
1176020900,040557472,0.08687203377485275,0
1176106872,040392643,0.0839558020234108,0.3333333333333333
1176106872,04074793X,0.02332581952214241,0.6666666666666666
1176106872,041699289,0.015313507057726383,0.6666666666666666
1176106872,042257190,0.008135944604873657,0.6666666666666666
1176131788,118504517,0.2192750871181488,0.6666666666666666
1176131788,040687546,0.06851878762245178,0
1176131788,041781244,0.03673764318227768,0.6666666666666666
1176131788,040674037,0.023808516561985016,0.6666666666666666
1176176374,041933648,0.18931244313716888,0.3333333333333333
1176176374,040164144,0.07347685098648071,0
1176176374,996431608,0.06643096357584,0.6666666666666666
1176176374,040285677,0.06164297088980675,0
1176177397,04000628X,0.31429967284202576,0.6666666666666666
1176177397,004010124,0.12309916317462921,0.6666666666666666
1176177397,940011581,0.025145629420876503,0.3333333333333333
1176177397,000406805,0.02466399036347866,0
1176638548,040196046,0.13915808498859406,0
1176638548,042007925,0.04966834932565689,0.3333333333333333
1176638548,042038529,0.0445101372897625,0.6666666666666666
1176638548,041341147,0.03768926486372948,0
1176701487,04131817X,0.35938745737075806,0
1176701487,041342623,0.3069884777069092,0.3333333333333333
1176701487,040746607,0.22710056602954865,0
1176701487,042324718,0.22633753716945648,0
1176701487,041140117,0.1462804526090622,0.3333333333333333
117670785X,04007353X,0.05298539623618126,0.3333333333333333
117670785X,040073890,0.04952152445912361,0.3333333333333333
117670785X,940532212,0.03896080330014229,0.3333333333333333
117680975X,041728009,0.6534019708633423,0.6666666666666666
1177045281,041359585,0.0106259286403656,0
1177045281,040357112,0.010237990878522396,0
1177045281,040146758,0.009897329844534397,0.6666666666666666
1177045281,042850134,0.0018354328349232674,0.6666666666666666
1177045532,040388522,0.21013014018535614,0.3333333333333333
1177045532,042789257,0.1965818554162979,0
1177045532,043031765,0.037226010113954544,0.3333333333333333
1177045532,947929495,0.03669184073805809,0
1177045532,041559983,0.005472240038216114,0.6666666666666666
1177045532,041560159,0.004600765649229288,0
1177108089,041410440,0.5251150131225586,1
1177120194,960963405,0.5964542031288147,0.6666666666666666
1177120194,040598446,0.27717211842536926,1
1177120194,04128805X,0.1820526272058487,0.6666666666666666
1177120194,042797438,0.17309582233428955,0.6666666666666666
1177120194,041645405,0.08730270713567734,0.6666666666666666
1177147971,040781763,0.39763665199279785,0.6666666666666666
1177147971,041313364,0.2064446359872818,0
1177147971,040592529,0.18789009749889374,0.6666666666666666
1177147971,040717577,0.1524711698293686,0.3333333333333333
1177147971,04142056X,0.09988978505134583,0.6666666666666666
1177248212,041945875,0.02211732603609562,0
1177248212,1131662512,0.018151650205254555,0
1177248212,118695940,0.01467159390449524,0
1177249499,040605957,0.4197036623954773,0
1177249499,040154289,0.299289345741272,0.6666666666666666
1177249499,04225938X,0.26989510655403137,0.3333333333333333
1177249499,040685888,0.15862113237380981,0.6666666666666666
1177286254,004691792,0.4173653721809387,0
1177286254,043044174,0.08222288638353348,0
1177286254,040510425,0.0753273144364357,0
1177286254,990161994,0.049621887505054474,0
1177286254,041768426,0.03890084847807884,0.6666666666666666
1177545837,040213250,0.2728455364704132,0
1177545837,040682277,0.13464334607124329,0
1177545837,04231044X,0.0828215479850769,0
1177545837,041230752,0.03743769973516464,0
1177545837,042748399,0.023673132061958313,0
1177546574,042582997,0.18111757934093475,1
1177546574,041693116,0.01819581724703312,0
1177546574,004957377,0.014941913075745106,0
117754895X,043186920,0.07005452364683151,0
117754895X,041417569,0.061535339802503586,0
117754895X,040737543,0.008476109243929386,0.6666666666666666
1177611988,041257944,0.22651703655719757,0.6666666666666666
1177611988,004695569,0.06703251600265503,0.6666666666666666
1177611988,040500926,0.059140950441360474,0
1177611988,041683447,0.04306497052311897,0.6666666666666666
1177611988,041683455,0.007515751291066408,0.3333333333333333
1178009068,041378822,0.2683730125427246,0
1178009068,04018837X,0.12559272348880768,0.3333333333333333
1178009068,040600955,0.099283866584301,0.3333333333333333
1178009068,040340368,0.08078819513320923,0.3333333333333333
1178009068,041284437,0.021603083238005638,0
1178009947,041343417,0.2548767030239105,0.6666666666666666
1178009947,040626709,0.07740169763565063,0.6666666666666666
1178009947,042326540,0.04953307285904884,0.6666666666666666
1178009947,964806207,0.0441887304186821,0
1178009947,041300130,0.010286038741469383,0.3333333333333333
1178115453,1098433076,0.24412080645561218,0.3333333333333333
1178115453,042022622,0.1970653533935547,1
1178115453,040149862,0.02648068778216839,0
1178115453,041347552,0.020699933171272278,0
1178130959,040377903,0.41566869616508484,0.6666666666666666
1178130959,040377946,0.09987029433250427,0.3333333333333333
1178130959,965582582,0.07132342457771301,0.6666666666666666
1178147843,040377903,0.471599280834198,0.6666666666666666
1178147843,041298756,0.036954041570425034,0
1178147843,965582582,0.035632576793432236,0.6666666666666666
1178163687,040664554,0.05507708713412285,0.6666666666666666
1178163687,040377946,0.0516328439116478,0
1178163687,040665380,0.04179011657834053,0.3333333333333333
1178163687,040377970,0.03004296123981476,0.6666666666666666
1178245713,042327962,0.2510431706905365,0
1178245713,040152235,0.18068446218967438,0
1178397807,042468299,0.16821494698524475,0.3333333333333333
1178397807,040172147,0.06463906913995743,0.3333333333333333
1178397807,040295672,0.06137489154934883,0.3333333333333333
1178397807,04182654X,0.03839491680264473,0
1178672093,040272664,0.13158836960792542,0
1178672093,040149889,0.017322305589914322,0.3333333333333333
1178672093,041418069,0.0158501286059618,0
1178672093,042674875,0.00700838677585125,0
1178762599,041323009,0.2675847113132477,0.3333333333333333
1178762599,040732746,0.1959913671016693,0.6666666666666666
1178762599,041447786,0.17315079271793365,0.3333333333333333
1178762599,1011761742,0.1191001683473587,0
1178791017,964162504,0.43647414445877075,0
1178791017,040775674,0.4361307621002197,0
1178791017,04126830X,0.3351666331291199,0.6666666666666666
1178791017,040022307,0.3297710120677948,0.6666666666666666
1178791017,040773493,0.16828083992004395,0
1178791017,040457982,0.1608942300081253,0.3333333333333333
1178815145,042302889,0.06611930578947067,0.3333333333333333
1178815145,040615707,0.026670336723327637,0
1178815145,953065790,0.025096263736486435,0.6666666666666666
1179236866,040366596,0.2510431706905365,1
1179236866,040455157,0.08559916913509369,0.3333333333333333
1179236866,040783154,0.05869496241211891,1
1179236866,043207596,0.049621887505054474,0
1179236866,947934979,0.022519804537296295,0.6666666666666666
117944891X,040567958,0.33926016092300415,0.3333333333333333
117944891X,040621103,0.11243913322687149,0.6666666666666666
117944891X,971923450,0.05070481449365616,0.3333333333333333
1179449126,954444787,0.17920349538326263,0.6666666666666666
1179449126,04029448X,0.0828741267323494,0.3333333333333333
1179449126,989733009,0.06721042096614838,0
1179449126,041805348,0.037194978445768356,0.6666666666666666
1179449126,040539725,0.026416528970003128,0.3333333333333333
1179463242,040295788,0.2910798490047455,0.6666666666666666
1179463242,984746099,0.1581653654575348,0
1179463242,042060184,0.1181446835398674,0.6666666666666666
1179463242,042479258,0.041326191276311874,0
1179754220,041209419,0.3378237187862396,0.6666666666666666
1179754220,041140168,0.17261560261249542,0.6666666666666666
1179754220,040207595,0.15775881707668304,0
1179909747,040392260,0.09581104665994644,0.3333333333333333
1179909747,041900219,0.09406571090221405,0
1179909747,040699269,0.07434111833572388,0
1179909747,041698169,0.03946058079600334,0
1179909747,957883668,0.018262358382344246,0
1180031962,041616928,0.06340514123439789,0
1180031962,04129470X,0.03607532009482384,0
1180031962,11855042X,0.03523155301809311,0
1180032640,040050440,0.19078050553798676,0
1180032640,118881213,0.03890084847807884,0
1180032640,944068782,0.03284312039613724,0
1180032640,041370538,0.018202006816864014,0
1180526414,990894754,0.018262358382344246,0
1180526414,997474580,0.008869200944900513,0
1180526414,960186980,0.0026715153362601995,0
1180526414,004885945,0.0025764498859643936,0
1180526414,043010105,0.0021696235053241253,0
1180803183,940431181,0.39408400654792786,0
1180803183,1014026059,0.04851698875427246,0
1180803183,040159884,0.024886731058359146,0
1180803183,040285936,0.022864701226353645,0
1180803183,981592236,0.01926100067794323,0
1181287723,040164098,0.25830531120300293,0.3333333333333333
1181287723,040164144,0.20271533727645874,0.6666666666666666
1181287723,041314840,0.17751558125019073,0.6666666666666666
1181329647,042190576,0.3051910400390625,0.3333333333333333
1181329647,041215907,0.20503218472003937,0.3333333333333333
1181329647,041370422,0.12350328266620636,0.3333333333333333
1181329647,041275160,0.07172134518623352,0.3333333333333333
1181329647,042762138,0.01918463595211506,0.3333333333333333
1181408547,04144759X,0.3014979660511017,0.6666666666666666
1181408547,040694674,0.0765235498547554,0.3333333333333333
1181408547,040693414,0.05698326602578163,0.6666666666666666
1181408547,041406370,0.02291795238852501,0
1181579139,041424468,0.16785109043121338,0.6666666666666666
1181579139,040166066,0.15192867815494537,0
1181579139,041348303,0.015181255526840687,0
1181579139,948754176,0.013338614255189896,0
1181579139,041824849,0.01236835215240717,0
1181579139,041824962,0.005731947720050812,0.6666666666666666
1181680964,004854306,0.03470894321799278,0
1181680964,043060412,0.018192289397120476,0
1181680964,007370970,0.0012731925817206502,0
1181680964,1117092704,0.0011039437958970666,0
1181680964,000265128,8.116238168440759e-4,0
1181688973,041708385,0.282450407743454,0.6666666666666666
1181688973,041288270,0.1681261658668518,0
1181688973,040408140,0.15452274680137634,0
1181688973,04040837X,0.11510786414146423,0.3333333333333333
1181688973,040619168,0.06832053512334824,0.6666666666666666
118179126X,117546435X,0.0821480005979538,0.6666666666666666
118179126X,041561929,0.050267308950424194,0
118179126X,042725607,0.02010706439614296,0
118179126X,041624688,0.0129865612834692,0
1181792967,04036237X,0.25273242592811584,0.6666666666666666
1181792967,041680693,0.15721569955348969,0.6666666666666666
1181792967,04121353X,0.1309981644153595,0.6666666666666666
1181792967,040741222,0.08707021921873093,0.3333333333333333
1181797306,04048680X,0.699529767036438,0.6666666666666666
1181797306,040481719,0.41804245114326477,0
1181797306,951152955,0.31337738037109375,0
1181797306,041397177,0.2950940430164337,0
1181797306,952159813,0.2763344347476959,0
1181797705,040680509,0.20837737619876862,0
1181797705,042503124,0.07148329168558121,0
1181797705,954353331,0.01811879500746727,0
1181797705,041403746,0.008662630803883076,0
1181797705,040576302,0.006181197706609964,0
1181854385,040323684,0.3146054446697235,0.3333333333333333
1181854385,040322157,0.2590804398059845,0.3333333333333333
1181854385,007272383,0.0723911002278328,0
1181854385,992882540,0.061356984078884125,0
1181856701,000677388,0.5862873196601868,1
1181856701,11855123X,0.027142751961946487,0.6666666666666666
1181856701,142655066,0.006110151298344135,0
1181856701,101383397X,0.004714528098702431,0.3333333333333333
1182007341,040674398,0.12257562577724457,0
1182007341,94217061X,0.0375719778239727,0.6666666666666666
1182007341,040081869,0.0311281755566597,0.6666666666666666
1182007341,041216512,0.022624444216489792,0.6666666666666666
1182084346,040628744,0.4112313985824585,0.6666666666666666
1182084346,041142500,0.18944650888442993,0.3333333333333333
1182084346,981171052,0.12420463562011719,0
1182165753,040006263,0.39424994587898254,0.3333333333333333
1182165753,040942384,0.3453305959701538,0.3333333333333333
1182165753,041253213,0.285273015499115,0
1182165753,040334228,0.17198514938354492,0.3333333333333333
1182165753,040653528,0.12198930233716965,0
1182477593,040198529,0.08104290068149567,0
1182477593,040773140,0.06234997883439064,0
1182477593,041803043,0.026667917147278786,0
1182477593,041323270,0.019923299551010132,0
1182540511,041956419,0.5949215292930603,0
1182540511,040557367,0.3038251996040344,0
1182540511,041133099,0.1362462043762207,0
1182540511,042883016,0.036856185644865036,0
1182540511,040615812,0.03661815822124481,0
1182677649,042242142,0.14914371073246002,0
1182677649,040263096,0.08580711483955383,0
1182677649,95092010X,0.04168042168021202,0.3333333333333333
1182677649,040176223,0.025362830609083176,0.3333333333333333
1183126697,040028518,0.25571730732917786,0.3333333333333333
1183126697,94053228X,0.04320962354540825,0.3333333333333333
1183126697,041958845,0.017339546233415604,0
1183126697,988201593,0.014440772123634815,0
1183126697,991221214,0.0069245039485394955,0
1183262396,041698649,0.4177570343017578,1
1183262396,040101630,0.024836761876940727,0
1183262396,041479882,0.01978268474340439,0
1183262396,957559690,0.018151650205254555,0
118387880X,041553330,0.09464754164218903,0.6666666666666666
118387880X,00710393X,0.021496186032891273,0
118387880X,042133467,0.016725363209843636,0.3333333333333333
118387880X,118627481,0.015554239973425865,0
1183914989,040594270,0.09464754164218903,0.3333333333333333
1183914989,040598160,0.08473094552755356,0.3333333333333333
1183914989,948083824,0.08234511315822601,0.6666666666666666
1183914989,040120023,0.07635273784399033,0.3333333333333333
1184178879,948849428,0.5938810706138611,0.6666666666666666
1184178879,040038920,0.20235739648342133,1
1184178879,041165926,0.049691252410411835,0.6666666666666666
1184178879,041538765,0.044046539813280106,0.3333333333333333
1184178879,04165322X,0.011796366423368454,0
1184292000,040592200,0.19932766258716583,0.6666666666666666
1184292000,041965310,0.1524711698293686,0
1184292000,041632435,0.1254974603652954,0.3333333333333333
1184292000,040732134,0.11842210590839386,0
1184292000,040446735,0.08078819513320923,0
1184298343,95569518X,0.11715059727430344,0
1184298343,040182665,0.0244449432939291,0
1184298343,041550900,0.02413429133594036,0
1184298343,002166461,0.013390757143497467,0
1184298343,041250672,0.00694944616407156,0
1184879834,041695364,0.5196638107299805,0.6666666666666666
1184879834,040169014,0.21314872801303864,0.6666666666666666
1184879834,041212592,0.20609408617019653,1
1184879834,041145755,0.14999890327453613,0.6666666666666666
1184887012,040649377,0.20092301070690155,0.3333333333333333
1184887012,041321162,0.11940252035856247,1
1184887012,1069362352,0.061736706644296646,0.6666666666666666
1184887012,041685806,0.05054960027337074,1
1185259341,040566935,0.43131279945373535,0.3333333333333333
1185259341,942852044,0.21225985884666443,0.3333333333333333
1185259341,947987576,0.07890734076499939,0
1185259341,041391950,0.039215996861457825,0
1185339671,041256980,0.43389037251472473,0.3333333333333333
1185339671,040335720,0.40579232573509216,0.3333333333333333
1185339671,040332292,0.25511470437049866,0.3333333333333333
1185339671,04268059X,0.07763327658176422,0.3333333333333333
1185600329,040346102,0.10075938701629639,0.3333333333333333
1185600329,041390806,0.07978677749633789,0.3333333333333333
1185600329,042677696,0.07819715887308121,0.6666666666666666
1185600329,041668219,0.06691057980060577,0.3333333333333333
1185600329,042251168,0.04148951172828674,0
1185653821,974988952,0.4103130102157593,0
1185653821,040488152,0.016196640208363533,0
1185653821,112707718X,0.015008882619440556,0
1185653821,948842857,0.01178655307739973,0
118576013X,042510260,0.1710149496793747,0.6666666666666666
118576013X,040729052,0.15234996378421783,0.3333333333333333
118576013X,042802970,0.1465848833322525,0.6666666666666666
118576013X,042416795,0.12191905081272125,0
1186046295,041212010,0.2138214260339737,0.3333333333333333
1186046295,94599043X,0.1565377414226532,0
1186063033,040334228,0.20609043538570404,0.3333333333333333
1186063033,040329038,0.16864356398582458,0.6666666666666666
1186063033,040473643,0.14634570479393005,0.6666666666666666
1186071257,041349679,0.15921765565872192,0
1186071257,004631846,0.09289056062698364,0
1186071257,050821776,0.05385451763868332,0
1186143134,041145704,0.2557256817817688,0
1186143134,040659380,0.2096668928861618,0.3333333333333333
1186143134,974041238,0.18795695900917053,0
1186143134,040386392,0.13384336233139038,0.3333333333333333
1186143134,041415817,0.043639469891786575,0
1186206950,040202410,0.09327345341444016,0.6666666666666666
1186206950,04078181X,0.06753436475992203,0.3333333333333333
1186206950,042302889,0.06218094751238823,0.6666666666666666
1186206950,041895525,0.04525163024663925,0.6666666666666666
1186207345,040362027,0.34792304039001465,0.6666666666666666
1186207345,041583868,0.2138214260339737,0
1186207345,040702952,0.0727069228887558,0
1186207345,040379515,0.049406375735998154,0.3333333333333333
1186306181,1208516159,0.24824583530426025,1
1186306181,040762319,0.1526687890291214,0
1186330899,100072185X,0.3959369957447052,0
1186330899,043128114,0.3094263970851898,0.3333333333333333
1186330899,988641232,0.19735558331012726,0
1186330899,040775135,0.1333225667476654,0
1186366249,041204433,0.03460592404007912,0.6666666666666666
1186366249,040659607,0.034413956105709076,0
1186366249,041990544,0.02155838906764984,0
1186374497,040318834,0.36284708976745605,0.6666666666666666
1186374497,041210697,0.2863118648529053,0
1186374497,04200179X,0.25939011573791504,0.3333333333333333
1186374497,040372782,0.24736884236335754,0.3333333333333333
1186406208,958100195,0.2332398146390915,0
1186406208,992076684,0.14323198795318604,0
1186406208,94150235X,0.1153460219502449,0
1186406208,04078455X,0.11117269843816757,0.3333333333333333
1186406208,987031449,0.09348125010728836,0.3333333333333333
1186412127,954874765,0.2651086151599884,0.3333333333333333
1186412127,040335690,0.2264445573091507,0
1186412127,041234405,0.1943066567182541,0.3333333333333333
1186524731,041228278,0.07823210954666138,0.3333333333333333
1186524731,042178363,0.014752243645489216,0
1186524731,004904052,0.00895895529538393,0
118662485X,040724719,0.1053154245018959,0.6666666666666666
118662485X,04014500X,0.08777644485235214,0.6666666666666666
118662485X,942959175,0.007482397370040417,0
118662485X,042400732,0.007199354935437441,0
118662485X,040946835,0.0031949239782989025,0
118662485X,118729446,0.0013518197229132056,0
1186724544,040465144,0.3021983206272125,0.6666666666666666
1186724544,041328779,0.24242998659610748,0.3333333333333333
1186724544,040038467,0.22548063099384308,0.6666666666666666
1186724544,041155874,0.1737385243177414,0.3333333333333333
1186794313,041316940,0.18416333198547363,0
1186794313,964162504,0.17437882721424103,0
1186794313,040477088,0.15769223868846893,0
1186794313,041382684,0.08422171324491501,0
1186794313,04157009X,0.04878922179341316,0.3333333333333333
118692814X,040064328,0.17953912913799286,0
118692814X,954353331,0.05470007285475731,0
118692814X,040419584,0.053596045821905136,1
118692814X,041725948,0.049621887505054474,0
118692814X,963922009,0.034218549728393555,0
1186981369,040340465,0.24743883311748505,0.3333333333333333
1186981369,118594893,0.10486912727355957,0
1186981369,040759407,0.046719349920749664,0
1186981369,041046285,0.042355913668870926,0
1187062006,040274233,0.18900567293167114,0.3333333333333333
1187062006,042343453,0.15329064428806305,0.3333333333333333
1187062006,040269264,0.11842210590839386,0.3333333333333333
1187062006,040136574,0.11532216519117355,0.6666666666666666
1187062006,040136523,0.09100890159606934,0.3333333333333333
1187062243,1003532349,0.15142297744750977,0.3333333333333333
1187062243,04035430X,0.08142250031232834,0.3333333333333333
1187062340,040766004,0.23131150007247925,0
1187062340,04072431X,0.19421198964118958,0
1187062340,04145488X,0.08023075759410858,0
1187062340,041126432,0.049842868000268936,0
1187062340,041234405,0.048127006739377975,0
1187067555,040465403,0.37094923853874207,0.3333333333333333
1187067555,04033581X,0.19168907403945923,0.3333333333333333
1187067555,042297613,0.1375906765460968,0.3333333333333333
118710115X,041134443,0.20396755635738373,0
118710115X,040703428,0.17071771621704102,0
118710115X,1046235370,0.16448751091957092,0
118710115X,00764468X,0.1342059224843979,0.6666666666666666
118710115X,041907957,0.05753666162490845,0
118710115X,041857275,0.03890084847807884,0
118710325X,041713079,0.2978188097476959,0.6666666666666666
118710325X,040616444,0.29651331901550293,0.6666666666666666
118710325X,040432076,0.10155774652957916,0.6666666666666666
118710325X,042017092,0.07559262216091156,0
1187137456,040750019,0.2967999279499054,0.3333333333333333
1187137456,041705874,0.19382824003696442,0
1187137456,040741648,0.18847833573818207,0
1187137456,041320638,0.1571338176727295,0
118713841X,040372782,0.2747794985771179,0.6666666666666666
118713841X,041321650,0.20972631871700287,0
118713841X,040130916,0.05393892154097557,0
1187144754,040432718,0.3020738959312439,0
1187144754,040785416,0.11257026344537735,0
1187144754,00043583X,0.03735238313674927,0
1187144754,040851648,0.010974354110658169,0
1187179396,041319672,0.04048703983426094,0
1187179396,041647629,0.036856185644865036,0.6666666666666666
1187179396,050665693,0.016171501949429512,0
1187179396,04164834X,0.00857474934309721,0
1187180289,040322319,0.24742726981639862,0
1187180289,965562530,0.042301587760448456,0
1187180289,041227662,0.03737197816371918,0
1187180289,946003327,0.0315699577331543,0
1187180424,040020533,0.3321422338485718,0
1187180424,040458202,0.06567338854074478,0
1187180424,042358396,0.059236910194158554,0
1187180424,04271334X,0.029534682631492615,0
1187180858,040074056,0.2747918665409088,0
1187180858,04007403X,0.2710646092891693,0
1187180858,040367746,0.23353564739227295,0.6666666666666666
1187194409,040114139,0.5229852795600891,1
1187194409,041401824,0.1289929449558258,0
1187194409,963763229,0.06082914024591446,0
1187194409,04137147X,0.04219736531376839,0
1187251089,041281500,0.19272902607917786,0
1187251089,040175197,0.11267741024494171,0
1187251089,040005895,0.07821309566497803,0
1187265330,041295838,0.3710942566394806,0.3333333333333333
1187265330,040205487,0.21385347843170166,0.6666666666666666
1187265330,943394074,0.13009676337242126,0
1187265330,041859375,0.059652067720890045,0.6666666666666666
1187265330,989749401,0.05776333063840866,0.6666666666666666
1187273910,042155967,0.026200290769338608,0.6666666666666666
1187273910,954353331,0.012090591713786125,0
1187273910,041154495,0.0056007313542068005,0
1187273910,1079417915,0.005492995493113995,0
1187275999,1140936166,0.06999649852514267,0.3333333333333333
1187275999,040559246,0.058257315307855606,0
1187282200,040078264,0.18025630712509155,0.6666666666666666
1187282200,1031250328,0.057317763566970825,0
1187282200,041443837,0.04168042168021202,0
1187282200,941725081,0.033697232604026794,0.3333333333333333
1187340626,04188423X,0.6117966771125793,0.3333333333333333
1187340626,041884175,0.5725440979003906,0.3333333333333333
1187340626,040653528,0.5247262120246887,0
1187340626,946663459,0.4517855644226074,0
1187340626,040789217,0.3307811915874481,1
1187340626,041884272,0.07625836133956909,0.3333333333333333
1187658421,04131123X,0.41851964592933655,0
1187658421,040189759,0.18078407645225525,0.6666666666666666
1187658421,004020596,0.15750081837177277,0
1187658421,041447794,0.05286932736635208,0
1187661236,042758807,0.018151650205254555,0
1187661236,04293821X,0.008724121376872063,0
1187661236,042944163,0.008724121376872063,0
1187661236,944286186,0.008724121376872063,0
1187661236,004914066,0.00669851154088974,0
1188189239,040135853,0.4498930275440216,0.3333333333333333
1188189239,960526005,0.15034879744052887,1
1188189239,1019257644,0.08710797131061554,0.3333333333333333
1188456466,041652452,0.05626055598258972,0
1188456466,041239156,0.04055611789226532,0
1188456466,04161545X,0.03672075644135475,0
1188456466,04131946X,0.03147149085998535,0.6666666666666666
118872570X,041709209,0.0650525838136673,0.6666666666666666
118872570X,042161363,0.04987728223204613,0
118872570X,040663760,0.023809902369976044,0
118872570X,041474902,0.017858128994703293,0
1188882287,041385659,0.02355295605957508,0.3333333333333333
1188882287,040455807,0.02254306524991989,0.3333333333333333
1188882287,043066615,0.02239970676600933,0
1188882287,04177969X,0.009984937496483326,0
1188882430,041216857,0.4646384119987488,0
1188882430,000354392,0.14463551342487335,0
1188882430,040558568,0.1018792912364006,0.3333333333333333
1188882430,040557766,0.08846372365951538,0
1188882430,004245660,0.0785413458943367,0
1188882430,042577500,0.06556224822998047,0
1188882430,002532670,0.010719086043536663,0
1188882430,947284753,0.0028011053800582886,0
1188885367,040688380,0.3930787146091461,0
1188885367,000389668,0.019615639001131058,0
1188885367,00442395X,0.018151650205254555,0
1188885367,041725948,0.012555722147226334,0
1188885367,041383893,0.004836916923522949,0
118890440X,040566560,0.09250255674123764,0
118890440X,041949277,0.017197690904140472,0
118890440X,007423691,0.012369113974273205,0
118890440X,042014085,0.012334950268268585,0
1189005492,004911474,0.5680617094039917,0.6666666666666666
1189005492,041281098,0.047011200338602066,0
1189005492,040412792,0.03248532488942146,0.3333333333333333
1189005492,040759407,0.020232200622558594,0
1189070987,040346102,0.16050603985786438,0.3333333333333333
1189070987,04015999X,0.15381751954555511,0.3333333333333333
1189070987,04166812X,0.138751819729805,0.3333333333333333
1189070987,04224496X,0.12036963552236557,0.3333333333333333
1189070987,041374193,0.0481775663793087,0.6666666666666666
1189070987,041668219,0.037577204406261444,0.3333333333333333
1189419017,041659732,0.099283866584301,0.6666666666666666
1189419017,040728536,0.09328658133745193,0.6666666666666666
1189419017,041351118,0.07578898221254349,0.6666666666666666
1189419017,040408906,0.05845688655972481,0.6666666666666666
1189429497,040385442,0.1324455589056015,1
1189429497,040394417,0.1196807399392128,0
1189429497,040504190,0.09078609198331833,0.3333333333333333
1189429497,040699269,0.07434111833572388,0
1189429497,040414183,0.06677378714084625,0.6666666666666666
1189429810,040318834,0.45596635341644287,0.6666666666666666
1189429810,041648145,0.3351087272167206,0
1189429810,042017947,0.2673302888870239,0
1189429810,04124995X,0.16245006024837494,0
1189429810,040162168,0.13008660078048706,0
1189722798,959623620,0.17920349538326263,0.6666666666666666
1189722798,041557425,0.1558157205581665,0.6666666666666666
1189722798,040562182,0.11569847911596298,0.3333333333333333
1189722798,041822854,0.056375715881586075,0.3333333333333333
1189722798,042125049,0.055399976670742035,0.6666666666666666
1189722798,042125030,0.04537136107683182,0.6666666666666666
1189727846,040460754,0.12455849349498749,0
1189727846,952584182,0.04048500210046768,0
1189727846,041323408,0.03673764318227768,0
1189727846,042735319,0.00896090641617775,0.3333333333333333
1190031108,1120156300,0.3453305959701538,0
1190031108,997935898,0.015330277383327484,0
1190031108,041564685,0.01264792587608099,0
1190031108,007063504,0.01013879757374525,0
1190240734,04120509X,0.25887975096702576,0.3333333333333333
1190240734,042437180,0.2425616979598999,0
1190243377,040196089,0.51775723695755,0
1190243377,118197673,0.143268421292305,0
1190243377,970625790,0.10467823594808578,0
1190243377,118685929,0.08159524202346802,0
1190243377,118907565,0.06683386862277985,0
1190247070,040592057,0.11897776275873184,0.3333333333333333
1190248182,040014207,0.25238263607025146,0
1190248182,042660580,0.07637287676334381,0
1190248182,042011353,0.06773069500923157,0
1190248182,967247365,0.06449448317289352,0
1190248182,040014797,0.053893838077783585,0.3333333333333333
1190344335,040546799,0.1817314177751541,0.6666666666666666
1190344335,040205479,0.15063175559043884,0.6666666666666666
1190344335,040734994,0.14514000713825226,0.3333333333333333
1190344335,04173081X,0.11572232842445374,0.3333333333333333
1190352060,041291085,0.29124972224235535,0.6666666666666666
1190352060,040200973,0.1286395937204361,0
1190352060,040382176,0.08150359988212585,0
1190352060,952006537,0.05549680069088936,0
1190352060,041973534,0.041326191276311874,0
1190565552,040494128,0.3841153383255005,0.6666666666666666
1190565552,041777077,0.16410715878009796,0.6666666666666666
1190565552,944598080,0.15281209349632263,0
1190565552,041302265,0.1342059224843979,0.6666666666666666
1190680556,042090156,0.20092566311359406,0.3333333333333333
1190680556,040059103,0.1772620528936386,0.6666666666666666
1190680556,040693775,0.1110781654715538,0.6666666666666666
1190991381,040335968,0.11365491151809692,0
1190991381,121754170,0.05575350299477577,0
1190991381,94217061X,0.008017832413315773,0
1190991748,118629743,0.7909436821937561,0
1190991748,118629662,0.5877816677093506,0
1190991748,040384616,0.15209877490997314,0.6666666666666666
1190996049,041280229,0.37084609270095825,0.3333333333333333
1190996049,040785416,0.2953594923019409,1
1190996049,040287793,0.2423103302717209,0.6666666666666666
1190996049,040763307,0.18111757934093475,0.6666666666666666
1191065723,040710130,0.22642815113067627,0.3333333333333333
1191065723,004148738,0.07102393358945847,1
1191065723,04115584X,0.062208130955696106,0.6666666666666666
1191065723,95092282X,0.005812330171465874,0
1191069540,04137830X,0.4295501708984375,0.6666666666666666
1191069540,106969780X,0.31095823645591736,0.6666666666666666
1191069540,941840441,0.061356984078884125,0
1191069540,943305764,0.03117428533732891,0.3333333333333333
119131944X,040614964,0.1917707622051239,0.3333333333333333
119131944X,041254244,0.021861400455236435,0
119131944X,983825971,0.016883930191397667,0.3333333333333333
119131944X,040162222,0.01615854911506176,0.6666666666666666
1191322033,041323009,0.4268985986709595,0.6666666666666666
1191322033,041361024,0.13774967193603516,0
1191322033,952560569,0.13216644525527954,0.6666666666666666
1191322033,972270426,0.09190592914819717,0.6666666666666666
1191437981,041554418,0.3298744857311249,0.6666666666666666
1191437981,041205030,0.13576532900333405,0.3333333333333333
1191437981,040194116,0.07124346494674683,0.3333333333333333
1191437981,1183844859,0.004687256179749966,0
1191441644,041379454,0.21101172268390656,0.6666666666666666
1191441644,040734994,0.17981629073619843,0.3333333333333333
1191441644,040734102,0.15916132926940918,0.3333333333333333
1191441644,118578537,0.06368660926818848,0.6666666666666666
1191441644,042827337,0.057791147381067276,0.3333333333333333
1191522865,040332039,0.5434465408325195,0.6666666666666666
1191522865,04066466X,0.43481990694999695,0.6666666666666666
1191522865,991483006,0.16678711771965027,0.3333333333333333
1191525082,04246269X,0.15711262822151184,0
1191525082,040322157,0.04359002038836479,0
1191525082,007193866,0.026139281690120697,0
1191525082,000677272,0.018262358382344246,0
1191525082,997599162,0.014968500472605228,0
1191528863,040337936,0.1375906765460968,0.6666666666666666
1191528863,041202333,0.11418667435646057,0
1191528863,043116922,0.027811069041490555,0
1191528863,1060958392,0.016008011996746063,0.6666666666666666
1191565742,041900219,0.10919347405433655,0
1191565742,118821830,0.015321374870836735,0
1191565742,042002265,0.0041187056340277195,0.6666666666666666
1191565742,11907320X,0.0010422738268971443,0
1191592448,961000996,0.06893432140350342,0.6666666666666666
1191592448,042035163,0.020648447796702385,0
1191592448,968102565,0.018151650205254555,0
1191592448,957711921,0.009975062683224678,0
1191592448,042504708,0.009455421008169651,0
1191662446,040027333,0.3987080156803131,0.6666666666666666
1191662543,007068352,0.07633798569440842,0
1191662543,041663977,0.02514401264488697,0
1191662543,043070167,0.00978516973555088,0
1191662543,998693715,0.00978516973555088,0
1191662543,041245202,0.009462091140449047,0.6666666666666666
1191749991,300009216,0.21021395921707153,0
1191749991,300007035,0.0740017294883728,0
1191749991,300007981,0.05072849243879318,0
1191749991,300007663,0.02587272971868515,0
1191749991,300006942,0.018151650205254555,0
1191838986,04151856X,0.10995618999004364,1
1191838986,041716264,0.07514279335737228,0
1191838986,041747364,0.06877092272043228,0
1191838986,041747305,0.017339546233415604,0.6666666666666666
1191838986,041778618,0.01677798293530941,0.6666666666666666
1191838986,041747267,0.004801750183105469,0.6666666666666666
1191936333,041306678,0.5951029658317566,0
1191936333,040114139,0.4138789474964142,0.6666666666666666
1191936333,041249410,0.35838159918785095,0
1191936333,040182185,0.16956837475299835,0
1191940314,983585660,0.09555361419916153,0
1191940314,956012000,0.05422148108482361,0
1191940314,041154495,0.02925840951502323,0
1191940314,942531639,0.02090645395219326,0
119204813X,040335976,0.06711123883724213,0
119204813X,040313697,0.06654641032218933,0
119204813X,041659694,0.03817331790924072,0
119204813X,041659686,0.0302752573043108,0
1192050282,041750470,0.2104894369840622,0
1192050282,040465144,0.2042214423418045,0.3333333333333333
1192050282,04064300X,0.20212948322296143,0.3333333333333333
1192050282,041134486,0.12936873733997345,0
1192050282,040642860,0.08918753266334534,0.6666666666666666
1192050282,04134121X,0.012035508640110493,0.6666666666666666
1192051858,041295218,0.33216387033462524,0.6666666666666666
1192051858,042998026,0.3096984326839447,0
1192051858,041284976,0.2154458910226822,0.3333333333333333
1192051858,042297613,0.0459660105407238,0
1192051858,041356683,0.022673357278108597,0.6666666666666666
119213477X,040162222,0.34188827872276306,0.6666666666666666
119213477X,041489527,0.2562998831272125,0.6666666666666666
119213477X,949545651,0.07749903947114944,0
119213477X,041379268,0.0562153160572052,0
1192137175,041933648,0.45203983783721924,0.6666666666666666
1192137175,974189634,0.1634855419397354,0.6666666666666666
1192137175,042777232,0.16203249990940094,0.6666666666666666
1192137175,04231562X,0.0481775663793087,0
1192137175,041337360,0.026685424149036407,0.3333333333333333
1192199618,040272087,0.3277319073677063,0
1192199618,042452066,0.16693826019763947,0
1192199618,1008745081,0.010418274439871311,0.6666666666666666
1192203380,040564428,0.14901438355445862,0.3333333333333333
1192203380,040772160,0.0813363790512085,0.6666666666666666
1192370902,994520042,0.30715397000312805,0.6666666666666666
1192370902,04069481X,0.29912707209587097,0
1192370902,041510720,0.19148023426532745,0.6666666666666666
1192370902,040147258,0.1516774743795395,0.3333333333333333
1192374681,040057283,0.5323545932769775,0
1192374681,040666808,0.22734883427619934,0.3333333333333333
1192374681,041337174,0.12607213854789734,0
1192374681,040872955,0.11674478650093079,0
1192374681,041638646,0.022594954818487167,0
1192441834,041154215,0.13991416990756989,0
1192441834,041354109,0.07687491178512573,0.3333333333333333
1192441834,042166934,0.06975673884153366,0
119282167X,041229177,0.09960751980543137,0.6666666666666666
119282167X,041708385,0.09254279732704163,0.3333333333333333
119282167X,043027210,0.05513013154268265,0
119282167X,042104009,0.04148951172828674,0.6666666666666666
1193037697,041388038,0.13793540000915527,0
1193037697,040789519,0.08086243271827698,0.6666666666666666
1193037697,967986249,0.041326191276311874,0
1193037697,940011581,0.03754941374063492,0
1193491614,980688841,0.16642658412456512,0
1193491614,042294096,0.05956888198852539,0
1193491614,041883748,0.05947813764214516,0
119399523X,041139720,0.45641618967056274,0.3333333333333333
119399523X,040261816,0.4226990342140198,0.6666666666666666
119399523X,040262014,0.3058492839336395,0.3333333333333333
119399523X,040261875,0.2675847113132477,0
119399523X,04026193X,0.1774592250585556,0.3333333333333333
1194312802,042234999,0.041326191276311874,0
1194312802,118755749,0.009639986790716648,0
1194374123,040198626,0.21101172268390656,0
1194374123,040562182,0.17981629073619843,0
1194374123,040734390,0.17124658823013306,0
1194375561,041639499,0.07429167628288269,0
1194375561,04030826X,0.061236850917339325,0
1194375561,041318080,0.06068811193108559,0
1194375561,041739930,0.05859963968396187,0
1194375979,040617289,0.5219764709472656,0
1194375979,041212606,0.08543972671031952,0.3333333333333333
1194375979,040166287,0.05198751017451286,0.3333333333333333
1194375979,04136841X,0.04093257710337639,0
1194375979,951142879,0.01565662957727909,0
1194375979,042427975,0.0011112748179584742,0
1194376770,041739930,0.26960620284080505,0
1194376770,953301591,0.06460706144571304,0
1194376770,040472337,0.06452751904726028,0.3333333333333333
1194376770,118530585,0.016032801941037178,0
1194376770,948834684,0.015181255526840687,0
1194376983,041401913,0.10217399895191193,0
1194376983,980347564,0.018151650205254555,0
1194376983,950556297,0.015689637511968613,0
119437817X,041387597,0.18046022951602936,0
119437817X,041876407,0.12749971449375153,0.6666666666666666
119437817X,943836476,0.09163346886634827,0
119437817X,944257836,0.057791147381067276,0.6666666666666666
119437817X,040772233,0.014845171943306923,0.6666666666666666
1194467121,040172007,0.3680366575717926,0.6666666666666666
1194467121,041220935,0.14007799327373505,0
1194467121,041156064,0.10463274270296097,0
1194649440,040704637,0.41444283723831177,0.3333333333333333
1194649440,040532844,0.3510114848613739,0
1194649440,04076558X,0.3081814646720886,0
1194649440,040360326,0.19409632682800293,0
1194649440,041164180,0.17810964584350586,0
1194666949,040457915,0.39600786566734314,0.6666666666666666
1194666949,040470555,0.3734235167503357,0.6666666666666666
1194666949,041742885,0.10346464812755585,0
1194666949,040389367,0.06197340413928032,0
119505615X,040734382,0.48544973134994507,0
119505615X,041215834,0.4558819532394409,0.6666666666666666
119505615X,041240685,0.20418493449687958,0.3333333333333333
1195056389,040252922,0.3658024072647095,1
1195056389,040195147,0.21512220799922943,0.3333333333333333
1195056389,040136604,0.06176384165883064,0
1195056389,040136574,0.05712776258587837,0.6666666666666666
1195225962,100374446X,0.2201235145330429,0.3333333333333333
1195225962,959116044,0.08616217225790024,0.6666666666666666
1195225962,042011868,0.06630139797925949,0
1195237693,040323269,0.12359587103128433,0.3333333333333333
1195237693,041125878,0.09664682298898697,0
1195237693,040702472,0.0683160275220871,0
1195237693,04123555X,0.04048468917608261,0
1195442165,041777387,0.03419356793165207,0.6666666666666666
1195532822,040392260,0.11170091480016708,0.3333333333333333
1195532822,040012573,0.09996268898248672,0.3333333333333333
1195532822,1111812888,0.06610936671495438,0
1195590199,041293568,0.2946326732635498,0
1195590199,040528235,0.12491485476493835,0.3333333333333333
1195590199,041393112,0.06013064458966255,0
1195590199,041797949,0.04987728223204613,0
1195590199,040722988,0.01431806106120348,0
1195599056,04024153X,0.20837737619876862,0
1195599056,041552652,0.04219842329621315,0.3333333333333333
1195599056,007601735,0.03621060401201248,0
1195599056,007634846,0.01860773004591465,0
1195599056,95320412X,0.014514883980154991,0
1195599404,041374002,0.26960620284080505,0
1195599404,040465144,0.2694578766822815,0.6666666666666666
1195599404,040465845,0.24331827461719513,0.6666666666666666
1195599404,04046539X,0.23821692168712616,0.3333333333333333
1195599404,041750470,0.2004174292087555,0.3333333333333333
1195630131,040060926,0.3201156258583069,0.3333333333333333
1195630131,040447898,0.2295650690793991,0.3333333333333333
1195630131,040593312,0.10761476308107376,0
1195630131,041427688,0.04851698875427246,1
1195630131,041974506,0.03759218379855156,0.3333333333333333
1195659520,042216516,0.14117839932441711,0.6666666666666666
1195659520,00043194X,0.053001850843429565,0
1195659520,041800443,0.036861807107925415,0
1195659520,04181813X,0.028667550534009933,0
1196111669,041205588,0.04048500210046768,0
1196111669,982752040,0.016443340107798576,0
1196111669,042961769,0.014134548604488373,0
1196328560,04126892X,0.2673318684101105,0.3333333333333333
1196328560,040041697,0.04485582932829857,0
1196328560,002003724,0.041326191276311874,0
1196328560,001150014,0.010208587162196636,0
1196328730,040773302,0.05557187274098396,0.3333333333333333
1196328730,040035883,0.031234867870807648,0
1196644772,04160198X,0.07751087099313736,0.3333333333333333
1196644772,041800990,0.06095578148961067,0.3333333333333333
1196644772,987190016,0.04987728223204613,0.3333333333333333
1196644772,041454820,0.038542065769433975,0.3333333333333333
1196644772,04121028X,0.024528667330741882,0.3333333333333333
1196699801,041258584,0.3277319073677063,0
1196699801,041753615,0.133115753531456,0.6666666666666666
1196699801,042007208,0.0971580445766449,0.3333333333333333
1196699801,040638499,0.08128081262111664,0
1196699917,040152243,0.37978750467300415,0.3333333333333333
1196699917,041127269,0.1301632672548294,0
1196699917,940099845,0.08776073902845383,0.3333333333333333
1196699917,042675707,0.03488677740097046,0.6666666666666666
1196700451,040050440,0.28477171063423157,0
1196700451,948397284,0.014228062704205513,0
1196700451,1104151154,0.005914118140935898,0
1196700451,000557498,0.0026715153362601995,0
1196877556,04099399X,0.17437882721424103,0
1196877556,04033659X,0.17327144742012024,0.3333333333333333
1196877556,04130375X,0.06852767616510391,0.6666666666666666
1196877556,042834740,0.05453047528862953,0.3333333333333333
1196877556,041282698,0.04586263373494148,0.3333333333333333
1196960461,042591244,0.17730718851089478,0
1196960461,040566935,0.16511544585227966,0.6666666666666666
1196960461,042955173,0.06368964165449142,0
1196970505,042499968,0.5280415415763855,0
1196970505,040261875,0.4268985986709595,0
1196970505,041139720,0.3685052692890167,0
1196970505,041555724,0.036141686141490936,0
1197057552,040622665,0.22452567517757416,0
1197057552,041617282,0.04074621573090553,0
1197057552,041223233,0.026145126670598984,0.3333333333333333
1197057552,040622703,0.021938782185316086,0
1197057552,04174943X,0.021428029984235764,0
1197077456,041645006,0.1252392679452896,0
1197077456,041251652,0.07055588811635971,0
1197077456,946676860,0.039705801755189896,0.6666666666666666
1197077456,041219058,0.038118183612823486,0
1197077456,041645758,0.014071755111217499,0
1197636102,041262638,0.2219117283821106,0.6666666666666666
1197636102,946663459,0.08759637922048569,0.6666666666666666
1197636102,041077512,0.06825846433639526,0.6666666666666666
1197636102,041252187,0.06693686544895172,0.6666666666666666
119768154X,040579522,0.7234034538269043,0.3333333333333333
119768154X,042125030,0.1252392679452896,0.3333333333333333
119768154X,041822854,0.12262862175703049,0.3333333333333333
119768154X,040159302,0.07403398305177689,0.3333333333333333
1197929274,1019842695,0.1940157562494278,0.3333333333333333
1197929274,040061620,0.04081099107861519,0
1198068590,041326938,0.49704378843307495,0.6666666666666666
1198068590,040272087,0.14971484243869781,0.3333333333333333
1198068590,040272079,0.10936406999826431,0.3333333333333333
1198068590,041980123,0.08642756193876266,0
1198405104,040489604,0.08498358726501465,0.3333333333333333
1198405104,042060184,0.04700483754277229,0.3333333333333333
1198405104,040321282,0.03350810706615448,0.3333333333333333
1198405104,04049506X,0.03038398176431656,0.6666666666666666
1198455802,041231767,0.26383864879608154,0
1198455802,040694682,0.18572622537612915,0
1198455802,040786374,0.16040043532848358,0
1198455802,040389715,0.1486169397830963,0
1198480262,004113047,0.15921765565872192,0.6666666666666666
1198480262,1256298859,0.006659669801592827,0
1198480262,1135159769,0.00602634297683835,0
1199266019,040389715,0.15070125460624695,0.3333333333333333
1199266019,040699269,0.07434111833572388,0
1199266019,04172660X,0.026875372976064682,0.6666666666666666
1199266019,041214293,0.02505652792751789,0.6666666666666666
1199266019,041726677,0.01845770701766014,0.6666666666666666
1199266019,04078181X,0.016000404953956604,0.6666666666666666
1199268828,320033287,0.03706026077270508,0.3333333333333333
1199268828,1054168555,0.028271080926060677,0
1199268828,004273559,0.022029219195246696,0
1199355747,040619494,0.07842531055212021,0.6666666666666666
119954664X,041639529,0.03443555533885956,0
119954664X,998931691,0.026026003062725067,0
119954664X,041777069,0.02332424558699131,0.3333333333333333
119954664X,963183060,0.015002144500613213,0
1199615161,041389956,0.07148329168558121,0.3333333333333333
1199615161,040388042,0.04996359720826149,0
1199615161,955981131,0.04743729159235954,0.3333333333333333
1199615161,040143635,0.03723742812871933,0
1200241681,040009963,0.516796350479126,0.6666666666666666
1200241681,041954610,0.42252275347709656,0.3333333333333333
1200241681,945694970,0.17520840466022491,0.3333333333333333
1200241681,995996776,0.1174045279622078,0
1200241681,04142056X,0.09988978505134583,0.3333333333333333
120035365X,04114130X,0.16085761785507202,0.6666666666666666
120035365X,04143126X,0.024313369765877724,0.3333333333333333
1200405730,97200923X,0.16836071014404297,0.6666666666666666
1200405730,04172027X,0.07179293781518936,0.3333333333333333
1200405730,040419584,0.05182265117764473,0.6666666666666666
1200405730,041238524,0.04355667531490326,0
1201263751,040777049,0.10872950404882431,0.3333333333333333
1201263751,040544907,0.09775130450725555,0
1201263751,004284224,0.041326191276311874,0
1201263751,963766848,0.03221866860985756,0
1201263751,040694216,0.01699100434780121,0.3333333333333333
120130685X,040198529,0.468533456325531,0.6666666666666666
120130685X,041126963,0.43167680501937866,0.3333333333333333
120130685X,041854977,0.25234806537628174,0
120130685X,1057937827,0.07531539350748062,0
120130685X,041854640,0.06413577497005463,0
1201462908,94958052X,0.014228062704205513,0
1201462908,960156771,0.012334950268268585,0
1201462908,1241483248,0.009975062683224678,0
1201502535,041407717,0.23794811964035034,0.6666666666666666
1201502535,041745086,0.0816490575671196,0
1201502535,041310578,0.036856185644865036,0.6666666666666666
1201502535,041744918,0.02274554781615734,0.6666666666666666
1201502535,940289032,0.022294769063591957,0.6666666666666666
1201550297,041951034,0.31847095489501953,0
1201550297,040272230,0.16690213978290558,0
1201550297,04117674X,0.08672966808080673,0
1201550297,041287290,0.05784885585308075,0
1201550297,953441180,0.049621887505054474,0
1201550564,042792193,0.1917305290699005,0
1201550564,040552020,0.13284026086330414,0
1201550564,041319672,0.08077679574489594,0
1201550564,040378632,0.07155615091323853,0
1201550564,040750906,0.07148329168558121,0
1201631491,041135172,0.32189103960990906,0.3333333333333333
1201631491,04071117X,0.21495631337165833,0
1201631491,041537319,0.08703531324863434,0
1201631491,040164535,0.07548613101243973,0.6666666666666666
1201631491,040164624,0.016952166333794594,0.3333333333333333
1201644283,041488059,0.06020291522145271,0.3333333333333333
1201644283,042753678,0.022498756647109985,0.6666666666666666
1201644283,041699246,0.020341716706752777,0
1202010997,040162176,0.20267891883850098,0
1202010997,041951417,0.07575256377458572,0.6666666666666666
1202045367,040205290,0.5005061626434326,0
1202045367,040018695,0.13379043340682983,0.6666666666666666
1202045367,041961080,0.06583836674690247,0
1202045367,042483018,0.027748899534344673,0.6666666666666666
1202118496,040756580,0.1699521392583847,0.6666666666666666
1202118496,041155610,0.06925710290670395,0.6666666666666666
1202118496,970750188,0.06474104523658752,0.6666666666666666
1202118496,04162713X,0.03352084755897522,0
1202220959,042757819,0.03257991373538971,0.3333333333333333
1202220959,041535820,0.021539829671382904,0.6666666666666666
1202220959,041241320,0.021096142008900642,0
1202220959,042076943,0.01899559609591961,0
1202222331,041512766,0.20277808606624603,0.3333333333333333
1202222331,04113432X,0.19425177574157715,0.6666666666666666
1202222331,041798155,0.17837533354759216,0.6666666666666666
1202222331,041295242,0.15750081837177277,0
1202222331,040771318,0.07545901834964752,0.6666666666666666
1202272312,04026193X,0.17188039422035217,0.3333333333333333
1202272312,041139720,0.12870560586452484,0.3333333333333333
1202272312,040783154,0.07782283425331116,0.6666666666666666
1202275540,984746064,0.21101172268390656,0
1202275540,041900219,0.1035664901137352,0
1202275540,041303199,0.09997635334730148,0.3333333333333333
1202275540,040012387,0.06660044193267822,0.3333333333333333
1202275540,04114659X,0.04376406595110893,0
1202275540,983735530,0.0023809298872947693,0.3333333333333333
1202363962,040422038,0.33976441621780396,1
1202363962,1227960522,0.13651520013809204,0.3333333333333333
1202363962,040274535,0.0412282831966877,0.3333333333333333
1202363962,040311783,0.023971600458025932,0.3333333333333333
1202392113,04132370X,0.6702213883399963,0.3333333333333333
1202392113,040773493,0.39125341176986694,0
1202392113,953252663,0.16023465991020203,0
1202392113,041383966,0.1044272780418396,0
1202392113,1046758551,0.07562119513750076,0
1202439128,040416380,0.10281913727521896,0.6666666666666666
1202439128,955671906,0.07148329168558121,0.3333333333333333
1202439128,041392507,0.03147095814347267,0
1202439128,1209706350,0.015305248089134693,0.6666666666666666
1202608884,040107817,0.03804408758878708,0.3333333333333333
1202608884,040772160,0.030232442542910576,0.6666666666666666
1202608884,041386132,0.028271080926060677,0
1202780903,041675894,0.07202713936567307,0
1202780903,04069934X,0.049653492867946625,0.6666666666666666
1202780903,041360540,0.024272918701171875,0.6666666666666666
1202780903,041231899,0.012172446586191654,0
1202803075,040765369,0.4089548885822296,0
1202803075,040643174,0.1657898724079132,0
1202803075,040789217,0.09051612764596939,0
1202803075,040621103,0.08303267508745193,0
1202803075,041827414,0.06245913729071617,0
1202811663,041351290,0.22988902032375336,0.6666666666666666
1202811663,040059790,0.2068360149860382,0.3333333333333333
1202811663,04069349X,0.12093925476074219,0.3333333333333333
1203370202,042553709,0.09984539449214935,0
1203370202,040047148,0.05125715956091881,0.6666666666666666
1203370202,041488059,0.05006314069032669,0
1203538618,041352696,0.25186002254486084,0.3333333333333333
1203538618,041576543,0.23531614243984222,0
1203538618,041265556,0.08124902099370956,0
1203538618,040667243,0.06127126142382622,0
1203538618,042638976,0.018262358382344246,0
1203538618,042076757,0.001504135550931096,0
1203863985,040616436,0.44907280802726746,0.6666666666666666
1203863985,04121482X,0.18597429990768433,0.6666666666666666
1203863985,040274535,0.08646542578935623,0
1203863985,042017092,0.05215616524219513,0
1203863985,042252652,0.049621887505054474,0
1203863985,946683050,0.007741096429526806,0
120387524X,040332292,0.3474231958389282,0.6666666666666666
120387524X,040628175,0.25234806537628174,0.6666666666666666
120387524X,040315843,0.09254279732704163,0.3333333333333333
120387524X,041143884,0.07191813737154007,0.6666666666666666
1204199841,040066843,0.35039079189300537,0.3333333333333333
1204199841,040018334,0.11654488742351532,0.3333333333333333
1204199841,041423216,0.06731326878070831,0
1204253323,040288080,0.38175052404403687,0.6666666666666666
1204253323,041628004,0.1737385243177414,0.3333333333333333
1204253323,04286934X,0.10393059998750687,0
1204253323,041315030,0.09288231283426285,0
1204253323,041397738,0.032407939434051514,0
1204258422,041340299,0.03635910898447037,0
1204258422,040375889,0.028645191341638565,0
1204258422,040698068,0.027998533099889755,0.3333333333333333
1204258422,948738189,0.02211412414908409,0.3333333333333333
1204258422,041744217,0.018151650205254555,0
1204365466,041438833,0.00557320611551404,0
1204365466,041552792,0.004983392544090748,0
1204365466,943038782,0.003049866994842887,0
1204365466,041739744,6.974040879867971e-4,0
120443106X,040457915,0.4948144853115082,0.6666666666666666
120443106X,041234073,0.2332398146390915,0
120443106X,041696506,0.05690678954124451,0
120443106X,042402867,0.040941331535577774,0
1204555478,040709248,0.12831678986549377,0
1204555478,041207904,0.10683809220790863,0.3333333333333333
1204555478,041441826,0.05635126680135727,0.6666666666666666
1204826757,041937805,0.050994303077459335,0
1204826757,040620093,0.025219609960913658,0
1204826757,1034056433,0.020648447796702385,0
1204889635,040316483,0.061278291046619415,0.3333333333333333
1204889635,041522435,0.054492492228746414,0.6666666666666666
1204926751,041323270,0.12675358355045319,0.3333333333333333
1204926751,04056293X,0.11726690083742142,0
1204926751,040155420,0.04520560801029205,0
1204926751,984425020,0.041326191276311874,0.6666666666666666
1205009426,04041387X,0.09714410454034805,0
1205009426,040374416,0.09454219788312912,0.6666666666666666
1205009426,040389537,0.019916856661438942,0.6666666666666666
1205009426,040397173,0.0192989744246006,0.3333333333333333
1205016686,041366018,0.03588416799902916,0
1205016686,000378860,0.03249708563089371,0
1205016686,990980421,0.03109738603234291,0
1205016686,954465547,0.028271080926060677,0
1205018549,96472944X,0.10730712860822678,0
1205018549,041139720,0.09662695229053497,0.3333333333333333
1205018549,041939093,0.06941229850053787,0
1205018549,041397673,0.028271080926060677,0
1205139486,041393708,0.14260897040367126,0
1205139486,041490630,0.1383877992630005,0
1205139486,040772012,0.11067652702331543,0
1205139486,970834063,0.06703251600265503,0
1205259163,041140125,0.17423151433467865,0.3333333333333333
1205259163,041934849,0.1252392679452896,0.3333333333333333
1205259163,040343898,0.09912111610174179,0.6666666666666666
1205259163,041931696,0.02473335526883602,0.3333333333333333
1205372571,041323270,0.25089940428733826,0
1205372571,042483018,0.17447122931480408,0
1205372571,040198383,0.17045475542545319,0
1205372571,118540238,0.1282205730676651,0
1205372571,042179750,0.03890084847807884,0
1205734848,042865689,0.1300029158592224,0.6666666666666666
1205734848,041153677,0.055609170347452164,0
1205734848,040424537,0.044836994260549545,0
1205734848,951713833,0.03580649197101593,0
1205737790,040567303,0.4650215804576874,0.6666666666666666
1205737790,041207300,0.24830399453639984,0.6666666666666666
1205737790,040667960,0.17239362001419067,0.3333333333333333
1205737839,040632342,0.09826724976301193,0.3333333333333333
1205737839,040567699,0.04768756031990051,0
1205737839,041242688,0.014019681140780449,0.3333333333333333
1205804595,04163425X,0.45005249977111816,0.3333333333333333
1205804595,041371879,0.42521658539772034,0.6666666666666666
1205804595,949900184,0.4245281219482422,0.3333333333333333
1205804595,950988111,0.31533169746398926,0.3333333333333333
1205804595,040486559,0.041474562138319016,1
1205971858,040064069,0.4399428367614746,0.6666666666666666
1205971858,041375696,0.0697530210018158,0.3333333333333333
1205971858,040694356,0.05708359181880951,0.3333333333333333
1205971858,040227138,0.05276353284716606,0
1205977597,952619636,0.5052255392074585,0.3333333333333333
1205977597,04181116X,0.2061091959476471,0.3333333333333333
1205977597,04157009X,0.17920349538326263,0.3333333333333333
1205977597,042221269,0.1574976146221161,0
1205977597,041570103,0.07021946460008621,0.6666666666666666
1206240393,04034309X,0.27471837401390076,0
1206240393,041638387,0.11572232842445374,0
1206240393,041513312,0.07293836027383804,0
1206240393,041215567,0.035091355443000793,0.3333333333333333
1206240393,041529979,0.033983588218688965,0.3333333333333333
1206250143,041332784,0.3014979660511017,0.6666666666666666
1206250143,040182029,0.2636265456676483,0.6666666666666666
1206250143,040773493,0.13486307859420776,0.6666666666666666
1206250143,041983408,0.05591605603694916,0.6666666666666666
1206250682,118517406,0.02999124303460121,0
1206250682,118552708,0.004455444868654013,0
1206250682,142767905,0.0014409092254936695,0
1206250682,133761932,5.599462310783565e-4,0
1206344326,04045956X,0.2992173135280609,0.6666666666666666
1206344326,040592057,0.25540828704833984,0.6666666666666666
1206344326,040625478,0.24668295681476593,0.6666666666666666
1206344326,041373049,0.08796994388103485,0.3333333333333333
1206344326,041269764,0.055731192231178284,0.6666666666666666
1206414235,118608959,0.07749903947114944,0
1206414235,118608819,0.059988003224134445,0
1206414235,119455862,0.021229475736618042,0
1206414235,121673693,0.014440772123634815,0
1206414235,119324350,0.014363002963364124,0
120658856X,040473767,0.2652503252029419,0.6666666666666666
120658856X,041269144,0.12159215658903122,0.3333333333333333
120658856X,040058786,0.09053225070238113,0.3333333333333333
1206688874,042261279,0.27716827392578125,0.3333333333333333
1206688874,041137825,0.11703557521104813,0
1206688874,040416380,0.09432102739810944,0.3333333333333333
1206688874,041281500,0.041238490492105484,0.3333333333333333
1206723688,04225938X,0.09837475419044495,0.3333333333333333
1206723688,040700879,0.07322069257497787,0.6666666666666666
1206723688,04296704X,0.05415141582489014,0
1206723688,040466027,0.04910972714424133,0
1206730897,041203194,0.041326191276311874,0
1206730897,041203364,0.02897971123456955,0
1206730897,040478610,0.012677871622145176,0
1206730897,949650536,0.006519864313304424,0
1206820284,050534939,0.07651971280574799,0
1206820284,1026513898,0.041326191276311874,0
1206820284,942177142,0.014440772123634815,0
1206864311,042311039,0.5268821120262146,0.3333333333333333
1206864311,04027263X,0.2997078597545624,0.6666666666666666
1206864311,98761021X,0.21592658758163452,0
1206864311,040272583,0.11379019916057587,0.6666666666666666
1206877766,041141598,0.3569890260696411,0.6666666666666666
1206877766,941150658,0.20139481127262115,0.3333333333333333
1206877766,041132408,0.15424880385398865,0.3333333333333333
1207146757,040476898,0.3772725462913513,0.6666666666666666
1207146757,041351746,0.07602222263813019,0.3333333333333333
1207146757,964162504,0.07186723500490189,0.3333333333333333
1207146757,041264193,0.03879969194531441,0.3333333333333333
1207146757,042093759,0.023907560855150223,0
1207161756,118814699,0.3453305959701538,0.6666666666666666
1207161756,042849365,0.09611514210700989,0
1207161756,040692272,0.09549881517887115,0
1207161756,042818850,0.09436260163784027,0
1207187801,04142817X,0.4635857343673706,0
1207187801,041933176,0.42015770077705383,0.3333333333333333
1207187801,041298489,0.16312962770462036,0
1207187801,041516605,0.06773188710212708,1
1207187801,041128508,0.042662378400564194,0
1207187801,042191807,0.01632099412381649,0
1207444723,941748936,0.056556910276412964,0
1207444723,040737543,0.035235416144132614,0.6666666666666666
1207444723,042849365,0.029787030071020126,0.6666666666666666
1207444723,954353331,0.023130327463150024,0
1207444723,041258835,0.014930497854948044,0.6666666666666666
1207619671,042453984,0.1847081035375595,0
1207619671,040051846,0.12359587103128433,0
1207619671,043099432,0.08154673129320145,0
1207619671,041127110,0.04433421418070793,0.3333333333333333
1207720879,040312895,0.3900270462036133,0.6666666666666666
1207720879,04113303X,0.21006478369235992,0.6666666666666666
1207720879,040312992,0.1918070912361145,0
1208147838,041802128,0.023339446634054184,0
1208147838,041863984,0.00857448112219572,0
1208147838,118599739,0.004401188809424639,0
1208147838,00481908X,0.003983170259743929,0
1208147838,118748890,0.003538427408784628,0
1208211870,004854306,0.7646519541740417,0
1208211870,00041994X,0.004040880594402552,0
1208211870,00735519X,0.003138229250907898,0
1208323237,040501299,0.11719287931919098,0
1208323237,04171444X,0.11556626111268997,0
1208323237,041370422,0.06685693562030792,0
1208323237,042257816,0.06413725018501282,0
120850763X,042425875,0.041326191276311874,0.3333333333333333
120850763X,041242386,0.0407346710562706,0
120850763X,041528239,0.029860416427254677,0
1208520512,040665054,0.19816114008426666,0.3333333333333333
1208520512,040717968,0.13368090987205505,0.6666666666666666
1208520512,042003482,0.0969451516866684,0
1208520512,041401433,0.04939925670623779,0
1208633260,040178978,0.06976091116666794,0
1208633260,964448688,0.00991060957312584,0
1208633260,042869595,0.006781450472772121,0.3333333333333333
1208633260,041402162,0.004019598476588726,0.3333333333333333
1208633260,04112832X,6.90748798660934e-4,0.3333333333333333
1208764527,042239656,0.12607213854789734,0.3333333333333333
120891541X,000354392,0.1860971301794052,0.3333333333333333
120891541X,042577500,0.09274153411388397,0
120891541X,04301304X,0.052040211856365204,0
120891541X,1011876434,0.028271080926060677,0
120891541X,04006834X,0.027574840933084488,0
120893788X,040607240,0.12966299057006836,0
120893788X,040099466,0.09991206973791122,0.3333333333333333
120893788X,042523087,0.09327345341444016,0
120893788X,041476735,0.04236731678247452,0
1209067331,041289722,0.33482325077056885,0.6666666666666666
1209067331,040389367,0.2174430638551712,0.6666666666666666
1209067331,040018695,0.09105527400970459,0.3333333333333333
1209257254,041900219,0.1035664901137352,0
1209257254,04003772X,0.09677271544933319,0.6666666666666666
1209257254,040037630,0.07144064456224442,0.3333333333333333
1209257254,04058755X,0.013255569152534008,0
1209267365,040509109,0.31355491280555725,0
1209267365,042041708,0.12778443098068237,0.6666666666666666
1209267365,040777049,0.12403420358896255,0.6666666666666666
1209472945,040392899,0.4013919532299042,0.6666666666666666
1209472945,041365216,0.10637914389371872,0.6666666666666666
1209472945,041699289,0.03161032870411873,0.6666666666666666
1209472945,043253822,0.0017753823194652796,0.6666666666666666
1209474611,040006263,0.44779813289642334,0.3333333333333333
1209474611,04000628X,0.2767341732978821,0.6666666666666666
1209474611,040643174,0.06527150422334671,0.3333333333333333
1209490692,948868074,0.18247562646865845,0.3333333333333333
1209490692,040152499,0.13947327435016632,0
1209490692,041762053,0.06351013481616974,0
1209490692,040581292,0.05572432652115822,0
1209490692,007368607,0.0029300341848284006,0
1209671085,041720229,0.4282407760620117,0
1209671085,041650875,0.11553143709897995,0
1209671085,040426262,0.11059188842773438,0
1209671085,041378148,0.08276975154876709,0
1209873982,041166094,0.3673071563243866,0.6666666666666666
1209873982,946443920,0.12976108491420746,0.6666666666666666
121015689X,041394674,0.12400270253419876,0
121015689X,042750652,0.006518388167023659,0
121015689X,957884060,0.002898004138842225,0
1210245752,040557073,0.299090713262558,0
1210245752,041273370,0.05573321133852005,0
1210245752,041451457,0.051290303468704224,0
1210245752,040694216,0.04378271847963333,0
1210333546,041164180,0.5817872881889343,0
1210333546,040771563,0.14583617448806763,0
1210333546,041678826,0.13921263813972473,0
1210333546,041655508,0.13558156788349152,0
1210347148,040066274,0.35039079189300537,0
1210347148,040468402,0.18602830171585083,0
1210347148,040543943,0.08493798971176147,0
1210347148,957199023,0.04522906616330147,0
1210424029,000374989,0.027354588732123375,0
1210424029,041407040,0.01718204654753208,0
1210590646,04164199X,0.2939748167991638,0.6666666666666666
1210590646,040775879,0.11919278651475906,0.3333333333333333
1210590646,041335856,0.11418667435646057,0
1210590646,040432084,0.09154298901557922,0.3333333333333333
1210664410,042190576,0.3444831371307373,0.6666666666666666
1210664410,950296333,0.3204936683177948,0.6666666666666666
1210664410,973074388,0.31333646178245544,0.3333333333333333
1210664410,946561958,0.23531614243984222,0.3333333333333333
1210664410,1081265299,0.163917675614357,0.3333333333333333
1210692074,041766032,0.17920349538326263,0.6666666666666666
1210692074,041550358,0.12568263709545135,0
1210692074,04047979X,0.10720077157020569,0.3333333333333333
1210692074,042666708,0.0933179259300232,0.6666666666666666
1210694549,041306155,0.25025489926338196,0.6666666666666666
1210694549,040149048,0.10640121251344681,0.3333333333333333
1210729415,040557723,0.16009393334388733,0.6666666666666666
1210729415,042002419,0.15083639323711395,0
1210729415,041273664,0.07858314365148544,0.3333333333333333
1210729415,949998931,0.030908681452274323,0
1210730170,041512766,0.1204451248049736,0
1210730170,040007286,0.029191235080361366,0.6666666666666666
1210730170,043279066,0.023411650210618973,0
1211095711,040717968,0.2944994568824768,0
1211095711,040717976,0.10665605217218399,0
1211095711,040495078,0.09854169189929962,0
1211095711,040206602,0.0902685821056366,0.3333333333333333
1211095711,1170373488,0.06375468522310257,0.6666666666666666
1211172759,041230655,0.4299352765083313,0.3333333333333333
1211172759,041218183,0.06276796013116837,0.6666666666666666
1211172759,041451945,0.047014717012643814,0
1211172759,1038714850,0.029342425987124443,0
1211293157,041260562,0.15199820697307587,0.6666666666666666
1211293157,040681580,0.06965044140815735,0.6666666666666666
1211293157,941006115,0.04987728223204613,0.6666666666666666
1211293157,041741498,0.03754941374063492,0.6666666666666666
1211314707,041124359,0.47265222668647766,0
1211314707,041410149,0.4181399345397949,0
1211314707,040766454,0.31429967284202576,0
1211314707,042251753,0.04817374423146248,0
1211392562,04291096X,0.2154458910226822,0.6666666666666666
1211392562,040025187,0.16297273337841034,0
1211392562,042702925,0.08946353942155838,0
1211392562,040573109,0.07091348618268967,0
1211392562,040051846,0.06743348389863968,0
1211396924,04079167X,0.6294336318969727,0.6666666666666666
1211396924,1180540433,0.18816624581813812,0
1211396924,1038435064,0.028271080926060677,0
1211396924,004621506,0.010510209947824478,0
1211396924,118558404,0.00804989691823721,0
1211736334,946916667,0.12516669929027557,0.3333333333333333
1211736334,040063240,0.064380548894405365,0.3333333333333333
1211736334,041431324,0.04971257969737053,0.6666666666666666
1211736334,04121336X,0.02384791150689125,0.3333333333333333
1211737985,981206859,0.3110711872577667,0.6666666666666666
1211737985,041139720,0.304459810256958,0.3333333333333333
1211737985,040261875,0.10105405002832413,0.3333333333333333
1211791483,040408434,0.22588281333446503,0.6666666666666666
1211791483,041708342,0.05296287313103676,0.3333333333333333
1211791483,040408906,0.03612808510661125,0.6666666666666666
1211791483,041146557,0.03141346946358681,0.6666666666666666
121197409X,043229492,0.6252709627151489,0
121197409X,040476324,0.5160754919052124,0
121197409X,043036872,0.3453305959701538,0
121197409X,980432405,0.3010327219963074,0
1211984796,040066673,0.4192734956741333,0.3333333333333333
1211984796,040762319,0.29911482334136963,0.3333333333333333
1211984796,995800995,0.22283345460891724,0.6666666666666666
1211984796,041229258,0.16021662950515747,0
1211987345,040789373,0.11948463320732117,0
1211987345,04014609X,0.06654641032218933,0
1211987345,041281012,0.0658336728811264,0
1211987345,1105568407,0.06506619602441788,0
1211987868,041882296,0.35938745737075806,0
1211987868,971576181,0.0840427577495575,0
1211987868,040634663,0.045693229883909225,0.3333333333333333
1211990788,040665968,0.477580189704895,0.6666666666666666
1211990788,041164180,0.2217595875263214,0
1211990788,040665712,0.21758300065994263,0.6666666666666666
1211990788,042636310,0.10331550985574722,0.3333333333333333
1212452003,040406083,0.460432767868042,0
1212452003,000361755,0.10095397382974625,0
1212452003,040406148,0.07385216653347015,0
1212452003,040406156,0.046465955674648285,0
1212452003,042794803,0.04318603500723839,0
1212453263,940431181,0.47264498472213745,0
1212453263,050342568,0.21021395921707153,0
1212453263,041763386,0.20884600281715393,0
1212453263,103238512X,0.15592262148857117,0
121265272X,040437744,0.22768457233905792,0
121265272X,975720597,0.20162639021873474,0.3333333333333333
121265272X,041289870,0.15063175559043884,0
121265272X,04012178X,0.12428168207406998,0.6666666666666666
121265272X,040269264,0.07182106375694275,0
1212795954,041894472,0.1788349598646164,0
1212795954,040651053,0.10653191059827805,0
1212795954,041274733,0.019973434507846832,0
1212855205,040332039,0.5536125302314758,0.3333333333333333
1212855205,041231848,0.24608579277992249,0
1213038774,040261875,0.19850663840770721,0.3333333333333333
1213038774,041139720,0.18850670754909515,0.3333333333333333
1213038774,04026193X,0.15794503688812256,0.6666666666666666
1213097193,042932300,0.16642658412456512,0.3333333333333333
1213097193,041686098,0.15750081837177277,0.3333333333333333
1213097193,041240243,0.03306671604514122,0.6666666666666666
1213097193,042038294,0.03029039315879345,0.3333333333333333
1213300584,050361031,0.1685658097267151,0
1213300584,041294688,0.12257562577724457,0.6666666666666666
1213300584,007405774,0.0115478141233325,0
1213300584,1070828033,0.0076153771951794624,0
1213300584,00468687X,0.007479033898562193,0
1213300584,040091392,0.0028152032755315304,0.6666666666666666
1213348773,040759253,0.335869699716568,0.6666666666666666
1213348773,040159507,0.1787223219871521,0.6666666666666666
1213348773,040630013,0.055495116859674454,0.6666666666666666
1213348773,041293789,0.043604057282209396,0
1213348773,041854640,0.026653451845049858,0
1213448832,04200179X,0.35938745737075806,0.6666666666666666
1213448832,040187772,0.13380372524261475,0
1213448832,041555732,0.09474800527095795,0.6666666666666666
1213448832,041385497,0.06969927996397018,0
1213451698,040766454,0.11597183346748352,0
1213451698,041776127,0.06325611472129822,0
1213451698,041269527,0.06033541262149811,0.6666666666666666
1213451698,040266559,0.016632821410894394,0.3333333333333333
1213472741,040559572,0.15354838967323303,0
1213472741,946789827,0.07551638782024384,0.6666666666666666
1213513332,041969103,0.29817628860473633,1
1213513332,040746593,0.23471665382385254,0
1213513332,961739223,0.18733686208724976,0
1213523303,041155890,0.34872299432754517,0.3333333333333333
1213523303,940004585,0.15694250166416168,0.3333333333333333
1213523303,042157943,0.10519111901521683,0
1213524180,041275063,0.22635701298713684,0
1213524180,040734366,0.15108823776245117,0
1213524180,04173517X,0.07356470823287964,0.3333333333333333
1213526752,040348695,0.4809393584728241,0.3333333333333333
1213526752,040171825,0.23269031941890717,0
1213526752,041323009,0.15519778430461884,0.3333333333333333
1213526752,041670507,0.1336173415184021,0.3333333333333333
1213547725,04248362X,0.14868590235710144,0.3333333333333333
1213547725,991483006,0.13969051837921143,0.3333333333333333
1213547725,040710130,0.09444468468427658,0.3333333333333333
1213547725,040654710,0.036887332797050476,0.3333333333333333
121363458X,041944623,0.09262361377477646,0.3333333333333333
121363458X,040673413,0.028547998517751694,0.6666666666666666
121363458X,041336615,0.020474741235375404,0.6666666666666666
121363458X,042054753,0.009620504453778267,0.3333333333333333
1213728487,041323009,0.29076969623565674,0
1213728487,041589777,0.1710553616285324,0
1213728487,040068048,0.13216644525527954,0
1213728487,04300475X,0.07687491178512573,0
1213728487,118594869,0.014890051446855068,0
1213811201,040388522,0.33926016092300415,0.3333333333333333
1213811201,041616928,0.06706465780735016,0.3333333333333333
1213811201,04140517X,0.029184196144342422,1
1213811201,041765168,0.028271080926060677,0
1213811635,041439279,0.17437882721424103,0
1213811635,043197388,0.17358267307281494,0.3333333333333333
1213811635,041780337,0.06282477080821991,0.6666666666666666
1213811635,04132286X,0.041212767362594604,0
1213811635,040767159,0.017915742471814156,0
1213811678,041726782,0.10370542109012604,0.6666666666666666
1213811678,04034620X,0.043402619659900665,0.6666666666666666
121388490X,041460588,0.02150283195078373,0
121388490X,042937620,0.017339546233415604,0.6666666666666666
121388490X,041442733,0.016074439510703087,0.6666666666666666
1213972442,040493024,0.08600086718797684,0
1213972442,981200834,0.041629210114479065,0
1213972442,042261368,0.039654962718486786,0
1213973295,041388038,0.061604537069797516,0.3333333333333333
1213973295,00036441X,0.04095960035920143,0
1213973295,958589771,0.018151650205254555,0
1213973295,041849736,0.014752243645489216,0
1213973295,004703049,0.010942048393189907,0
1213973295,940011581,0.006596999242901802,0.3333333333333333
1214130275,040751287,0.04740646854043007,0
1214130275,041404459,0.03204143047332764,0
1214130275,041640438,0.028652820736169815,0
1214130275,041288467,0.0064848740585148335,0
1214301533,043008615,0.4399704337120056,0.3333333333333333
1214301533,042002346,0.16788510978221893,0.3333333333333333
1214301533,043092373,0.1007867306470871,0.3333333333333333
1214301606,1042006857,0.31550318002700806,0.3333333333333333
1214301606,040142388,0.2070624977350235,1
1214301606,041441265,0.07088255882263184,1
1214301606,040326713,0.05903473496437073,0.3333333333333333
1214367127,040762297,0.09351469576358795,0
1214367127,040465152,0.07418280094861984,0
1214367127,042053579,0.0713706910610199,0
1214367127,000644994,0.046465955674648285,0
1214368735,042531357,0.14368897676467896,0.6666666666666666
1214368735,987895397,0.06294763833284378,0.3333333333333333
1214368735,043070078,0.062390148639678955,0.6666666666666666
1214429459,041392450,0.23367361724376678,0
1214429459,041136764,0.03377465903759003,0
1214429459,941481999,0.02657337673008442,0
1214429459,042025877,0.024097522720694542,0
1214429459,04272354X,0.015421713702380657,0
1214640001,040152723,0.2858941853046417,0.3333333333333333
1214640001,040565912,0.02657615952193737,0
1214640001,041728556,0.025198528543114662,0
1214769039,945856938,0.4765363335609436,0
1214769039,040292908,0.30295053124427795,0
1214769039,042992524,0.07919340580701828,0
1214769039,955245443,0.016171501949429512,0
1214769039,1118877160,0.01518166158348322,0
1214811884,041345746,0.0787414088845253,1
1214811884,040360318,0.07302066683769226,0
1214811884,041282604,0.04838724434375763,0
1214886159,040104524,0.21906420588493347,0
1214886159,041414519,0.2149638831615448,0
1214886159,040111342,0.13304421305656433,1
1214886841,970750471,0.13310742378234863,0
1214886841,040488020,0.1231050118803978,0
1214958710,040474259,0.2167864739894867,0
1214958710,041758749,0.19609862565994263,0.3333333333333333
1214970524,042889723,0.18485820293426514,0.3333333333333333
1214970524,957559852,0.16851697862148285,0.3333333333333333
1214970524,042122775,0.16025130450725555,0.6666666666666666
1215036884,041537092,0.15995778143405914,0
1215036884,968416918,0.06479563564062119,0
1215036884,040164659,0.045693229883909225,0.6666666666666666
1215036884,940752999,0.041326191276311874,0
1215036884,041537149,0.03869552165269852,0
1215036884,042788935,0.03704807162284851,0
1215036981,043249809,0.06527150422334671,0
1215036981,041884159,0.05283084139227867,0.6666666666666666
1215036981,040122778,0.029653362929821014,0.6666666666666666
1215036981,040263029,0.028301673009991646,0.6666666666666666
1215037171,94203712X,0.04958570748567581,0
1215037171,04183433X,0.04828108847141266,0.6666666666666666
1215037171,041518926,0.024410657584667206,0.6666666666666666
1215099010,959678441,0.3038691580295563,0.6666666666666666
1215099010,041829476,0.11948463320732117,0.3333333333333333
1215099010,040031675,0.1177513375878334,0.3333333333333333
1215099541,040652343,0.047054510563611984,0
1215099541,947363815,0.036856185644865036,0
1215099541,953519481,0.005573560018092394,0.6666666666666666
1215099541,040991768,0.005001377779990435,0
1215099541,992281830,0.002783060073852539,0
1215159366,040494209,0.477580189704895,0.3333333333333333
1215159366,040494012,0.24801728129386902,0.3333333333333333
1215159366,040494268,0.11677081882953644,0
1215167741,041217845,0.23023904860019684,0
1215167741,040403998,0.14179526269435883,0
1215167741,041217837,0.04281417280435562,0
1215167741,041252802,0.04108597710728645,0.6666666666666666
1215295529,041387287,0.20729093253612518,0.3333333333333333
1215295529,04167166X,0.11572232842445374,0.3333333333333333
1215295529,123322929X,0.09534742683172226,0.6666666666666666
1215295529,1000723437,0.0658540427684784,0.3333333333333333
1215321791,04127802X,0.08212213963270187,0
1215321791,041870727,0.013351824134588242,0.3333333333333333
1215321791,042219914,0.00978516973555088,0
1215336985,041670256,0.14286474883556366,0
1215336985,04188440X,0.0630946084856987,0
1215336985,964893711,0.02473568357527256,0
1215336985,124255957,0.018262358382344246,0
1215337221,040607488,0.5770679116249084,0.3333333333333333
1215337221,040607496,0.4102667570114136,0.3333333333333333
1215337221,943194490,0.18655751645565033,0
1215337221,04056245X,0.09813263267278671,0
1215500084,041452747,0.11572232842445374,0
1215500084,040488020,0.09210209548473358,0
1215500300,118680315,0.18912093341350555,0.6666666666666666
1215500300,040991717,0.0032617116812616587,0
1215500300,040742679,0.0020170460920780897,0
1215576684,040332039,0.28803274035453796,0.6666666666666666
1215576684,041954610,0.2042214423418045,0
1215576684,041291867,0.14330939948558807,1
1215732880,04073840X,0.22007513046264648,0
1215732880,041379454,0.08705046772956848,0
1215732880,041282116,0.04882582649588585,0
1215764286,040477053,0.16821494698524475,0
1215764286,04176224X,0.06520193815231323,0
1215764286,04137942X,0.04429426044225693,0.3333333333333333
1215764286,040761266,0.04190237447619438,0.3333333333333333
1216001294,041842170,0.0813363790512085,0.3333333333333333
1216001294,041211928,0.07411102205514908,0
1216001294,041953843,0.07148329168558121,0
1216001294,04069481X,0.04445343092083931,0
1216040613,041455967,0.277527779340744,0.6666666666666666
1216040613,041455975,0.2714691162109375,0.6666666666666666
1216040613,952888270,0.17477497458457947,0.6666666666666666
1216040613,946676836,0.07651971280574799,0.6666666666666666
1216144435,040241378,0.2720832824707031,0
1216144435,040638545,0.17122900485992432,0.3333333333333333
1216144435,041276787,0.15742482244968414,0
1216144435,04024153X,0.14134657382965088,0
1216144435,040284565,0.06173140928149223,0.3333333333333333
1216144435,040272079,0.04742441698908806,0
1216256942,981206859,0.15750081837177277,0.6666666666666666
1216256942,040783154,0.07318887859582901,0.6666666666666666
1216256942,04114130X,0.02778957411646843,0
1216256942,040294870,0.01933969184756279,0
1216257744,041890728,0.17730718851089478,0.3333333333333333
1216257744,990774473,0.15075373649597168,0.3333333333333333
1216257744,041770110,0.06608732044696808,1
1216257744,040238199,0.05215772986412048,0.3333333333333333
1216257744,04317292X,0.04903329908847809,0.3333333333333333
1216257744,041591526,0.004872121848165989,0.6666666666666666
1216397082,1000723437,0.24058152735233307,0.6666666666666666
1216397082,041146557,0.1737385243177414,0.6666666666666666
1216397082,100072185X,0.14036811888217926,0.6666666666666666
1216639515,95569518X,0.33483263850212097,0
1216639515,041550900,0.2939473092556,0
1216639515,979755034,0.05943815037608147,0
1216639515,050394495,0.01988169364631176,0
1216639515,977164934,0.00947981420904398,0
1216641749,040014207,0.368002325296402,0
1216641749,040545415,0.19949662685394287,0
1216641749,040717577,0.19694188237190247,0
1216641749,040717453,0.18485820293426514,0
1216641749,041322932,0.0911424532532692,0.3333333333333333
1216706794,00764468X,0.0692257508635521,0.3333333333333333
1216706964,04157835X,0.3277319073677063,0.6666666666666666
1217009094,040679950,0.6024122834205627,0.6666666666666666
1217009094,041341139,0.20742543041706085,0.6666666666666666
1217009094,949893048,0.015296065248548985,0.6666666666666666
1217009094,041910664,0.009935823269188404,0
1217009094,954069501,0.0015647746622562408,0.3333333333333333
1217065180,041605799,0.11736497282981873,0
1217065180,04009846X,0.06648578494787216,0
1217507116,950565334,0.08561535179615021,0
1217507116,041979672,0.03859521821141243,0
1217507116,041393392,0.020673349499702454,0.3333333333333333
1217507116,04162856X,0.017292315140366554,0
1217587888,042350344,0.7920082807540894,0.3333333333333333
1217587888,040703428,0.44607308506965637,0
1217587888,040118894,0.35143402218818665,0.3333333333333333
1217587888,040118827,0.30321168899536133,0.6666666666666666
1217840869,959364080,0.11186142265796661,0.3333333333333333
1217840869,040699269,0.07434111833572388,0
1217840869,041227956,0.06576064974069595,0
1217840869,042557216,0.027785226702690125,0
1217840869,1053444419,0.018151650205254555,0
1217840869,1052978916,0.007049255073070526,0
1217844848,940610272,0.13992956280708313,0
1217844848,041393767,0.0717078372836113,0
1217844848,971894523,0.04048500210046768,0
1217844848,950987794,0.028047563508152962,0
1217844848,040790118,0.026454228907823563,0
1217938516,040215695,0.36609527468681335,0
1217938516,967558603,0.08065971732139587,0
1217938516,04075992X,0.06703251600265503,0.6666666666666666
1217938516,040414779,0.06216321140527725,0
1217938605,042016169,0.3195955455303192,0
1217938605,04110031X,0.041326191276311874,0
1217938605,040725936,0.03723742812871933,0
1217938605,118631713,0.0278631579130888,0
1217938605,04328552X,0.015421713702380657,0
1218037598,04160007X,0.08929069340229034,0
1218037598,040762319,0.07458139210939407,0
1218037598,1062665147,0.07205366343259811,0
1218037598,041379454,0.037544939666986465,0
121809883X,040331970,0.25132837891578674,0.3333333333333333
121809883X,040331776,0.2292332947254181,0.3333333333333333
121809883X,041411994,0.12124783545732498,0
121809883X,041657330,0.07749903947114944,0.3333333333333333
1218354887,040597873,0.2236538976430893,0.3333333333333333
1218354887,040360318,0.10252504050731659,0
1218354887,041702972,0.09001603722572327,0.3333333333333333
1218354887,041955250,0.03140277415513992,0
1218354887,1121043755,0.0012300050584599376,0
1218366230,04066399X,0.38472265005111694,0.3333333333333333
1218366230,040665283,0.28590747714042664,0.6666666666666666
1218366230,040665380,0.09217676520347595,0.3333333333333333
1218366230,041219309,0.0722678080201149,0.3333333333333333
1218400285,040156028,0.4236387014389038,0.3333333333333333
1218400285,041720342,0.24283312261104584,0
1218400285,040402274,0.2096668928861618,0
1218400285,97200923X,0.17039237916469574,0
1218400285,040126242,0.1409471184015274,0
1218463899,041298950,0.38754892349243164,0
1218463899,041678699,0.21764084696769714,0
1218463899,041779622,0.1643809676170349,0
1218463899,118748890,0.051689352840185165,0
1218485590,041165225,0.40588104724884033,0.6666666666666666
1218485590,040156028,0.3070422410964966,0.6666666666666666
1218485590,040522385,0.06410808861255646,0
1218485590,04138444X,0.05798964202404022,0.3333333333333333
1218685913,041443837,0.03487652167677879,0
1218685913,041529960,0.012516970746219158,0.3333333333333333
1218769904,941076873,0.18993695080280304,0.3333333333333333
1218769904,042294096,0.07058945298194885,0.6666666666666666
1218769904,04209268X,0.04981229826807976,0
1218769904,040197913,0.041163355112075806,0.3333333333333333
1218783931,041156587,0.5268821120262146,0.3333333333333333
1218783931,04132370X,0.14993500709533691,0.3333333333333333
1218783931,041339800,0.11678221076726913,0
1218783931,1009887017,0.08971346914768219,0.3333333333333333
1218863307,040703347,0.4299989640712738,0.6666666666666666
1218863307,952619636,0.09895647317171097,0
1218863307,040546845,0.06992033123970032,0.3333333333333333
1218863307,1042242453,0.06703251600265503,0.3333333333333333
1218863307,950920096,0.041242752224206924,0
1218867086,118524534,0.060623034834861755,0.6666666666666666
1218867086,040726134,0.05786716938018799,0
1218867086,041127749,0.013744162395596504,0.6666666666666666
1218867086,951044354,0.010861535556614399,0
1218867159,041297725,0.12427207827568054,0
1218867159,1151920975,0.09984539449214935,0
1218867159,041741129,0.05984506383538246,0
1218867183,040022374,0.3219970762729645,0.3333333333333333
1218867183,040022307,0.19740833342075348,0.3333333333333333
1218867183,041762258,0.042798519134521484,0.3333333333333333
1218867779,041602218,0.11950134485960007,0.6666666666666666
1218867779,041139364,0.11725389212369919,0.6666666666666666
1218867779,040582167,0.10325173288583755,0.3333333333333333
1218867779,04160220X,0.09570464491844177,0.6666666666666666
1218869194,04055676X,0.5401070713996887,0.6666666666666666
1218869194,040408698,0.2206159234046936,0
1218869194,965002845,0.15485021471977234,0
1218869496,041164660,0.15576612949371338,0.6666666666666666
1218869496,040495280,0.09775105863809586,0
1218869496,040573257,0.07729727774858475,0.3333333333333333
1218869496,040438694,0.0677400454878807,0
1218869496,04126259X,0.04148951172828674,0
1218872160,040408434,0.4257364869117737,0.3333333333333333
1218872160,040620115,0.07556737214326859,0
1218872160,040408906,0.04841417074203491,0.6666666666666666
1218872233,040777413,0.28625139594078064,0
1218872233,043128114,0.219154953956604,0
1218872233,041874145,0.16316430270671844,0
1218872233,041874218,0.13284026086330414,0
1218872233,940529882,0.08478299528360367,0
1218875550,040614964,0.12870560586452484,0
1218875550,041657276,0.12017779052257538,0.6666666666666666
1218875550,1033598682,0.036856185644865036,0
121900295X,041294106,0.24628126621246338,0
121900295X,041691946,0.23947790265083313,0
121900295X,043264646,0.22875408828258514,0
121900295X,041659686,0.22237350046634674,0
121900295X,990029395,0.21448713541030884,0
1219134783,040359646,0.39408400654792786,0
1219134783,042242444,0.16060470044612885,0
1219134783,041799127,0.12642516195774078,0
1219134783,04126116X,0.10180505365133286,0
1219134783,040531252,0.09329632669687271,0
1219139882,041199626,0.26696810126304626,0.3333333333333333
1219139882,953559521,0.009065739810466766,0.3333333333333333
1219139882,042979676,0.007773806340992451,0
1219139882,042327423,0.006518388167023659,0
1219141046,947220186,0.0070552583783864975,0
1219148997,040685969,0.3049893081188202,0
1219148997,040023257,0.07621109485626221,0
1219148997,041420632,0.06463906913995743,0
1219148997,951646451,0.041326191276311874,0
1219148997,042950104,0.03611801564693451,0
1219149667,041387287,0.6078054904937744,0
1219149667,1044874414,0.223273366689682,0
1219149667,041513746,0.15391984581947327,0
1219149667,041275918,0.11913547664880753,0
1219399132,042712009,0.16614799201488495,0
1219399132,041937546,0.1344890147447586,0
1219399132,963684892,0.12855887413024902,0
1219399132,041143302,0.12519948184490204,0
1219399132,041209575,0.07061466574668884,0
1219534595,040550729,0.6142578721046448,1
1219534595,04148259X,0.49846091866493225,1
1219534595,953243796,0.47669944167137146,0.6666666666666666
1219534595,042409454,0.3380148708820343,0
1219534595,04210212X,0.11572232842445374,0
1219577677,040164098,0.2189083844423294,0
1219577677,948754176,0.13835380971431732,0
1219577677,041708903,0.04612794145941734,0.3333333333333333
1219577677,04170889X,0.04343162849545479,0
1219577677,040145212,0.04045727476477623,0
1219577677,040734102,0.0345437228679657,0.3333333333333333
1219664510,042429536,0.047182828187942505,0
1219664510,04006834X,0.027574840933084488,0
1219664510,940434032,0.018151650205254555,0
1219664510,007772491,0.012489993125200272,0
1219962791,041223624,0.2265360951423645,0.3333333333333333
1219962791,040734137,0.11721868813037872,0.3333333333333333
1219962791,040562182,0.07711981981992722,0.3333333333333333
1219963216,040486559,0.25002795457839966,0.6666666666666666
1219963216,041283295,0.13835380971431732,0.3333333333333333
1219963216,041703707,0.1244395300745964,0
1219963216,040676757,0.1157725527882576,0
1219963216,041288505,0.08574193716049194,0.6666666666666666
1219982725,040384616,0.05431719124317169,0.6666666666666666
1219982725,1250716667,0.028538797050714493,0
1219982725,042360013,0.02153974026441574,0
1219982725,043119166,0.01874755695462227,0.6666666666666666
1219982725,04251178X,0.013876907527446747,0.6666666666666666
1220035432,041884175,0.7344920635223389,0.6666666666666666
1220035432,972755365,0.2154458910226822,0
1220035432,041310284,0.09140724688768387,0
1220035432,041698045,0.07155615091323853,0
1220080411,1034637800,0.1191001683473587,0
1220080411,041259726,0.03280571475625038,0
1220080411,041816110,0.02734687551856041,0
1220080411,118627813,0.01699100434780121,0
1220080411,042731534,0.014228062704205513,0
1220250333,041575253,0.5158410668373108,0.6666666666666666
1220250333,040118908,0.49096232652664185,0
1220250333,957260768,0.23131150007247925,0.6666666666666666
1220250333,042350344,0.22468926012516022,0.3333333333333333
1220270350,951713345,0.4927138388156891,0
1220270350,042084660,0.004822992719709873,0
1220270350,043011195,0.0047501022927463055,0
1220270350,041491483,0.0047266301698982716,0
1220270350,041298462,0.003626589197665453,0
1220276782,042361605,0.049621887505054474,0.3333333333333333
1220276782,957674732,0.030489139258861542,0.3333333333333333
1220276782,041689186,0.0256345234811306,0
1220276782,042128145,0.016878951340913773,0
1220488399,040408434,0.22648946940898895,0.6666666666666666
1220488399,041708342,0.09294331818819046,0.3333333333333333
1220488399,041146557,0.06378776580095291,0
1220488399,040408906,0.03507378697395325,0
1220488577,040703703,0.10244622081518173,0
1220488577,95205485X,0.041326191276311874,0
1220488577,004760808,0.005797153804451227,0
1220633178,041255658,0.2341812402009964,0
1220633178,040136574,0.12436667829751968,0.3333333333333333
1220633445,040269272,0.1718405932188034,1
1220633445,040269019,0.10589073598384857,0
1220633445,041616804,0.08937854319810867,0
122085140X,041139720,0.3567297160625458,0.3333333333333333
122085140X,04026193X,0.2711646854877472,0.3333333333333333
122085140X,040261875,0.1462145894765854,0
122085140X,040262014,0.0723290964961052,0.3333333333333333
1221130544,042720206,0.17920349538326263,0
1221130544,040557316,0.09826285392045975,0.6666666666666666
1221130544,940621088,0.030160386115312576,0
1221130544,041249879,0.014132960699498653,0
1221131966,040344029,0.26640087366104126,1
1221131966,040739953,0.211128830909729,0.6666666666666666
1221131966,040003957,0.20027852058410645,0.6666666666666666
1221131966,041585720,0.14873012900352478,0.3333333333333333
1221131966,040047636,0.10206709802150726,0.3333333333333333
1221278053,040389715,0.21191838383674622,0
1221278053,043234232,0.12257562577724457,0.3333333333333333
1221278053,040356698,0.05538507178425789,0
1221278053,043234240,0.022899776697158813,0.3333333333333333
1221282611,040261816,0.2542935609817505,1
1221282611,041139720,0.06779967993497849,0.6666666666666666
1221282611,041204328,0.043886687606573105,0.3333333333333333
1221289829,040372782,0.29494184255599976,0
1221289829,040539946,0.09714891016483307,0
1221289829,040212300,0.013198348693549633,0
1221312227,040275566,0.4891347289085388,0.3333333333333333
1221312227,041142268,0.16405801475048065,1
1221312227,040474259,0.0888928547501564,0
1221312227,041641752,0.04013274982571602,0.3333333333333333
1221312227,041557743,0.016604410484433174,0.6666666666666666
1221319337,041534182,0.09388840943574905,0
1221319337,04014562X,0.032359298318624496,0.3333333333333333
1221319337,041256956,0.030512899160385132,0
1221319337,04164140X,0.018151650205254555,0.3333333333333333
1221396846,040605604,0.5014796257019043,0
1221396846,041816056,0.053001850843429565,0
1221396846,040406008,0.03975105285644531,0
1221396846,300142781,0.018262358382344246,0
1221401564,040099466,0.2560935318470001,0
1221401564,04198322X,0.1191001683473587,0
1221401564,041387287,0.11237956583499908,0
1221401564,041125088,0.0832543894648552,0
1221401564,040156044,0.07156821340322495,0
1221596993,041206320,0.23939943313598633,0
1221596993,041659848,0.16477933526039124,0.3333333333333333
1221596993,040336697,0.06582894921302795,0
1221597485,040694682,0.35366737842559814,0.3333333333333333
1221597485,041367154,0.1737385243177414,0
1221597485,040704637,0.049476105719804764,0
1221597485,041802128,0.03778696060180664,0
1221971182,040447898,0.20473042130470276,0.3333333333333333
1221971182,04140386X,0.05671009421348572,0.3333333333333333
1221971182,1250716667,0.03607618808746338,0
1221971182,041800443,0.007150425110012293,0
1222436140,041657004,0.06696717441082001,0
1222436140,041656830,0.03723789006471634,0
1222737302,040446964,0.7752922773361206,0.6666666666666666
1222737302,004854306,0.031461868435144424,0
1222737302,041293940,0.012033399194478989,0
1222737302,006006388,0.006018733140081167,0
1222743701,042437792,0.3706955909729004,0.6666666666666666
1222743701,95932271X,0.3411405682563782,1
1222743701,041290070,0.03189912810921669,0.6666666666666666
1222973901,040358763,0.03556186705827713,0.6666666666666666
1222973901,040358739,0.01907423883676529,0.6666666666666666
1222973901,043012639,0.018151650205254555,0
1223174921,040546799,0.3277319073677063,0
1223174921,041302443,0.1816541999578476,0.6666666666666666
1223605434,042136288,0.10319477319717407,0.3333333333333333
1223605434,105398068X,0.09843476116657257,0.3333333333333333
1223605434,040563863,0.07587611675262451,0
1223605434,975205102,0.014808902516961098,0.3333333333333333
1223611078,041900219,0.022452592849731445,0
1223611078,118589598,0.010818029753863811,0.6666666666666666
1223611078,041734475,0.007243985775858164,0
1223611078,967909147,0.0011922147823497653,0
1223660567,1175481068,0.0057068620808422565,0
1223660567,118616099,0.003996780142188072,0
1223660567,118608533,0.003176092868670821,0
1223660567,1042383812,0.001322961994446814,0
1223705269,040473902,0.4845850467681885,0
1223705269,042242142,0.1350627988576889,0
1223705269,041260732,0.06524121761322021,0.3333333333333333
1223705269,942932285,0.06251807510852814,0
1223847357,042067529,0.21728798747062683,0
1223847357,1127148958,0.21177060902118683,0.6666666666666666
1223847357,042768705,0.09939390420913696,0.3333333333333333
1223847357,040559025,0.0762978047132492,0.3333333333333333
1223865703,041308476,0.06090646982192993,0.3333333333333333
1223865703,040538575,0.028667550534009933,0
1223865703,041365216,0.016436878591775894,0
1223865703,041469127,0.009297297336161137,0.6666666666666666
1223981878,040064328,0.1873146891593933,0
1223981878,041725948,0.049621887505054474,0
1223981878,041154495,0.024989793077111244,0
1223981878,041452445,0.024471024051308632,0
1223981878,954353331,0.022961795330047607,0
1224079914,041127625,0.04552417993545532,0.6666666666666666
1224079914,041674103,0.04148951172828674,0
1224079914,041251326,0.03502609208226204,0
1224079914,041893603,0.02025570347905159,0
1224193393,040438694,0.15069761872291565,0
1224193393,041322525,0.09643455594778061,0
1224193393,040700097,0.06435887515544891,0.3333333333333333
1224216121,946020663,0.16352497041225433,0
1224216121,94217061X,0.02299557998776436,0
1224315081,042666708,0.10719826072454453,0.6666666666666666
1224315081,040479897,0.08272120356559753,0.6666666666666666
1224315081,955202353,0.05070481449365616,0.3333333333333333
1224315081,043000460,0.048048797994852066,0.6666666666666666
1224334183,040309584,0.1276889145374298,0
1224334183,041634454,0.06899100542068481,0
1224334183,041634187,0.06583836674690247,0
1224334183,041934342,0.013317137956619263,0
1224527976,040154343,0.25939011573791504,0
1224527976,040664392,0.18328067660331726,0
1224527976,040557650,0.13752824068069458,0
1224739418,040337340,0.15742482244968414,1
1224739418,040699269,0.07434111833572388,0
1224739418,004245660,0.07140057533979416,0
1224964810,947544909,0.2657204568386078,0
1224964810,042889782,0.23666292428970337,0
1225069394,041490630,0.33986783027648926,0
1225069394,041249410,0.1497488170862198,0
1225069394,994521685,0.08899849653244019,0
1225069394,995800995,0.05796578526496887,0
122525616X,043249809,0.2923077642917633,0
122525616X,040564150,0.1991172879934311,0
122525616X,041244214,0.1465304046869278,0
122525616X,041127110,0.11596772819757462,0
1225545714,949343226,0.3411445617675781,0
1225545714,04124995X,0.27287188172340393,0
1225545714,041231767,0.24258960783481598,0.3333333333333333
1225545714,041870786,0.11158952862024307,0.3333333333333333
1225549051,041507215,0.3453742265701294,0.3333333333333333
1225549051,040131343,0.10128950327634811,0
1225549051,041248015,0.09143541008234024,0
1225549051,040533913,0.07420215010643005,0
1225749697,043287948,0.17920349538326263,0.3333333333333333
1225749697,041249410,0.16689366102218628,0.6666666666666666
1225749697,100824337X,0.06186594069004059,0
1225749697,994521685,0.027288809418678284,0
1226426565,040550729,0.21389053761959076,0.6666666666666666
1226426565,04148259X,0.19949662685394287,0.6666666666666666
1226426565,040612260,0.034833990037441254,0.6666666666666666
1226426565,041864530,0.005712590180337429,0.3333333333333333
1226430651,041841425,0.09720289707183838,0.6666666666666666
1226430651,041525469,0.045614879578351974,0.3333333333333333
1226430651,042915074,0.02788563258945942,0.6666666666666666
1226430651,041841387,0.008780059404671192,0
1226485197,040203832,0.21556773781776428,0.3333333333333333
1226485197,041568583,0.025625858455896378,0.3333333333333333
1226756069,040497224,0.07710301876068115,0.6666666666666666
1226756069,041300262,0.03717856481671333,0.3333333333333333
1226756069,040766640,0.015940522775053978,0
1226895611,042060214,0.08791857957839966,0.6666666666666666
1226895611,041343417,0.08674672245979309,0.6666666666666666
1226895611,041474546,0.04159925878047943,1
1226895611,004043448,0.03673764318227768,0
1226896634,040699269,0.07434111833572388,0
1226896634,040589560,0.028229795396327972,0.3333333333333333
1226896634,042090156,0.0265435129404068,0
1226896634,040263002,0.009508571587502956,0.3333333333333333
1226896634,962216518,2.7752830646932125e-4,0
1226936334,041372875,0.060604967176914215,0.3333333333333333
1226936334,040408744,0.05133659020066261,0.3333333333333333
1226936334,040742857,0.033687639981508255,0
1226942873,949816159,0.06400817632675171,0.6666666666666666
1226942873,040592200,0.03805785998702049,0.6666666666666666
1226944442,040605922,0.12436667829751968,0
1226944442,042476380,0.11971721053123474,0.3333333333333333
1226944442,948667397,0.032054342329502106,0
1226997449,040294862,0.5548123121261597,1
1226997449,040294870,0.29300254583358765,0.6666666666666666
1226997449,040294919,0.18546652793884277,0.3333333333333333
1226997449,040558568,0.05165551230311394,0
1226997449,041871049,0.03138326108455658,0.6666666666666666
1227039433,040588122,0.28291431069374084,0
1227039433,1003589227,0.16785109043121338,0
1227039433,04205298X,0.09988978505134583,0
1227039433,967135192,0.09005284309387207,0
1227039433,964751038,0.08649343252182007,0
1227189869,040757102,0.06799183040857315,0.3333333333333333
1227189869,040313182,0.049126144498586655,0.6666666666666666
1227189869,041825985,0.028271080926060677,0.6666666666666666
1227189869,041285085,0.016161127015948296,0
1227189869,041319222,0.014564835466444492,0
1227999879,040039390,0.299090713262558,0
1227999879,041323009,0.22571012377738953,0.3333333333333333
1227999879,042991277,0.1621694713830948,0
1227999879,040348695,0.11133085191249847,0.3333333333333333
1228072833,041404459,0.026949191465973854,0
1228072833,1198343389,0.02587272971868515,0
1228072833,041915852,0.020740509033203125,0
1228072833,04127833X,0.019622724503278732,0
1228786690,040631419,0.05392070487141609,0.6666666666666666
1228786690,940522667,0.02988940291106701,0.6666666666666666
1228786690,1165544261,0.015079658478498459,0
1229139796,954173082,0.07455562800168991,0
1229139796,041845684,0.038590095937252045,0
1229139796,041451260,0.03277109935879707,0.3333333333333333
1229435115,041724860,0.3377230167388916,0
1229435115,04123880X,0.1524711698293686,0
1229435115,040433684,0.059140950441360474,0
1229435115,94992783X,0.05202208086848259,0
1229688889,040700879,0.33986783027648926,0.6666666666666666
1229688889,967279453,0.21764715015888214,0.6666666666666666
1229688889,040104532,0.13743862509727478,0
1229688889,1038714850,0.09137052297592163,0
1229834745,041513525,0.12359587103128433,0.3333333333333333
1229834745,040776182,0.04434036836028099,0
1229834745,040248429,0.041974134743213654,0
1229834745,042179688,0.002516084583476186,0
1229835768,042038952,0.007028458174318075,0.3333333333333333
1229835768,040369439,0.006112225353717804,0
1229835768,042635306,0.00552267674356699,0.3333333333333333
1229835768,041320913,0.00395421264693141,0
1229976485,040268616,0.2617334723472595,0.3333333333333333
1229976485,948202491,0.07410342246294022,0
1229976485,040619494,0.06390903145074844,0
1230102582,041758188,0.11418667435646057,0.6666666666666666
1230102582,04064605X,0.04382701963186264,0.3333333333333333
1230102582,041848284,0.009551754221320152,0.6666666666666666
1230102582,121205592,0.0069030895829200745,0
1230102582,041533623,0.00571012357249856,0.6666666666666666
1230445226,041854640,0.20609408617019653,0.6666666666666666
1230445226,041141598,0.20078535377979279,0
1230445226,941150658,0.13780005276203156,0
1230445226,041634888,0.05221037194132805,0
1230550666,041369254,0.12021388858556747,1
1230550666,040784940,0.06977096945047379,0
1230550666,041508335,0.060789529234170914,0.3333333333333333
123055114X,042075394,0.06314461678266525,0.6666666666666666
123055114X,04120588X,0.053818922489881516,0
123055114X,040666069,0.0439603254199028,0
1230755772,040605604,0.1813761591911316,0
1230755772,041724127,0.15204837918281555,0
1230755772,04060909X,0.05572432652115822,0.6666666666666666
1230755772,956296092,0.04420705884695053,0
1230755772,941801500,0.028271080926060677,0.3333333333333333
1230755853,041134788,0.650354266166687,1
1230755853,041285069,0.1912197768688202,0.6666666666666666
1230755853,041197739,0.013950462453067303,0
1230796371,040566374,0.037465907633304596,0
1230796371,041911350,0.036856185644865036,0
1230796371,118635514,0.016790730878710747,0
1230796371,1009504452,0.012334950268268585,0
1230857737,040574113,0.09667836874723434,0.3333333333333333
1230857737,040574164,0.051512084901332855,0.3333333333333333
1230857737,04047609X,0.04622785001993179,0.3333333333333333
1230857737,040665054,0.03158576413989067,0
1231274662,04145958X,0.053001850843429565,0
1231274662,041388038,0.04527963325381279,0.6666666666666666
1231274662,040336433,0.028109868988394737,0.6666666666666666
1231274662,940011581,0.019344117492437363,0.3333333333333333
1231274662,004237617,0.018151650205254555,0
1231274735,940431181,0.26045486330986023,0
1231274735,041402650,0.13439303636550903,0.3333333333333333
1231274735,041318528,0.0651765689253807,0.3333333333333333
1231274735,994559119,0.035595931112766266,0
1231361700,04138539X,0.33609727025032043,0.6666666666666666
1231361700,040620115,0.06554959714412689,0
1231361700,040736555,0.060481905937194824,0.6666666666666666
1231361700,04056519X,0.05980819836258888,0.6666666666666666
1231361700,041297210,0.0533006377518177,0.3333333333333333
1231547022,959473009,0.014616892673075199,0
1231547022,042076943,0.010717993602156639,0
1231547022,007034350,0.007449634373188019,0
1231547022,004782437,0.006544115021824837,0
1231948647,12066996X,0.4927138388156891,0
1231948647,118893076,0.014363002963364124,0
1231948647,17007899X,0.009848902933299541,0
1231948647,118836404,0.009589863009750843,0
1231948647,118588958,0.0086137680336833,0
1232072133,955230713,0.050952713936567307,0
1232072133,041132033,0.02794906124472618,0
1232073083,963150790,0.1511159986257553,0.6666666666666666
1232073083,041207300,0.12168174237012863,0.6666666666666666
1232073083,041532015,0.08296376466751099,0
1232073083,04301304X,0.005785701796412468,0
1232313793,042666708,0.08262235671281815,0.3333333333333333
1232313793,040476103,0.07679883390665054,0.3333333333333333
1232313793,040781763,0.048769496381282806,0.6666666666666666
1232313793,100993662X,0.0470595583319664,0.3333333333333333
1232313793,041367448,0.023658044636249542,0
1232401455,040187764,0.1782558113336563,0.3333333333333333
1232401455,040760006,0.06484344601631165,0.3333333333333333
1232401455,040452697,0.06101105362176895,0.6666666666666666
1232406228,940706857,0.06410808861255646,0.6666666666666666
1232406228,955540496,0.033429939299821854,0
1232407542,041354109,0.06583836674690247,0
1232407542,040162788,0.06254956871271133,0.6666666666666666
1232407542,1029756651,0.043639469891786575,0
1232407542,041682475,0.011223575100302696,0
1232407542,007594038,0.0030854209326207638,0
1232576700,041381327,0.1410292237997055,0.6666666666666666
1232576700,04014562X,0.017165588214993477,0.3333333333333333
1232576700,975700014,0.006389032118022442,0
1232576700,040052346,0.006145074963569641,0
1232815187,041900219,0.24902261793613434,0.3333333333333333
1232815187,118559230,0.05029384791851044,0
1232815187,041914538,0.03246435895562172,0
1232815187,041629817,0.03007347323000431,0.3333333333333333
1232815187,04129517X,0.022433733567595482,0
1232913626,943205050,0.27892637252807617,0
1232913626,040297837,0.18497978150844574,0
1232913626,042470099,0.036856185644865036,0
1232913626,042319463,0.017950013279914856,0
1232913626,1014724058,0.014158129692077637,0
1233012762,041989147,0.14137662947177887,0
1233012762,040120619,0.11700814962387085,0.3333333333333333
1233012762,94311361X,0.045995231717824936,0
1233108824,041268482,0.3250533640384674,0
1233108824,042660580,0.08909028023481369,0
1233108824,041242599,0.03903679549694061,0
1233113682,042011906,0.3182916045188904,0
1233113682,041221664,0.127494677901268,0
1233113682,040013367,0.0785413458943367,0
1233194585,040014207,0.20503218472003937,0.3333333333333333
1233194585,940674513,0.13133054971694946,0.3333333333333333
1233194585,041322932,0.04530943185091019,0.3333333333333333
1233194585,040661857,0.04168042168021202,0
1233461494,040694682,0.45641618967056274,0.6666666666666666
1233461494,040443027,0.31906816363334656,1
1233461494,040443213,0.1353471279144287,0
1233461494,04210369X,0.12607213854789734,0
1233462555,040066673,0.31649279594421387,0.3333333333333333
1233462555,041243919,0.18993695080280304,0
1233462555,041800990,0.1415414959192276,0.3333333333333333
1233601377,04124852X,0.14978356659412384,0.6666666666666666
1233601377,041900219,0.1035664901137352,0.3333333333333333
1233601377,041177355,0.04115767031908035,0.3333333333333333
123360225X,967279453,0.34554705023765564,0.6666666666666666
123360225X,040700879,0.33986783027648926,0.6666666666666666
123360225X,041176227,0.24964924156665802,0.6666666666666666
1233678760,967279453,0.36761370301246643,0.6666666666666666
1233678760,040700879,0.2855749726295471,0.6666666666666666
1233957171,118560093,0.06609760969877243,0
1233957171,118560077,0.007687684148550034,0
1233957171,118574957,0.004725212696939707,0.3333333333333333
1233957171,118560115,0.004047637339681387,0
1234017873,040783154,0.06355969607830048,0.6666666666666666
1234017873,041854829,0.026144282892346382,0.6666666666666666
1234017873,981206859,0.007031717337667942,0.6666666666666666
1234017873,041854942,0.005692307837307453,0.3333333333333333
1234240300,04191578X,0.07411102205514908,0
1234240300,04020295X,0.04343162849545479,0
1234240300,1036986756,0.04268572852015495,0
1234240300,04324422X,0.04201248288154602,0
1234395428,940532182,0.1634855419397354,0.3333333333333333
1234395428,041281284,0.11948463320732117,0.3333333333333333
1234395428,040490750,0.10372688621282578,0.6666666666666666
1234395428,040004570,0.07413791865110397,0.6666666666666666
1234396769,040776182,0.3181552290916443,0.3333333333333333
1234396769,040775755,0.18405383825302124,0.3333333333333333
1234396769,041819357,0.054664429277181625,0
1234396769,041340787,0.052898991852998734,0
1234396769,040557723,0.03994562476873398,0
1234466945,040562182,0.14580309391021729,0.3333333333333333
1234466945,042060125,0.12943832576274872,0.6666666666666666
1234466945,042616425,0.10093709081411362,0.6666666666666666
1234911809,997459263,0.05397060513496399,0
1234911809,965582582,0.033880140632390976,0.6666666666666666
1234911809,04040935X,0.024388065561652184,0
1234911809,040377970,0.022797737270593643,0.3333333333333333
1235138542,040348695,0.44109806418418884,0.3333333333333333
1235138542,041361024,0.2100454717874527,0.3333333333333333
1235138542,040068048,0.17428536713123322,0
1235489159,043182925,0.02173665538430214,0.3333333333333333
1235489159,991511999,0.010557804256677628,0.3333333333333333
1235489159,00254508X,0.00789565872400999,0.3333333333333333
1235489159,1144653452,0.0026715153362601995,0
123568721X,040012573,0.27822989225387573,1
123568721X,982268742,0.08301245421171188,0.6666666666666666
123568721X,040783154,0.06232655048370361,0.6666666666666666
123568721X,042725046,0.03869552165269852,0.3333333333333333
1236383974,993106455,0.19323031604290009,0.6666666666666666
1236383974,990616312,0.06438334286212921,0.3333333333333333
1236383974,118522892,0.015421713702380657,0
1236383974,041289625,0.010159621946513653,0.3333333333333333
1236543815,041394984,0.11572232842445374,1
1236543815,042340810,0.016881199553608894,1
1236543815,040538575,0.016320787370204926,0
1236543815,040190145,0.01081724464893341,0.6666666666666666
1236575067,11865053X,0.05385451763868332,1
1236575067,040589153,0.029729755595326424,0.3333333333333333
1236575067,947820868,0.018151650205254555,0
1236575067,042216346,0.00340452091768384,0.3333333333333333
1236575067,042805007,0.0010007837554439902,0.3333333333333333
1236732561,040769682,0.169826939702034,0
1236732561,041759214,0.12283387035131454,0
1236732561,043050913,0.023653529584407806,0.3333333333333333
1236732561,949695106,0.007749007549136877,0
1236750829,040758060,0.3710942566394806,0
1236750829,041214447,0.1245058998465538,0.3333333333333333
1236750829,041379454,0.047260478138923645,0.3333333333333333
1236750829,950123633,0.03566129505634308,0
1236750829,040451038,0.03207335248589516,0
1236846680,1102915882,0.06722396612167358,0.6666666666666666
1236846680,040742679,0.039052266627550125,0.3333333333333333
1236846680,041678842,0.019220635294914246,0
1236846680,042843065,0.006941845640540123,0
1237105706,118596756,0.013941576704382896,0
1237105706,119261448,0.00574218574911356,0.6666666666666666
1237105706,943440963,0.0030456017702817917,0
1237105706,118893130,0.0014308678219094872,0
1237164176,04009779X,0.7752922773361206,0.6666666666666666
1237164176,040152243,0.3105056583881378,0.3333333333333333
1237164176,040452425,0.20973613858222961,0.3333333333333333
1237164176,041970349,0.2051994949579239,0.3333333333333333
1237164176,040759954,0.1094311773777008,0.3333333333333333
1237164176,040759962,0.09169510751962662,0.6666666666666666
123732002X,041559282,0.036856185644865036,0
123732002X,041679512,0.016740895807743073,0.6666666666666666
123732002X,04155924X,0.016617845743894577,0.6666666666666666
123732002X,041829352,0.014688188210129738,0
123732002X,041283554,0.009975062683224678,0.6666666666666666
1237495849,040447979,0.3438169062137604,0
1237495849,041295226,0.14726515114307404,0.3333333333333333
1237495849,040437744,0.1199282631278038,0
1237495849,1208516159,0.1023903340101242,0.6666666666666666
1237498945,040288935,0.1599181890487671,0
1237498945,040289435,0.06576064974069595,0
1237498945,040289079,0.06499138474464417,0
1237498945,040354415,0.0615103617310524,0
1237618177,041271173,0.8117367029190063,0.6666666666666666
1237618177,041173465,0.29067620635032654,0
1237618177,041218566,0.06479563564062119,0
1237618177,04129047X,0.06427814066410065,0
1237618177,041124456,0.0487225316464901,0
1237623049,951517023,0.010163281112909317,0
1237623049,040744310,0.007060712203383446,0
1237623049,040068226,6.607295363210142e-4,0
1237746884,041824830,0.20212948322296143,0.6666666666666666
1237746884,041166485,0.01791366934776306,0
1237746884,041310810,0.015985464677214622,0
1237746884,040252590,0.011511572636663914,0.6666666666666666
1237747155,042643929,0.03955216333270073,0
1237747155,041845684,0.024491693824529648,0.6666666666666666
1237747155,040694216,0.017349475994706154,0.3333333333333333
1237747155,04153476X,0.012223051860928535,0
1237894387,040172147,0.17111241817474365,0.3333333333333333
1237894387,041315243,0.12855887413024902,0
1237894387,041222008,0.12665173411369324,0.3333333333333333
1237894387,041604202,0.06722396612167358,0.3333333333333333
1237894387,000352225,0.03754941374063492,0
1237959675,040490432,0.12856708467006683,0.6666666666666666
1237959675,04136709X,0.11762421578168869,0.6666666666666666
1237959675,041298357,0.05070481449365616,0.6666666666666666
1237959675,965459969,0.025437744334340096,0.6666666666666666
1237971071,007370970,0.3010327219963074,0
1237971071,040465845,0.1803193986415863,0.3333333333333333
1237971071,004854306,0.0717938095331192,0
1237971071,000351873,0.02016322873532772,0
1238004741,041249828,0.4625611901283264,0.6666666666666666
1238004741,941917789,0.2950940430164337,0.6666666666666666
1238004741,040490785,0.22734883427619934,0
1238004741,041755588,0.1954978108406067,0
1238004741,042309484,0.1465848833322525,0
1238148301,041208064,0.16285361349582672,0.6666666666666666
1238148301,040370054,0.11575467884540558,0.6666666666666666
1238148301,955575869,0.017154192551970482,0.6666666666666666
1238251331,950345180,0.3930787146091461,0
1238251331,040360342,0.18866203725337982,0.3333333333333333
1238251331,040359492,0.14007799327373505,0
1238251331,041383893,0.07268692553043365,0
1238251331,04162677X,0.02767135575413704,0
1238305857,041886828,0.19421198964118958,0
1238305857,040359476,0.08688998222351074,0
1238305857,040359492,0.0786462351679802,0
1238305857,040742857,0.07179231196641922,0.3333333333333333
1238307094,040712168,0.07749153673648834,0.6666666666666666
1238307094,041315537,0.03168465197086334,0.3333333333333333
1238307094,041734475,0.028543535619974136,0
1238307094,041543858,0.007154397666454315,0
1238366392,040176045,0.2109801471233368,0
1238366392,040052796,0.0619165301322937,0
1238366392,041644735,0.04439500346779823,0.3333333333333333
1238366392,043120946,0.04343162849545479,0
1238386334,001111639,0.364585816860199,0
1238386334,040119262,0.2989301085472107,0
1238386334,041826795,0.018542030826210976,0
1238386334,004676882,0.016300169751048088,0
1238386334,963780964,0.007846072316169739,0
123849420X,04005988X,0.1406257301568985,0.6666666666666666
123849420X,041140400,0.10887185484170914,0
123849420X,965106497,0.028787147253751755,0
123849420X,949116173,0.026709983125329018,0.6666666666666666
1238527647,040174697,0.15209877490997314,1
1238527647,041614003,0.0977146252989769,0.3333333333333333
1238527647,040699269,0.05410353094339371,0.3333333333333333
1238527647,941471470,0.027084559202194214,0.6666666666666666
1238598471,041237137,0.1382022351026535,0.6666666666666666
1238598471,040376478,0.09040325880050659,1
1238598471,041247876,0.06583836674690247,0.6666666666666666
1238598471,04012181X,0.06526865810155869,0.3333333333333333
1238601588,042211212,0.17437882721424103,0
1238601588,041541316,0.11341781169176102,0.6666666666666666
1238601588,041685679,0.10557972639799118,0.6666666666666666
1238654290,041416813,0.017728233709931374,0
1238654290,000155144,0.009975062683224678,0
1238654290,000354953,0.009239090606570244,0
1238654290,118737384,0.0050807069055736065,0
1238779956,040700879,0.33986783027648926,0.6666666666666666
1238779956,1165598906,0.24264998733997345,0.6666666666666666
123888850X,041762282,0.25273242592811584,0
123888850X,040477088,0.20132768154144287,0
123888850X,040477150,0.11460193991661072,0
123888850X,041323394,0.0840427577495575,0.3333333333333333
1238891888,043274706,0.09068166464567184,0.3333333333333333
1238891888,941420167,0.039825309067964554,0
1238891888,1010046152,0.02725103124976158,0
1238892094,041297725,0.2272941768169403,0.6666666666666666
1238892094,040198383,0.15802088379859924,0.6666666666666666
1238892094,040726533,0.07756458967924118,0.3333333333333333
1238892094,040149633,0.035340264439582825,0
1238892515,041239407,0.0683448538184166,0
1238892515,040640353,0.04443511739373207,0
1238892515,040455807,0.03802867978811264,0.6666666666666666
1238892515,043066615,0.03269070386886597,0
1238893627,040156028,0.7037957906723022,0.6666666666666666
1238893627,040557650,0.3688632845878601,0
1238893627,040664392,0.27471837401390076,0
1238893627,041375335,0.19017112255096436,0.3333333333333333
1238893627,04129503X,0.08990466594696045,0
1238893937,040710505,0.36349549889564514,0.3333333333333333
1238893937,04153283X,0.20088303089141846,0.6666666666666666
1238893937,040710513,0.18984732031822205,0.6666666666666666
1238893937,100725727X,0.050937261432409286,0
1238893937,04076110X,0.049620192497968674,0
1238893937,994865228,0.01627899520099163,0
1238894496,040496805,0.17206425964832306,0.3333333333333333
1238894496,040025942,0.12855887413024902,0
1238894496,040474585,0.04198472946882248,0
1238894496,041221494,0.023380212485790253,0
123911513X,040087670,0.302059531211853,0.6666666666666666
123911513X,995800995,0.14006885886192322,0.6666666666666666
123911513X,004316770,0.09764505177736282,0
123911513X,1015425712,0.05983858183026314,0
123911513X,949961221,0.04987728223204613,0
1239422296,040118932,0.2001878023147583,0.6666666666666666
1239422296,040270688,0.16821494698524475,0
1239422296,042349877,0.16617311537265778,0.6666666666666666
1239422296,040610276,0.06744290888309479,0
1239422296,041344324,0.029386304318904877,0
1239442548,040198898,0.33511972427368164,0
1239442548,040025675,0.18931244313716888,0.3333333333333333
1239442548,996431608,0.16939444839954376,0.3333333333333333
1239442548,040026507,0.12400270253419876,0.3333333333333333
1239561245,040638499,0.31857240200042725,0.6666666666666666
1239561245,043239552,0.12948556244373322,0.3333333333333333
1239561245,041258584,0.0883140116930008,0.3333333333333333
1239561245,041753615,0.055731192231178284,0.6666666666666666
1239562594,04059758X,0.25939053297042847,0.6666666666666666
1239562594,04060909X,0.09461833536624908,0.6666666666666666
1239562594,041753224,0.025998743250966072,0
1239659067,041871049,0.03028085269033909,0.6666666666666666
1239659067,041381440,0.025188839063048363,0
1239659067,041155130,0.016603419557213783,0
1239659067,041381459,0.01561729609966278,0.3333333333333333
1239837399,041641752,0.2096668928861618,0.6666666666666666
1239837399,040783154,0.05500475689768791,1
1239894171,041164660,0.23125247657299042,0.3333333333333333
1239894171,040636186,0.08790890872478485,0
1239894171,971576181,0.08260907232761383,0.3333333333333333
1240052103,04127380X,0.2424747496843338,1
1240052103,040476103,0.05723053216934204,0.3333333333333333
1240230532,040783154,0.07896561920642853,0.6666666666666666
1240230532,041155467,0.0574653260409832,0.3333333333333333
1240230532,040455157,0.050557345151901245,0.6666666666666666
1240230532,040597962,0.014872819185256958,0
1240247028,040162974,0.2515276074409485,0.3333333333333333
1240247028,040482413,0.17397408187389374,0.6666666666666666
1240247028,040481557,0.06806551665067673,0.3333333333333333
1240247028,041535685,0.05891674757003784,0
1240315414,040564207,0.1536947786808014,0.3333333333333333
1240315414,040564150,0.09100458025932312,0.3333333333333333
1240315414,040563693,0.033880140632390976,0
1240315414,964895714,0.024839065968990326,0
1240315414,004284224,0.018151650205254555,0
1240315414,050775308,0.01708121784031391,0
1240393245,040710513,0.642977237701416,1
1240393245,040710505,0.2519585192203522,0.3333333333333333
1240393245,04153283X,0.17334304749965668,0.3333333333333333
1240393245,040694836,0.15514296293258667,0
1240393245,959598111,0.08861058205366135,0
124039828X,041873572,0.10811702907085419,0.3333333333333333
124039828X,041365216,0.09065217524766922,0.6666666666666666
124039828X,041699173,0.06583836674690247,1
124039828X,041699289,0.04639620706439018,1
124039828X,041385489,0.034797657281160355,1
1240430086,040261816,0.42106303572654724,1
1240430086,042441439,0.3191021978855133,0
1240430086,040108570,0.1231050118803978,0.3333333333333333
1240430086,041139720,0.09949738532304764,0.3333333333333333
1240488165,040564053,0.06375013291835785,0.3333333333333333
1240488165,041243978,0.032742977142333984,0.3333333333333333
1240488165,040777030,0.027974624186754227,0.3333333333333333
1240488165,041446658,0.02775849774479866,0.3333333333333333
1240609353,043251935,0.12478768825531006,0
1240609353,041143183,0.11869502067565918,0
1240609353,991512669,0.04271866753697395,0
1240609353,041651073,0.04048500210046768,0
1240614160,041222334,0.052071742713451385,0
1240614160,041365283,0.03273501619696617,0
1240614160,041164318,0.02302984893321991,0
1240614160,960003630,0.012334950268268585,0
1240673655,040025187,0.1316346824169159,0
1240673655,040172694,0.10852563381195068,0
1240673655,041692462,0.049456946551799774,0
1240673655,04038330X,0.04916965216398239,0
1240673973,041744950,0.05009040609002113,0
1240673973,041517865,0.041326191276311874,0
1240673973,979389208,0.026473570615053177,0
1240673973,04147127X,0.005484148859977722,0
124076068X,973074388,0.6808851361274719,0
124076068X,041269454,0.30882686376571655,0
124076068X,960767053,0.19281542301177979,0
124076068X,040592529,0.19215814769268036,0
124076068X,041654412,0.16966833174228668,0
124076068X,041419537,0.033691029995679855,0
1240933304,040449033,0.30463406443595886,0.3333333333333333
1240933304,041644735,0.07036904990673065,0
1240933304,04042278X,0.040110569447278976,0
1241064636,040538486,0.1845991611480713,1
1241064636,041323742,0.12400270253419876,0.6666666666666666
1241064636,949913693,0.05258853733539581,0
1241064636,041804538,0.034484874457120895,0
1241064636,997859024,0.02410762757062912,0
1241064636,040538613,0.022160986438393593,0.6666666666666666
1241195153,041207300,0.5683596134185791,0.3333333333333333
1241195153,042260086,0.37490227818489075,0
1241195153,041969146,0.24283312261104584,0
1241195153,040139603,0.1651027649641037,0.3333333333333333
1241195153,946178690,0.1558610498905182,0
1241195153,1156876761,0.04987940564751625,0.3333333333333333
1241318271,041585720,0.08390431106090546,0
1241318271,040397149,0.02295086905360222,0
1241318271,942489500,0.015181255526840687,0
1241318271,041613422,0.008553399704396725,0
1241478252,040332039,0.48095425963401794,0.6666666666666666
1241478252,041273745,0.28578925132751465,0.6666666666666666
1241478252,04046539X,0.11010187119245529,0
1241478252,041289986,0.08281393349170685,0.3333333333333333
1241536945,040470008,0.05389693006873131,0.6666666666666666
1241536945,041717406,0.02576032467186451,0.6666666666666666
1241536945,042200113,0.015181255526840687,0
1241536945,1031884300,0.009834744036197662,0
124179619X,040604918,0.19947999715805054,0.3333333333333333
124179619X,041499204,0.12323161959648132,0.3333333333333333
124201814X,040344029,0.0846787691116333,1
124201814X,041934849,0.04148951172828674,0.6666666666666666
124201814X,041353919,0.03663434460759163,0.6666666666666666
124201814X,040656543,0.03300454095005989,0.3333333333333333
124201814X,955981131,0.02596338652074337,0.6666666666666666
1242090789,04033628X,0.46936890482902527,0
1242090789,04129601X,0.14330939948558807,0
1242090789,040030113,0.0690493956208229,0
1242090789,943878640,0.04051780328154564,0.6666666666666666
1242090789,042991358,0.04048500210046768,0
1242239014,967279453,0.1412154585123062,0.3333333333333333
1242239014,040700879,0.13947327435016632,0.6666666666666666
1242239014,041367464,0.041326191276311874,0.6666666666666666
1242239014,040238326,0.018992237746715546,0.3333333333333333
124231587X,041742893,0.3095737099647522,0.3333333333333333
124231587X,979984149,0.15123499929904938,0
124231587X,945843526,0.0470263734459877,0
1242574417,041678826,0.07089147716760635,0
1242574417,040024318,0.04215013608336449,0
1242574417,040754553,0.03889141604304314,0.6666666666666666
1242574417,040540219,0.03426890820264816,0
1242574417,040742857,0.022029219195246696,0
1242634800,040557723,0.5490402579307556,0.6666666666666666
1242634800,952665956,0.036856185644865036,0
1242634800,952767597,0.014140881597995758,0.6666666666666666
1242634800,004653130,0.00541625265032053,0
1242637648,040027333,0.31319835782051086,0.3333333333333333
1242637648,041125770,0.20361454784870148,0.3333333333333333
1242637648,040059820,0.19694188237190247,0.6666666666666666
1242637648,040027597,0.16022442281246185,0.3333333333333333
1243286326,1127148958,0.3288637101650238,0.3333333333333333
1243286326,041925483,0.28300487995147705,0
1243286326,041166736,0.07751721888780594,0
1243286326,040588025,0.06954032182693481,0
1243286326,964751089,0.06055160239338875,0
1243351144,041824822,0.12943832576274872,0
1243351144,041242386,0.11059188842773438,0
1243351144,040563820,0.09763027727603912,0.3333333333333333
1243351144,041824598,0.09343063086271286,0.3333333333333333
1243351233,042179750,0.03890084847807884,0
1243351233,1049169247,0.026744956150650978,0
1243351233,041376609,0.02636527828872204,0
1243351233,041584392,0.020588483661413193,0
1243439661,040121127,0.1816679686307907,0
1243439661,040564584,0.15151956677436829,0
1243439661,040289370,0.09867367148399353,0
1243681926,042278880,0.041326191276311874,0
1243681926,004816471,0.026120642200112343,0
1243681926,996974008,0.008869200944900513,0
1243681926,041986202,0.00572058605030179,0
1244920304,042399750,0.5603212118148804,0.6666666666666666
1244920304,958514097,0.15717066824436188,0
1244920304,944217389,0.10819301009178162,0.3333333333333333
124500302X,001225529,0.17646057903766632,0.6666666666666666
124500302X,950644595,0.12642516195774078,0.3333333333333333
1245252496,040564428,0.14561784267425537,0.6666666666666666
1245252496,040162176,0.10925232619047165,0.3333333333333333
1245252496,040620093,0.09633280336856842,0.3333333333333333
1245252496,040772160,0.0602017343044281,0.6666666666666666
1245620568,116881046,9.294198825955391e-4,0
1245843680,040320812,0.07265294343233109,0.3333333333333333
1245843680,041649583,0.05614149197936058,0.3333333333333333
1245843680,040437744,0.041893281042575836,0
1245843680,040273660,0.030578481033444405,0
1246164426,1135937567,0.2116898000240326,0.6666666666666666
1246164426,040142388,0.17359669506549835,0.6666666666666666
1246164426,041517954,0.14570832252502441,0
1246674963,042666708,0.09272907674312592,0.6666666666666666
1246674963,96554351X,0.03747102990746498,0.6666666666666666
1246674963,040479919,0.01569090411067009,0
1246674963,976447657,0.0062356190755963326,0.6666666666666666
1246674963,1197831657,0.0013914945302531123,0.6666666666666666
1246683997,040782484,0.24005699157714844,0
1246683997,041215842,0.0975193902850151,0
1246683997,041841956,0.054474446922540665,0
1246683997,041823575,0.03729527071118355,0
1246759640,041615948,0.08670821785926819,0.6666666666666666
1246759640,042802016,0.0479336716234684,0
1246759640,040267709,0.034200314432382584,0
1246879018,04138315X,0.2064446359872818,1
1246879018,041232364,0.20454548299312592,0.3333333333333333
1246879018,040404013,0.14967405796051025,0
1246879018,041706072,0.07721644639968872,0.3333333333333333
1246897369,040455033,0.5986614227294922,1
1246897369,041240502,0.3121415376663208,0.3333333333333333
1246897369,040710343,0.21191838383674622,0.6666666666666666
1246897369,040455173,0.21109925210475922,0.3333333333333333
1246897369,041155467,0.15548734366893768,1
1247008339,040730913,0.4284180998802185,1
1247008339,041750020,0.04746227338910103,0
1247008339,944242758,0.024017982184886932,0
1247431703,040557650,0.743302583694458,0.6666666666666666
1247431703,040558762,0.3245982825756073,0
1247431703,040776247,0.2519419193267822,0
1248102924,040562182,0.14786024391651154,0.3333333333333333
1248102924,1148362002,0.09776368737220764,0.3333333333333333
1248102924,041447794,0.05642734467983246,0.3333333333333333
1248102924,962005959,0.024056557565927505,0.3333333333333333
1248421493,043137016,0.01745213009417057,0
1248421493,041521927,0.014778727665543556,0
1248421493,041258258,0.011992810294032097,0
1248421493,1049667743,0.010775216855108738,0
1248767187,040725243,0.5836467742919922,0.3333333333333333
1248767187,959647988,0.02668657712638378,0.3333333333333333
1248767187,94070949X,0.025632157921791077,0
1248767187,043062024,0.00788089632987976,0
1248971604,040742504,0.13754154741764069,0
1248971604,041275373,0.044297944754362106,0.3333333333333333
1248971604,04077709X,0.032932404428720474,0
1249123054,940540886,0.08545234054327011,0.3333333333333333
1249123054,967408725,0.04048500210046768,0.3333333333333333
1249123054,040689034,0.034033991396427155,0.3333333333333333
1249415462,040039536,0.2096668928861618,0
1249415462,041254678,0.06603266298770905,0
1249415462,042953898,0.06355517357587814,0
1249415462,040690342,0.05779344215989113,0
1249415462,975384422,0.03740731254220009,0
1249724201,042998026,0.31105905771255493,0
1249724201,041945670,0.2460884004831314,0
1249724201,040039579,0.11589671671390533,0
1249724201,041760530,0.08160877227783203,0
1249724201,041255259,0.07900488376617432,0
1249957206,043163815,0.16759532690048218,0
1249957206,1282578456,0.14816735684871674,0
1249957206,040251322,0.032794736325740814,0.3333333333333333
1249957206,943836220,0.00602634297683835,0
1249957206,04216687X,0.004400958772748709,0
1249995426,040322904,0.15063175559043884,0
1249995426,041237315,0.12283387035131454,0.6666666666666666
1250066506,041218574,0.12233615666627884,0.6666666666666666
1250066506,040655415,0.09338948130607605,0
1250066506,041299256,0.0012188345426693559,0
1250066506,042400384,7.330773514695466e-4,0
1250188024,043225047,0.4927138388156891,0.6666666666666666
1250188024,1088060676,0.08159524202346802,0.6666666666666666
1250188024,042805007,0.014588362537324429,0.6666666666666666
1250279240,04038778X,0.06455311179161072,0.3333333333333333
1250279240,043069142,0.04027893766760826,0.3333333333333333
1250279240,042770009,0.010557804256677628,0.3333333333333333
1250328276,040566730,0.42613521218299866,0
1250328276,986305731,0.20372314751148224,0
1250328276,040038696,0.18637220561504364,0
1250328276,040755819,0.13290244340896606,0
1250331315,040589153,0.06484860181808472,0.3333333333333333
1250331315,042473713,0.052273694425821304,0.6666666666666666
1250331315,041859626,0.044460978358983994,0.6666666666666666
1250342848,041604938,0.08468548953533173,0.6666666666666666
1250342848,041165993,0.023937657475471497,0.3333333333333333
1250342848,1063960916,0.01737280748784542,1
1250342848,040500713,0.010459457524120808,0.6666666666666666
1250351898,941797163,0.08670821785926819,0.6666666666666666
1250351898,041372875,0.04431060701608658,0
1250351898,041708334,0.019673360511660576,0
1250351898,041734475,0.017370479181408882,0
1250351898,040580237,0.013475525192916393,0.3333333333333333
1250450667,950565334,0.26696810126304626,0
1250450667,041402049,0.12642516195774078,0
1250450667,04187725X,0.07205366343259811,0
1250450667,042016452,0.041629210114479065,0
1250450667,041708369,0.012644859962165356,0
1250451264,040307360,0.2727191746234894,0.3333333333333333
1250451264,041979672,0.16821494698524475,0
1250451264,040198626,0.0404425673186779,0
1250497035,040718085,0.3299783766269684,0.6666666666666666
1250497035,041309359,0.26348742842674255,0.6666666666666666
1250497035,041365844,0.19740833342075348,0.6666666666666666
1250682770,118619063,0.03630518540740013,0
1250682770,041836138,0.01191298384219408,0
1250682770,132100029,0.0036072484217584133,0
1250692377,040557723,0.2358536273241043,0
1250692377,040558983,0.1487361639738083,0
1250692377,040408698,0.0949937179684639,0
1250692377,041819357,0.086093008518219,0.3333333333333333
1250717612,041389212,0.19385458528995514,0
1250717612,041359526,0.03626304492354393,1
1250717612,040750736,0.007024479564279318,0
1250717612,042245354,0.003378591500222683,0
125113176X,041634187,0.027839666232466698,0
125113176X,958223793,0.018151650205254555,0
125113176X,041942957,0.016938311979174614,0
125113176X,957199023,0.009329485706984997,0
1251142001,956053246,0.3345578908920288,0
1251142001,042741769,0.20820017158985138,0
1251142001,040634663,0.18859334290027618,0.3333333333333333
1251142001,041490304,0.18211179971694946,0.3333333333333333
1251142001,042069920,0.15594513714313507,0
1251145256,04024105X,0.14919665455818176,0
1251145256,041346599,0.11572232842445374,0
1251145256,042882974,0.061060238629579544,0
1251145256,943795524,0.04432253912091255,0
125115574X,040006263,0.6413581371307373,0.6666666666666666
125115574X,040643174,0.16400891542434692,0.6666666666666666
125115574X,041933176,0.08285336196422577,0.6666666666666666
125115574X,041832558,0.06410808861255646,0
125115574X,1078126666,0.020203854888677597,0.3333333333333333
125115820X,040240878,0.3520907759666443,0
125115820X,041808363,0.2864110767841339,0
125115820X,040543889,0.21482832729816437,0
125115820X,040544125,0.10323680937290192,0
125115820X,963773526,0.04048500210046768,0
1251159818,040156028,0.5207471251487732,0.6666666666666666
1251159818,040331970,0.20609097182750702,0
1251159818,040331776,0.18847183883190155,0
1251159818,040331784,0.1820858120918274,0.3333333333333333
1251159818,042124824,0.044297944754362106,0.6666666666666666
1251163793,043061206,0.12350049614906311,0.6666666666666666
1251163793,041339037,0.11891920119524002,0.3333333333333333
1251163793,041877209,0.07919340580701828,0
1251197310,040535088,0.08088614046573639,0.6666666666666666
1251197310,1059379120,0.06410808861255646,0
1251197310,1015061133,0.05054960027337074,0
1251240755,040471942,0.21013014018535614,0.6666666666666666
1251240755,040079562,0.042137160897254944,0
1251240755,118732455,0.03342540189623833,0
1251808336,040632415,0.16058294475078583,0.3333333333333333
1251808336,042510260,0.08077230304479599,0.3333333333333333
1251808336,041562674,0.06508774310350418,0.3333333333333333
125181154X,100374446X,0.47551384568214417,0
125181154X,942373596,0.29323381185531616,0.3333333333333333
125181154X,1236764943,0.2902085483074188,0.3333333333333333
125206280X,040773949,0.11358057707548141,0.6666666666666666
125206280X,040546888,0.08854854106903076,0.3333333333333333
125206280X,041811194,0.08719158172607422,0.3333333333333333
1252333722,041898516,0.12642516195774078,0.6666666666666666
1252333722,007047657,0.021928271278738976,0
1252333722,041640373,0.013208780437707901,0
1252333722,004837401,0.003919711336493492,0
1252333722,1073935019,0.0031935181468725204,0.3333333333333333
125301177X,1019958685,0.24077309668064117,0
125301177X,040360296,0.08915375918149948,0
125301177X,041383893,0.0807766392827034,0
125301177X,958514097,0.02715703472495079,0
125301177X,041725948,0.022945059463381767,0
1253304769,1206347392,0.40523818135261536,0.6666666666666666
1253304769,967941407,0.2524014413356781,0.6666666666666666
1253304769,040332039,0.20732355117797852,0.3333333333333333
1253304769,040360318,0.0655047670006752,0
1253329672,040156028,0.31652161478996277,0.6666666666666666
1253329672,042311039,0.2944994568824768,0.6666666666666666
1253329672,041335945,0.22237350046634674,0.6666666666666666
1253329672,949892912,0.14333568513393402,0.6666666666666666
1253576548,040680975,0.25566837191581726,0.6666666666666666
1253576548,041250370,0.15004990994930267,0.6666666666666666
1253576548,041535219,0.09662695229053497,0.3333333333333333
1253576548,041951417,0.09058402478694916,0
125366806X,040061116,0.27602314949035645,0.6666666666666666
125366806X,040568407,0.1383877992630005,0
125366806X,040702472,0.12191905081272125,0.3333333333333333
125366806X,041449975,0.0659957081079483,0.6666666666666666
125366806X,041449878,0.054474446922540665,0.6666666666666666
1253732957,04047674X,0.0977146252989769,0
1253732957,040476782,0.08942147344350815,0.3333333333333333
1253732957,040476669,0.08684298396110535,0.3333333333333333
1253800723,040630013,0.28590747714042664,0.3333333333333333
1253800723,042292263,0.03441730514168739,0
1253800723,118621823,0.02155398391187191,0
1253800723,041949277,0.014196930453181267,0
1254029141,958514097,0.47437846660614014,0.3333333333333333
1254029141,041969103,0.29683202505111694,0.3333333333333333
1254029141,040765733,0.19111627340316772,0
1254029141,040001008,0.06314103305339813,0
1254029141,040143635,0.060759469866752625,0
125481275X,952619636,0.24286161363124847,0.6666666666666666
125481275X,04071781X,0.16182225942611694,0.3333333333333333
125481275X,041570154,0.14039961993694305,0
1255169508,041265610,0.5584102869033813,0.6666666666666666
1255169508,041683919,0.0413932204246521,0.3333333333333333
1255169508,040763153,0.025647491216659546,0
1255169508,043234240,0.00719396211206913,0
1255226218,041854977,0.10733228176832199,0.3333333333333333
1255226218,041172205,0.09169510751962662,1
1255226218,04185473X,0.055462270975112915,0.6666666666666666
1255448040,041800990,0.4013919532299042,0.3333333333333333
1255448040,040694674,0.362652450799942,0
1255448040,040066509,0.3504959046840668,0
1255448040,040066819,0.33996909856796265,0
1255448040,04053474X,0.29571545124053955,0.3333333333333333
125552250X,040006263,0.3018282949924469,0.3333333333333333
125552250X,041750292,0.2688269019126892,0.6666666666666666
125552250X,040334228,0.15739096701145172,0
125552250X,040336670,0.1165875717997551,0
125552250X,041239628,0.11022438108921051,0
1255773421,040164438,0.3777652382850647,0.3333333333333333
1255773421,040164543,0.21669377386569977,0.6666666666666666
1255773421,040164535,0.18581344187259674,0.3333333333333333
1255773421,04071117X,0.05555974692106247,0
1255773421,041135172,0.029535332694649696,0
1255876212,040294862,0.11557944118976593,1
1255876212,041857976,0.069386787712574,0
1255876212,04114130X,0.02078763209283352,0.6666666666666666
1255876212,040294919,0.007145583163946867,0.3333333333333333
1256043516,040727084,0.06460706144571304,0
1256043516,99025450X,0.028271080926060677,0
1256043516,940610272,0.01675829105079174,0.3333333333333333
1256043516,041562690,0.016750097274780273,0.6666666666666666
1256361364,040455157,0.4775492548942566,1
1256361364,041155467,0.3363571763038635,0.6666666666666666
1256361364,040455173,0.15951985120773315,0.3333333333333333
1256361364,041240502,0.1495523303747177,0.3333333333333333
1256774723,972375732,0.015181255526840687,0
1256774723,118632779,0.008601524867117405,0
1256774723,985919299,0.0084080183878541,0
1256774723,041919599,0.0071911998093128204,0
1256837997,118637673,0.015238978900015354,0
1256837997,041779843,0.014440772123634815,0
1256837997,041318994,0.011218766681849957,0
1256837997,118647733,0.004406532272696495,0
1257559796,041230655,0.7374007701873779,0
1257559796,950251194,0.5854257941246033,0
1257559796,973074388,0.3470189869403839,0
1257559796,04263654X,0.3413538634777069,0
1257559796,040606333,0.15108226239681244,0
1257860615,041396553,0.07650020718574524,0
1257860615,040460754,0.05978601798415184,0
1257860615,040460835,0.05178256332874298,0
1257860615,041746953,0.03877459093928337,0
1258062763,040544044,0.16758610308170319,0.3333333333333333
1258062763,041383540,0.15372641384601593,0.3333333333333333
1258062763,043186726,0.1527365893125534,0
1258062763,041155998,0.13835380971431732,0.3333333333333333
1258523159,040663345,0.04525086656212807,0.3333333333333333
1258523159,043164137,0.022829832509160042,0.6666666666666666
1258523159,040552454,0.020407386124134064,0
1258523159,041381505,0.01954437419772148,0.3333333333333333
1258523302,041343808,0.02149825356900692,0.3333333333333333
1258523302,041420543,0.0031137277837842703,0.3333333333333333
1258523302,000680265,0.0026715153362601995,0
1258523302,960703748,0.0015086749335750937,0
1260144453,040675475,0.1653904765844345,0
1260144453,043116949,0.029644472524523735,0
1260144453,041206223,0.027144068852066994,0
1260144453,940158248,0.02011970989406109,0
1260871711,042801893,0.3146054446697235,0
1260871711,040777049,0.21072551608085632,0
1260871711,040563995,0.19932766258716583,0.3333333333333333
1260871711,040741338,0.16537722945213318,0.6666666666666666
1260871711,040702952,0.14182505011558533,0
1261431197,041207300,0.4257364869117737,0
1261431197,041234863,0.22710056602954865,0
1261431197,041209982,0.0822029709815979,0.3333333333333333
1261431197,040747980,0.0785413458943367,0.3333333333333333
1261444736,041377184,0.36463823914527893,0
1261444736,040508943,0.19736029207706451,0
1261444736,041137493,0.09153080731630325,0.3333333333333333
1261444736,040699269,0.07841257750988007,0
1261444736,041786718,0.0654769241809845,0
1262466245,040680509,0.49531856179237366,0.3333333333333333
1262466245,040456609,0.17740978300571442,0
1262466245,040621634,0.1608208864927292,0.3333333333333333
1262466245,042503124,0.1042780876159668,0
1262466245,040643247,0.0397690124809742,0.3333333333333333
1262466245,041757653,0.00390648003667593,0.6666666666666666
126354844X,040767590,0.43525633215904236,0.3333333333333333
126354844X,040767159,0.16358116269111633,0.3333333333333333
126354844X,041531744,0.10683076083660126,0
126354844X,972698671,0.040758199989795685,0
126354844X,1113217642,0.03621060401201248,0
126354844X,942129342,0.02535787969827652,0
1263764835,042613868,0.012003171257674694,0.6666666666666666
1263764835,990105881,0.008081687614321709,0.3333333333333333
1263764835,041267524,0.00795646384358406,0
1263764835,969778686,0.007773806340992451,0
1264641834,040763889,0.19255851209163666,0.3333333333333333
1264641834,041300262,0.1594933420419693,0
1264641834,041693965,0.08393876999616623,0
1264641834,042131278,0.050915446132421494,0
1264641834,042766028,0.028271080926060677,0.3333333333333333
1264661088,041873572,0.10811702907085419,0.3333333333333333
1264661088,123322929X,0.06004621461033821,0.6666666666666666
1265014116,040203832,0.10168732702732086,0
1265362424,040143597,0.09141071140766144,0.6666666666666666
1265362424,1041888279,0.04534600302577019,0.6666666666666666
1265362424,1081489480,0.034906771034002304,0.6666666666666666
1265362424,040672875,0.024339977651834488,0.6666666666666666
1266294910,041166744,0.7472999691963196,1
1266294910,04059758X,0.36143380403518677,0.6666666666666666
1266294910,040782484,0.09775130450725555,0
1266294910,04207262X,0.0521913543343544,0
1266294910,041850807,0.03441478684544563,0
1266726861,041278313,0.4258340895175934,0.6666666666666666
1266726861,040309339,0.05988925322890282,0
1266726861,041553705,0.04603518173098564,0
1266726861,04170827X,0.030037222430109978,0
1266726861,043061206,0.02192763239145279,0
1266922555,987031449,0.3457437753677368,0.3333333333333333
1266922555,041943635,0.32300591468811035,0.3333333333333333
1266922555,041717872,0.25359243154525757,0
1266922555,98885919X,0.25040099024772644,0
1267033983,04043950X,0.09996268898248672,0
1267033983,949602221,0.09843476116657257,1
1267033983,040205177,0.08486596494913101,0.6666666666666666
1267033983,041133382,0.022697804495692253,0
1267033983,961401087,0.018151650205254555,0
1267825987,042045304,0.10265248268842697,1
1267825987,041361768,0.0635809600353241,0.6666666666666666
1267825987,043274706,0.05292623117566109,1
1267987340,041799704,0.18993695080280304,0.6666666666666666
1267987340,002523426,0.08078819513320923,0
1267987340,040247767,0.04735957831144333,0
1267987340,946326215,0.00549503555521369,0
1268617334,972705570,0.016460129991173744,0
1268617334,956204287,0.012334950268268585,0
1268617334,969500653,0.0061430418863892555,0
1268617334,1076850251,0.0031935181468725204,0
1268997242,041399455,0.3146054446697235,0
1268997242,040565505,0.23865360021591187,0
1268997242,042237122,0.1819031536579132,0
1268997242,040778320,0.15665647387504578,0.3333333333333333
1268997242,042236169,0.14381612837314606,0.3333333333333333
1269211382,040511766,0.1930421143770218,0
1269211382,041750365,0.030629802495241165,0
1269211382,992601584,0.018151650205254555,0
1269211382,043063365,0.017881250008940697,0
1269218670,042616603,0.02890861965715885,0
1269218670,990595455,0.010094131343066692,0
1269218670,944167586,0.0077646272256970406,0
1269218700,040717690,0.1475811004638672,0
1269218700,040336433,0.07148139923810959,0
1269218700,040205339,0.06044789031147957,0
1269218700,940011581,0.05891674757003784,0
1269342045,040470687,0.3514169454574585,0.3333333333333333
1269342045,042643929,0.0976426899433136,0.3333333333333333
1269342045,040642062,0.08500319719314575,0.6666666666666666
1269342045,040242714,0.063758745789527893,0.3333333333333333
1270605569,04129601X,0.3692079186439514,0.6666666666666666
1270605569,041911032,0.3099070191383362,0
1270605569,040063119,0.169200599193573,0.3333333333333333
1270605569,04145166X,0.07749903947114944,0
1270605569,042081017,0.06517527997493744,0
1270687476,951145304,0.35838159918785095,0.3333333333333333
1270687476,040778770,0.3559260666370392,0
1270687476,04049716X,0.3337703049182892,0
1270687476,042127858,0.1745523065328598,0
1270798294,040018806,0.07749903947114944,1
1270798294,042453224,0.06857290863990784,0.3333333333333333
1270798294,040727122,0.05098681524395943,0
1270798294,964789736,0.0364823155105114,0
1271340488,041383478,0.20414596796035767,0.6666666666666666
1271340488,042019230,0.17149700224399567,0
1271340488,040348318,0.14090070128440857,0.6666666666666666
1272948439,04142686X,0.2939473092556,1
1272948439,041501055,0.04048500210046768,0.6666666666666666
1272948439,965665275,0.018151650205254555,0
1272948439,942142829,0.006088898982852697,0
1272948439,041716515,0.004776278510689735,0.6666666666666666
1273046285,042113180,0.011508984491229057,0
1273046285,1186017988,0.011097114533185959,0
1273046285,1047601265,0.0065858676098287106,0
1273228049,040554090,0.3189696669578552,0.6666666666666666
1273228049,042041643,0.1634855419397354,0.6666666666666666
1273228049,040775488,0.14860814809799194,0
1273228049,042388767,0.009218964725732803,0.3333333333333333
1274300231,040006263,0.4969753623008728,0.3333333333333333
1274300231,041252713,0.18643422424793243,0.3333333333333333
1274300231,04172819X,0.04455535486340523,0
1274300231,986034126,0.041326191276311874,0
1274300231,042523087,0.03829627111554146,0
1275332668,040338886,0.6834854483604431,1
1275332668,041251172,0.097578264772892,0
1275332668,040068463,0.0438215434551239,0
1275332668,041662733,0.014121158048510551,0
1275332668,041424425,0.011864329688251019,0
1275473172,04139819X,0.11635532230138779,0.6666666666666666
1275473172,041216849,0.10903509706258774,0
1275473172,041204409,0.0752289816737175,0.6666666666666666
1275473172,041953428,0.021428029984235764,0
1275984304,041172205,0.10416780412197113,0.6666666666666666
1275984304,04076737X,0.043811604380607605,1
1275984304,947676724,0.041508015245199203,1
1275984304,042919746,0.04148951172828674,0.3333333333333333
1276585519,000049484,0.19609862565994263,0
1276585519,041156064,0.1596442312002182,0
1276585519,041227514,0.05769358202815056,0
1276665369,958440867,0.08100719749927521,0
1276665369,1221030337,0.03783334791660309,0
1276665369,1070828033,0.018151650205254555,0
1276665369,041154495,0.01462553534656763,0
1276665369,041725948,0.012211151421070099,0
1276736398,041156684,0.3095737099647522,0
1276736398,040477460,0.23903220891952515,0.6666666666666666
1276736398,041968646,0.21483390033245087,0
1276736398,040020282,0.06753581762313843,0.3333333333333333
1276781814,040152243,0.4477207660675049,0.3333333333333333
1276781814,042237688,0.28665465116500854,0.6666666666666666
1276781814,041127269,0.21213199198246002,0
1276781814,940099845,0.18618372082710266,0.6666666666666666
1277160287,04071781X,0.39125341176986694,0.6666666666666666
1277160287,040563669,0.2594267725944519,0.3333333333333333
1277160287,043128114,0.21161305904388428,0.6666666666666666
1277160287,040546799,0.1336173415184021,0.3333333333333333
1277160287,04181116X,0.09058402478694916,0.6666666666666666
1277809941,041730879,0.1565377414226532,0.6666666666666666
1277809941,040272184,0.13516296446323395,0
1277809941,1019913193,0.075171560049057,0.6666666666666666
1277809941,041146557,0.07203488796949387,0.6666666666666666
1277809941,040408906,0.03740094229578972,0.6666666666666666
1277809941,042213266,0.008451786823570728,0.3333333333333333
127786361X,954648714,0.3453305959701538,0
127786361X,041138686,0.17544607818126678,0
127786361X,04130215X,0.07244555652141571,0.6666666666666666
127786361X,040683672,0.061480775475502014,0
1277885508,040479897,0.26448842883110046,0.3333333333333333
1277885508,041614828,0.0815633088350296,1
1277885508,042666708,0.07540091872215271,0.3333333333333333
1277885508,118582747,0.03707418218255043,0
1277885508,040643247,0.03465031087398529,1
1278158782,941917789,0.27991512417793274,0
1278158782,042327563,0.20742543041706085,0.6666666666666666
1278158782,041705882,0.17794154584407806,0.3333333333333333
1278158782,041320638,0.17659738659858704,0
1278158782,04056519X,0.11220812052488327,0.6666666666666666
1278912207,04059758X,0.5412788391113281,0.3333333333333333
1278912207,041934857,0.47970685362815857,0
1278912207,04207262X,0.18479712307453156,0.3333333333333333
1278916083,041851056,0.26044851541519165,0.3333333333333333
1278916083,041144023,0.2272941768169403,0
1278916083,040741680,0.2181694656610489,0
1278916083,040354083,0.2126913070678711,0
1279030526,040066193,0.24660545587539673,0
1279030526,042124824,0.14607593417167664,0
1279030526,04123412X,0.13408036530017853,0
1279030526,040464490,0.12015541642904282,0
1279030526,118504517,0.04281417280435562,0.6666666666666666
1279693916,043264646,0.36788296699523926,0
1279693916,040391973,0.15329064428806305,0
1279693916,941095134,0.04385512322187424,0
1279708921,04033628X,0.46936890482902527,0.3333333333333333
1279708921,040334228,0.22534148395061493,0.3333333333333333
1279708921,04129601X,0.20133665204048157,0.3333333333333333
1279708921,041770536,0.08563819527626038,0
1279708921,041436318,0.020643452182412148,0.3333333333333333
1280090952,040991156,0.049621887505054474,0.3333333333333333
1280090952,042402867,0.03269070386886597,0
1280090952,041547063,0.029560407623648643,0
1280090952,041696506,0.02572050504386425,0
1280090952,041124588,0.013565550558269024,0.3333333333333333
1281296031,040766454,0.13721734285354614,0.3333333333333333
1281296031,040270688,0.03616738319396973,0
1281296031,040360199,0.02497325837612152,0
1281296031,041734645,0.012334950268268585,0
1283706784,040494268,0.23019465804100037,0
1283706784,040494144,0.1348096877336502,0.3333333333333333
1283706784,040494284,0.10612008720636368,0
1283706784,040351513,0.0884411558508873,0
1284741796,040156028,0.4653192162513733,0.6666666666666666
1284741796,040557650,0.15832453966140747,0.6666666666666666
1286014042,041165683,0.444545716047287,0
1286014042,041732529,0.12206494808197021,0
1286014042,042744903,0.08636690676212311,0
1286014042,041451880,0.06033541262149811,0
1286688876,041502280,0.2694043517112732,0
1286688876,041164180,0.20930947363376617,0
1286688876,043273769,0.09436260163784027,0
1286688876,042945356,0.07258348166942596,0
1286688876,040168670,0.04269178584218025,0
1286972922,041139720,0.4597659409046173,0.6666666666666666
1286972922,04026193X,0.39827823638916016,1
1286972922,040063402,0.26640087366104126,0.6666666666666666
1286972922,040261875,0.19949662685394287,0.3333333333333333
1287831338,040500195,0.02984193153679371,0.6666666666666666
1287831338,041018923,0.028271080926060677,0
1287831338,000155233,0.009975062683224678,0
1287831338,042401143,0.0047848401591181755,0.6666666666666666
1287831338,944206034,0.0038795790169388056,0
1287928145,041304705,0.28590747714042664,0
1287928145,040532976,0.1055181622505188,0
1287928145,040022145,0.02459629997611046,0
1287928145,119061015,0.006858672946691513,0
1287928145,041383893,0.0033551238011568785,0
128901664X,040152243,0.41558757424354553,0
128901664X,040368246,0.3682781755924225,0
128901664X,040052036,0.21587564051151276,0.3333333333333333
128901664X,041866576,0.20271533727645874,0.3333333333333333
128901664X,951086626,0.009871485643088818,0
1289480192,04045326X,0.044713232666254044,0
1289480192,04122308X,0.006831601727753878,0.3333333333333333
1289480192,041532333,0.005860535893589258,0
1293606448,041376439,0.2513238191604614,0.6666666666666666
1293606448,945333390,0.15750081837177277,0
1293606448,042638402,0.05168089643120766,0
1293606448,943113865,0.03880785033106804,0
1293606448,041760298,0.02173665538430214,0
1293606839,041602943,0.2688198387622833,0.6666666666666666
1293606839,042825970,0.17871056497097015,0.3333333333333333
1293606839,040598160,0.15548734366893768,0
1293606839,041602919,0.07319759577512741,0
1293606839,041661419,0.06670628488063812,0.6666666666666666
1293606839,041356748,0.009665541350841522,0
1293607142,041668065,0.4133700132369995,0
1293607142,041359925,0.1324455589056015,0
1293607142,040177017,0.08589421957731247,0
1293607142,040754219,0.05437396466732025,0
1293607142,961537361,0.027862003073096275,0
1293607142,953765105,0.007482397370040417,0
1294452347,041745175,0.10247927904129028,0.3333333333333333
1294452347,041614003,0.0759199783205986,0
1294452347,041874145,0.07434111833572388,0
1294452347,04278185X,0.06703251600265503,0.3333333333333333
1294452347,041518233,0.054713498800992966,0
1294452347,042974917,0.035836752504110336,0.3333333333333333
1294453483,041696786,0.04725335165858269,0
1294453483,041785037,0.036856185644865036,0
1294453483,040178455,0.036322254687547684,0
1297281233,940011581,0.09750702977180481,0
1297281233,041388038,0.09690656512975693,0
1297281233,967986249,0.0121468435972929,0
1297281233,007002556,0.010072693228721619,0
1297425243,041591283,0.0952920988202095,0
1297425243,040539997,0.03010222315788269,0.6666666666666666
1297425243,041328140,0.025279561057686806,0.3333333333333333
1297425243,947452559,0.012334950268268585,1
1297425243,042260310,0.004828589502722025,0
1300201185,040022307,0.49971312284469604,0.6666666666666666
1300201185,040386392,0.37148380279541016,0.6666666666666666
1300201185,040726525,0.21040241420269012,0.3333333333333333
1300201185,040261522,0.13607625663280487,0
1300201185,041762258,0.0654769241809845,0.6666666666666666
1300278234,041474546,0.48777544498443604,0.6666666666666666
1300278234,041356128,0.09691743552684784,0
1300278234,040043010,0.07202713936567307,0
1300278234,040042960,0.04438126087188721,0.6666666666666666
1300278234,041474600,0.037603698670864105,0.3333333333333333
1300956429,040379493,0.16212327778339386,0
1300956429,040388042,0.06737343966960907,0.3333333333333333
1300956429,041695437,0.05533227324485779,0.6666666666666666
1302222546,041291085,0.1119544506072998,0.6666666666666666
1302222546,041359526,0.0877334326505661,0.6666666666666666
1302222546,041702077,0.07514785975217819,0
1302222546,041317343,0.06703251600265503,0
1302222546,041448820,0.03257471323013306,0.3333333333333333
1302222546,040382176,0.01330802496522665,0
1303164353,957590369,0.23991091549396515,0.3333333333333333
1303164353,040123030,0.1505662053823471,0
1303164353,040470687,0.09419886022806168,0
1307315860,040773493,0.27471837401390076,0.3333333333333333
1307315860,040323544,0.20609408617019653,0
1307315860,040066266,0.10193255543708801,0
1307315860,042782503,0.07730280607938766,0
1307315860,041331508,0.022618165239691734,0
1307487165,041206320,0.24440525472164154,0
1307487165,004734688,0.07514279335737228,0
1307487165,940011581,0.04939925670623779,0
1307487165,97847791X,0.03404862806200981,0
1307487165,1068661038,0.006565679330378771,0.3333333333333333
1308856245,041953428,0.24365851283073425,0
1308856245,040205312,0.1368672251701355,0.3333333333333333
1308856245,040205355,0.13216374814510345,0.3333333333333333
1308856245,040200973,0.09590639173984528,0
1308856245,041386337,0.06166274845600128,0.6666666666666666
1308856245,1132829860,0.003516098251566291,0.6666666666666666
1309409285,040396894,0.18719889223575592,0.3333333333333333
1309409285,004911474,0.09750702977180481,0.3333333333333333
1309409285,041386337,0.05420859158039093,0
1309409285,040382176,0.052652303129434586,0
1309409285,040490467,0.03305457532405853,0.6666666666666666
1312249129,99466592X,0.1533135026693344,0
1312249129,040643174,0.13792124390602112,0.3333333333333333
1312249129,041933176,0.07751426845788956,0.3333333333333333
1312249129,041298950,0.06762430816888809,0.3333333333333333
1313280941,040759253,0.10169973224401474,0.3333333333333333
1313280941,041236238,0.061605971306562424,1
1313280941,957590369,0.05551726371049881,0
1313280941,04047724X,0.0506608672440052,0
1313280941,040494187,0.03975042700767517,0
1316437612,041884175,0.18770766258239746,0.3333333333333333
1316437612,042685192,0.07749903947114944,0
1316437612,978040325,0.042355913668870926,0
1316437612,042105528,0.033380892127752304,0
1316437612,04145961X,0.025372430682182312,0
131667181X,04202787X,0.09849010407924652,0.6666666666666666
131667181X,042636310,0.0774020403623581,0.3333333333333333
131667181X,940532018,0.05441503971815109,0.6666666666666666
131667181X,04121935X,0.02914266660809517,0.6666666666666666
1318744946,042010586,0.09720289707183838,0
1318744946,041710916,0.07205366343259811,0
1318744946,041710800,0.06611930578947067,0.6666666666666666
1318744946,965413861,0.014588362537324429,0
1318744946,041710932,0.001876645372249186,0
1319074138,040336476,0.1222923994064331,0.6666666666666666
1319074138,007716559,0.06703251600265503,0
1319074138,041660412,0.06338510662317276,0.3333333333333333
1319074138,042244137,0.012334950268268585,0
1319074138,001230476,6.322131375782192e-4,0.6666666666666666
1319551378,040134334,0.054474446922540665,0
1319551378,040788520,0.05393892154097557,0
1319551378,118528599,0.006723826285451651,0
1319551378,1061197115,0.005678118672221899,0
1319551378,040918513,0.004160056356340647,0
1323511466,040693406,0.458356648683548,0.3333333333333333
1323511466,04069349X,0.44487106800079346,0.6666666666666666
1323511466,953407497,0.43243420124053955,0.3333333333333333
1323511466,040473767,0.3249223828315735,0.6666666666666666
1323511466,041253213,0.30249422788619995,0
1324540591,040006263,0.4641191363334656,0.3333333333333333
1324540591,042506646,0.09006116539239883,0.3333333333333333
1324540591,041299647,0.06429718434810638,0
1326512234,040104532,0.11715059727430344,0.6666666666666666
1326512234,1038714850,0.01385265402495861,0
1326512234,958055467,0.01091075874865055,0.6666666666666666
1329120752,118735411,0.022519804537296295,0
1329120752,119382032,0.01775921694934368,0
1329120752,041601599,0.01062726229429245,0
1331050111,955363594,0.07651971280574799,0.6666666666666666
1331050111,1025304098,0.009707288816571236,0
1331050111,007786425,0.004546282347291708,0
1331665728,040775879,0.42658087611198425,0.6666666666666666
1331665728,040335968,0.3277319073677063,0.6666666666666666
1331665728,043185398,0.15292933583259583,0.3333333333333333
1331665728,041900219,0.1035664901137352,0.3333333333333333
1331954703,041383478,0.32300591468811035,0.3333333333333333
1331954703,04117724X,0.20187781751155853,1
1331954703,04067889X,0.16050128638744354,0.6666666666666666
1334273049,041844947,0.3277319073677063,0.3333333333333333
1334273049,040152235,0.11568900942802429,0
1334273049,040643174,0.09156537055969238,0.3333333333333333
1334273049,041244214,0.04738735035061836,0
1334711097,04188423X,0.133306086063385,0.3333333333333333
1334711097,041691946,0.09465868026018143,0
1334711097,041933176,0.05187743529677391,0.3333333333333333
1334711097,043183948,0.043117765337228775,0
1334711097,1191947432,0.009550112299621105,0.3333333333333333
1334712727,004657152,0.014892295934259892,0
1334712727,1078686300,0.012334950268268585,0
1334712727,1140921118,0.002591734752058983,0
1334712727,1020825588,0.0019065366359427571,0
1335209026,040398277,0.5945069789886475,0
1335209026,040763080,0.30865445733070374,0
1335209026,041608305,0.062318116426467896,0.6666666666666666
1335209026,040690415,0.037577204406261444,0.3333333333333333
1336628111,042848156,0.28173407912254333,0.6666666666666666
1336628111,118560093,0.1410292237997055,0
1336628111,118560085,0.025881720706820488,0
1336628111,042147034,0.014224531129002571,0
1337020788,040426408,0.14854612946510315,0
1337020788,987241141,0.018037838861346245,0
1337020788,00468687X,0.005682837218046188,0.6666666666666666
1337020788,007405774,0.005573668982833624,0
133829721X,041812166,0.40579232573509216,0.3333333333333333
133829721X,043183158,0.07176390290260315,0.6666666666666666
133829721X,041386337,0.03514846786856651,0.3333333333333333
133829721X,042940516,0.03352084755897522,0.3333333333333333
1339113279,041155904,0.5736636519432068,0.6666666666666666
1339113279,040156028,0.5371062159538269,0.6666666666666666
1339113279,040762262,0.4557453691959381,0.6666666666666666
1339113279,041320654,0.11973489820957184,0.3333333333333333
1339140276,118888528,6.665457040071487e-4,0
1339140276,118543687,6.517090951092541e-4,0
1339140276,1035399830,4.731903609354049e-4,0
1339140276,123993954,3.2869706046767533e-4,0
