doc_id,label_id
1122545436,1067978100
1122545436,041634217
1122545436,041892836
1122545436,041361733
1122545436,040664244
1122545436,04148259X
1122568894,040118827
1122568894,041165764
1122568894,040647773
1122568894,041824288
1122568894,041134508
1122568894,040052273
1122825285,041788125
1122825285,041385659
1122825285,041694996
1122825285,040385752
1122825285,040490750
1123118442,04061963X
1123118442,040269264
1123118442,041215907
1123118515,041557360
1123118515,957804008
1123118515,041424727
1123118515,041411943
1123118515,041165993
1123282838,041137914
1123282838,040359646
1123282838,041735455
1123282838,041273516
1123323224,041922816
1123323224,04191404X
1123323224,040616940
1123335826,041762010
1123335826,041126289
1123335826,042842786
1123335826,040368246
1123335826,040632903
1123380538,1032307897
1123380538,041205626
1123380538,040195147
1123689490,118939319
1123689490,040710130
1123696365,040118827
1123696365,041290690
1123696365,040310310
1123696365,040233073
1123696365,040490432
1123696365,040766020
1123696365,040665208
1123699623,040197026
1123699623,041535219
1123699623,1062915038
1123699623,041520890
1123699623,040776069
1123699623,041143957
1123699623,040777049
1123699623,041585925
1123699623,04053510X
1123729433,943412579
1123729433,040176789
1123729433,101937358X
1123729433,040386627
1123729433,04129694X
1123729433,040485617
1123729433,041884175
1123729433,041731824
112392788X,1127148958
112392788X,041481143
112392788X,041925483
112392788X,040154645
112392788X,041256557
1123929173,041938224
1123929173,040118827
1123929173,040489469
1123997977,040118827
1123997977,04061963X
1123997977,944732348
1123997977,042605865
112400453X,040120694
112400453X,040015734
112400453X,041799453
112400453X,041256395
112400453X,041934008
112400453X,041914910
112400453X,04267316X
112413171X,041371526
112413171X,041535375
112413171X,041919750
112413171X,041654625
112413171X,042261740
112413171X,041280962
112413171X,041489950
112413171X,040162788
112413171X,042090377
1124434933,040476898
1124434933,041851056
1124434933,04113334X
1124434933,040588610
1124434933,041762010
1124434933,041684265
1124434933,040449033
1124763562,040343529
1124841288,041549473
1124841288,041740343
1124841288,040268799
1124904875,040042960
1124904875,041281365
1125044330,115518681
1125044330,040118827
1125044330,040752305
1125104848,119255588
1125104848,042290538
1125104848,042752477
1125104848,040006263
1125104848,1301144703
112553415X,987031708
112553415X,041951417
112553415X,041393708
112553415X,041672852
112553415X,040459748
112553415X,040710343
1125627468,040760014
1125627468,960767053
1125627468,1006402748
1125627468,040386627
1125627468,040162788
1125627468,041321650
1125627468,042676282
1125627468,041992555
1125627468,041216776
1125947721,040476898
1125947721,040449033
1125947721,041762010
1125947721,040120619
112599987X,040059960
112599987X,041752368
112599987X,043274730
112599987X,040361608
112599987X,040122778
112599987X,042645212
112599987X,041243293
112599987X,041498178
112599987X,04148259X
1126032417,118587943
1126032417,118629743
1126032417,118810758
1126032417,04053460X
1126032417,040534618
1126032417,040664392
1126254002,05007086X
1126254002,041416872
1126254002,040026418
1126254002,040732746
1126387975,940520915
1126387975,042743249
1126387975,04011144X
1126387975,1217680330
1126387975,98776845X
1126479837,041912233
1126479837,041520874
1126479837,981320554
1126538337,041588622
1126538337,041439279
1126538337,1043139133
112672467X,041323408
112672467X,040760669
112672467X,1302796828
112672467X,041524799
112672467X,041406605
1126773506,040568636
1126773506,041763513
1126773506,041304624
1126773506,041587472
1126773506,041640772
1126773506,041390776
1126773506,040004937
1126773506,042103533
1126850640,132522136
1126850640,04116489X
1126850640,040787044
1126850640,940431181
1126850640,040697150
1126850640,041784138
1126850640,106969780X
1126921777,040586405
1126921777,040369102
1126921777,040389359
112692220X,040578844
112692220X,965217167
112692220X,040212505
112692220X,040482456
112692220X,041668286
112692220X,040169162
112692220X,04148259X
112692220X,040388522
1126970964,040207137
1126970964,041223497
1126970964,040557294
1127083597,941152383
1127083597,042964164
1127083597,040543986
1127083597,941243664
1127104772,976854872
1127104772,042025877
1127104772,041209834
1127104772,04057833X
1127104772,041205502
1127104772,041274105
1127104772,04160329X
112724275X,040067807
112724275X,042773539
112724275X,958887012
112724275X,941370445
112724275X,947302050
112724275X,041760743
112724275X,041760530
112724275X,041339223
1127248456,040709590
1127248456,1071365908
1127248456,040763889
1127248456,040649377
1127337017,040118827
1127337017,04061963X
1127337017,958956855
1127337017,041239849
1127337017,041828887
1127337017,978834275
1127337017,042236169
1127338234,982398735
1127338234,040220478
1127338234,04200280X
1127338234,042942438
1127338234,040664937
1127338234,040272087
112745501X,040305503
112745501X,040153320
112745501X,041885813
112745501X,041884469
112757972X,004680367
112757972X,1008573213
112757972X,041795407
112757972X,980493439
112757972X,041259742
112757972X,040139433
112757972X,040403645
112757972X,041209915
112757972X,041442660
112757972X,041572378
112757972X,040052273
1127580051,042049083
1127580051,041285972
1127580051,041393708
1127623583,1177443902
1127623583,041673069
1127623583,041365844
1127623583,040269264
1127623583,043249809
1127679716,040118827
1127679716,040769100
1127679716,04198756X
1127679716,040693422
1127679716,041127277
1127679716,040664422
1127682571,001213644
1127682571,040149579
1127694812,040538818
1127694812,041824598
1127694812,041628640
1127694812,040563820
1127694812,041535898
1127694812,041572378
1127694812,041260023
1127694812,04198658X
1127694812,040763080
1127694812,040710343
1127694812,040605949
1127694812,040052273
1127957260,040334228
1127957260,041163710
1127957260,040520978
1127957260,040006263
1127995782,118547798
1127995782,04049716X
1127995782,119457679
1127995782,988555794
1128291320,040737810
1128291320,040072592
1128291320,042850134
1128291320,103423692X
1128291320,949426679
1128291320,041338413
1128553414,040118827
1128553414,040762297
1128553414,042412919
1128553414,040178943
112859496X,041506499
112859496X,042633966
112859496X,958846715
112859496X,042189799
1128650363,040787044
1128650363,040574474
1128734265,040268403
1128734265,040027309
1128734265,041125746
1128734265,040059820
1128734265,04120509X
1128996553,040457915
1129105083,1052923704
1129105083,043043666
1129105083,042744229
1129105083,041132408
1129140903,04062661X
1129140903,973163119
1129140903,943201713
1129140903,041465814
1129140903,041281306
1129140903,042090377
1129145964,132522136
1129145964,040787044
1129145964,04136757X
1129145964,042015197
1129451461,041635264
1129451461,042347734
1129451461,040346102
112968377X,040118827
112968377X,040665275
112968377X,040664384
112968377X,041454618
112968377X,04120509X
112974678X,040118827
112974678X,040305503
112974678X,040487377
112974678X,040289257
1129779831,040305503
1129779831,040288595
1129779831,1045190357
1129779831,040597989
1130030458,041155513
1130030458,041493079
1130030458,040763889
1130030458,968328725
1130030458,042735777
1130154297,040418022
1130154297,040456609
1130154297,04139710X
1130154297,040457915
1130297071,042605865
1130297071,041155327
1130297071,041320638
1130297071,040028186
1130323188,943723140
1130323188,041361733
1130323188,040709590
1130323188,94678857X
1130323188,968363148
1130323188,041158032
1130326403,041934008
1130326403,971279659
1130326403,041703707
1130704440,040758125
1130704440,040294137
1130704440,040267229
1130704440,043084168
1130704440,954458540
1130704440,040676013
1130704440,04229763X
1130704440,04120509X
1130748774,1021591971
1130748774,040473465
1130748774,1153638924
1130748774,979308658
1130949516,04151162X
1130949516,042517117
1130949516,040376249
1130949516,04120509X
1131314212,004798139
1131314212,040038467
1131314212,04116489X
1131314212,940431181
1131314212,000003778
1131314212,000003336
113150576X,007643632
113150576X,94705118X
113150576X,042771366
113150576X,040005364
113150576X,942208862
113150576X,040081869
113150576X,041336658
113150576X,041399986
113159651X,04160220X
113159651X,043264646
113159651X,042190576
1131800818,040118827
1131800818,94276823X
1131800818,040492753
1131800818,140721479
1131800818,100971377
1132007453,040525880
1132007453,041958985
1132007453,961505915
1132007453,040266605
1132007755,040714977
1132007755,041481143
1132007755,042776759
1132061059,040261816
1132061059,041401700
1132061059,041677986
1132061059,042522692
1132109280,118562940
1132109280,124121152
1132109280,04051255X
1132109280,041808320
1132109280,040734102
1132189691,040061116
1132189691,040592332
1132189691,041370422
1132189691,040160122
1132189691,041542665
1132189691,040079740
1132189691,04302968X
1132189691,04192147X
1132189691,040481905
1132189691,040146413
1132193079,04126276X
1132193079,041206665
1132193079,949107816
1132193079,042465346
1132193079,040763080
1132193079,041409019
1132200911,041412990
1132200911,041805135
1132200911,040148734
1132200911,043056466
1132232457,040178943
1132232457,040355888
1132232457,040632695
1132232457,040435822
1132232457,118829203
1132286379,040372782
1132286379,04187773X
1132286379,04129047X
1132286379,041676696
1132286662,040474410
1132286662,041156013
1132291119,041689089
1132291860,040543927
1132291860,041173457
113242738X,04033676X
113242738X,041214013
113242738X,041533003
113242738X,041304624
113242738X,040004937
113242738X,040680924
1132754607,040187764
1132754933,041686187
1132754933,041136047
1132755603,04069402X
1132899664,041308808
1132899664,041701003
1132899664,040317315
1132899664,041549392
1132899664,040529223
1132899664,041135962
1132899664,041917502
1133109055,1147608393
1133109055,967598516
1133109055,041900243
1133109055,043097529
1133361900,042088682
1133361900,961349700
1133361900,041952510
1133361900,941510727
1133361900,041374525
1134867131,040118827
1134867131,040567303
1134867131,040087670
1134867131,961720069
1135099588,950493155
1135099588,040072916
1135099588,961000937
1135099588,042863007
1135572674,040261816
1135572674,040017354
1135572674,040388522
1135572674,041385519
1135792232,1109778066
1135792232,041143825
1135792232,041934644
1135922160,1015425712
1135923000,040318125
1135923000,041347900
1135923000,041277686
1135923000,00771761X
1136055320,04137651X
1136055320,040417719
1136078819,043127754
1136078819,040574725
1136078819,040700852
1136078819,956645356
1136131639,042774829
1136131639,947487301
1136131639,040577570
1136131639,041283864
1136131639,041900073
1136131639,043147542
1136131639,040005895
1136131639,96473222X
1136158707,040709590
1136158707,1048715485
1136158707,041379489
1136158707,04232095X
1136158707,041764218
1136158707,041698053
1136158707,041378377
1136158707,040059960
1136158707,04133759X
1136158707,940589761
1136268790,041518047
1136268790,041417054
1136268790,04045956X
1136268790,041761987
1136285024,041906179
1136285245,040674738
1136422854,041509072
1136422854,041343417
1136422854,041645405
1136422854,043071228
1136422854,040708918
1136422854,041484223
1136422854,041846907
1136422854,042179610
1136422854,041392507
1136422854,04283001X
1136422854,041613082
1136422854,041587030
1136422854,040701069
1136422854,041752120
1136614478,040118827
1136614478,957319304
1136614478,040750922
1136614478,041260147
1136614478,040038572
1136718281,041513444
1136718281,041745728
1136718281,042503078
1136718281,042443474
1136718281,042734320
1136863826,040118827
1136863826,040276538
1136863826,04049716X
1136863826,956909051
1136863826,041653386
1136863826,041227956
1136863826,040467813
1137211431,940431181
1137211431,1064921124
1137211431,041157168
1137211431,04003772X
1137211431,042382084
1137226242,040477045
1137226242,040597873
1137226242,041283376
1137281375,040620115
1137281375,041619749
1137281375,041142837
1137295759,1079886001
1137295759,04045956X
1137509759,040475344
1137509759,040451259
1137509759,959364080
1137509759,040378829
1137834579,040158756
1137834579,041926749
1137834579,040335976
113785183X,041699165
113785183X,041858093
113785183X,041664868
113785183X,041374460
1137867280,118521691
1137867280,040714659
1137867280,040756602
1138195375,004040457
1138195642,951332872
1138195642,040719804
1138195642,041294645
1138195642,040715078
1138234001,040567230
1138234001,1023633701
1138234001,04004792X
1138234001,040642119
1138234001,041213963
1138234001,04325733X
1138234001,987866834
1138234001,040649377
1138234001,994520042
1138234001,040021009
1138276529,041727770
1138276529,040391973
1138276529,968603785
1138276529,04006798X
1138276529,041972953
1138276529,041698088
1138276529,959364080
1138282200,040414086
1138282200,04034343X
1138282200,041256980
1138397113,040118827
1138397113,040447375
1138397113,041889274
1138397113,040090167
1138397113,040288927
1138397113,042457653
1138397113,041157168
1138517607,040784606
1138517607,04113303X
1138517607,994559119
1138568597,007652879
1138568597,007709234
1138568597,040309207
1138568597,041876806
1138568597,041734149
1138597821,050548700
1138597821,041157109
1138597821,040538613
1138597821,04143126X
1138734470,118650130
1138734470,118530585
1138734470,040779106
1138734470,040243133
1138734470,040414086
113898020X,040121356
113898020X,948008059
113898020X,040451259
113898020X,041426886
1139048449,040066509
1139048449,040431835
1139048449,1071012568
1139170716,04004176X
1139170716,1232521000
1139170716,040029638
1139170716,041370023
1139170716,040158330
1139170716,04059758X
1139491148,04318717X
1139491148,964248026
1139491148,041816749
1139491148,040649377
1139613723,042802016
1139613723,042523966
1139613723,041307267
1139613723,040336204
1139613723,042234123
1139613723,041153960
1139613723,040302350
1139641409,042497183
1139641409,040191559
1139641409,042633966
1139641409,1008757039
1139641409,976447657
1140544519,041620518
1140735578,041425065
1140735578,041253663
1140735578,116048743X
1140735578,04188342X
1140735578,041555856
1140735578,041250109
1140735578,1088446744
1140735578,042848512
1140735578,042179610
1140735578,040708918
1140818708,040118827
1140818708,040130215
1140818708,040336476
1140834886,041872835
1140834886,041282639
1140834886,043173527
1140834886,040385752
1140834886,041362675
1140946668,040118827
1140946668,041960556
1140946668,041163648
1140946668,04067911X
1140946668,040487555
1140946668,040228983
1140946668,041157109
1141196999,04072560X
1141196999,040665917
1141196999,040052338
1141196999,974557900
1141196999,041738632
1141379430,041520254
1141379430,040066177
1141379430,042045304
1141480611,040118827
1141480611,973332336
1141480611,04021365X
1141480611,041137183
1141480611,041394895
1141480611,040420795
1141480611,041157109
1141550512,042024048
1141550512,042490634
1141550512,949746983
1141550512,040701026
1141904772,040346498
1141904772,042217539
1141904772,041673662
1141904772,960767053
1141904772,041673670
1141904772,04124401X
1141904772,040643174
1141904772,040063402
1141904772,041535723
1141933055,041517954
1141933055,1023745712
1141933055,040111504
1141933055,041282523
1141933055,1223211479
1141937689,042241928
1141937689,042383056
1141937689,041837843
1141937689,04318717X
1141937689,041406605
1141937689,041691482
1142001261,042494702
1142001261,042118557
1142115135,041132920
1142115135,041205677
1142115135,04137651X
1142115135,04020832X
1142115135,042038448
1142115135,041146522
1142115135,041137485
1142155889,970679645
1142155889,940626713
1142374556,1008770388
1142374556,043134408
1142374556,041517202
1142374556,042470315
1142374556,949430404
1142374556,041580400
1142374556,040324923
1142374556,954819764
1142656616,100374446X
1142656616,97629401X
1142656616,950773395
1142656616,040272664
1142656616,04163506X
1142656942,04061963X
1142656942,984427813
1142656942,040733319
1142656942,041618173
1142954382,041798368
1142954382,040663876
1142954382,040608476
1142954382,041331168
1142954382,040005674
1142954382,940986973
1142954382,041873572
1142954382,042090377
1142954382,040788598
1143066499,040665860
1143066499,041879252
1143066499,040581365
1143066499,040776247
1143066499,041219325
1143067851,040775488
1143067851,041929780
1143067851,041915267
1143067851,041582276
1143067851,041125606
1143067851,041565517
1143067851,040152723
1143067851,040272664
1143067851,042525799
1143256077,041645405
1143256077,041509072
1143256077,040708918
1143256077,040429083
1143256077,041304624
1143256077,040598446
1143256077,040538702
1143256077,042103533
1143439252,042053579
1143439252,041292006
1143439252,040163709
1143539788,1151838586
1143539788,041695437
1143539788,041337646
1143539788,973524448
1143539788,942535790
1143539788,04149458X
1143539788,041313976
1143539788,041264576
1143650956,040118827
1143650956,041328450
1143650956,04001276X
1143703650,041279379
1143703650,042154286
1143703650,041922816
1143948858,041788125
1143948858,980556589
1143948858,041299604
1143948858,040490750
1144068835,987895397
1144081300,041641337
1144081300,040776247
1144270200,040677656
1144270200,040344215
1144270200,103216963X
1144270200,040320162
1144270200,040385442
1144270200,981714250
1144270200,043264646
1144396468,040042960
1144396468,041277317
1144396468,04185909X
1144396468,040490750
1144396468,040451259
1144400236,040763102
1144400236,040778142
1144400236,041165462
1144400236,041454367
1144485274,041333209
1144485274,04052020X
1144485274,04049716X
1144619726,040408027
1144619726,040246329
1144686121,965106497
1144686121,04198756X
1144686121,040149579
1144686121,040149374
1144745624,12117588X
1144745624,1139464051
1144745624,991190424
1144745624,041432843
1144745624,041660439
1144745624,041156455
1145241301,040118827
1145241301,040290670
1145241301,04072560X
1145241301,042412919
1145241301,040636933
1147295476,043245676
1147295476,958570248
1147295476,042773539
1147565651,041343417
1147565651,041945050
1147565651,94822939X
1147565651,041949560
1147565651,041360656
1147565651,950530514
1147565651,041280962
1148452834,040565440
1148452834,040388247
1148452834,041411005
1148452834,042503078
1148452834,040468119
1148452834,043258964
1148452834,043081770
1148452834,95092010X
1148452834,041517636
1148452834,041472772
1148452834,041752368
1148452834,972568417
1148452834,041719352
1148463240,042018773
1148463240,040490750
1148463240,041782534
1148755780,041653548
1148755780,041763513
1148755780,040059960
1148755780,040429075
1148755780,040004937
1148755780,040325229
1148812326,04120509X
1148812326,041229266
1148812326,040154289
1148812326,040066673
1148942068,040482413
1148942068,041443764
1148942068,943784158
1148942068,042789990
1148942068,043249876
1148942068,040068803
1148942068,040067920
1148942068,040143163
1149050772,118500775
1149050772,040006263
1149050772,970212763
1149154071,960496580
1149154071,042518229
1149154071,940625822
1149154071,040270076
1149154071,041456378
1150305606,040455033
1150305606,040744450
1150305606,041472020
1150305606,041340299
1150305606,043137016
1150867116,041221664
1150867116,043033504
1150867116,04150352X
1150867116,040649377
1151195731,118834312
1151195731,040787044
1151195731,041750438
1151195731,972856773
1151229385,043134629
1151229385,040201368
1151229385,97417825X
1151229385,942448405
1151229385,041503473
1151229385,041695976
1151571490,950760951
1151571490,944368581
1151571490,041240103
1151571490,041604466
1151571490,041403770
1151571490,042156084
1151699187,940855348
1151699187,041157109
1151699187,040181456
1151699187,1009530852
1151699187,041394690
1151699187,041251865
1151815179,004691792
1151815179,04064460X
1151815179,041218809
1151815179,040205886
1151815179,04051238X
1151815179,041165683
1151815179,041446798
1151815179,94572201X
115181671X,040118827
115181671X,040490122
115181671X,041285972
115181671X,040762297
115181671X,042327725
1151884804,040209679
1151884804,941226271
1151978124,965844773
1152002058,040768996
1152002058,040038467
1152002058,950871818
1152002058,042520932
1152131087,041481143
1152131087,040197026
1152131087,040272516
1152131087,1062915038
1152176897,040118827
1152176897,042098106
1152176897,96127249X
1152176897,041786386
1152179756,040118827
1152179756,040707008
1152287087,1009564889
1152444166,040297489
1152444166,977004872
1152444166,041645405
1152444166,042326540
1152444166,040676897
1152444166,042423538
1152444166,042699258
1152444166,040479684
1153007851,041738373
1153007851,041513444
1153007851,041369254
1153007851,041293738
1153007851,967329841
1153062623,040043916
1153062623,040802493
1153093677,04015968X
1153120496,040118827
1153120496,040340260
1153120496,041762444
1153120496,040382702
1153258420,959360875
1153258420,040588122
1153337878,041396715
1153337878,041219074
1153337878,04050137X
1153337878,041698193
1153337878,040647846
1153337878,041851242
1153337878,040378829
1153467089,040425703
1153467089,94572201X
1153467089,041827430
1153467089,042236169
1153467089,043223818
1153467089,040778045
1153467089,040567303
1153470853,041238575
1153470853,040122115
1153470853,040626563
1153470853,041760743
1153470853,040663876
1153470853,042048206
1153470853,04113432X
115347462X,041517954
115347462X,979308658
115347462X,041654358
115347462X,994263031
115347462X,04324422X
115347462X,041793595
115347462X,041761987
115347462X,1000618935
1153478129,040737578
1153478129,943048567
1153478129,1024622754
1153478129,042743249
1153478129,969696191
1153478129,040629627
1153478129,1005384800
1153502372,040737578
1153502372,041210417
1153502372,041837606
1153502372,041385527
1153502372,043122078
1153505754,040351653
1153505754,1138127957
1153505754,960963405
1153505754,04188468X
1153505754,041281500
1153505754,040765733
1153505754,041284879
1153506963,041654234
1153506963,948616679
1153506963,04325683X
1153506963,040565610
1153506963,960963405
1153506963,940498480
1153506963,04185151X
1153506963,040740242
1153509210,041429036
1153509210,040042413
1153509210,042801249
1153509210,994520042
1153509210,04113432X
1153509210,040081958
1153511436,041325133
1153511436,040142388
1153511436,041608356
1153511436,041535804
1153511436,040208079
1153511436,041366026
1153511436,040663876
1153555557,118555049
1153555557,040120619
1153555557,040359646
1153555557,040261409
1153555557,040489469
1153555557,041749979
1153606585,04130621X
1153606585,04315848X
1153606585,040760669
1153606585,040022579
1153606585,040031349
1153606585,040476863
1153831384,040500616
1153831384,1041849648
1153831384,94603575X
1154485692,040598446
1154485692,040467244
1154485692,041555856
1154485692,04184386X
1154485692,040565610
1154485692,941376095
1154485692,041489950
1154485692,041211537
1154485692,040020738
1154486176,11910797X
1154486176,040630013
1154486176,040474879
1154486176,040155080
1154486176,040205320
1154486176,041749979
1154486176,041450884
115455225X,040118827
115455225X,04004436X
115455225X,041346874
115455225X,949849634
115455225X,041275829
1154665100,040118827
1154665100,040222330
1154665100,040664384
1154665100,040267792
1154665100,040273865
1154787206,042525799
1154787206,04121319X
1154787206,040473902
1154847950,040003027
1154847950,956358276
1154847950,968449913
1154847950,946530092
1154847950,041240839
1154847950,963173561
1154847950,041456009
1154851079,040694844
1154851079,04068007X
1154851079,040618390
1154851079,94618576X
1154851079,040142388
1154942643,041279646
1154942643,964013711
1154944433,04045956X
1154944433,04127380X
1155073231,040223493
1155073231,040350886
1155073231,04057329X
1155073231,040205479
1155073231,041216849
1155073231,040741648
1155073231,04167166X
1155085523,040143600
1155085523,041802713
1155085523,041394976
1155085523,04033676X
1155085523,040528154
1155085523,040565610
1155086333,041654234
1155086333,041263928
1155086333,04128805X
1155086333,041365135
1155086333,977004872
1155086333,040351653
1155086333,041304624
1155086333,04115746X
1155086333,041253663
1155165276,040310310
1155165276,041544935
1155165276,043232744
1155165276,040701026
1155365364,040718670
1155365364,004691792
1155439007,96887410X
1155439007,041706498
1155439007,041727770
1155439007,949022691
1155439007,040344029
1155439007,041649192
1155439007,043264646
1155521110,041663705
1155521110,04067990X
1155521110,041295374
1155521110,041145968
1155521110,040348709
1155521110,042209137
1155521110,043170439
1155533054,041481143
1155533054,040477460
1155533054,1020678402
1155533054,040178943
115563831X,942388445
115563831X,042372038
115563831X,041295528
115563831X,1000169693
115563831X,041140125
1155639839,040057283
1155639839,041802144
1155639839,040226484
1155639839,042655013
1155639839,041216849
1155639839,981432670
115564039X,041654234
115564039X,040351653
115564039X,04145846X
115564039X,04128805X
115564039X,041753275
115564039X,1147710759
115564039X,040175197
115564039X,040039579
115564039X,041253663
1155648501,040497542
1155648501,040647455
1155648501,947583572
115567670X,042232082
115567670X,040232077
115567670X,04134250X
115567670X,040240185
115567670X,041483669
1155691091,041325796
1155691091,040381684
1155691091,040459748
1155691091,041838297
1155691091,04015999X
1155691091,041969103
1155710177,041213335
1155710177,041303768
1155710177,040371743
1156018269,042633966
1156018269,1118647580
1156018269,041403770
1156018269,042620899
1156018269,1008757039
1156181828,041858379
1156181828,042401992
1156181828,959377085
1156181828,042100984
1156181828,949046388
1156181828,952251175
1156181828,04048971X
1156181828,041989147
1156181828,041749413
1156181828,041899407
1156330327,040198944
1156330327,041333772
1156445809,040408434
1156445809,040178943
1156532612,040118827
1156532612,040408434
1156532612,040176045
1156532612,042882974
1156683955,050628984
1156683955,041140435
1156683955,041235924
1156683955,041204409
1156683955,040470970
1156833663,040118827
1156833663,041207769
1156833663,040335429
1156833663,041358899
1156993768,040118827
1156993768,041987217
1156993768,040494160
1156993768,040277437
1156993768,042141516
1156993768,042961785
1157083757,050248057
1158598076,962387053
1159506795,042742374
1159506795,041228413
1159506795,041127048
1159506795,04061557X
1159506795,041506340
1159881227,040526925
1159881227,040079554
1159881227,040465314
1159881227,041347927
1160303894,11850553X
1160303894,040795837
1160303894,041708008
1160303894,04049716X
1160307520,940431181
1160307520,000368210
1160307520,040710130
1160307520,041384946
1160307520,040777006
1160344868,04049408X
1160354375,040737578
1160354375,040297489
1160354375,040351653
1160354375,040577570
1160354375,041280962
1160354375,040169162
1160354375,940010704
1160354375,041392094
1160354375,042141575
1160551529,040441962
1160551529,040626563
1160551529,040312178
1160551529,040663876
1160551529,041410432
1160551529,042090377
1160551529,040576337
1161335021,040039749
1161335021,040348644
1161335021,953232050
1161530460,040118827
1161530460,961739223
1161530460,1242484655
1161530460,04001276X
1161530460,040676013
1161530460,040384632
1161530460,040384616
1161606971,040675505
1161606971,040742598
1161606971,944025560
1161606971,043239897
1161606971,041472152
1161606971,040649377
1161606971,042909589
1161671447,964675765
1161671447,04033628X
1161671447,040398277
1161671447,040059316
1161671447,042349877
1161671447,041947479
1161805834,040117847
1161805834,04049716X
1161805834,104308281
1161918078,04032656X
1161918078,041675827
1161918078,041920708
1161918078,042750172
1161918078,041326946
1161918078,041228987
1161918078,040009963
1161918078,040163172
1161918078,04150867X
1161918078,040595498
1162018011,040772217
1162018011,04020555X
1162018011,042100674
1162018011,040760669
1162018011,992696054
1162018011,040270076
1162042621,040118827
1162042621,040049337
1162042621,041349296
1162189940,041711114
1162189940,041293584
1162189940,980147638
1162189940,041257537
1162190027,040122115
1162190027,041977009
1162190027,041265157
1162190027,040676870
1162190027,041258797
1162190027,040626563
1162190027,041273478
1162190027,040683257
1162190027,041296109
1162190027,96473222X
1162330538,961953373
1162330538,041887263
1162528338,040118827
1162528338,040142248
1162528338,040685985
1162528338,1016493770
1162621125,043160875
1162621125,1137028114
1162621125,1167066898
1162621125,040140024
1162621125,040230287
1162683848,040408434
1162683848,040533697
1162683848,041256980
1162683848,041346815
1162683848,1074372166
1162684240,04004176X
1162684240,040408027
1162684240,041535219
1162684240,040533697
1162684240,040773477
1162684240,040408434
1162763558,041683102
1162763558,040597989
1162835990,040118827
1162835990,041692268
1162840536,11853453X
1162840536,041216539
1162840536,040756602
1162840536,040156028
1162840536,040789314
1162840536,04049716X
1162840536,040588785
1162844418,040781682
1162844418,042360293
1162844418,1306231221
1162844418,041842243
1162844418,973256028
1162885629,040366596
1162885629,042193397
1162885629,041644735
1163319724,040028054
1163319724,043249809
1163388602,040118827
1163388602,040563979
1163388602,040740986
1163388602,040777049
1163388602,040564592
1163388602,040139433
1163388602,040473767
1163388602,041873572
1163388602,040710343
1163388602,040052273
1163391131,041563484
1163391131,040069028
1163514136,118766716
1163514136,040718670
1163514136,040456609
1163514136,041132246
1163514136,119174871
1163514136,04059758X
1163719900,040523853
1163719900,948833831
1163719900,040325229
1163719900,040339718
1163719900,040708918
1163719900,041653548
1163719900,041698266
1163719900,042748259
116380066X,940431181
116380066X,040488292
116380066X,040052486
1163928232,040118827
1163928232,040028143
1163928232,041135784
1163928232,04128237X
1163938173,000637467
1163938173,041304705
1163938173,040211428
1163938173,040774449
1163938173,040655792
1163938173,04192147X
116400185X,041823117
116400185X,942228863
116400185X,041421434
116400185X,968718167
116400185X,041238877
116400185X,040682307
116400185X,041306945
116400185X,04219041X
116400185X,042114705
116400185X,041402995
1164214950,040432718
1164214950,041361512
1164214950,041171810
1164214950,041269012
1164277634,040477290
1164277634,040031470
1164277634,040111199
1164290657,04024427X
1164290657,040039358
1164545949,041269144
1164545949,040586405
1164545949,1005115796
1164812777,042000858
1165079178,04140498X
1165079178,040626709
1165079178,040316777
1165079178,041685385
1165079178,943187966
1165079178,041596536
1165079178,042756596
1165079178,040765733
1165304716,041358708
1165304716,980553733
1165304716,041568729
1165304716,04169631X
1165304716,040636259
1165304716,041808215
1165304716,967953081
1165925613,040268586
1165925613,994520042
1165925613,040641996
1165925613,040001237
1165925613,953088081
1165925613,040271455
1165925613,042190576
1166068218,040118827
1166068218,04057931X
1166068218,040567834
1166068218,04113432X
1166068218,042067790
1166068218,958127263
1166068218,040629554
1166190102,984743553
1166190102,042579422
1166190102,983241937
1166190102,042367638
1166190102,040063259
1166190102,041281500
1166190102,1149086939
1166190102,041448634
1166190102,041752287
1166190102,040636216
1166219305,04062661X
1166219305,04113432X
1166219305,041258835
1166219305,1221744852
1166382761,040737810
1166382761,040597989
1166382761,1020678402
1166559459,043275818
1166559459,041696735
1166559459,040105423
1166559459,041338065
1166559459,042793238
1166559459,979538432
1166559459,041981960
1166559459,041448634
1166581942,040232778
1166581942,041375335
1166581942,040223175
1166604152,118628313
1166604152,040457915
1166607119,04249835X
1167133722,995333882
1167133722,953333914
1167133722,1130732932
1167133722,964448688
1167231058,040414256
1167231058,04015999X
1167231058,040533697
1167231058,040166066
1167231058,041351754
1167231058,041882229
1167307127,043101089
1167307127,041555856
1167307127,041745906
1167307127,970225792
1167307127,041280962
1167307127,040083934
1167307127,042058112
1167362411,940431181
1167362411,041888294
1167362411,040654680
1167362411,04072901X
1167362942,040760316
1167362942,041986067
1167362942,040775879
1167362942,041342623
1167662741,040118827
1167662741,1010033360
1167662741,042011906
1167662741,940431181
1167662741,040274470
1167772318,040118827
1167772318,040664384
1167919173,04061963X
1167919173,981966233
1167919173,957571917
1168010225,979945372
1168010225,041165764
1168010225,040352544
1168010225,040605949
1168010225,041295072
1168010225,041126289
1168145821,041788125
1168145821,042796334
1168145821,041300262
1168145821,959364080
1168146461,040246663
1168146461,040030660
1168146461,041280962
1168146461,1303606720
1168146461,040388522
1168229898,040570002
1168325633,042784743
1168325633,041260139
1168325633,040038920
1168325633,043284817
1168325633,040478408
1168325633,041698193
1168325633,041377680
1168325633,040169162
1168325633,041587030
1168471583,1064675859
1168471583,998377953
1168471583,040765733
1168471583,041490657
1168471583,041959337
1168471583,041238206
1168471583,041216512
1168471583,04070047X
1168471583,041696263
1169131085,040118827
1169131085,041405579
1169131085,041899717
1169131085,041899768
1169131085,041294904
1169131085,041370422
1169291732,04115746X
1169291732,040297489
1169291732,041304624
1169291732,040351653
1169291732,042695112
1169291732,040708918
1169291732,041753275
1169291732,041253663
1169291732,042103533
1169466559,040118827
1169466559,040673030
1169466559,040031675
1169466559,040020258
1169466559,041770323
1169538797,1024265765
1169538797,041644395
1169538797,041824598
1169538797,040563669
1169538797,040138623
1169538797,040564207
1169538797,041137493
1169538797,041824334
1169538797,041143825
1170024351,042219639
1170024351,040760669
1170101615,040098486
1170101615,040310310
1170101615,040005712
1170101615,04121465X
1170287484,040380017
1170293638,040118827
1170293638,041275403
1170582494,040455033
1170582494,041256980
1170780512,1091075794
1170780512,041320336
1170814522,040455033
1170814522,974669849
1170814522,041903323
1170814522,041431804
1171030401,040425703
1171030401,040226476
1171030401,041127269
1171030401,040028186
1171030401,040755045
1171030401,041731727
117112824X,040476898
117112824X,040389359
117112824X,041211316
117112824X,04246269X
1171279701,950003530
1171279701,94248889X
1171428480,040080242
1171428480,040785998
1171428480,042237688
117160467X,040118827
117160467X,042249538
117160467X,043043240
117160467X,041163877
117160467X,040120406
1171696396,04004436X
1171696396,040172562
1171696396,041235754
1171696396,040694534
1172332770,04061963X
1172332770,042743249
1172332770,040111342
1172332770,949746983
1172414505,040141624
1172414505,951171933
1172414505,940589761
1172414505,94084138X
1172414505,040626709
1172414505,976280817
1172414505,041596536
1172414505,04129002X
1172414505,041685563
1172414505,041914910
1172665788,04154756X
1172665788,041218515
1172665788,04311914X
1172665788,946516383
1172665788,041370422
1172672393,968605605
1172672393,040429083
1172672393,042547377
1172672393,986391565
1172672393,041892712
1172672393,041813510
1172672393,042778794
1172875154,040118827
1172875154,040693759
1173280804,118559796
1173280804,041216539
1173280804,040021742
1173280804,041428153
1173283579,041776828
1173283579,041357558
1173283579,041383966
1173395687,04004436X
1173395687,042252059
1173395687,1075612675
1173395687,042743249
1173421394,041223438
1173421394,040322610
1173421394,040198529
1173586555,041251245
1173586555,040676870
1173586555,040485870
1173586555,04154255X
1173586555,040339718
1173586555,040429075
1173586555,040664244
117358708X,043164137
117358708X,041237137
117358708X,041145194
117358708X,040473465
1174181435,040065685
1174181435,1009564889
1174181435,971576181
1174181567,1028099398
1174181567,12499556X
1174181567,134302230
1174284137,040114503
1174284137,040326519
1174284137,040135853
1174284137,04135639X
1174284544,041124499
1174418001,041654234
1174418001,04139402X
1174418001,041409019
117457626X,041132920
117457626X,04128271X
117457626X,041243064
117457626X,960705481
117457626X,041824598
117457626X,041358899
117457626X,04187658X
117457626X,041143957
117457626X,042334454
117457626X,944861253
117457626X,041244818
1174587830,040118827
1174587830,941579174
1174587830,040688097
1174587830,041227824
1174587830,041326733
1174837128,040335763
1174837128,042402786
1174837128,041710983
1174837128,041127986
1174837128,040455955
1174837128,041363914
1174837128,04286951X
1174938811,04051238X
1174938811,040477460
1174938811,041762258
1174938811,040597660
1174938811,040775305
1174938811,040300056
1174955147,040099377
1174955147,1019538708
1174955147,040793478
1174955147,042185734
1174990678,041402707
1174990678,041438906
1174990678,948149582
1174990678,041780779
1174990678,042315794
1174990678,95881161X
117520529X,040118827
117520529X,040348237
117520529X,04016229X
1175354783,00036164X
1175354783,042432812
1175354783,95277917X
1175354783,041915127
1175554898,041632893
1175554898,975446657
1175554898,040054616
1175554898,040322319
1175554898,04189216X
1175554898,952965526
1175554898,040302466
1175554898,041296109
1175554898,96473222X
1175994561,040118827
1175994561,040464962
1175994561,040336433
1175994561,041659643
1176031465,041513746
1176031465,042749034
1176031465,040437744
117643909X,041654234
117643909X,946850097
117643909X,042899613
117643909X,040429083
117643909X,040565610
117643909X,043173322
117643909X,041752368
117643909X,040004937
117643909X,040142000
117643909X,041298926
1176636111,040446832
1176636111,040760669
1176636111,04114371X
1176636111,941480119
1176913417,040118827
1176913417,040693759
1176913417,040473465
1176956833,040118827
1176956833,040557715
1176956833,1033763179
1176956833,041434153
1176956833,041898028
1176956833,042102758
1177033577,042102154
1177033577,987535730
1177033577,040501345
1177033577,042579422
1177033577,041311345
1177033577,041333985
1177033577,041778782
1177033577,042853907
1177033577,040680924
1177033577,940493055
1177110253,041410467
1177110253,040641996
1177110253,946945187
1177110253,1048078523
1177110253,041393163
1177110253,954946456
1177202069,04059758X
1177202069,041926749
117728829X,040118827
117728829X,041157109
117728829X,1105568555
117728829X,041772768
117728829X,040519279
117728829X,040528286
1177299399,007722036
1177299399,041127366
1177299399,970714106
1177299399,042907012
1177384450,042117356
1177384450,958140324
1177384450,041361024
1177384450,041774590
1177546558,040441962
1177546558,1307072798
1177546558,040683257
1177546558,940060051
1177546558,041381424
1177546558,041664035
1177546558,041206126
1177546558,042069076
1177603659,040305503
1177603659,040288595
1177603659,981432670
1177603659,040763080
1177603659,040476863
1177603659,040559033
1177603659,041332326
1177603659,1020678402
1177603659,041621565
1177623080,951635514
1177623080,041456009
1177623080,041555147
1177623080,042735319
1177640856,040538575
1177640856,040676609
1177640856,041557743
1177944553,040599795
1177944553,040455866
1177944553,040344347
1177944553,041213564
1177944553,041899768
1177944553,041249062
1177944553,041369386
1177944553,040371352
1178099059,041448634
1178099059,040479684
1178099059,041207440
1178099059,041845854
1178099059,040476103
1178099059,041332709
1178115666,972646795
1178115755,040432076
1178115755,041155858
1178176053,042345138
1178176053,040431797
1178176053,04120719X
1178176053,042089409
1178176053,041904818
1178176630,040378772
1178176630,041575008
1178176630,040479668
1178176630,041342623
1178406628,040432718
1178406628,040147363
1178406628,040147150
1178425363,040118827
1178425363,040139743
1178425363,041236033
1178425363,041966589
1179058631,042038529
1179058631,040760669
1179209184,041691512
1179209184,040685969
1179209184,041126270
1179209184,041580958
117986977X,041271173
117986977X,041230655
117986977X,942581415
1179875958,040729206
1179875958,040465845
1179875958,041249410
1179875958,040277437
1179875958,04137178X
1179875958,1070104361
1179875958,040038467
1179875958,040337928
1180278933,040459772
1180278933,040381684
1180278933,040543676
1180278933,041969103
118029999X,1306326028
118029999X,04070792X
118029999X,043033504
118029999X,041221664
1180383702,040455033
1180383702,944814220
1180383702,041576756
1180383702,041605756
1180383702,040272214
1180383702,040358755
1180473795,04064314X
1180473795,041776828
1180473795,041297210
1180473795,042011957
1180609476,996431608
1180609476,041244818
1180609476,04138430X
1180609476,041287290
1180609476,040028054
1180609476,041360699
1180609476,040763080
1180610601,040740986
1180610601,04132370X
1180610601,041294793
1180610601,954043812
1180610601,040350932
1180610601,040473767
118061691X,041730453
118061691X,949863408
118061691X,042345839
118061691X,041362160
118061691X,042968208
1180708474,041216539
1180708474,040557294
1180708474,040476960
1180708474,041738764
1180708474,040759954
1180708474,040795837
1180961692,972453075
1180961692,959364080
1180969413,040118827
1180969413,041301862
1180969413,041141148
1180969413,040465950
1180969413,042573149
1180969413,040557197
1180969413,04055676X
1180969413,041156455
1181066018,1305844106
1181066018,041205944
1181066018,040440222
1181066018,04164283X
1181255732,04128805X
1181255732,041509080
1181255732,040708918
1181255732,042262194
1181255732,1147710759
1181255732,040169162
1181255732,949430404
1181255732,040135853
1181278163,1183297238
1181278163,041370023
1181278163,041326954
1181313848,04053524X
1181313848,040741079
1181313848,04121868X
1181313848,04114290X
1181373395,1305719166
1181688949,32023357X
1181688949,954763998
1181688949,04127993X
1181688949,041333209
1181688949,040619168
1181947316,040592316
1181947316,040263126
1181947316,041231244
1181947316,04056987X
1181947316,040539997
1181947316,041281306
118213338X,040118827
118213338X,041140478
118213338X,040574555
1182228429,040659607
1182228429,1303614219
1182228429,040146758
1182228429,042875765
1182228429,042731380
1182228429,04146088X
1182228429,041608348
1182228429,1303821915
1182228429,041524764
1182356621,94967365X
1182356621,042364337
1182356621,040785203
1182356621,041244990
1182373968,041549732
1182422411,040703703
1182422411,041290283
1182422411,041315839
1182422411,041393392
1182960529,050573047
1182960529,04160329X
1182960529,041923618
1182960529,040717968
1182960529,041653807
1183878869,042424658
1183878869,041385659
118390908X,040399672
118390908X,041296117
118390908X,040710130
118390908X,040664384
118390908X,04116489X
118390908X,042329833
1183909225,040446832
1183909225,043019137
1183909225,1156563224
1183909225,040149757
1183909225,042507014
1183909225,1303848414
1183909225,040490750
1185029133,040379523
1185029133,040122492
1185034749,040049450
1185034749,041441982
1185034749,041231252
1185034749,040169170
118561897X,041382897
118561897X,040693422
118561897X,041951417
118561897X,040059103
1185653937,118547739
1185653937,040457915
1185653937,040052486
1185653937,041696506
1185653937,1001767225
1185867937,040408027
1185867937,960247432
1185867937,040011836
1185867937,041409418
1185984933,040538818
1185984933,041511573
1185984933,04132367X
1185984933,040118827
1185984933,040752305
1185984933,040413314
1185986448,040665593
1185986448,040156028
1185986448,04183903X
1186274913,040085287
1186274913,040760669
1186274913,1303873699
1186274913,041923065
1186274913,04172187X
1186274913,040063402
118631656X,040792374
118631656X,040768996
118631656X,040728854
118631656X,041354206
118631656X,04116489X
1186413514,040611639
1186413514,040470202
1186413514,041733746
1186413514,969970897
1186413514,040465144
1186507934,040737578
1186507934,041255429
1186507934,041878175
1186507934,1024622754
1186507934,960767053
1186507934,946426457
1186507934,042743249
1186510366,040250350
1186510366,041728009
1186510366,040606759
1186510366,040386546
1186510366,040746720
1186549920,040908038
1186549920,042445957
1186549920,041274105
1186549920,041632893
1186549920,041309812
1186549920,042496896
1186549920,041544838
1186596112,041653548
1186596112,041763513
1186596112,041802802
1186596112,041696123
1186596112,040325229
1186596112,041892968
1186596112,04061655X
1186726113,040881199
1186726113,1268481068
1186726113,041567412
1186726113,940431181
1186726113,000003778
1186726113,041209885
1186726113,040768996
1186760028,040118827
1186760028,974675598
1186760028,041554353
1186760028,040736784
1186760028,040008819
1186760028,04121000X
1186772549,040781496
1186772549,041447794
1186772549,943084768
1186772549,041557417
1186772549,040703347
1186791845,040501647
1186791845,1003286348
1186791845,042145392
1186791845,040376303
1186794615,11863562X
1187062707,04322296X
1187062707,040495388
1187062707,04121353X
1187062707,040793478
1187062707,1079427864
1187095990,040157016
1187095990,041176413
1187095990,040062872
1187095990,040139433
1187098515,1177443902
1187098515,043249809
1187098515,041673069
1187098515,040269264
1187098515,963150790
1187098515,040166740
1187114642,940431181
1187114642,040465144
1187114642,041134826
1187187577,040157016
1187187577,040066673
1187187577,040780147
1187187577,945130562
1187187577,041659643
1187187577,040118827
1187187577,041143337
1187187577,953861732
1187187577,04033628X
1187187577,040087565
1187187577,041227239
1187187577,040357422
1187187577,04049716X
1187197580,040118827
1187197580,040038467
1187197580,004012151
1187197580,040787044
1187197580,040754685
1187197580,040728854
1187197580,940543168
1187197580,041158040
1187276944,118677888
1187276944,118559796
1187276944,040465632
1187276944,040728854
1187354899,040599795
1187354899,040340260
1187354899,040062929
1187354899,040766055
1187354899,1038114020
1187598275,040786056
1187598275,940762439
1187598275,041273745
1187598275,040786129
1187658405,1053744390
1187658405,040118908
1187658405,041927494
1187658405,040118894
1188201441,040118827
1188201441,040014797
1188201441,040062929
1188201441,040495078
1188201441,04049506X
1188201441,042124905
1188376217,041657675
1188399179,040750736
1188399179,040118827
1188399179,040764907
1188456873,040119750
1188456873,040350932
1188456873,04132370X
1188456873,041142837
1188814273,04186980X
1188814273,043037682
1188814273,041390679
1188814273,041385659
1188814273,042929539
1188884778,940431181
1188884778,04200389X
1188884778,042011906
1188884778,040762157
1188884778,995800995
1188884778,041143825
118890227X,043084168
118890227X,041276744
118890227X,040111342
118890227X,103376342X
118890227X,040009734
118890227X,040557073
118890227X,040124754
1189567652,040099377
1189567652,040664384
1189567652,040321258
1189567652,040654680
1189570440,040118827
1189570440,041514343
1189570440,966346475
1189570440,949134651
1189570440,041769732
1189570440,040184803
1189582821,1204027323
1189582821,041294645
1189582821,040715078
1189655179,041788125
1189655179,041521846
1189655179,041610008
1189655179,040475344
1189655179,946548498
1189695049,041266544
1189695049,040066509
1189695049,040183262
1189697424,041949013
1189900122,040118827
1189900122,040738175
1189900122,040597873
1189900122,040178943
1189900122,041554353
1189900122,040736784
1189900122,04116489X
1190028662,040556956
1190030039,040567230
1190030039,040567303
1190030039,991698886
1190030039,040158756
1190030411,040457915
1190030411,950181994
1190106442,118530895
1190106442,040103846
1190106442,040586650
1190157217,040182029
1190157217,041867149
1190157217,040702464
1190157217,040345424
1190157217,040374416
1190285827,041204433
1190285827,1303882574
1190993643,000003336
1190993643,040182029
1190993643,040747255
1190993643,041572378
1190993643,041127013
1190993643,040124754
1191190153,042000890
1191190153,041958608
1191190153,041496353
1191190153,041208064
1191190153,040246663
1191265536,040350932
1191265536,04131946X
1191265536,042636310
1191321339,961810718
1191321339,040340260
1191321339,988109158
1191321339,041262670
1191321339,040367282
1191321339,042916755
1191426831,040099377
1191426831,041278887
1191426831,04229763X
1191426831,041649583
1191426831,04020832X
1191426831,040465950
1191437965,040754685
1191437965,042762723
1191437965,041243854
1191437965,000003336
1191437965,040728854
1191584224,940431181
1191584224,042048176
1191584224,040038467
1191584224,040038327
1191584224,041272404
1191597199,040118827
1191597199,940431181
1191597199,04066399X
1191597199,041258320
1191597199,040626385
1191597199,041173384
1191690954,041441265
1191690954,979308658
1191690954,1064675859
1191690954,1109064845
1191690954,998377953
1191690954,96984350X
1191690954,040054616
1191691500,040785416
1191691500,041143337
1191691500,041339657
1191691500,04130375X
1191691500,993106455
1191691500,040334236
1191691500,040318834
1191691500,040557626
1191693104,041369254
1191693104,042804612
1191693104,040641910
1191693104,1178165337
1191937429,040612066
1191937429,041750470
1191937429,041249410
1191937429,995800995
1191937429,041302206
1192054806,040118827
1192054806,042743249
1192054806,040333299
1192054806,04116489X
119214158X,042565219
119214158X,042060907
119214158X,040728854
119214158X,041582926
1192199456,040181456
1192199456,040768996
1192199456,040038467
1192199456,040682978
1192199456,106969780X
1192441672,945239920
1192441672,041873165
1192441672,042735777
1192693264,041518942
1192693264,042578345
1192693264,041548183
1192693264,041853288
1193016754,042534410
1193016754,041762843
1193016754,042122775
1193016754,041269748
1193016754,040187764
1193086566,040118827
1193086566,040787044
1193086566,041737504
1193086566,95659171X
1193086566,951600125
1193086566,041172299
1193086566,117770398X
1193495687,040118827
1193495687,040310310
1193495687,041176278
1193495687,042185734
1193495687,041618173
1193546672,11850553X
1193546672,040674886
1193913926,04136709X
1193913926,041750438
1193913926,040465314
1193926718,041953800
1193926718,041245628
1193926718,040763080
1193997321,004691792
1193997321,040591506
1193997321,04047089X
1194003001,040310035
1194003001,041253663
1194003001,042103533
1194003001,041269012
1194003001,041141660
1194003001,04064605X
1194003001,040063402
1194252362,040068552
1194252362,040700879
1194252362,967279453
1194374786,040360504
1194374786,004691792
1194374786,040587169
1194374786,041884175
1194375618,004691792
1194375618,041155440
1194375618,041325923
1194375618,043237673
1194375618,040216713
1194375618,040360504
1194377548,004817613
1194377548,041679687
1194377548,041285069
1194377548,040470563
1194377548,040300056
1194378145,040674614
1194378145,041341902
1194378145,04069996X
1194378145,040360504
1194378145,040300056
1194462456,04138914X
1194462456,1069505412
1194462456,040763625
1194462456,979651808
1194462456,040550729
1194484360,040118827
1194484360,04032950X
1194484360,1105568555
1195212178,04121093X
1195212178,040348644
1195212178,041233050
1195473109,1130793281
1195473109,041535219
1195473109,040168956
1195473109,040313697
1195473109,040490688
1195473109,041300912
119552434X,042060907
119552434X,040588122
1196005621,944764614
1196005621,040143554
1196005621,04049716X
1196005621,040674886
1196005621,041127269
1196005621,04120509X
1196088322,040118827
1196088322,040206602
1196088322,040690083
1196088322,041141164
1196088322,04113446X
1196088322,041243072
1196111448,040120694
1196111448,040139018
1196111448,040276066
1196111448,042521122
1196111448,1305699815
1196111448,041519809
1196111448,043239544
1196111448,043125662
1196111987,041820282
1196111987,942219813
1196200874,040118827
1196200874,940431181
1196200874,040223566
1196200874,949576816
1196200874,04113432X
1196200874,981714250
1196200874,040268608
1196200874,040273865
119629299X,041387139
119629299X,041429907
119629299X,042486580
119629299X,986391565
119629299X,950498432
119629299X,040238520
1196328005,050599534
1196328005,1049169247
1196328005,954541669
1196328005,040252264
1196577692,041716264
1196577692,043097502
1196577692,042755085
1196578362,041835239
1196578362,94059076X
1196578362,94120703X
1196578362,042363632
1196578362,04260284X
1196629129,042363632
1196629129,043165559
1196629129,041829212
1196629129,04260284X
1196629404,041855574
1196629404,043194249
1196629404,042707854
1196632324,041557336
1196632324,947235051
1196632324,041269047
1196632324,955592909
1196632324,040172333
1196632464,947235051
1196632464,041841409
1196632464,041517342
1196632464,041321405
1196699984,041993594
1196699984,043052924
1196699984,040782492
1196700273,1051107911
1196700273,991370430
1196700273,042074282
1196700273,954501780
1196700273,007335725
1196802319,042629004
1196802319,042782015
1196802319,040022900
1196802319,041613686
1197057706,040181456
1197057706,1020765844
1197068783,042987490
1197068783,042549949
1197068783,041483995
1197068783,041369254
1197068783,042209226
1197068783,1012214044
1197068783,040142116
1197068783,042987407
1197538224,040224287
1197538224,040493962
1197538224,040205886
1197538224,942572254
1197538224,040494209
1197588922,004664841
1197588922,041982339
1197588922,953102424
1197610790,041325796
1197610790,04127380X
1198056401,040392260
1198056401,041906675
1198056401,040392384
1198103817,040792374
1198103817,991994795
1198213256,041517954
1198213256,041517180
1198213256,947987576
1198213256,041946197
1198312718,040118827
1198312718,041204638
1198403098,951109731
1198403098,042987393
1198403098,94017166X
1198403098,041707273
1198403098,941773329
1198438339,041992059
1198438339,040760669
1198438339,983653461
1198438339,041524799
1198438339,041385659
1198438339,040490750
1198866829,040432718
1198866829,040182029
1198866829,040172007
1198866829,962387053
1199265020,040598446
1199265020,040710890
1199265020,042195152
1199265020,041752473
1199265020,042360358
1199265020,041546407
1199265020,959577718
1199265020,96473222X
1199265020,954819764
1199463590,042102243
1199463590,040470008
1199463590,042540879
1199513466,041135857
1199516414,040494152
1199516414,040158756
1199539325,041631218
1199539325,040098532
1199539325,946340099
1199539325,041218930
1199539325,041760778
1199539325,04046704X
1199539325,041126475
1199539325,041339223
1199539325,96473222X
1199539325,041783700
1199539325,041144589
1199539325,945798784
1199587435,040334228
1199587435,041659635
119995800X,041441362
119995800X,041572505
119995800X,1304291995
119995800X,1304293238
119995800X,041406605
119995800X,041770110
1200002520,040721337
1200002520,040216624
1200002520,04010074X
1200002520,040488217
1200087755,041320999
1200087755,041783867
1200087755,042427053
1200087755,040392260
1200087755,960184872
1200087755,04051871X
1200309502,1123527725
1200309502,988072351
1200309502,041230655
1200309502,041618173
1200547322,04055970X
1200547322,040221539
1200547322,040465144
1200814622,041802527
1200814622,041570316
1200814622,042785618
1200814622,041458796
1200814622,040628388
1200916255,040182142
1200916255,040154289
1200916255,041250575
1200916255,040717763
1201159326,041872835
1201159326,041694996
1201159326,043137016
1201159326,958009716
1201159687,940855348
1201159687,007652879
1201159687,040487652
1201159687,041886968
1201159687,96053587X
1201159687,040223442
1201279186,040728854
1201279186,957759576
1201279186,040465632
1201279186,040762297
1201462959,04186350X
1201462959,040435652
1201462959,1028601360
1201462959,040701778
1201725712,957319304
1201725712,040485617
1201725712,979753805
1201725712,040267512
1201725712,040776247
1202012477,041289420
1202012477,041744926
1202012477,042871948
1202012477,04289316X
1202012477,041433297
1202039227,040581977
1202039227,1205119698
1202039227,041127269
120222086X,1021591971
1202258581,042736978
1202258581,042084962
1202258581,041235479
1202350925,042026466
1202350925,996431608
1202350925,041524187
1202425941,041265742
1202425941,04164199X
1202425941,040402339
1202425941,040573125
1202425941,04015016X
1202425941,040763080
1202850022,040783154
1202850022,040043010
1202850022,042686032
1202850022,040022579
1202850022,041155610
1203058853,040339718
1203058853,961206640
1203058853,961206764
1203058853,974995770
1203058853,954167910
1203058853,953194469
1203115830,04174084X
1203115830,040156028
1203353812,04004176X
1203353812,040422267
1203353812,040511766
1203353812,040710459
1203353812,043004008
120343233X,040752917
120343233X,040760669
120343233X,040022846
120343233X,986470023
1203623674,040496570
120371064X,041555813
120371064X,987925997
120371064X,042977967
120371064X,04156023X
120371064X,040636259
120371064X,040783510
120371064X,96473222X
120371615X,96368728X
120371615X,041636090
120371615X,042102189
120371615X,951123912
120371615X,94538839X
1203970579,040740986
1203970579,041969103
1203970579,964162512
1203970579,967279453
1203970579,041315227
1203996845,040476960
1203996845,040305503
1203996845,040288595
1203996845,1305860934
1203996845,041710959
1204426015,118608045
120444224X,042437180
120444224X,042525799
120444224X,040762157
1204637601,040006379
1204637601,040148734
1204637601,041212037
1204637601,040237443
1204637601,041711173
1204637601,040325512
1204637733,1072430339
1204637733,04223767X
1204637733,040348377
1204640009,040477045
1204640009,040789314
1204640009,1017248516
1204640009,040272745
1204692629,040344029
1204692629,041230655
1205013903,041699165
1205013903,941738299
1205013903,041557603
1205013903,041315960
1205111298,040322904
1205111298,040680509
1205111298,040052486
120514143X,040118827
120514143X,041408802
120514143X,040350932
120514143X,041305264
1205142738,040118827
1205142738,040494225
1205142738,041154347
1205142738,040487377
1205142738,041649486
1205142738,041532619
1205157549,041473590
1205157549,041157532
1205157549,042154235
1205157549,040072630
1205258345,040740757
1205258345,041126467
1205258345,040036189
1205372725,040457915
1205372725,04049716X
1205372725,040703703
1205469435,960536183
1205469435,040060209
1205469435,040571955
1205469435,040036774
1205469435,041394399
1205475354,041287746
1205475354,040031675
1205475354,040455157
1205475354,040372782
1205548645,040118827
1205548645,040635147
1205548645,040379493
1205548645,040459772
1205548645,041231767
1205548645,041156455
120571328X,040118827
120571328X,040709248
120571328X,040578038
120571328X,041739086
120571328X,040111520
120571328X,040111342
120571328X,1138385522
1206188383,040118827
1206188383,99166602X
1206188383,1032754427
120634427X,04045956X
120634427X,04131946X
120634427X,041951417
1206412097,041387848
1206412097,040557073
1206412097,041403495
1206412097,040272664
1206472766,040525279
1206472766,040597989
120652913X,04205916X
1206540923,128861673
1206540923,041299515
1206540923,040670295
1206540923,040254534
1206788739,041370023
1206788739,040734390
1206788739,041165462
1206788739,965002845
1206788739,995800995
1206788739,040710424
1206864915,040118827
1206864915,041301862
1206864915,042965322
1206864915,040182029
1206864915,040717763
1206864915,04181116X
1206864915,041386167
1206864915,040052273
1207152552,040118827
1207152552,1243555017
1207152552,040099377
1207152552,041317017
1207152552,040557626
1207152552,041222172
1207152552,040223442
1207152552,041127668
1207187771,120521733
1207187771,041737504
1207187771,041660439
1207187771,040314456
1207213853,1001443063
1207213853,041979710
1207319503,986508780
1207319503,041580672
1207319503,042107334
1207319503,042346363
1207373192,041822439
1207373192,040675505
1207373192,041605756
120744572X,040459772
120744572X,040543676
120744572X,042967392
120744572X,040710343
120744572X,041889053
1207480487,041138635
1207480487,040389367
1207480487,040362027
120774445X,041663535
120774445X,041237137
120774445X,040785173
120774445X,043264646
120774445X,041308808
120774445X,040361608
120774445X,042737079
120774445X,041448634
120774445X,042450748
1207755575,11872715X
1207996882,041882229
1207996882,041227956
1207996882,040350932
1207996882,040408434
1207996955,040360326
1207996955,040643174
1207996955,952225611
1207996955,040473767
1207997447,041274822
1207997447,1050859766
1207997447,040332063
1207997447,040477436
1207997447,041142284
1207997447,040007324
1207997447,040412482
1207997447,040430243
1208077961,040781682
1208077961,040246329
1208077961,04070792X
1208077961,040201368
1208077961,041139984
1208159313,040628604
1208159313,943317703
1208159313,040272664
1208163639,953946215
1208163639,042705843
1208310763,118621823
1208310763,041165683
1208310763,004691792
1208512315,040120643
1208512315,040449033
1208512315,040702219
1208512315,040328139
1209048876,040118827
1209048876,1206347392
1209048876,967941407
1209048876,1298309689
1209048876,042008026
1209056216,040121836
1209056216,040300676
1209056216,041230655
1209056216,04121465X
1209157446,040336379
1209157446,04053474X
1209157446,040334236
1209157446,041660439
1209157446,040479668
1209358735,040462498
1209358735,967191386
1209358735,041306716
1209358735,04202711X
1209358735,040744507
1209358735,04129534X
120943377X,040449033
120943377X,040031578
120943377X,041808207
120943377X,040746720
1209472880,000107328
1209472880,040266370
1209472880,040634175
1209472880,967279453
1209649691,040118827
1209649691,041166353
1209667436,041304624
1209667436,040528154
1209667436,041797809
1209667436,040268748
1209667436,041163737
1209667436,040310035
1209667436,040636259
1209667436,040664244
1209840391,042351413
1209840391,040334473
1209840391,040496287
1209840391,041618173
1209844478,1212047613
1209844478,942388445
1210028476,11908273X
1210028476,041737504
1210028476,041289625
1210157241,1147871477
1210157241,043274730
1210157241,040178943
1210157241,040422267
1210243199,040068552
1210243199,040741648
1210243199,040455394
1210243199,040616274
1210264242,118559796
1210264242,041361520
1210264242,040138429
1210264242,041880374
1210264242,040261700
1210264242,041488237
121042357X,950504408
121042357X,953416844
121042357X,040334228
121042357X,04051157X
1210424142,040687546
1210424142,04049716X
1210424142,041294688
1210424142,041603435
1210424142,041233735
1210424142,953416844
1210424142,041374924
1210425599,1082219916
1210425599,1045111856
1210425661,1114151734
1210425661,041899849
1210425661,041153480
1210425661,041649583
1210425661,041155858
1210596547,040320677
1210633795,1123042616
1210633795,040342689
1210633795,042187303
1210633795,949343803
1210633795,041884175
1210633795,04029823X
1210690829,981714250
1210690829,040147150
1210690829,040563669
1210690829,040153320
1210690829,042801893
1210690829,040564312
1210690829,04056424X
1210690829,980969727
1210690829,040563960
1210729342,042629004
1210729342,04057833X
1210729342,041154908
1210729342,041866096
1210729342,040473902
1210742667,117608130
1210742667,007544650
1210779196,040118827
1210779196,040665674
1210779196,041554353
1210779196,040736784
1210821621,118535978
1210827387,04292670X
1210827387,040120406
1210827387,040597989
1211168131,1297891910
1211168131,040694917
1211168131,998329959
1211168131,041127366
1211168131,040156028
1211171639,040050440
1211171639,1206347392
1211171639,967941407
1211171639,960168400
1211171639,041876806
1211172821,041388038
1211172821,040065685
1211172821,041230655
1211172821,960705457
121128039X,041271173
121128039X,961210079
121128039X,041323076
1211320871,118555006
1211320871,040643174
1211320871,040456609
1211320871,040544982
1211324222,04061963X
1211324222,042937299
1211324222,040323862
1211324222,040272087
1211324222,04121434X
1211324222,040557375
1211324222,042074282
1211324222,040352544
1211324222,041628640
1211422445,128878185
1211422445,119525054
1211422445,953145018
121146525X,040027945
121146525X,040312992
121146525X,043279074
121146525X,042154286
1211791971,118575449
1211791971,040489469
1211791971,04020832X
1211791971,042007933
1211791971,041532546
1212104161,041698649
1212104161,040067998
1212144457,04060294X
1212144457,040305503
1212144457,04204779X
1212144457,040494225
1212144457,040789314
1212144457,944598080
1212434099,1295713578
1212434099,040152243
1212434099,040379442
1212434099,041951417
1212434099,041311949
1212440587,040538818
1212440587,041489047
1212440587,041176723
1212440587,040397858
1212520378,118575449
1212520378,040511766
1212520378,04166552X
1212520378,040465144
1212520378,040055655
1212535766,040601269
1212535766,04057699X
1212604695,042511925
1212604695,1100702512
1212604695,041557603
1212604695,041334299
1212610865,040118827
1212610865,041776828
1212610865,040457915
1212660641,040118827
1212660641,040058719
1212660641,040467813
1212985354,042760844
1212985354,041291646
1212985354,041552776
1213164389,969037589
1213164389,041140206
1213164389,040766020
1213164389,985530707
1213232767,007560761
1213232767,007378920
1213232767,985576723
1213232767,040028992
1213232767,041342623
1213307023,1303605260
1213307023,04157026X
1213307023,040583236
1213307023,041651510
1213307023,040763153
1213307023,040544907
1213348927,040598446
1213348927,954721381
1213348927,970225792
1213348927,041555856
1213348927,942893573
1213348927,04188843X
1213348927,041545567
1213348927,041596536
1213348927,040586715
1213348927,041712390
1213348927,958997063
1213348927,040361608
1213348927,96001389X
1213348927,041547829
1213348927,040351653
1213348927,041645405
1213348927,040708918
1213348927,042988454
1213348927,040083934
1213472946,04032690X
1213472946,04139402X
1213472946,04213725X
1213472946,944783449
1213472946,040763587
1213472946,957571917
121381197X,1004089465
121381197X,040009963
121381197X,041228987
121381197X,042436885
121381457X,04131123X
121381457X,041301862
121381457X,040558983
121381457X,040557626
121381457X,040558916
121381457X,04062871X
121381457X,041649583
1213852625,040724719
1213852625,040307026
1213852625,040566188
1213852625,040307468
1213852625,040566560
1213860520,1306322227
1213907306,041544722
1213907306,041361733
1213907306,041210859
1213907306,043257615
1213907306,040299198
1213907306,041972953
1213907306,041760743
1214058167,040709590
1214058167,1306706211
1214058167,945378963
1214058167,041456106
1214244262,1010333763
1214244262,040793516
1214244262,040558762
1214244262,118596780
1214306594,13669523X
1214373704,11881818X
1214377017,042118387
1214592562,118577964
1214592562,11850245X
1214592562,118505114
1214592562,041708725
1214592562,041851048
1214592562,04059758X
1214592562,040418626
1214592562,040457915
1214592953,040028259
1214592953,042215722
1214612105,040764117
1214612105,04128271X
1214612105,041243064
1214612105,041228146
1214612105,041762363
1214612105,040552020
1214612105,041614836
1214720056,040619168
1214720056,953145018
1215036868,041604466
1215036868,949863408
1215036868,041873270
1215036868,040143058
1215036868,041664590
1215099371,040787044
1215099371,040792153
1215099371,041737504
1215099371,964195720
1215099371,041660439
1215099371,040477649
1215099371,040060926
1215099371,040207137
1215099371,050891650
1215111258,040412482
1215111258,040205886
1215111258,040759962
1215159463,040118827
1215159463,040139433
1215159463,042320763
1215159463,949837431
1215159463,041207769
1215159463,041954920
1215159463,968680313
121516811X,041867149
121516811X,040345424
121516811X,040702464
121516811X,040374416
1215295154,04129047X
1215295154,041177142
1215295154,042252059
1215295154,961210079
1215295243,040350932
1215295243,040379493
1215295243,041231767
1215295243,123322929X
1215295243,04069335X
1215686730,961739223
1215686730,041313615
1215686730,953245233
1215686730,1170712967
1215686730,985576723
1215686730,042059755
121575938X,040422267
121575938X,041602048
121575938X,042005787
121575938X,041550528
121575938X,042360013
1215760175,000646814
1215760175,1273512758
1215760175,1098579690
1215840462,040408086
1215848528,040783154
1215848528,040455157
1215848528,041236017
1215906102,041727800
1215906102,041475879
1215906102,041649877
1215906102,040160912
1215906102,042868270
1215906102,94637922X
1215906846,04179348X
1215906846,041269047
1215906846,040172333
1215906846,043105602
1215906846,04012469X
1216087121,040455033
1216087121,041484185
1216087121,041134354
1216104867,041645405
1216104867,042980925
1216104867,990980421
1216104867,041738284
1216104867,041614283
1216104867,940498480
1216104867,041537629
1216144672,040118827
1216144672,040356698
1216144672,04170584X
1216144672,04049716X
1216144672,040787044
1216247331,000261599
1216247331,040554090
1216247331,04053460X
1216247331,04061672X
1216250316,040327868
1216250316,041154908
1216250316,951145304
1216250316,04073773X
1216250316,004691792
1216333238,04023214X
1216333238,040351173
1216333238,040777049
1216333238,104776640X
1216333238,040771679
1216333238,041566254
1216333238,040786374
1216333238,04054365X
1216333238,040226484
1216333238,040204634
1216333238,040563979
1216333238,040052273
1216375976,04061963X
1216375976,041618173
1216375976,041230655
1216502609,041690710
1216502609,041385659
1216502609,041609026
1216502609,040524655
1216502609,040710343
1216502609,947676724
1216635307,040300463
1216635307,041737830
1216635307,041798007
1216635307,042174430
1216635315,954480686
1216635315,968424538
1216638071,041217616
1216638071,042039665
1216638071,956012000
1216638071,041311248
1216642575,042979293
1216642575,04131557X
1216703655,040085287
1216703655,041270835
1216703655,041431804
1216703655,041406605
1216703655,042507014
1216706948,04061963X
1216706948,040088227
1216706948,04002623X
1216706948,040003205
1216712816,041738764
1216712816,998819247
1216712816,04062305X
121688188X,040459772
121688188X,041913752
121688188X,041808150
1216995311,946120811
1216995311,04070792X
1216995311,947337865
1216995311,041379349
1217074260,040129853
1217249338,040313328
1217249338,040440214
1217249338,042783089
1217249338,04067536X
1217249338,964248026
1217249338,041406605
1217251049,960963405
1217251049,1032223197
1217251049,1112684522
1217251049,042792177
1217251049,04219265X
1217346252,04112555X
1217346252,04126262X
1217346252,04280096X
1217346252,043243983
1217598995,042776767
1217598995,042116775
1217598995,1173934537
1217678867,040435652
1217678867,040457982
1217938230,04077886X
1217938230,040574334
1217938389,040768996
1217938389,040747255
1217938389,042474825
1217938389,040205886
1217938389,040465268
1217938389,040578038
1217938389,041329406
1217938389,04015727X
1217957367,040118827
1217957367,04120588X
1217957367,041926749
1217957367,957319304
1217957367,954874765
1217957367,042001323
1218005025,041746120
1218005025,040740986
1218005025,041173015
1218005025,041966805
121823377X,041404459
121823377X,961238496
1218396512,040768996
1218396512,040307026
1218396512,040566188
1218396512,040465144
1218400854,040121356
1218400854,042953340
1218400854,040763889
1218401648,041281500
1218401648,043004385
1218401648,041275667
1218401648,041359887
1218401648,041851633
1218401648,041413202
1218401648,040701069
1218401648,043263712
1218402865,040459772
1218402865,041619900
1218402865,04071781X
1218465417,007722036
1218465417,041127366
1218465417,974675598
1218465417,042907012
1218756942,040477088
1218756942,041481143
1218756942,041142284
1218756942,041127110
1218756942,041784146
121876970X,95439836X
121876970X,041333209
121876970X,040408434
121876970X,04053474X
1218866209,040767787
1218866209,040457915
1218866209,043175554
1218866209,041143647
1218866209,040687546
1218866209,040359646
1218866209,042911338
1218867094,1023167379
1218867094,040457982
1218867094,040315754
1218867094,040183262
1218867442,041283163
1218867442,041359526
1218867442,041171926
1218869143,040786374
1218869143,040408434
1218869143,041674014
1218869143,040564495
1218869143,04053474X
1218869267,040118827
1218869267,040176045
1218869267,040408027
1218869267,041156455
1218869267,041662156
1218869518,97423432X
1218869518,041827236
1218869518,04131123X
1218869518,959857826
1218927046,040305503
1218927046,040402223
1218927046,041535219
1218927046,040386546
1218927046,040156028
1218961058,040118827
1218961058,040564428
1218961058,041306155
1218961058,041926749
1218961058,041176650
1218961058,04072560X
1218961058,00213411X
1218961058,950935948
121896913X,040780228
121896913X,040432718
121896913X,040538818
121896913X,040312259
121896913X,040307360
121896913X,040751287
1219040339,1028331568
1219040339,040386392
1219040339,041256980
1219040339,040036774
1219040339,040245969
1219040339,041172868
1219040339,040785203
1219139939,041699165
1219139939,041664868
1219139939,042402786
1219139939,04018837X
1219555096,040432718
1219555096,041291328
1219555096,040504190
1219555096,040765733
1219555096,041645073
1219555096,994520042
1219555096,043264646
1219721395,040118827
1219910260,974478156
1219910260,941777928
1219910260,040108759
1219910260,043147542
1219910260,96473222X
1219910260,041281306
1219937924,041474910
1219937924,041314190
1219937924,041958608
1219937924,04061557X
1219937924,1008942340
1219966010,040118827
1219966010,954231902
1219966010,040557626
1219966010,040656543
1219966010,040632903
1219966010,040554295
1219983489,040118827
1219983489,040716759
1219983489,04129789X
1219983489,943587158
1219983489,040171760
1219990264,118617583
1219990264,041177126
1219990264,040052486
1219990264,04049716X
1219990264,973607041
1220184497,004798139
1220184497,041157168
1220184497,041230655
1220184497,041288254
1220184497,041342623
1220197742,040026922
1220197742,041230655
1220197742,1123527725
1220197742,042873029
1220197742,043008402
1220197742,041819977
1220358258,940754541
1220358258,041177142
1220488194,040408434
1220488194,04053474X
1220488194,040329038
1220488194,04127993X
1220488461,040773477
1220488461,040533697
1220488461,040408027
1220488461,040773493
1220504483,121793699
1220504483,040398609
1220631787,04141991X
1220631787,043118305
1220631787,040018954
1220633291,040663809
1220633291,041563018
1220633291,042045894
1220633291,040389367
1220633291,040018695
1220634034,949181234
1220634034,041580095
1220634034,041572505
1220634034,041572459
1220634034,967273439
1220775967,040158063
1220775967,040212343
1220775967,040758559
1220775967,041662334
1220775967,040494225
1220830747,040452425
1220830747,041363892
1220830747,041278658
1220843830,041644395
1220843830,041808649
1220843830,04141621X
1220843830,1062915038
1221311972,042619297
1221311972,963108751
1221327127,040939766
1221327127,040767787
1221327127,040128997
1221327127,041708008
1221327127,040390020
1221334042,040050440
1221395068,118650130
1221395068,041367103
1221395068,118712586
1221395068,118501887
1221395068,118801783
1221395068,040614182
1221395068,041143647
1221398652,043161057
1221536133,040118827
1221536133,1242484655
1221536133,1217543651
1221536133,040775674
1221536133,040207544
1221536133,042059755
1221668374,042252512
1221668374,041618327
1221668374,040124843
1221668374,041322452
1221668374,040323536
1221668374,04174523X
1221668374,041231899
1221668374,041676025
1222269384,041549473
1222269384,107026251X
1222336618,041983327
1222336618,041673069
1222336618,041672909
1222336618,04123037X
1222336618,040473902
1222336618,04039798X
1222336618,041858530
1222336618,951033891
1222336618,040432718
1222336618,041824962
1222336618,041824849
1222336618,041230655
1222336618,041295072
1222336618,041353692
1222336618,042465648
1222502488,040118827
1222502488,041628640
1222502488,04187658X
1222502488,040081184
1222502488,040352544
1222502488,041946499
1222502488,040288595
1222502488,040759954
1222502488,040178943
1222670968,041143337
1222670968,040687546
1222670968,040028275
1222670968,04049716X
1222670968,118594575
122269414X,953232050
122269414X,040348644
122269414X,040674614
122269414X,041341902
122269414X,040457915
1222695391,040118827
1222695391,040457915
1222695391,041926749
1222695391,04072560X
1222695391,040178943
1222695391,040182029
1222695391,042436087
1222737310,940431181
1222737310,041701747
1222737310,041291956
1222737310,041772768
1222737310,04137830X
1222737310,04072350X
1222812118,040156273
1222812118,042231809
1222812118,040140636
1222812118,041601750
1222812118,041165926
1223027880,040326713
1223027880,041915690
1223027880,946426457
1223027880,975460773
1223027880,04148259X
1223027880,1046646761
1223027880,041556984
1223310264,040118827
1223310264,040651096
1223310264,040226484
1223310264,040119750
1223310264,040354350
1223310264,041143337
1223310264,041157494
1223310264,041315839
1223459411,042525799
1223459411,042350344
1223459411,040664384
122355452X,040356469
122355452X,040120635
122355452X,040120589
122355452X,040362027
1223560600,118559796
1223560600,040607194
1223660761,118726633
1223785157,040777049
1223785157,040563979
1223785157,040740986
1223785157,041335899
1223785157,041351487
1223785157,040187764
1223785157,041951417
1223785157,040776069
1223785157,041154843
1223785157,041730763
1223785157,040473767
1223785157,041334353
1223785157,041873572
1223865746,040118827
1223865746,04076737X
1223865746,947676724
1223865746,040601315
1223868168,040118827
1223868168,040261816
1223868168,041496337
1223868168,042058848
1223868168,1007398868
1224191560,1059459612
1224535529,949549738
1224535529,941751473
1224535529,040557367
1224535529,040205487
1224535529,977751171
1224535529,04012472X
1224539818,040674754
1224539818,040476898
122468155X,04152585X
122468155X,041177363
122468155X,040475778
122468155X,041937910
1224882857,041838815
1224882857,040682714
1224882857,041858093
1224882857,042263433
1224882857,04061557X
1224882857,041549473
1224882857,041773063
1224964829,041490630
1224964829,040408434
1224964829,04053474X
1224964829,042989760
1225017890,04061963X
1225017890,041217616
1225017890,042743249
1225017890,04011144X
1225017890,1245589288
1225024285,040118827
1225024285,040685764
1225024285,040465268
1225024285,040154289
1225024285,041315227
1225256178,040118827
1225256178,1206347392
1225256178,967941407
1225256178,041824598
1225256178,040306356
1225256178,041628640
1225256178,041300076
1225256178,040557367
1225256178,040052273
1225292255,040216713
1225292255,040360504
1225292255,040158330
1225294495,04131946X
1225294495,041730763
1225294495,040473767
1225294495,040535347
1225411351,042203732
1225411351,040680509
1225411351,041951417
1225411351,040213293
1225411351,945750668
1225411351,040289354
1225411351,041242335
1225411351,040763080
1225512700,040209903
1225512700,040736482
1225512700,040073947
1225512700,041933788
1225512700,041376633
1225512700,040200469
1225512700,040014606
1225549094,004816110
1225549094,942054261
1225549094,040252264
1225606403,040118827
1225606403,040582167
1225606403,040149048
1225606403,981432670
1225606403,041127625
1225606403,040205487
1225606403,100929847X
1225628237,040118827
1225628237,041901959
1225628237,042395356
1225628237,041172256
1225740428,040118827
1225740428,041699289
1225740428,042622719
1225740428,041686403
1225740428,04019034X
1225740428,040479668
1225932858,040721337
1225932858,040305503
1225932858,040747255
1225932858,041570944
1226064531,04020832X
1226064531,040052486
1226064531,040776247
1226093574,041268873
1226093574,041412834
1226093574,040756939
1226093574,988072351
1226135498,1068678259
1226135498,041969103
1226135498,040019748
1226410715,040306380
1226410715,041222903
1226410715,04064409X
1226410715,1185537287
1226410715,041207890
1226410715,04128593X
1226852718,041753275
1226852718,041163729
1226852718,040059960
1226852718,041308808
1226852718,040004937
1226852718,041722434
1226852718,042460808
1226852718,041392507
1226946305,041143337
1226968309,041708385
1226968309,040196143
1226985750,040455033
1226985750,042317258
1226985750,041557743
1226987028,972736123
1226987028,04137018X
1227048637,043099246
1227048637,040457214
1227048637,041222237
1227048637,04291566X
1227048637,040023044
1227301790,040455033
1227301790,041484185
1227377142,1302980807
1227377142,041740009
1227377142,040541517
1227381654,040252264
1227381654,967941407
1227381654,1206347392
1227381654,042412919
1227381654,041231767
1227381719,040284956
1227381719,042784328
1227381719,967941407
1227381719,1221159062
1227386990,040993442
122755897X,040300463
122755897X,041610970
122755897X,041365836
122755897X,040234932
122755897X,041655478
1227707096,04072560X
1227707096,042412919
1227707096,980231078
1227707096,041786475
1227707096,040252264
1227782780,040154769
1227782780,043139078
1227926057,040538486
1227926057,040299066
1227926057,041737830
1227926057,1000961281
1227926057,041717406
1228059799,04010074X
1228059799,040753670
1228059799,041215842
1228059799,040158756
1228372969,040740676
1228372969,041423453
122856129X,040389367
1228721637,040538818
1228721637,040765938
1228721637,040555429
1228721637,042005795
1228721637,041393708
122876185X,040476898
122876185X,1009564889
122876185X,104870694X
1228911681,121451917
1229036504,040118827
1229036504,1206347392
1229036504,967941407
1229036504,04066466X
1229036504,041270975
1229036504,040557367
1229700013,043271340
1229700013,940597934
1229700013,948608609
1229700013,040014460
1229700013,041824598
1229700013,042801893
1229700013,040403645
1229817786,040382435
1229817786,1250716667
1229817786,040746720
1229834753,118810537
1229834753,118658565
1229834753,04060294X
1229834753,041525833
1229834753,040245969
1230026010,95569518X
1230026010,04204779X
1230026010,1071012568
1230026010,041216857
1230026177,130724882
1230026177,967279453
1230026177,99018773X
1230026177,973088753
123003675X,041141997
123003675X,040489469
123003675X,040475387
1230065431,040339270
1230065431,04123037X
1230065431,040569950
1230065431,041389328
1230085165,042039770
1230085165,040607194
1230468838,040599795
1230468838,1206347392
1230468838,967941407
1230468838,041295048
1230468838,04066466X
1230468838,042242142
1230610200,040740986
1230610200,041659848
1230610200,040473767
1230610200,041229266
1230610200,040350932
1230627901,950204854
1230755500,135733375
1230870024,040118827
1230870024,041140265
1230986529,118586947
1230986529,040156028
1230986529,040040380
1231275146,118545248
1231275146,000351024
1231275146,040118908
1231275146,041388038
1231275146,040336670
1231284196,300112068
1231359285,040789217
1231359285,041933176
1231547553,040206459
1231547553,041874358
1231547553,041874404
1231547553,041337344
1231547553,041143280
1231712961,042961785
1231712961,040184218
1231712961,041289722
1231712961,963446827
1231712961,040494128
1231801441,04068430X
1231801441,040360504
1231801441,041353390
1231911409,041524802
1231911409,041158032
1231911409,041249283
1231911409,954209583
1231911409,953455939
1231911409,040576965
1231911409,951417649
1231960124,040118827
1231960124,041142764
1231960124,041255593
1231980729,041481143
1231980729,041143884
1231980729,990616312
1232075493,041231767
1232075493,040777049
1232075493,041205820
1232075493,040694186
1232075493,043018203
1232075493,04128593X
1232075493,04055757X
1232075493,041983327
1232075493,041143957
1232075493,042946115
1232075493,040207595
1232284769,041154843
1232284769,040795837
1232284769,040156028
1232285234,120284308
1232285234,041397703
1232285234,040557197
1232285234,040776247
1232551953,04181116X
1232551953,984023801
1232551953,1003532349
123264580X,040408434
123264580X,040755045
123264580X,040354199
123264580X,040438449
1233113666,040067777
1233113666,042703247
123329492X,041447794
123329492X,040693406
123329492X,040732746
123329492X,041557417
123329492X,041710738
123329492X,041843797
1234017814,040787044
1234017814,040059405
1234017814,962770558
1234017814,040564363
1234017814,042436354
1234017814,042216125
1234241463,040408027
1234241463,040582574
1234639998,040028054
1234639998,041217616
1234639998,042979293
1234639998,042026466
1234680971,040780120
1234680971,040334236
1234680971,041164334
1234680971,041320387
1234680971,041659643
1234680971,040335429
1234680971,040227243
1234680971,042088534
1234873680,040118827
1234873680,040051048
1234873680,041436172
1234873680,964760975
1234873680,041153480
1234873680,041157109
1235016358,040455033
1235016358,040428397
1235016358,040760669
1235016358,041539893
1235016358,040213382
1235017249,040455033
1235017249,041307429
1235017249,04195226X
1235017249,968646662
1235017249,956397980
123501827X,041699165
123501827X,040063186
123501827X,041304802
123501827X,1100328343
1235018792,040660834
1235083276,040452697
1235083276,04123037X
1235083276,040334473
1235083276,040111342
1235083276,040156028
1235210170,040118827
1235210170,040139603
1235210170,040775704
1235210170,040557367
1235210170,040694674
1235300153,041414586
1235300153,041637658
1235300153,040005364
1235300153,043270034
1235300153,972568417
1235300153,041261666
1235300153,040676609
1235300153,954147677
1235300153,040316777
1235300153,040468119
1235515613,040014460
1235515613,040685969
1235515613,04010074X
1235515613,040014770
1235622851,040252264
1235622851,041969103
1235622851,04124897X
1235622851,042412919
1235622851,961462434
1236814231,041460197
1236814231,042778468
1236814231,04004646X
1236814231,042058805
1236842154,968603785
1236842154,04006798X
1236842154,041249062
1236842154,041295374
1236842154,041456106
1236842154,041698088
1236842154,041524705
1237080754,000350745
1237080754,042360013
1237080967,000350745
1237080967,040037495
1237080967,040786048
1237080967,041481143
1237685516,04270202X
1237685516,040189686
1237685516,041143930
1237685516,04187658X
1237685516,042093325
1237685516,041843797
1237685516,041710738
1237815592,040065103
1237815592,040223507
1237815592,04040921X
1237815592,041207769
1237815592,981432670
1237815592,040539857
1237815592,041824628
1237815592,041824598
1237815592,040052273
1237899257,040118827
1237899257,041157133
1237899257,040206602
1237899257,041282566
1237960398,040118827
1237960398,041733800
1237960398,042804639
1237960398,041739523
1237960398,040113620
1237960398,040681556
1237961041,000354333
1237961041,040664937
1237961041,041735374
1237961041,041848012
1237961041,040448843
1237961041,040208710
1237961041,04160329X
1237962137,004855183
1237962137,040718174
1237962137,040446883
1237974143,040118827
1237974143,040566560
1238147631,04040949X
1238147631,040305503
1238147631,041761847
1238147631,040580474
1238147631,040607496
1238147631,954165209
1238268536,042185750
1238268536,041954610
1238490255,118547739
1238490255,040414086
1238495834,04004436X
1238495834,041346874
1238495834,041143094
1238495834,041215907
1238495834,040468348
1238655343,1266120793
1238655343,964979683
123878142X,040654680
123878142X,1206347392
123878142X,967941407
123878142X,04066466X
123878142X,040664384
123878142X,04120509X
1238789714,040728110
1238789714,040252264
1238789714,1044874414
1238789714,949300403
1238889069,040157016
1238889069,040745708
1238889069,040541606
1238892213,983782784
1238892213,040156028
1238894550,040237443
1238894550,041165543
1238894550,043018858
1239047886,004040457
1239177739,040147436
1239177739,1124028595
1239442580,040455033
1239442580,040033600
1239442580,041913973
1239560591,040050440
1239560591,040189686
1239560591,040777049
1239560591,040226484
1239560591,1077636652
1239560591,041451643
1239560591,041644395
1239560591,043279198
1239560591,040315940
1239560591,042946115
1239560591,041858549
1239560591,041306155
1239560974,041878779
1239560974,040494225
1239560974,040535045
1239560974,040535096
1239560974,042338808
1239561229,124858759
1239561229,04183402X
1239561229,040198898
1239561229,040052486
1239561229,040456609
1239615892,041778715
1239615892,040457915
1239615892,041354702
1239658532,04065348X
1239837429,040300463
1239837429,042938872
1239837429,04113303X
1239837429,04061560X
123983778X,040261816
123983778X,040300463
123983778X,042752280
1239893833,954405110
1239893833,041327365
1239893833,1120710367
1239893833,041133889
124005274X,040467813
124005274X,944678920
1240077246,041481143
1240077246,04069335X
1240077246,040059103
124031647X,041824652
124031647X,040372782
124031647X,040058956
124031647X,040027333
124031647X,963689878
124031647X,041824849
124031647X,041386604
1240437277,041854829
1240437277,040009866
1240487649,040261816
1240487649,040169537
1240487878,040243796
1240487878,040299066
1240487878,041737830
1240487878,041798007
1240487878,040018474
1240615582,040728110
1240615582,041378644
1240615582,041969103
1240615582,040557626
124101907X,040042960
124101907X,04318717X
124101907X,1306944481
1241667373,040460487
1242381635,040068552
1242381635,940159090
1242381635,04120817X
1242484329,118608045
1242484329,040307026
1242484329,040569950
1242484329,04010074X
1242484329,040776247
1243286652,100072185X
1243286652,123322929X
1243286652,040765938
1243286652,040223493
1243286652,04078634X
124335111X,040247295
124335111X,967941407
124335111X,1206347392
124335111X,040332039
124335111X,041954610
124335111X,040747255
124335111X,040305503
124335111X,040288595
124335111X,040564339
124335111X,040306356
124335111X,041628640
1243351209,040118827
1243351209,040288595
1243351209,040563669
1243351209,040288714
1243351209,042987199
1243351209,041670515
1243351209,041306155
1243351209,040351378
124366343X,041760743
124366343X,976069547
124366343X,041421434
124366343X,107283880X
124366343X,95974083X
1244915742,041557360
1244915742,042607264
1244915742,040373487
1244915742,040325245
1244915742,041127013
1244915742,040763080
1244915742,041156455
1244915742,040052273
1245445928,040118827
1245445928,940583682
1245445928,041447794
1245445928,041447808
1245445928,041557417
1245445928,041557425
1245445928,041983246
1245445928,954659945
1245445928,042071887
1245936182,042368650
1245936182,961739223
1245936182,981966233
1245936182,04123037X
1246814307,040189686
1246814307,042125030
1246814307,041977750
1246814307,042425875
1246814307,041858522
1246814307,041858530
1246897385,042430224
1246897385,041163664
1246897385,947676724
1246897385,040601315
1247174204,040669424
1247217221,007562128
1247217221,1012414922
1247217221,040172570
1247407322,040535002
1247407322,041424069
1247407322,040689433
1247407322,041652169
1247407322,040177769
1247479579,007636040
1247479579,040001350
1247479579,041449347
1247479579,041157109
1247573877,040118827
1247573877,04076527X
1247573877,040176045
1247573877,041250575
1247573877,040449149
1247573877,041256980
1247578186,040118827
1247578186,040420116
1247578186,040581675
1247578186,040477290
1247578186,041673069
1247578186,043249809
1247578186,041257502
1247862119,040118894
1247862119,040118908
1247862119,040432718
1247862119,041143337
1247862119,041215257
1248421531,040451259
1248421531,042061415
1248421531,998904597
124848469X,040157016
124848469X,041296117
124848469X,040710262
1249014395,04004176X
1249014395,040425703
1249014395,040777049
1249014395,040741125
1249014395,042367085
1249014395,041535219
1249014395,041295072
1249014395,971428867
1249014395,104776640X
1249217113,040299198
1249217113,040676609
1249217113,041855752
1249217113,942352769
1249217113,04062854X
1249217113,041233778
1249381363,040537242
1249381363,041761847
1249381363,041901363
1249381363,04040949X
1249381363,040417816
124946532X,040347532
124946532X,040581365
124946532X,043264646
124946532X,1079150706
1249799007,120772922
1249993164,040118827
1249993164,04053474X
1249993164,967941407
1249993164,1206347392
1249993164,040168670
1249993164,041969103
1250086078,040118827
1250086078,1082133639
1250175437,980953987
1250175437,04077628X
1250175437,042643929
125021890X,040787044
125021890X,040552608
125021890X,04127749X
1250251044,042185785
1250251044,04126830X
1250251044,041347307
125028032X,040006956
125028032X,040395677
125028032X,041344448
125028032X,948717343
125028032X,041359526
1250331668,040118827
1250331668,041665740
1250343666,041132920
1250343666,040147770
1250343666,040509109
1250343666,040595013
1250343666,040162168
1250343666,040111199
1250416728,1033658812
1250416728,040490076
1250450705,040118908
1250450705,041457684
1250450705,040100456
1250450705,040315282
1250451027,04052678X
1250451027,040082164
1250451027,040751287
1250498252,040118827
1250498252,1206347392
1250498252,967941407
1250498252,04063146X
1250498252,042474825
1250498252,041917650
1250671531,040701026
1250671531,1036568350
1250671531,958909385
1250671531,1149546824
1250735092,040455394
1250735092,1176540750
1250861055,040775488
1250861055,041750470
1250861055,04193962X
1250861055,004691792
1250861055,04030745X
1251137180,981784518
1251137180,964629119
1251137180,040447898
1251137180,99112927X
1251146368,040564312
1251146368,041273249
1251146368,042441439
1251146368,041933176
1251146368,040564207
1251146368,040156028
1251149626,040065685
1251149626,040398277
1251149626,971576181
1251149626,041298950
1251153216,971576181
1251153216,1009564889
1251153216,041550463
1251153216,040595013
1251153216,041211383
1251153216,041947479
1251153453,1009564889
1251153453,041522060
1251165036,040453014
1251165036,041298950
1251165036,040335968
1251189202,040118827
1251189202,04055595X
1251189202,040306356
1251189202,04274816X
1251189202,041306155
1251189202,040558649
1251189202,04055676X
1251189202,041156455
1251400639,040612554
1251400639,040408027
1251531989,004696174
1251531989,041325923
1251531989,040413160
1251531989,040139433
1251531989,041285425
125154908X,1024265765
125154908X,041285204
125154908X,041824334
125154908X,955353793
125154908X,04138430X
125154908X,040563669
125154908X,04121434X
125154908X,040138623
1251559182,007636040
1251559182,040001350
1251559182,041442350
1251559182,953546772
1251559182,04043169X
1251559182,041255062
1251951007,040118894
1251951007,041660307
1251951007,041143337
1251951007,040052486
1251951007,041280806
1251951007,040787044
1251951007,04049716X
1251951007,040335968
1251951007,040762599
1251951007,050493345
1252061579,040118827
1252061579,041478983
1252061579,041479076
1252061579,040408434
1252172362,040288595
1252172362,040356469
1252288239,040559645
1252288239,042125103
1252319541,040790487
1252319541,977595927
1252319541,040184064
1252319541,041318145
125234628X,11850553X
125234628X,04147886X
1252797451,041132920
1252797451,040184242
1252797451,040223493
1252797451,041619765
1252797451,041236378
1252867956,000155497
1252867956,000632155
1252867956,000353582
1252867956,04187658X
1252867956,041824652
1252867956,041384946
1252867956,041824946
1252879164,004762584
1253319286,040118827
1253319286,040031675
1253319286,041970357
1253319286,040487377
1253655235,040226484
1253655235,040533697
1253655235,040227243
1253655235,944717152
1253655235,041454855
1253742464,041630408
1253742464,041647386
1253742464,04127637X
1253748195,040455394
1253748195,041338413
1253929742,1231486538
1254931104,041210948
1254931104,040733157
1255321962,040158292
1255321962,041142047
1255500921,004046609
1255500921,041651995
1255559276,041980123
1255903120,040118827
1255903120,1206347392
1255903120,967941407
1255903120,040332039
1255903120,954231902
1255903120,040564339
1255903120,041146093
1255903120,040136736
1256432393,040693422
1256432393,967279453
1256432393,1082245879
1256432393,1046414801
1256432393,040741672
1256432393,041343735
1256596884,118557513
1256596884,040158063
1256596884,040491013
1256596884,040285677
1256596884,040159507
1256616257,040118827
1256616257,042520789
1256616257,980493439
1256616257,04012472X
1256616257,041552318
1256616257,041164830
1256616257,041824423
1256618616,041229266
1256618616,040227243
1256618616,041454847
1256774847,040181839
1256774847,041143337
1256774847,041282566
1256774847,041319249
1256955507,007652879
1256955507,1131558014
1256955507,040681688
1256955507,04062790X
1256955507,040139522
1257038729,04060618X
1257038729,041481143
1258052571,04010074X
1258052571,041140877
1258052571,95605451X
1258052571,040023338
1258123290,04061963X
1258123290,041207440
1258123290,951960199
1258123290,041268873
1258123290,043249809
1258523191,040118827
1258523191,951652915
1258523191,040564428
1258523191,040205355
1258523191,040563669
1258523191,040205312
1258714221,1032307897
1258714221,041511077
1258714221,041337727
1258714221,040731995
1258714221,041133838
1258714221,041639537
1258714221,040625478
1258949725,04023214X
1258949725,040165779
1258949725,041300076
1258949725,040352544
1258949725,040789217
1258949725,041644654
1259218252,040118827
1259218252,973332336
1259218252,04021365X
1259218252,040206165
1259218252,040204863
1259218252,041205502
1259218252,04160329X
1259507173,040118827
1259507173,043021824
1259507173,04131946X
1259507173,945874804
1259582531,040118827
1259582531,04061963X
1259582531,040452697
1259582531,04121465X
1259687767,040408027
1259687767,040485617
1259687767,041165438
1260723194,004691792
1260723194,040311473
1260723194,041268652
126072669X,040118827
126072669X,040555453
126072669X,04174084X
126072669X,041535219
126072669X,040350932
126072669X,040473767
126072669X,040775135
1260965600,04061963X
1260965600,041155327
1260965600,040334473
1260965600,04123037X
1260965600,040156028
1260965600,97631245X
1260974294,1222136201
1260974294,040733157
1261290321,040118827
1261290321,040289443
1261290321,041628640
1261290321,041300076
1261290321,041386167
1261434897,040118827
1261434897,040616436
1262092205,040005569
1262092205,040167186
1262734401,040126935
1262734401,948833491
1262734401,040360504
1262734401,041165683
1262975409,041206320
1262975409,041691946
1263183506,04113446X
1263183506,041411838
1263548466,040763889
1263548466,042017793
1263548466,040392384
1263751679,118655477
1264197802,041481143
1264197802,944720374
1264197802,040674738
1264197802,040197026
1264295480,041271173
1264295480,961210079
1264295480,041961587
1264295480,04252783X
1264295480,040334473
1264480733,040350886
1264480733,040533697
1264480733,041372069
1264480733,041154843
1264480733,040775135
1264641877,1116100770
126464213X,04166051X
126464213X,040391973
126464213X,040149889
126464213X,040111199
1264661193,040777049
1264661193,100072185X
1264661193,041387287
1264661193,041285204
1264661193,952337991
1264661193,040563979
1264661193,040740986
1264661193,040788954
1264661193,041243064
1264661193,041873572
1264706049,042783577
1264706049,041337247
1264706049,040182029
1264706049,040305503
1264706049,041134508
1264706049,040476898
1265284679,041408802
1265284679,040473767
1265284679,041951417
1265445435,040378772
1265445435,040287793
1265445435,041230655
1265445435,040431525
1265445435,041616804
1265671087,040118827
1265671087,042221129
1265671087,042086485
1265671087,042718937
1265671087,04049716X
1265671087,041659643
1265850550,040223493
1265850550,042122775
1266799087,040118827
1266799087,985576723
1266799087,040205487
1266799087,041164830
1266964657,041376935
1266964657,040699943
1266964657,040158756
126804136X,040205886
126804136X,040775704
126804136X,040656543
126804136X,040200159
126804136X,040378772
126804136X,985576723
1268047287,040118827
1268047287,940431181
1268047287,040714977
1268047287,040781909
1268047287,1009242296
1268615692,041223438
1268615692,041400488
1268615692,041954610
1268712515,040457982
1268712515,040349292
1269049348,041802144
1269049348,040223493
1269049348,041895215
1269049348,96388655X
1269049348,041216849
1269049348,040205479
1269218581,042324033
1269847864,95333046X
1269847864,040552020
1269872451,971386315
1270096516,041691946
1270096516,1098579690
1270096516,042131324
1270403583,040663809
1270403583,040709140
1270403583,040643174
1270403583,040756602
1270678817,1257120557
1270678817,1022205587
1270678817,040323862
1270687077,042979293
1270687077,040086909
1271680009,041268873
1271680009,988072351
1271680009,040403645
1272249352,040306380
1272249352,041269748
1272249352,940533405
1272249352,040059103
1272947424,041277937
1272947424,94284050X
1272947424,040014460
1272947424,041259262
1272947424,040009114
1272947424,94967365X
1272947424,041177053
1273576470,040748952
1273576470,041956710
1273576470,04038330X
1273576470,04033483X
1274637759,040768996
1274637759,042007933
1274637759,1041864515
1274637759,041338634
1274637759,953416844
1274637759,950504408
1275476015,04131946X
1275476015,040535347
1275476015,040443027
1275476015,041535219
1275476015,040063402
1275476015,041447409
1275645100,041644646
1275645100,04127802X
1275645100,041562690
1275700462,041746120
1275700462,041173015
1275700462,041447638
1275700462,040350932
1275700462,041966805
1275700462,040340368
1276089368,1257727664
1276089368,040118827
1276589808,040768996
1276589808,04005411X
1276589808,955572037
1276589808,940649179
1276589808,041207440
1276589808,040037894
1276676093,040118827
1276676093,040164195
1276680341,040157016
1276680341,040066320
1276680341,042025389
1276680341,041644247
1276680341,041684222
1276680341,993106455
1276932065,004678303
1276932065,040306356
1276932065,041628640
1276932065,040564207
1276932065,041306155
1276932065,040178943
1276932065,040118827
1276932065,041824598
1276932065,040305503
1276932065,040288595
1276932065,040759954
1276932065,040037525
1276932065,040037460
1276932065,981432670
1276936419,040422267
1276936419,041207505
1276936419,040411699
1276936419,94064407X
1276936419,043147267
1276936419,043185398
1277005400,040310817
1277005400,040557839
1277005400,041306422
1277005400,040557464
1277171297,041305264
1277344639,04061963X
1277344639,041341910
1277344639,040492982
1277344639,043232744
1277925852,040064069
1277925852,040139212
1277925852,040159507
1277925852,04059758X
1278235329,040157016
1278235329,040738175
1278432108,041493613
1278432108,041566149
1278592849,940170442
1278870326,040156028
1278870326,041165225
1278870326,041230655
1278870326,041259092
1279693177,040392260
1279693177,041752899
1279693177,04057699X
1280233028,041786475
1280233028,041257537
1280233028,041254406
128078248X,040557073
128078248X,04157835X
1281004553,040114139
1281004553,040792625
1281004553,04157835X
1281081930,040586405
1281081930,041311248
1281081930,040389715
128243621X,040118827
128243621X,041177282
1282511696,040119750
1282511696,040535002
1282511696,041265556
1282542095,04121465X
1282542095,040693775
1282550632,040118827
1282550632,040432718
1282550632,040538818
1282550632,040601293
1282550632,041317955
1282550632,041157125
1282550632,041172256
1282550632,041157168
1282972707,040118827
1282972707,040327868
1282972707,041421760
1282972707,041136810
1282972707,040031578
1282972707,04322766X
1283409372,041143337
1283409372,041571479
1283409372,040006263
1283409372,993106455
1283409372,041933176
1283409372,963215353
1283409372,954693345
1283909863,041351754
1283909863,041882229
1283909863,1009887017
1283909863,04131946X
1283923416,1165598906
1283923416,043257356
1283923416,041969103
1284971627,040559246
1284971627,980231078
1284971627,040252264
1284971627,967279453
1285099176,040331148
1285099176,041649540
1285099176,040600556
1285170717,040717577
1285170717,041306422
1285170717,042221269
1285170717,100929847X
1286189756,040775135
1286189756,100072185X
1286189756,041969103
1286189756,964162512
1286202051,951960199
1286901057,040020282
1286901057,040055655
1286901057,040764117
1286901057,040187764
1286901057,041481143
1287235727,1116100770
1287235727,1116095971
1287737218,040652343
1288351127,041616782
1288351127,042416795
1288351127,041392582
1289151636,988108399
1289151636,942054261
1289151636,041231414
1289151636,040252264
1290336636,040559165
1290336636,040146065
1290336636,040666026
1290938202,040332039
1290938202,979453194
1290938202,040759954
1290938202,041268873
1291663649,040118827
1291663649,041300815
1291663649,040350886
1291663649,040693406
1292170190,040157016
1292170190,041773977
1292170190,040717763
1292209410,004814797
1292209410,041268873
1292209410,1187260916
1292209410,040269264
1292211784,041711246
1292211784,041221664
1292211784,983782784
1292354607,040669513
1292354607,041830148
1292354607,041256980
1292354607,041342445
1292354607,040271072
1292354607,042007933
1292354607,040006263
1292804572,04039395X
1292804572,041562674
1293950017,040740676
1293950017,040388522
1293950017,041243064
1295877570,118564943
1295877570,041660846
1295877570,041512766
1295877570,042717310
1295877570,041615476
1295877570,040265358
1296377725,118544489
1296377725,041290852
1296377725,041433882
1296377725,040043797
1296378136,040614964
1296378136,040751287
1296378136,040768996
1296378136,041285433
1296378292,118995049
1296378292,040352064
1296378292,040124347
1296378578,944270476
1296378578,040307360
1296378578,000258806
1296378578,959516476
1297395115,040118827
1297395115,040567230
1297395115,042007933
1297395115,040196224
1297395115,040205266
1297468341,040320812
1297468341,040632903
