doc_id,label_id,score,relevance
1122545436,1067978100,0.2789987027645111,1
1122545436,041634217,0.32031184434890747,1
1122568894,040118827,0.1524847447872162,1
1122825285,041788125,0.9999998211860657,1
1122825285,041694996,0.2563963532447815,1
1123118442,04061963X,0.2073473483324051,1
1123118442,040269264,0.36095961928367615,1
1123118442,041215907,0.9999722242355347,1
1123282838,041735455,0.25969260931015015,1
1123282838,041273516,0.10212148725986481,1
1123335826,040632903,0.13879546523094177,1
1123380538,040195147,0.9537309408187866,1
1123689490,040710130,0.1263243556022644,1
1123696365,040118827,0.2240908145904541,1
1123696365,040233073,0.10338620841503143,1
1123696365,040766020,0.06716535985469818,1
1123699623,040197026,0.42570677399635315,1
1123699623,041535219,0.0037734799552708864,1
1123699623,1062915038,0.2757725417613983,1
1123699623,041520890,0.03578926622867584,1
1123699623,040776069,0.13527439534664154,1
1123699623,040777049,0.1516215205192566,1
1123729433,040176789,0.24100354313850403,1
1123729433,101937358X,0.02770404890179634,1
1123729433,04129694X,0.01680639013648033,1
1123729433,040485617,0.01629861630499363,1
112392788X,1127148958,1,1
112392788X,041481143,0.9994538426399231,1
112392788X,041925483,0.9985489845275879,1
112392788X,040154645,0.5781645774841309,1
112392788X,041256557,0.44800981879234314,1
1123929173,040118827,0.08677151054143906,1
1123997977,944732348,0.04726049304008484,1
1123997977,042605865,0.991870105266571,1
112400453X,040120694,0.07477935403585434,1
112413171X,041371526,6.200359784998e-4,1
112413171X,042090377,0.00990663468837738,1
1124434933,040476898,0.3257189989089966,1
1124434933,040588610,0.05960743501782417,1
1124434933,041762010,0.022625263780355453,1
1124763562,040343529,0.9764838218688965,1
1124841288,041549473,0.021897874772548676,1
1124841288,040268799,0.062260448932647705,1
1124904875,040042960,0.5921494960784912,1
1124904875,041281365,0.23491975665092468,1
1125044330,040118827,0.448030561208725,1
112553415X,041951417,0.04461478069424629,1
1125627468,960767053,0.45054930448532104,1
1125627468,1006402748,0.05547908693552017,1
1125627468,041321650,0.3043797016143799,1
1125627468,041992555,0.06967667490243912,1
1125947721,040476898,1,1
1125947721,041762010,0.039555568248033524,1
112599987X,042645212,0.4944649636745453,1
1126032417,118587943,0.76297760009765625,1
1126032417,118629743,0.03857538476586342,1
1126032417,118810758,0.5178512334823608,1
1126032417,04053460X,0.17264828085899353,1
1126387975,042743249,0.4548756182193756,1
1126387975,04011144X,0.4562605321407318,1
1126387975,1217680330,0.023156767711043358,1
1126479837,041912233,0.03504406660795212,1
1126479837,981320554,0.10078247636556625,1
112672467X,041323408,0.03869188576936722,1
112672467X,041524799,0.03876132145524025,1
112672467X,041406605,0.20771154761314392,1
1126773506,041587472,0.003273965325206518,1
1126773506,041640772,0.02341308817267418,1
1126850640,132522136,0.10667087882757187,1
1126850640,04116489X,0.5999943017959595,1
1126850640,040787044,0.27078601717948914,1
1126850640,940431181,0.04916232079267502,1
1126921777,040586405,0.999690055847168,1
1126921777,040369102,0.8875341415405273,1
1126921777,040389359,0.8213122487068176,1
112692220X,040578844,0.07790365070104599,1
112692220X,965217167,0.1168271079659462,1
112692220X,04148259X,0.013793891295790672,1
1126970964,040207137,0.41204532980918884,1
1126970964,041223497,0.6759458780288696,1
112724275X,042773539,0.5851909518241882,1
112724275X,941370445,0.05354412645101547,1
112724275X,947302050,0.1630340814590454,1
112724275X,041760743,0.012814092449843884,1
1127248456,040709590,1,1
1127248456,1071365908,0.007911254651844501,1
1127248456,040763889,0.07213806360960007,1
1127337017,040118827,0.9940893054008484,1
1127337017,04061963X,0.34227222204208374,1
1127337017,978834275,0.5806949138641357,1
1127338234,982398735,0.15464729070663452,1
1127338234,040220478,0.007283384446054697,1
1127338234,04200280X,0.039198137819767,1
112745501X,040305503,0.11808361858129501,1
112745501X,041884469,0.074433833360672,1
112757972X,041795407,0.08611564338207245,1
1127580051,042049083,0.0794915035367012,1
1127580051,041393708,0.04671584069728851,1
1127679716,040118827,0.24783854186534882,1
1127679716,040769100,0.2435612976551056,1
1127679716,040664422,0.08118868619203568,1
1127682571,040149579,0.02322974056005478,1
1127694812,041628640,0.05469787120819092,1
1127694812,040763080,0.4629761576652527,1
1127995782,118547798,0.49901995062828064,1
1127995782,04049716X,0.03973592445254326,1
1127995782,119457679,0.5787965059280396,1
1127995782,988555794,0.011253911070525646,1
1128291320,040737810,0.19379842281341553,1
1128291320,040072592,0.020390918478369713,1
112859496X,041506499,0.09339503198862076,1
112859496X,042633966,0.1907173991203308,1
1128650363,040787044,0.9999971389770508,1
1128734265,040027309,0.0024137042928487062,1
1128734265,040059820,0.04264466091990471,1
1128996553,040457915,0.9553692936897278,1
1129105083,041132408,0.06811422854661942,1
1129140903,04062661X,0.0055837975814938545,1
1129140903,973163119,0.015195493586361408,1
1129145964,132522136,0.3737806975841522,1
1129145964,040787044,0.11318739503622055,1
1129451461,040346102,0.044243015348911285,1
112968377X,040118827,0.09745542705059052,1
112968377X,040665275,0.006447969935834408,1
112968377X,040664384,0.02452489174902439,1
112974678X,040118827,0.8715461492538452,1
112974678X,040305503,0.6527474522590637,1
112974678X,040487377,0.4648647904396057,1
112974678X,040289257,0.6422012448310852,1
1129779831,040305503,0.8080512285232544,1
1129779831,040288595,0.7887352108955383,1
1130030458,040763889,0.0025382819585502148,1
1130154297,040418022,0.19774441421031952,1
1130154297,040456609,0.5146992802619934,1
1130154297,04139710X,0.0854712575674057,1
1130154297,040457915,0.9536927938461304,1
1130297071,042605865,0.13273712992668152,1
1130297071,041155327,0.3742368817329407,1
1130297071,041320638,0.19270192086696625,1
1130297071,040028186,0.23711411654949188,1
1130323188,041361733,0.1837848722934723,1
1130323188,040709590,0.06729172170162201,1
1130326403,041703707,0.038074903190135956,1
1130704440,04229763X,0.12265733629465103,1
1130748774,1021591971,0.046126239001750946,1
1130748774,979308658,0.04180695861577988,1
1131314212,004798139,0.8037531971931458,1
1131314212,040038467,1,1
1131314212,04116489X,0.8251670002937317,1
1131314212,940431181,0.02423395775258541,1
113150576X,042771366,0.08960376679897308,1
113150576X,942208862,0.11643630266189575,1
113159651X,043264646,0.9892027974128723,1
1132007453,040266605,0.18117645382881165,1
1132007755,040714977,0.011572109535336494,1
1132007755,041481143,0.8336076736450195,1
1132061059,040261816,0.770738959312439,1
1132061059,042522692,0.2804704010486603,1
1132109280,118562940,0.23951295018196106,1
1132109280,04051255X,0.33094656467437744,1
1132109280,040734102,0.027516815811395645,1
1132189691,040061116,0.0467832125723362,1
1132193079,042465346,0.08617401123046875,1
1132193079,040763080,0.22179877758026123,1
1132232457,040355888,0.3671950697898865,1
1132232457,040435822,0.05234973505139351,1
1132232457,118829203,0.3090687394142151,1
1132286379,040372782,0.1222577840089798,1
1132286379,04187773X,0.07003050297498703,1
1132286379,04129047X,0.07175110280513763,1
1132286379,041676696,0.07438226789236069,1
1132286662,040474410,0.49932265281677246,1
1132286662,041156013,0.23317459225654602,1
1132291119,041689089,0.02348938025534153,1
113242738X,041533003,0.063102126121521,1
113242738X,041304624,0.008886960335075855,1
113242738X,040004937,0.36769095063209534,1
1132754607,040187764,0.2773818075656891,1
1132754933,041136047,0.15741212666034698,1
1132755603,04069402X,0.7283518314361572,1
1132899664,041308808,0.09030644595623016,1
1133361900,961349700,0.3046588897705078,1
1134867131,040118827,0.299350768327713,1
1134867131,040567303,0.32082852721214294,1
1134867131,040087670,0.1432386338710785,1
1135572674,040261816,0.0830308198928833,1
1135792232,1109778066,0.3106289803981781,1
1135922160,1015425712,0.4042406976222992,1
1135923000,040318125,0.3185819983482361,1
1135923000,041347900,0.694764256477356,1
1136055320,040417719,0.10687204450368881,1
1136078819,043127754,0.04984315484762192,1
1136131639,041283864,0.10368140041828156,1
1136158707,040709590,0.16662918031215668,1
1136268790,04045956X,0.2312428057193756,1
1136268790,041761987,0.05651485174894333,1
1136285245,040674738,0.4907895624637604,1
1136422854,041343417,0.040696967393159866,1
1136422854,041645405,0.23986680805683136,1
1136422854,040708918,0.034819476306438446,1
1136614478,040118827,0.5488924384117126,1
1136614478,041260147,0.3159661889076233,1
1136614478,040038572,0.10903903096914291,1
1136718281,041513444,0.019599508494138718,1
1136718281,042503078,0.047649018466472626,1
1136863826,040118827,0.10568584501743317,1
1136863826,041653386,0.05091119930148125,1
1137211431,1064921124,0.15813007950782776,1
1137211431,04003772X,0.020351704210042953,1
1137211431,042382084,0.2833142876625061,1
1137226242,040477045,0.6738719940185547,1
1137226242,040597873,0.4806889593601227,1
1137226242,041283376,0.5354386568069458,1
1137295759,04045956X,0.30346980690956116,1
1137509759,040475344,0.08671028912067413,1
1137509759,040451259,0.009992130100727081,1
1137509759,959364080,0.45993661880493164,1
1137834579,040158756,0.03627397119998932,1
1137834579,041926749,0.03356947749853134,1
1137834579,040335976,0.2858891487121582,1
113785183X,041699165,0.5121377110481262,1
113785183X,041858093,0.04496629163622856,1
1137867280,118521691,0.2044798880815506,1
1137867280,040756602,0.34903571009635925,1
1138195642,040719804,0.6338915824890137,1
1138195642,041294645,0.07449556142091751,1
1138195642,040715078,0.43761998414993286,1
1138234001,1023633701,0.009926057420670986,1
1138276529,040391973,0.08229561150074005,1
1138276529,04006798X,0.6355808973312378,1
1138276529,041972953,0.05876075476408005,1
1138276529,041698088,0.05385028198361397,1
1138282200,041256980,0.01981460489332676,1
1138397113,040118827,0.8132652044296265,1
1138397113,042457653,0.07190283387899399,1
1138397113,041157168,0.10072620213031769,1
1138568597,007652879,0.007059396244585514,1
1138568597,007709234,0.8563213348388672,1
1138568597,041734149,0.018475664779543877,1
1138597821,040538613,0.11382566392421722,1
1138597821,04143126X,0.0859217494726181,1
1138734470,118650130,0.08683324605226517,1
1138734470,040243133,0.06947442144155502,1
113898020X,040121356,1,1
1139048449,040066509,0.6029695272445679,1
1139048449,040431835,0.19341211020946503,1
1139170716,040158330,0.047086142003536224,1
1139491148,04318717X,0.01288946159183979,1
1139491148,040649377,0.08214692771434784,1
1139613723,042802016,0.9656392335891724,1
1139613723,040336204,0.03913117200136185,1
1139641409,042633966,0.0014728992246091366,1
1140544519,041620518,0.16758409142494202,1
1140735578,042848512,0.027418112382292747,1
1140735578,040708918,0.025670301169157028,1
1140818708,040118827,0.4436478018760681,1
1140818708,040130215,0.08566167205572128,1
1140818708,040336476,0.5859072804450989,1
1140834886,041872835,0.42295417189598083,1
1140834886,041282639,0.20092566311359406,1
1140946668,040118827,0.9775644540786743,1
1140946668,041960556,0.14043810963630676,1
1140946668,041163648,0.24364057183265686,1
1140946668,040228983,0.10753177106380463,1
1141196999,974557900,0.0989847332239151,1
1141196999,041738632,0.08308036625385284,1
1141379430,041520254,0.2493179738521576,1
1141379430,042045304,0.003857014700770378,1
1141480611,040118827,0.99829864501953125,1
1141480611,973332336,0.0019817266147583723,1
1141480611,04021365X,0.18553361296653748,1
1141480611,041137183,0.13827094435691833,1
1141480611,041394895,0.08188511431217194,1
1141550512,042024048,0.14787863194942474,1
1141904772,041673662,0.056641869246959686,1
1141904772,960767053,0.04064297676086426,1
1141904772,040063402,0.11219295114278793,1
1141933055,041517954,0.7314302921295166,1
1141937689,041837843,0.047406457364559174,1
1141937689,04318717X,0.01780139096081257,1
1141937689,041406605,0.005924052558839321,1
1141937689,041691482,0.01003816444426775,1
1142115135,041132920,0.12749096751213074,1
1142115135,041205677,0.8438469767570496,1
1142115135,04020832X,0.287460058927536,1
1142656616,040272664,0.3695928156375885,1
1142656942,04061963X,0.25410062074661255,1
1142656942,041618173,0.11190494149923325,1
1142954382,041798368,0.10344530642032623,1
1142954382,040663876,0.320861279964447,1
1142954382,040608476,0.0012476196279749274,1
1142954382,042090377,0.0038731612730771303,1
1143066499,040665860,0.1416659653186798,1
1143066499,041879252,0.017283247783780098,1
1143066499,040776247,0.029513174667954445,1
1143067851,041915267,0.2008201628923416,1
1143067851,041565517,0.2212129533290863,1
1143067851,040272664,0.5808634161949158,1
1143067851,042525799,0.4216929078102112,1
1143256077,041645405,0.8351604342460632,1
1143256077,041509072,0.13517603278160095,1
1143256077,040708918,0.01743452623486519,1
1143256077,040598446,0.3192576766014099,1
1143256077,040538702,0.40502795577049255,1
1143439252,042053579,0.13761572539806366,1
1143539788,973524448,0.21281293034553528,1
1143650956,040118827,0.29085075855255127,1
1143703650,041279379,0.7665980458259583,1
1143948858,041788125,0.7660704851150513,1
1143948858,040490750,0.039927102625370026,1
1144396468,040042960,0.080275759100914,1
1144396468,040451259,0.09430382400751114,1
1144400236,040763102,0.22198843955993652,1
1144400236,041454367,0.0897647812962532,1
1144485274,041333209,0.0064493827521800995,1
1144485274,04049716X,0.023810315877199173,1
1144619726,040408027,0.5089062452316284,1
1144686121,04198756X,0.005560769699513912,1
1144686121,040149579,0.9302428364753723,1
1144686121,040149374,0.09267167001962662,1
1145241301,040118827,0.20817682147026062,1
1145241301,04072560X,0.006513329688459635,1
1145241301,042412919,0.01066936831921339,1
1145241301,040636933,0.48626524209976196,1
1147295476,043245676,0.0051454221829771996,1
1147565651,041343417,0.17439107596874237,1
1147565651,041945050,0.41348323225975037,1
1147565651,94822939X,0.058438338339328766,1
1147565651,041949560,0.04913928359746933,1
1147565651,041360656,0.09091093391180038,1
1147565651,041280962,0.07760532200336456,1
1148452834,040468119,0.5383356809616089,1
1148755780,040325229,0.5763242840766907,1
1148812326,04120509X,0.10055041313171387,1
1148812326,040066673,0.13184992969036102,1
1148942068,040067920,0.07639696449041367,1
1148942068,040143163,0.02283487282693386,1
1149050772,118500775,0.998477578163147,1
1149050772,040006263,0.04810531064867973,1
1149154071,960496580,0.09769801050424576,1
1150305606,040455033,0.09000536799430847,1
1150305606,040744450,0.0019277617102488875,1
1150867116,043033504,0.6645506024360657,1
1150867116,04150352X,0.053193144500255585,1
1151195731,118834312,0.6885907053947449,1
1151195731,040787044,0.14007392525672913,1
1151571490,950760951,0.05676855891942978,1
1151571490,944368581,0.9104722142219543,1
1151571490,041240103,0.0103351641446352,1
1151699187,041157109,0.009222768247127533,1
1151815179,04064460X,0.33308225870132446,1
1151815179,041218809,0.28374117612838745,1
1151815179,041446798,0.2931925654411316,1
115181671X,040118827,0.1761145293712616,1
115181671X,041285972,0.011373640038073063,1
1151884804,040209679,0.6486667394638062,1
1151978124,965844773,0.1065356507897377,1
1152002058,040768996,0.22338669002056122,1
1152131087,041481143,0.5284668207168579,1
1152131087,040197026,0.8203575015068054,1
1152131087,040272516,0.152471125125885,1
1152179756,040118827,0.15835192799568176,1
1152179756,040707008,0.029957612976431847,1
1152444166,040676897,0.07069722563028336,1
1153007851,041513444,0.004437814466655254,1
1153007851,041369254,0.003981028683483601,1
1153062623,040043916,0.6278711557388306,1
1153062623,040802493,0.17202195525169373,1
1153093677,04015968X,0.3991202712059021,1
1153120496,040118827,0.31020957231521606,1
1153120496,040340260,0.6053462028503418,1
1153120496,041762444,0.01790481060743332,1
1153120496,040382702,0.2729001045227051,1
1153337878,041396715,0.8156186938285828,1
1153337878,041219074,0.05807768180966377,1
1153337878,040647846,0.1575782597064972,1
1153467089,040425703,0.7602788209915161,1
1153467089,042236169,0.6644559502601624,1
1153467089,043223818,0.1147480458021164,1
1153467089,040778045,0.009451610036194324,1
1153467089,040567303,0.0966433435678482,1
1153470853,041238575,0.5841365456581116,1
1153470853,040122115,0.4663006663322449,1
1153470853,040626563,0.588243842124939,1
1153470853,04113432X,0.4176582396030426,1
115347462X,041517954,0.11915223300457001,1
115347462X,979308658,0.0757065936923027,1
115347462X,041654358,0.017951725050807,1
1153478129,040737578,0.10646363347768784,1
1153478129,1024622754,0.046774573624134064,1
1153478129,042743249,0.02820749208331108,1
1153478129,040629627,0.046304818242788315,1
1153505754,041281500,0.0031724534928798676,1
1153506963,041654234,0.062059350311756134,1
1153506963,04325683X,0.08533697575330734,1
1153506963,960963405,0.059701066464185715,1
1153509210,041429036,0.8845257759094238,1
1153509210,994520042,0.015181699767708778,1
1153511436,040142388,0.32184037566185,1
1153511436,041608356,0.04613834246993065,1
1153555557,118555049,0.7231386303901672,1
1153555557,040120619,0.36391177773475647,1
1153555557,040359646,0.33969977498054504,1
1153555557,040261409,0.849443793296814,1
1153555557,040489469,0.4631004333496094,1
1153555557,041749979,0.3815268874168396,1
1153606585,040760669,0.0033101155422627926,1
1153606585,040022579,0.25255873799324036,1
1153606585,040031349,0.019097067415714264,1
1153606585,040476863,0.0032703839242458344,1
1154485692,040598446,0.41139331459999084,1
1154485692,041555856,0.10543210804462433,1
1154485692,040565610,0.27652689814567566,1
1154485692,041489950,0.24199755489826202,1
1154485692,041211537,0.2889368236064911,1
115455225X,040118827,0.09065386652946472,1
115455225X,04004436X,0.05054270476102829,1
115455225X,041346874,0.8792598843574524,1
115455225X,041275829,0.006483642850071192,1
1154665100,040118827,0.10621210187673569,1
1154665100,040222330,0.6940011382102966,1
1154665100,040267792,0.011198566295206547,1
1154787206,042525799,0.14978252351284027,1
1154847950,963173561,0.16820229589939117,1
1154847950,041456009,0.10898549854755402,1
1154851079,040694844,0.025927618145942688,1
1154851079,04068007X,0.1420658379793167,1
1154942643,964013711,0.02666718326508999,1
1154944433,04045956X,0.4106302261352539,1
1154944433,04127380X,0.035271503031253815,1
1155073231,040223493,0.034276850521564484,1
1155073231,040350886,0.0170285701751709,1
1155073231,040741648,0.10558223724365234,1
1155085523,040143600,0.02068825252354145,1
1155086333,041654234,0.059962399303913116,1
1155086333,041263928,0.024104243144392967,1
1155086333,040351653,0.8803516626358032,1
1155086333,041304624,0.427812397480011,1
1155086333,04115746X,0.501872181892395,1
1155086333,041253663,0.05757933109998703,1
1155165276,040310310,1,1
1155365364,040718670,0.815416157245636,1
1155365364,004691792,0.35103902220726013,1
1155439007,96887410X,0.08222340047359467,1
1155439007,041727770,0.03637303039431572,1
1155439007,040344029,0.14204518496990204,1
1155439007,043264646,0.07896765321493149,1
1155521110,040348709,0.004085357300937176,1
1155533054,041481143,1,1
1155533054,040477460,0.0030459007248282433,1
115563831X,942388445,0.5282227396965027,1
115563831X,1000169693,0.010136991739273071,1
115563831X,041140125,0.02659754827618599,1
1155639839,040057283,0.08993127197027206,1
1155639839,041802144,0.06668100506067276,1
1155639839,040226484,0.07402874529361725,1
1155639839,981432670,0.002995129209011793,1
115564039X,04128805X,0.0024030697531998158,1
115564039X,041753275,0.2817535996437073,1
115564039X,040175197,0.03793779015541077,1
115564039X,040039579,0.016479775309562683,1
115564039X,041253663,0.0013651761692017317,1
1155648501,040497542,0.01751384139060974,1
1155648501,947583572,0.19203999638557434,1
115567670X,040240185,0.5120251774787903,1
1155691091,041325796,0.12323431670665741,1
1155710177,041213335,0.17071813344955444,1
1155710177,041303768,0.001948746619746089,1
1155710177,040371743,0.22406300902366638,1
1156018269,042633966,0.03264058381319046,1
1156181828,949046388,0.06685604155063629,1
1156181828,041989147,0.36684927344322205,1
1156445809,040408434,0.14114505052566528,1
1156532612,040118827,0.056230586022138596,1
1156532612,040176045,0.2784031331539154,1
1156833663,040118827,0.7288477420806885,1
1156833663,041207769,0.6772173047065735,1
1156833663,040335429,0.6118218302726746,1
1156833663,041358899,0.5932053327560425,1
1156993768,040118827,0.8039266467094421,1
1156993768,040494160,0.03310491144657135,1
1156993768,040277437,0.707053542137146,1
1156993768,042141516,0.5008687973022461,1
1158598076,962387053,0.3058435320854187,1
1159506795,042742374,0.029260221868753433,1
1159506795,04061557X,0.6593595743179321,1
1159506795,041506340,0.03867052495479584,1
1159881227,040526925,0.22399476170539856,1
1159881227,040079554,0.1316494643688202,1
1159881227,040465314,0.24031111598014832,1
1159881227,041347927,0.024903956800699234,1
1160303894,11850553X,0.5809724926948547,1
1160303894,04049716X,0.012930383905768394,1
1160307520,940431181,0.1309933364391327,1
1160307520,040710130,0.013929012231528759,1
1160307520,041384946,0.2794179916381836,1
1160307520,040777006,0.002856708597391844,1
1160344868,04049408X,0.12384996563196182,1
1161335021,040039749,0.01076607033610344,1
1161335021,040348644,0.6644588708877563,1
1161530460,040118827,0.1353653222322464,1
1161530460,961739223,0.6664677858352661,1
1161530460,040384632,0.08726166188716888,1
1161606971,040649377,0.03597027435898781,1
1161671447,964675765,0.016550973057746887,1
1161671447,04033628X,0.00375646585598588,1
1161671447,040398277,0.05170021206140518,1
1161671447,040059316,0.010225581005215645,1
1161805834,040117847,0.14985275268554688,1
1161805834,04049716X,0.013439508154988289,1
1161805834,104308281,0.7104104161262512,1
1161918078,040009963,0.31683796644210815,1
1162018011,040772217,0.18235838413238525,1
1162042621,040118827,0.40651315450668335,1
1162042621,040049337,0.661913275718689,1
1162042621,041349296,0.43094128370285034,1
1162189940,980147638,0.220547154545784,1
1162190027,040122115,0.025918815284967422,1
1162190027,041258797,0.09212236106395721,1
1162190027,040626563,0.01970953680574894,1
1162190027,96473222X,0.4722437858581543,1
1162528338,040118827,0.2638373374938965,1
1162528338,040142248,0.16451576352119446,1
1162528338,040685985,0.8280712962150574,1
1162528338,1016493770,0.014692622236907482,1
1162683848,040408434,0.018853044137358665,1
1162683848,041346815,0.09641458839178085,1
1162683848,1074372166,0.04035218060016632,1
1162684240,04004176X,0.1737435758113861,1
1162684240,040408027,0.2633272707462311,1
1162684240,040533697,0.6398642063140869,1
1162684240,040408434,0.10902850329875946,1
1162763558,040597989,0.36029893159866333,1
1162835990,040118827,0.2800998091697693,1
1162835990,041692268,0.3813225030899048,1
1162840536,040156028,0.9305300712585449,1
1162840536,040789314,0.3964896500110626,1
1162840536,040588785,0.7205117344856262,1
1162844418,040781682,1,1
1162885629,040366596,0.4514830708503723,1
1162885629,041644735,0.00431289616972208,1
1163319724,043249809,0.2038615196943283,1
1163388602,040777049,0.9660029411315918,1
1163388602,040564592,0.11856939643621445,1
1163388602,040139433,0.10810814052820206,1
1163388602,041873572,0.10514701902866364,1
1163391131,040069028,0.5022341012954712,1
1163514136,118766716,0.47613221406936646,1
1163514136,119174871,0.33045992255210876,1
1163514136,04059758X,0.11508504301309586,1
1163719900,042748259,0.040547437965869904,1
116380066X,940431181,0.15857358276844025,1
116380066X,040488292,0.02419409528374672,1
1163928232,040118827,0.0770295113325119,1
1163938173,040211428,0.21991948783397675,1
116400185X,041823117,0.026778247207403183,1
116400185X,041421434,0.1898556500673294,1
116400185X,968718167,0.1136125773191452,1
116400185X,041402995,0.021395720541477203,1
1164214950,040432718,9.075038833543658e-4,1
1164290657,04024427X,0.12230955064296722,1
1164290657,040039358,0.07953090965747833,1
1164545949,041269144,0.002773804124444723,1
1164545949,1005115796,0.07838647067546844,1
1165079178,041685385,0.17486339807510376,1
1165079178,943187966,0.736383855342865,1
1165079178,040765733,0.0832669585943222,1
1165304716,04169631X,0.15599387884140015,1
1165304716,040636259,0.12915246188640594,1
1165304716,041808215,0.09647008031606674,1
1165925613,040268586,0.11041285842657089,1
1165925613,994520042,0.9948892593383789,1
1165925613,040641996,0.004058592952787876,1
1165925613,040001237,0.04949425905942917,1
1166068218,040118827,0.32668763399124146,1
1166068218,04113432X,0.06726223975419998,1
1166190102,042579422,0.06287240236997604,1
1166190102,042367638,0.02451298013329506,1
1166190102,041448634,0.06742006540298462,1
1166190102,040636216,0.3114328384399414,1
1166219305,04113432X,0.2646835744380951,1
1166382761,040737810,0.1805797964334488,1
1166559459,040105423,0.19067513942718506,1
1166559459,041448634,0.04192117601633072,1
1166581942,041375335,6.785634905099869e-4,1
1167133722,964448688,0.5789295434951782,1
1167231058,040414256,0.02038147673010826,1
1167231058,04015999X,0.11383229494094849,1
1167231058,040533697,0.11619255691766739,1
1167231058,041882229,0.034363601356744766,1
1167307127,043101089,0.05112416669726372,1
1167307127,041555856,0.03618515282869339,1
1167307127,970225792,0.0031668406445533037,1
1167307127,041280962,0.05981486290693283,1
1167307127,042058112,0.075152687728405,1
1167362411,940431181,0.06960338354110718,1
1167362411,041888294,0.27467089891433716,1
1167362411,040654680,0.14325886964797974,1
1167362942,040760316,0.700121283531189,1
1167362942,041986067,0.42471227049827576,1
1167362942,040775879,0.5621942281723022,1
1167362942,041342623,0.7595492601394653,1
1167662741,040118827,0.4140489101409912,1
1167662741,1010033360,0.7379329204559326,1
1167662741,042011906,0.20484653115272522,1
1167772318,040118827,0.09829787909984589,1
1167919173,04061963X,0.25793811678886414,1
1167919173,981966233,0.32199087738990784,1
1167919173,957571917,0.10711686313152313,1
1168010225,040352544,0.09234122186899185,1
1168145821,041788125,0.01569877192378044,1
1168145821,041300262,0.02681608498096466,1
1168145821,959364080,0.13948045670986176,1
1168146461,040246663,0.5170116424560547,1
1168229898,040570002,0.2575577199459076,1
1168325633,042784743,0.003000850323587656,1
1168325633,041260139,0.1340465098619461,1
1168325633,040038920,0.10761549323797226,1
1168471583,1064675859,0.43500766158103943,1
1168471583,998377953,0.01384509913623333,1
1168471583,040765733,0.29004406929016113,1
1168471583,041216512,0.10759876668453217,1
1169131085,040118827,0.11694862693548203,1
1169291732,04115746X,0.2953563332557678,1
1169291732,042695112,0.11017902940511703,1
1169291732,041753275,0.013196619227528572,1
1169291732,041253663,0.007048430386930704,1
1169466559,041770323,0.9958499670028687,1
1169538797,1024265765,0.09893772006034851,1
1169538797,040564207,0.00348564307205379,1
1170101615,040310310,0.9491260647773743,1
1170101615,040005712,0.11317835003137589,1
1170287484,040380017,0.060472987592220306,1
1170293638,040118827,0.22032073140144348,1
1170293638,041275403,0.04718080163002014,1
1170582494,040455033,0.9360554814338684,1
1170780512,041320336,0.04723217338323593,1
1171030401,040028186,0.30381160974502563,1
1171279701,94248889X,0.00755145400762558,1
117160467X,040118827,0.10836036503314972,1
117160467X,041163877,0.8675854802131653,1
117160467X,040120406,0.017972376197576523,1
1171696396,04004436X,0.05057183653116226,1
1171696396,041235754,0.2093794345855713,1
1172414505,040141624,0.038184475153684616,1
1172414505,04129002X,0.019040942192077637,1
1172665788,04154756X,0.32122868299484253,1
1172672393,040429083,0.010937603190541267,1
1172672393,986391565,0.126970574259758,1
1172875154,040118827,0.5950011014938354,1
1172875154,040693759,1,1
1173280804,118559796,0.9996891021728516,1
1173283579,041776828,0.19428929686546326,1
1173421394,041223438,0.2915893793106079,1
1173421394,040198529,0.5387541055679321,1
1173586555,040664244,0.6892573833465576,1
1174181435,040065685,0.35891807079315186,1
1174181435,1009564889,0.24530906975269318,1
1174181435,971576181,0.22038757801055908,1
1174181567,1028099398,0.5167239904403687,1
1174181567,12499556X,0.4649980962276459,1
1174181567,134302230,0.41610994935035706,1
1174284137,040114503,0.032335009425878525,1
1174418001,04139402X,0.11502555757761002,1
1174418001,041409019,0.0792357474565506,1
117457626X,04128271X,0.14398306608200073,1
117457626X,041243064,0.058158040046691895,1
1174587830,040118827,0.48153096437454224,1
1174837128,040335763,0.7986443638801575,1
1174837128,041363914,0.04933670163154602,1
1174938811,04051238X,0.20053279399871826,1
1174938811,040477460,0.3012924790382385,1
1174938811,040597660,0.3992103934288025,1
1174938811,040775305,0.4230590760707855,1
1174938811,040300056,0.04792407900094986,1
1174955147,040099377,0.987540602684021,1
1174955147,1019538708,0.005785652436316013,1
1174955147,040793478,0.007232980336993933,1
1174990678,95881161X,0.09901032596826553,1
117520529X,040118827,0.5327705144882202,1
117520529X,040348237,0.7265682220458984,1
117520529X,04016229X,0.6976789832115173,1
1175554898,041296109,0.11034877598285675,1
1175554898,96473222X,0.005532021634280682,1
1176031465,041513746,0.022464100271463394,1
1176636111,040446832,0.9882456660270691,1
1176913417,040118827,0.600814938545227,1
1176913417,040693759,0.1475341022014618,1
1176956833,040118827,0.5468348264694214,1
1176956833,040557715,0.0017800058703869581,1
1177033577,042102154,0.311219185590744,1
1177033577,987535730,0.06815941631793976,1
1177033577,042853907,0.01886872574687004,1
1177110253,040641996,0.9985440969467163,1
1177202069,04059758X,0.44200068712234497,1
117728829X,040118827,0.994412899017334,1
117728829X,1105568555,0.32185089588165283,1
117728829X,040528286,0.949292778968811,1
1177299399,007722036,0.4268798232078552,1
1177299399,041127366,0.6700188517570496,1
1177299399,970714106,0.23578181862831116,1
1177299399,042907012,0.14103193581104279,1
1177384450,042117356,0.5971595644950867,1
1177384450,958140324,0.041759856045246124,1
1177384450,041361024,0.17767274379730225,1
1177546558,040441962,0.001885304576717317,1
1177546558,040683257,0.20480389893054962,1
1177603659,040305503,0.12245021760463715,1
1177603659,040288595,0.2019050121307373,1
1177603659,981432670,0.22693166136741638,1
1177603659,040763080,0.11440294981002808,1
1177603659,040476863,0.07830244302749634,1
1177623080,951635514,0.07093348354101181,1
1177623080,041456009,0.012719698250293732,1
1177640856,040538575,0.35205376148223877,1
1177944553,040455866,0.14592406153678894,1
1177944553,040344347,0.10515506565570831,1
1178099059,041448634,6.993762217462063e-4,1
1178099059,040479684,0.018431324511766434,1
1178099059,040476103,0.1279173195362091,1
1178115666,972646795,0.9999428987503052,1
1178115755,041155858,0.02165553905069828,1
1178176053,041904818,0.9843428730964661,1
1178176630,040378772,0.04453819990158081,1
1178176630,041575008,0.4898168444633484,1
1178176630,040479668,0.0936177521944046,1
1178425363,040118827,0.18252627551555634,1
1178425363,040139743,0.04115288704633713,1
1179209184,040685969,0.02139625884592533,1
1179209184,041126270,0.003741369815543294,1
117986977X,041271173,0.8989623785018921,1
1179875958,040729206,0.41503530740737915,1
1179875958,041249410,0.6780732870101929,1
1179875958,1070104361,0.004754231311380863,1
1179875958,040038467,0.018742648884654045,1
1180278933,040459772,0.1585434079170227,1
118029999X,04070792X,0.0036570020020008087,1
118029999X,041221664,0.09882418811321259,1
1180383702,040455033,0.37747853994369507,1
1180383702,944814220,0.043301135301589966,1
1180383702,040272214,0.007219939026981592,1
1180473795,041776828,0.08460661768913269,1
1180609476,04138430X,0.2776741683483124,1
1180610601,040350932,0.18020687997341156,1
1180610601,040473767,0.01698240265250206,1
118061691X,041730453,0.6032109260559082,1
1180708474,041738764,0.006621389649808407,1
1180708474,040759954,0.042719870805740356,1
1180969413,040118827,0.10254828631877899,1
1180969413,042573149,0.03462091460824013,1
1181255732,040708918,0.056547991931438446,1
1181278163,041326954,0.03654336929321289,1
1181313848,04053524X,0.05075157806277275,1
1181688949,041333209,0.6005670428276062,1
1181947316,040592316,0.07070155441761017,1
1181947316,040263126,0.061601269990205765,1
1181947316,041281306,0.03709165379405022,1
118213338X,040118827,0.07578747719526291,1
1182228429,040659607,0.27459174394607544,1
1182356621,94967365X,0.14245370030403137,1
1182356621,042364337,0.21773174405097961,1
1182356621,040785203,0.2860519289970398,1
1182356621,041244990,0.2860092520713806,1
1182373968,041549732,1,1
1183878869,042424658,1,1
118390908X,040399672,0.16411557793617249,1
1185029133,040379523,0.12574049830436707,1
1185029133,040122492,0.35685715079307556,1
1185034749,040049450,0.20691733062267303,1
1185034749,041441982,0.11931639909744263,1
118561897X,041951417,0.06323207169771194,1
118561897X,040059103,0.0246120635420084,1
1185653937,118547739,0.9341179132461548,1
1185653937,040457915,0.27322930097579956,1
1185653937,040052486,0.2790822982788086,1
1185984933,040538818,0.06034963205456734,1
1185984933,040118827,0.6542195677757263,1
1185984933,040752305,0.016084477305412292,1
1185986448,040156028,0.8349558115005493,1
1185986448,04183903X,0.8120115995407104,1
1186274913,040085287,0.9999285936355591,1
1186274913,041923065,0.09399912506341934,1
118631656X,040792374,0.1064140647649765,1
118631656X,040768996,0.6669761538505554,1
118631656X,040728854,0.0965368002653122,1
1186413514,040611639,0.9975353479385376,1
1186507934,040737578,0.08007089793682098,1
1186507934,1024622754,0.07243093848228455,1
1186507934,042743249,0.003496172372251749,1
1186510366,040250350,1,1
1186510366,041728009,0.2874864935874939,1
1186510366,040606759,0.0859547033905983,1
1186510366,040746720,0.17596875131130219,1
1186549920,040908038,0.06651511043310165,1
1186596112,041802802,0.02703004702925682,1
1186596112,040325229,0.36841875314712524,1
1186726113,040881199,0.7751078605651855,1
1186726113,940431181,0.26556476950645447,1
1186726113,000003778,0.12047310918569565,1
1186760028,040118827,0.08056415617465973,1
1186760028,041554353,0.46710091829299927,1
1186760028,040736784,0.15311852097511292,1
1186760028,040008819,0.0033191428519785404,1
1186772549,040781496,0.9196780920028687,1
1186772549,943084768,0.4176205098628998,1
1186772549,041557417,0.3605983257293701,1
1186772549,040703347,0.25391268730163574,1
1186791845,042145392,0.12306544929742813,1
1186794615,11863562X,0.8150601387023926,1
1187062707,1079427864,0.06609169393777847,1
1187095990,040157016,0.24308237433433533,1
1187095990,041176413,0.9400787353515625,1
1187095990,040139433,0.10880240052938461,1
1187098515,1177443902,0.09983465820550919,1
1187098515,043249809,0.24706800282001495,1
1187098515,041673069,0.1055682897567749,1
1187098515,040269264,0.0591885931789875,1
1187114642,940431181,0.09337256103754044,1
1187114642,040465144,0.0872582420706749,1
1187187577,040780147,0.22928185760974884,1
1187187577,945130562,0.20151014626026154,1
1187187577,040118827,0.0050367023795843124,1
1187187577,041143337,0.06335746496915817,1
1187197580,040787044,0.036955345422029495,1
1187197580,040754685,0.427678644657135,1
1187197580,041158040,0.40082234144210815,1
1187276944,118677888,0.3338070213794708,1
1187276944,118559796,0.17072032392024994,1
1187276944,040465632,0.3059512674808502,1
1187354899,040599795,0.025515858083963394,1
1187354899,040340260,0.05287588760256767,1
1187354899,040062929,0.06496349722146988,1
1187354899,040766055,0.11505930125713348,1
1187354899,1038114020,0.04813770204782486,1
1187598275,040786056,0.49701839685440063,1
1187598275,940762439,0.8574902415275574,1
1187598275,041273745,0.3890753388404846,1
1187598275,040786129,0.6215875744819641,1
1187658405,1053744390,6.709211156703532e-4,1
1187658405,040118908,0.010762890800833702,1
1188201441,040118827,0.19935233891010284,1
1188201441,040014797,0.0025573642924427986,1
1188201441,040495078,0.06241999939084053,1
1188201441,04049506X,0.4995044767856598,1
1188399179,040764907,0.4103388786315918,1
1188456873,040119750,0.1201392412185669,1
1188456873,041142837,0.05489078909158707,1
1188884778,995800995,0.8115609288215637,1
1188884778,041143825,0.8795253038406372,1
118890227X,043084168,0.20034942030906677,1
1189567652,040099377,0.9996969103813171,1
1189570440,040118827,0.6389514803886414,1
1189570440,040184803,0.30914175510406494,1
1189582821,041294645,0.2865205407142639,1
1189582821,040715078,0.7724833488464355,1
1189695049,041266544,0.3455142378807068,1
1189695049,040066509,0.45893675088882446,1
1189695049,040183262,0.3461694121360779,1
1189900122,040118827,0.48712101578712463,1
1189900122,04116489X,0.37328362464904785,1
1190028662,040556956,0.3535888195037842,1
1190030039,040567230,0.0809432715177536,1
1190030039,040567303,0.09122486412525177,1
1190030039,991698886,0.1286584436893463,1
1190030039,040158756,0.01051915530115366,1
1190030411,040457915,0.1302848607301712,1
1190030411,950181994,0.007395660970360041,1
1190106442,118530895,0.9961838722229004,1
1190106442,040586650,0.9939072728157043,1
1190157217,041867149,0.019406864419579506,1
1190157217,040702464,0.11821023374795914,1
1190157217,040345424,0.018601205199956894,1
1190157217,040374416,0.008784307166934013,1
1190993643,040182029,0.43678006529808044,1
1190993643,040747255,0.005281959194689989,1
1191190153,041208064,0.7189172506332397,1
1191265536,040350932,0.6977657079696655,1
1191265536,04131946X,0.35664281249046326,1
1191265536,042636310,0.12994250655174255,1
1191321339,040340260,0.11955295503139496,1
1191321339,042916755,0.14440107345581055,1
1191426831,040099377,0.6014132499694824,1
1191426831,04020832X,0.06316014379262924,1
1191437965,040754685,0.8920130729675293,1
1191437965,041243854,0.6791478395462036,1
1191437965,000003336,0.002956907730549574,1
1191584224,940431181,0.00257162400521338,1
1191597199,041258320,0.010522673837840557,1
1191597199,040626385,0.09873838722705841,1
1191690954,041441265,0.026557451114058495,1
1191690954,040054616,0.13435977697372437,1
1191691500,040785416,0.08245060592889786,1
1191691500,041339657,0.07506588101387024,1
1191691500,040557626,0.03302733227610588,1
1191693104,041369254,0.234542578458786,1
1191693104,040641910,0.3914204239845276,1
1191937429,040612066,0.6840841174125671,1
1191937429,041302206,0.06480799615383148,1
1192054806,040118827,0.308182954788208,1
1192054806,042743249,0.2064123898744583,1
1192054806,040333299,0.15465864539146423,1
1192054806,04116489X,0.02918759547173977,1
119214158X,042565219,0.29736286401748657,1
119214158X,042060907,8.397173369303346e-4,1
1192199456,040181456,0.3208869695663452,1
1192199456,040768996,0.05922072008252144,1
1192199456,040038467,0.029160309582948685,1
1192441672,042735777,0.057747066020965576,1
1192693264,041518942,0.19414615631103516,1
1192693264,042578345,0.03882800042629242,1
1193016754,042534410,0.1333121955394745,1
1193086566,041737504,0.0036035445518791676,1
1193495687,040310310,0.06605914980173111,1
1193495687,041176278,0.07304798066616058,1
1193495687,042185734,0.19807854294776917,1
1193495687,041618173,0.08583169430494308,1
1193546672,11850553X,0.877947986125946,1
1193546672,040674886,0.025319237262010574,1
1193913926,04136709X,0.002878545317798853,1
1193926718,041953800,0.9776132702827454,1
1193926718,041245628,0.005548557732254267,1
1193926718,040763080,0.015537704341113567,1
1193997321,040591506,0.001316400826908648,1
1193997321,04047089X,0.2480887472629547,1
1194003001,040063402,0.1346467286348343,1
1194252362,040068552,0.8188697695732117,1
1194252362,040700879,0.03535345941781998,1
1194252362,967279453,0.02150794491171837,1
1194374786,040360504,0.6727161407470703,1
1194374786,004691792,0.24312086403369904,1
1194375618,004691792,0.0185379795730114,1
1194375618,041325923,0.06742755323648453,1
1194377548,004817613,0.10906459391117096,1
1194377548,041679687,0.49861446022987366,1
1194377548,041285069,0.011168109253048897,1
1194377548,040470563,0.7971654534339905,1
1194378145,040674614,0.1248130351305008,1
1194378145,041341902,0.3641868233680725,1
1194462456,04138914X,0.5767786502838135,1
1194462456,1069505412,0.6829937696456909,1
1194462456,040550729,0.4797370433807373,1
1195212178,040348644,0.00462183216586709,1
1195473109,041535219,0.37759655714035034,1
119552434X,040588122,0.7122815251350403,1
1196005621,944764614,0.0012976633151993155,1
1196005621,04049716X,0.019075071439146996,1
1196005621,040674886,0.0654531866312027,1
1196005621,04120509X,0.014126991853117943,1
1196088322,040118827,0.0015308507718145847,1
1196088322,041243072,0.05750035122036934,1
1196111987,942219813,0.030356407165527344,1
1196200874,940431181,0.017333023250102997,1
1196200874,981714250,0.30143603682518005,1
119629299X,986391565,0.29808309674263,1
1196328005,050599534,0.04660843685269356,1
1196328005,1049169247,0.09593509137630463,1
1196328005,040252264,0.055977143347263336,1
1196578362,04260284X,0.11192264407873154,1
1196629129,041829212,0.13201090693473816,1
1196629404,042707854,0.1371632069349289,1
1196699984,041993594,0.05706801265478134,1
1196699984,040782492,0.0676250159740448,1
1196700273,991370430,0.7127984762191772,1
1196700273,042074282,0.08968905359506607,1
1196802319,042782015,0.20926114916801453,1
1196802319,040022900,0.06631507724523544,1
1196802319,041613686,0.03844860941171646,1
1197057706,040181456,0.6152491569519043,1
1197068783,041483995,0.0017833455931395292,1
1197068783,041369254,0.04884614795446396,1
1197068783,042209226,0.0022817899007350206,1
1197538224,040224287,1,1
1197538224,040493962,0.26435214281082153,1
1197538224,040494209,0.06046992540359497,1
1197588922,953102424,0.026103418320417404,1
1197610790,04127380X,0.035271503031253815,1
1198056401,041906675,0.03925039619207382,1
1198056401,040392384,0.25020962953567505,1
1198103817,040792374,0.47134464979171753,1
1198103817,991994795,0.654243528842926,1
1198213256,041517954,0.9911748170852661,1
1198312718,040118827,0.6169447302818298,1
1198312718,041204638,0.16513824462890625,1
1198403098,042987393,0.06193079799413681,1
1198403098,941773329,0.07982812821865082,1
1198438339,040490750,0.10613258183002472,1
1198866829,040182029,0.07502003014087677,1
1198866829,040172007,0.048860110342502594,1
1199265020,040710890,0.9900924563407898,1
1199265020,041752473,0.010943076573312283,1
1199516414,040494152,1,1
1199516414,040158756,1,1
1199539325,041339223,0.040327154099941254,1
1199587435,040334228,0.0014851840678602457,1
119995800X,041406605,0.052080173045396805,1
1200002520,040721337,0.45681995153427124,1
1200002520,040216624,0.07709385454654694,1
1200002520,04010074X,0.1342988908290863,1
1200002520,040488217,0.10278119891881943,1
1200087755,041320999,0.791188657283783,1
1200309502,1123527725,0.9926425814628601,1
1200309502,988072351,0.7207111120223999,1
1200547322,04055970X,0.30703458189964294,1
1200547322,040221539,0.999963104724884,1
1200814622,041802527,0.03802155703306198,1
1200916255,041250575,0.014807909727096558,1
1200916255,040717763,0.24913421273231506,1
1201159326,041872835,0.30312037467956543,1
1201159326,041694996,0.10045097023248672,1
1201159687,940855348,0.4483073353767395,1
1201159687,007652879,0.43066078424453735,1
1201159687,96053587X,9.134578285738826e-4,1
1201159687,040223442,0.17695382237434387,1
1201279186,040728854,0.0813358798623085,1
1201279186,957759576,0.1917499452829361,1
1201462959,040701778,0.18511568009853363,1
1201725712,957319304,0.0033356635831296444,1
1201725712,040267512,0.05099870637059212,1
1201725712,040776247,0.01657736673951149,1
1202012477,041289420,0.012464280240237713,1
1202039227,040581977,0.6655179262161255,1
1202258581,041235479,0.31335848569869995,1
1202350925,042026466,1,1
1202425941,04015016X,0.22902457416057587,1
1202425941,040763080,0.4537419378757477,1
1202850022,040783154,0.02967197261750698,1
1202850022,040043010,0.12121997028589249,1
1202850022,040022579,0.05420585721731186,1
1203115830,040156028,0.20354823768138885,1
1203353812,04004176X,0.8426319360733032,1
1203353812,040422267,0.8215869665145874,1
1203353812,040511766,0.5732668042182922,1
1203353812,040710459,0.8511046171188354,1
1203623674,040496570,0.2493806630373001,1
120371064X,041555813,0.11950840055942535,1
120371064X,96473222X,0.17611251771450043,1
1203970579,041969103,0.6199619174003601,1
1203970579,964162512,0.23628027737140656,1
1203970579,967279453,0.1244160532951355,1
1203996845,040305503,0.5017102956771851,1
1203996845,040288595,0.630843997001648,1
1203996845,041710959,0.49421602487564087,1
1204426015,118608045,0.6349661946296692,1
120444224X,042437180,0.6990132927894592,1
120444224X,042525799,0.5730264186859131,1
120444224X,040762157,0.9572862386703491,1
1204637601,040006379,0.22880752384662628,1
1204637601,040148734,0.1493786871433258,1
1204637601,041212037,0.05237286537885666,1
1204637733,040348377,0.24949388206005096,1
1204640009,040477045,0.06662346422672272,1
1204640009,040789314,0.05527779459953308,1
1204692629,040344029,0.7457845211029053,1
1204692629,041230655,0.8111832737922668,1
1205013903,041699165,0.06977559626102448,1
1205013903,941738299,0.013123156502842903,1
1205111298,040322904,0.819240927696228,1
1205111298,040680509,0.6222036480903625,1
120514143X,040118827,0.001474530203267932,1
120514143X,041408802,0.5009371638298035,1
120514143X,040350932,0.21737325191497803,1
1205142738,040118827,0.06096243858337402,1
1205142738,040494225,0.5690027475357056,1
1205142738,041154347,0.011239098384976387,1
1205258345,041126467,0.023204445838928223,1
1205372725,040457915,0.2760877013206482,1
1205372725,04049716X,0.044697798788547516,1
1205372725,040703703,0.03189217671751976,1
1205469435,960536183,0.1039385199546814,1
1205469435,040060209,0.3523549735546112,1
1205475354,041287746,0.005461296532303095,1
1205475354,040455157,0.06177515536546707,1
1205548645,040118827,0.04648571088910103,1
1205548645,040379493,0.08718433976173401,1
1205548645,040459772,0.3756199777126312,1
1205548645,041156455,0.022110337391495705,1
120571328X,040118827,0.9952648282051086,1
120571328X,040111342,0.6043170690536499,1
120634427X,04131946X,0.059251584112644196,1
120634427X,041951417,0.06532267481088638,1
1206412097,041387848,0.9995073080062866,1
1206412097,041403495,0.16571173071861267,1
1206472766,040525279,0.8779014348983765,1
1206472766,040597989,0.005198230035603046,1
1206540923,041299515,0.271812379360199,1
1206540923,040670295,0.0961059182882309,1
1206540923,040254534,0.036586862057447433,1
1206788739,041165462,0.16292501986026764,1
1206788739,965002845,0.3247756063938141,1
1206864915,040118827,0.12532049417495728,1
1206864915,040717763,0.2115371972322464,1
1206864915,041386167,0.11077983677387238,1
1207152552,040099377,0.28187212347984314,1
1207152552,041222172,0.4236803650856018,1
1207187771,120521733,0.3179054856300354,1
1207213853,1001443063,0.03372352197766304,1
1207213853,041979710,0.2152816355228424,1
1207319503,041580672,0.1278790980577469,1
1207319503,042107334,0.02421807311475277,1
1207319503,042346363,0.12018589675426483,1
120744572X,040459772,0.007869369350373745,1
1207480487,041138635,0.002568040508776903,1
1207480487,040389367,0.021643688902258873,1
1207480487,040362027,0.04574241116642952,1
120774445X,041448634,0.20725874602794647,1
1207755575,11872715X,0.07879792153835297,1
1207996882,041882229,0.012146221473813057,1
1207996882,040350932,0.4734587073326111,1
1207996882,040408434,0.01114112138748169,1
1207996955,040643174,0.07021631300449371,1
1207997447,041274822,1,1
1207997447,040332063,0.002978887874633074,1
1208077961,040781682,1,1
1208077961,04070792X,0.06343413889408112,1
1208163639,953946215,0.0037155975587666035,1
1208310763,041165683,0.0043910956010222435,1
1208512315,040702219,0.17036503553390503,1
1209048876,040118827,0.007272109389305115,1
1209048876,1206347392,0.15706820785999298,1
1209048876,967941407,0.04297684133052826,1
1209056216,041230655,0.10828276723623276,1
1209157446,040336379,0.2758883535861969,1
1209157446,04053474X,0.06865562498569489,1
1209358735,040462498,0.04130854457616806,1
1209358735,040744507,0.2338021993637085,1
120943377X,041808207,0.33768415451049805,1
1209472880,040266370,0.0425448976457119,1
1209472880,967279453,0.07757650315761566,1
1209649691,040118827,0.438480943441391,1
1209667436,041163737,0.08632537722587585,1
1209844478,1212047613,0.02631857991218567,1
1209844478,942388445,0.2370319366455078,1
1210243199,040455394,0.44787874817848206,1
1210264242,118559796,0.9996891021728516,1
1210264242,041361520,0.3742840886116028,1
1210264242,041488237,9.832686046138406e-4,1
121042357X,04051157X,0.03845834732055664,1
1210424142,040687546,0.24863553047180176,1
1210424142,04049716X,0.16534200310707092,1
1210424142,041294688,0.3908669650554657,1
1210425661,041155858,0.984554648399353,1
1210596547,040320677,0.29436302185058594,1
1210633795,041884175,0.11840566247701645,1
1210633795,04029823X,0.12488798052072525,1
1210690829,981714250,0.1361865997314453,1
1210690829,040563669,0.6248549222946167,1
1210729342,04057833X,0.35988739132881165,1
1210729342,040473902,0.058360230177640915,1
1210779196,041554353,0.7800151109695435,1
1210779196,040736784,0.3761211931705475,1
1210821621,118535978,0.8850278854370117,1
1210827387,04292670X,0.1529829204082489,1
1211168131,040694917,0.058384597301483154,1
1211171639,040050440,0.356847882270813,1
121128039X,041271173,0.05546020343899727,1
121128039X,961210079,0.19104355573654175,1
121128039X,041323076,0.06783648580312729,1
1211320871,118555006,0.7827490568161011,1
1211320871,040643174,0.27844691276550293,1
1211320871,040456609,0.5265785455703735,1
1211320871,040544982,0.23162870109081268,1
1211324222,04061963X,0.009258018806576729,1
1211324222,042937299,0.8865056037902832,1
1211324222,040323862,0.12355633080005646,1
1211422445,119525054,0.15045998990535736,1
1211422445,953145018,0.22594761848449707,1
121146525X,042154286,0.05612820386886597,1
1212104161,041698649,0.18534159660339355,1
1212144457,040494225,0.08034829795360565,1
1212144457,040789314,0.08980469405651093,1
1212144457,944598080,0.09613890945911407,1
1212434099,040379442,0.21604256331920624,1
1212434099,041311949,0.16311588883399963,1
1212440587,041176723,0.04376456141471863,1
1212520378,118575449,0.40464964509010315,1
1212520378,040465144,0.09198644012212753,1
1212610865,040118827,0.15043190121650696,1
1212660641,040118827,0.12600494921207428,1
1212660641,040058719,0.004944950342178345,1
1212660641,040467813,0.05271153524518013,1
1213164389,985530707,0.0572362057864666,1
1213232767,007560761,0.08539798855781555,1
1213232767,007378920,0.45530620217323303,1
1213232767,985576723,0.4029878079891205,1
1213232767,040028992,0.055363111197948456,1
1213307023,040763153,0.5194880366325378,1
1213472946,04139402X,0.9222990274429321,1
1213472946,04213725X,0.1566876769065857,1
1213472946,944783449,0.11164537817239761,1
1213472946,957571917,0.003950389102101326,1
121381197X,040009963,0.08368994295597076,1
121381457X,04131123X,0.27226847410202026,1
121381457X,040557626,0.051577020436525345,1
1213852625,040307026,0.21630683541297913,1
1213852625,040566188,0.2854081988334656,1
1213852625,040307468,0.10788430273532867,1
1213852625,040566560,0.35544249415397644,1
1213907306,041544722,0.4628012180328369,1
1213907306,041361733,0.18760338425636292,1
1213907306,040299198,0.11948120594024658,1
1214058167,040709590,0.004456465132534504,1
1214244262,1010333763,0.4469839036464691,1
1214244262,040793516,0.04851367324590683,1
1214377017,042118387,0.044840630143880844,1
1214592562,118577964,0.31454998254776,1
1214592562,118505114,0.20638403296470642,1
1214592562,041708725,0.5256271958351135,1
1214592562,041851048,0.27401846647262573,1
1214592562,04059758X,0.38047927618026733,1
1214592562,040418626,0.21295838057994843,1
1214592562,040457915,0.49216175079345703,1
1214612105,041228146,0.0827053114771843,1
1214612105,041762363,0.00304778222925961,1
1214720056,953145018,0.6031323671340942,1
1215099371,040787044,0.002353075658902526,1
1215111258,040412482,0.29734843969345093,1
1215159463,040118827,0.5678936839103699,1
1215159463,040139433,0.1229165643453598,1
1215159463,041207769,0.21264752745628357,1
1215159463,041954920,0.3432072401046753,1
1215295154,04129047X,0.08411423861980438,1
1215295154,041177142,0.27877169847488403,1
1215295154,042252059,0.33623555302619934,1
1215295154,961210079,0.007734131067991257,1
1215295243,040350932,0.699844479560852,1
121575938X,040422267,0.6665176153182983,1
1215760175,000646814,0.8844231367111206,1
1215840462,040408086,0.01160546112805605,1
1215848528,040455157,0.12771598994731903,1
1215906102,041727800,0.11582201719284058,1
1215906846,040172333,0.9591085314750671,1
1215906846,043105602,0.048095934092998505,1
1216104867,041645405,6.049766088835895e-4,1
1216104867,042980925,0.010737323202192783,1
1216104867,041614283,0.15176595747470856,1
1216144672,040356698,0.08080167323350906,1
1216144672,04049716X,1,1
1216144672,040787044,0.9999971389770508,1
1216250316,951145304,0.062213294208049774,1
1216333238,04023214X,0.9004953503608704,1
1216333238,040777049,0.8648006319999695,1
1216333238,104776640X,0.13161273300647736,1
1216375976,04061963X,0.02440785802900791,1
1216375976,041618173,0.3872641623020172,1
1216375976,041230655,0.3232210576534271,1
1216502609,041690710,0.08500131219625473,1
1216502609,040710343,0.3310219347476959,1
1216635307,040300463,0.15949565172195435,1
1216635315,968424538,0.09025377035140991,1
1216638071,956012000,0.09176549315452576,1
1216642575,042979293,0.9733049273490906,1
1216642575,04131557X,0.08747871220111847,1
1216703655,040085287,0.6948298215866089,1
1216703655,041270835,0.10194661468267441,1
1216703655,041431804,0.07240878790616989,1
1216703655,041406605,0.11784322559833527,1
1216706948,040088227,0.08578859269618988,1
1216712816,041738764,0.0969267338514328,1
121688188X,040459772,0.03807390481233597,1
1216995311,04070792X,0.037300955504179,1
1217074260,040129853,0.5192970633506775,1
1217249338,042783089,0.11031164228916168,1
1217249338,041406605,0.07667611539363861,1
1217251049,960963405,0.15203842520713806,1
1217251049,1032223197,0.017894502729177475,1
1217346252,043243983,0.02149505540728569,1
1217598995,042116775,0.049038391560316086,1
1217678867,040435652,0.5310945510864258,1
1217678867,040457982,0.03834706172347069,1
1217938230,04077886X,0.13396015763282776,1
1217938389,040768996,0.9821006655693054,1
1217938389,040205886,0.04070724546909332,1
1217957367,040118827,0.6900923848152161,1
1217957367,04120588X,0.13076135516166687,1
1218005025,041173015,0.10279057919979095,1
121823377X,041404459,0.824229896068573,1
121823377X,961238496,0.8625680804252625,1
1218396512,040307026,0.4230836033821106,1
1218396512,040566188,0.13990828394889832,1
1218396512,040465144,0.08432696014642715,1
1218400854,040121356,0.9894365072250366,1
1218400854,040763889,0.4179150462150574,1
1218401648,041281500,0.6093301773071289,1
1218402865,040459772,0.06203010678291321,1
1218402865,041619900,0.024555323645472527,1
1218402865,04071781X,0.20599918067455292,1
1218465417,007722036,0.07466205209493637,1
1218465417,041127366,0.8606559038162231,1
1218465417,974675598,0.04326435178518295,1
1218465417,042907012,0.46369799971580505,1
1218756942,041481143,0.005189512390643358,1
121876970X,95439836X,0.034885697066783905,1
121876970X,041333209,0.14256569743156433,1
121876970X,040408434,0.0447092205286026,1
1218866209,040767787,0.2190892994403839,1
1218866209,041143647,0.0035556876100599766,1
1218867094,040457982,0.16298596560955048,1
1218867442,041283163,0.011450883001089096,1
1218869143,040786374,0.05390571802854538,1
1218869143,040408434,1,1
1218869267,040118827,0.07888610661029816,1
1218869267,040176045,0.7602508068084717,1
1218869267,041156455,0.0023657188285142183,1
1218869518,959857826,0.030948858708143234,1
1218927046,040305503,0.02201683260500431,1
1218927046,040402223,0.07030649483203888,1
1218927046,040156028,0.072048284113407135,1
1218961058,040118827,0.14690294861793518,1
1218961058,040564428,0.4861964285373688,1
1218961058,041306155,0.6255284547805786,1
121896913X,040312259,0.07104508578777313,1
121896913X,040751287,0.0818130150437355,1
1219040339,1028331568,0.1315760612487793,1
1219040339,040386392,0.014271171763539314,1
1219139939,041699165,0.21121196448802948,1
1219139939,04018837X,0.03582017496228218,1
1219555096,041291328,0.025381291285157204,1
1219555096,040504190,0.18483707308769226,1
1219721395,040118827,0.9978731274604797,1
1219910260,974478156,0.07671619951725006,1
1219937924,041314190,0.07182539999485016,1
1219937924,04061557X,0.002332929987460375,1
1219966010,040118827,0.13818709552288055,1
1219966010,954231902,0.004099824465811253,1
1219966010,040557626,0.10227890312671661,1
1219966010,040554295,0.06260134279727936,1
1219983489,040118827,0.1326155662536621,1
1219983489,040716759,0.002938979072496295,1
1219990264,041177126,0.10673465579748154,1
1219990264,040052486,0.20189639925956726,1
1220184497,004798139,0.7900334596633911,1
1220184497,041157168,0.05209668353199959,1
1220184497,041230655,0.04879404231905937,1
1220197742,041230655,0.008936883881688118,1
1220197742,1123527725,0.14220429956912994,1
1220197742,042873029,0.018670756369829178,1
1220197742,043008402,0.41720327734947205,1
1220358258,940754541,0.8931307792663574,1
1220358258,041177142,0.15368500351905823,1
1220488194,040408434,0.7386174201965332,1
1220488194,040329038,0.03467912599444389,1
1220488194,04127993X,0.46340951323509216,1
1220488461,040533697,0.19780299067497253,1
1220488461,040773493,0.04579409211874008,1
1220504483,040398609,0.33145445585250854,1
1220631787,04141991X,0.011591614224016666,1
1220631787,040018954,0.33709296584129333,1
1220633291,040389367,0.26519298553466797,1
1220775967,040212343,0.007831105962395668,1
1220775967,041662334,0.0448661670088768,1
1220775967,040494225,0.12982270121574402,1
1220830747,040452425,0.0451848991215229,1
1220843830,041644395,0.05126946419477463,1
1220843830,041808649,0.04507892578840256,1
1220843830,04141621X,0.00841478630900383,1
1221327127,040939766,0.6906667351722717,1
1221327127,040767787,0.6718776822090149,1
1221327127,040128997,0.18618567287921906,1
1221334042,040050440,0.2328905612230301,1
1221395068,118650130,0.6084028482437134,1
1221395068,040614182,0.19889049232006073,1
1221395068,041143647,0.14161013066768646,1
1221398652,043161057,0.024612152948975563,1
1221536133,040118827,0.34865516424179077,1
1221536133,1242484655,0.24881477653980255,1
1221536133,040775674,0.16048458218574524,1
1221536133,042059755,0.06001764535903931,1
1221668374,041618327,0.14477595686912537,1
1221668374,041231899,0.004045008681714535,1
1222269384,041549473,0.7803046107292175,1
1222502488,040118827,0.11260867118835449,1
1222502488,041628640,0.08540885150432587,1
1222502488,04187658X,0.01430166233330965,1
1222502488,041946499,0.1792585402727127,1
1222502488,040288595,0.0023365961387753487,1
1222670968,041143337,0.9995718002319336,1
1222670968,040028275,0.17779824137687683,1
1222670968,04049716X,0.044502679258584976,1
122269414X,040348644,0.11915731430053711,1
1222695391,040118827,0.7532861828804016,1
1222695391,040457915,0.8470905423164368,1
1222695391,040178943,0.04990014061331749,1
1222695391,040182029,0.24548156559467316,1
1222737310,940431181,1,1
1222812118,040156273,0.2726079821586609,1
1223027880,040326713,0.7001541256904602,1
1223027880,041915690,0.6302788853645325,1
1223027880,946426457,0.017385758459568024,1
1223027880,04148259X,0.10224469006061554,1
1223310264,040118827,0.5362787246704102,1
1223310264,040651096,0.6254698038101196,1
1223310264,040226484,0.5793331861495972,1
1223310264,041143337,0.857305645942688,1
1223310264,041315839,0.4245781898498535,1
1223459411,042525799,0.013650727458298206,1
1223459411,042350344,0.7688230872154236,1
122355452X,040356469,0.042567335069179535,1
122355452X,040120635,0.03181377798318863,1
122355452X,040362027,0.0031436323188245296,1
1223560600,118559796,0.7859652638435364,1
1223560600,040607194,0.8284112811088562,1
1223660761,118726633,0.1207917332649231,1
1223785157,040777049,0.005633256398141384,1
1223785157,041351487,0.009308533743023872,1
1223785157,041154843,0.03305017203092575,1
1223785157,040473767,0.03268614411354065,1
1223785157,041873572,0.05723324418067932,1
1223865746,040118827,0.040447771549224854,1
1223868168,040118827,0.23477086424827576,1
1224535529,941751473,0.44841569662094116,1
1224535529,040557367,0.5005120038986206,1
1224535529,040205487,0.029417186975479126,1
122468155X,04152585X,0.32305198907852173,1
122468155X,041177363,0.12771055102348328,1
1224882857,041838815,0.03230459243059158,1
1224882857,04061557X,0.027492627501487732,1
1224882857,041773063,0.021329693496227264,1
1224964829,040408434,0.9964284896850586,1
1224964829,042989760,0.1671338826417923,1
1225017890,04061963X,0.005226779729127884,1
1225024285,040118827,0.0199415385723114,1
1225024285,040685764,0.1479382961988449,1
1225024285,040465268,0.005345872603356838,1
1225024285,040154289,0.012345468625426292,1
1225024285,041315227,0.0697086751461029,1
1225256178,1206347392,0.037658266723155975,1
1225256178,967941407,0.04196741431951523,1
1225292255,040216713,0.9945688247680664,1
1225292255,040360504,0.19629177451133728,1
1225292255,040158330,0.6372283697128296,1
1225294495,04131946X,0.93084317445755,1
1225294495,040473767,0.06337349116802216,1
1225294495,040535347,0.08967527002096176,1
1225411351,042203732,0.1219424232840538,1
1225411351,040213293,0.13829894363880157,1
1225411351,041242335,0.07032354921102524,1
1225512700,040736482,0.18085826933383942,1
1225512700,041933788,0.3403695225715637,1
1225512700,040200469,0.04208797216415405,1
1225606403,040118827,0.4821031093597412,1
1225606403,981432670,0.053133826702833176,1
1225606403,041127625,0.004412516951560974,1
1225628237,040118827,0.03170493245124817,1
1225628237,041901959,0.1041937842965126,1
1225740428,040118827,0.33704400062561035,1
1225740428,041686403,0.0047200703993439674,1
1226064531,04020832X,0.08830280601978302,1
1226064531,040776247,9.190015261992812e-4,1
1226093574,041268873,0.6539748311042786,1
1226093574,041412834,0.029441535472869873,1
1226093574,040756939,0.1266060471534729,1
1226093574,988072351,0.026954304426908493,1
1226135498,041969103,0.30485063791275024,1
1226410715,040306380,0.8392362594604492,1
1226410715,041222903,0.1412074863910675,1
1226410715,04064409X,0.10633531957864761,1
1226852718,041753275,0.14981290698051453,1
1226852718,042460808,0.09247088432312012,1
1226946305,041143337,0.20776315033435822,1
1226968309,041708385,9.570486727170646e-4,1
1226968309,040196143,0.07894884049892426,1
1226985750,040455033,0.01867813989520073,1
1226987028,972736123,0.07073569297790527,1
1226987028,04137018X,0.06205253675580025,1
1227048637,040457214,0.10548460483551025,1
1227381654,040252264,0.002273600548505783,1
1227381654,967941407,0.3247738778591156,1
1227381654,1206347392,0.3850189745426178,1
1227381654,041231767,0.06591962277889252,1
1227386990,040993442,0.015672139823436737,1
122755897X,040300463,0.2404034435749054,1
122755897X,041610970,0.008499173447489738,1
1227707096,04072560X,0.07269278168678284,1
1227707096,042412919,0.012468407861888409,1
1227707096,040252264,0.003651763778179884,1
1227782780,040154769,0.182416170835495,1
1227926057,040538486,0.12926897406578064,1
1227926057,041737830,0.16994178295135498,1
1228059799,04010074X,0.08205980062484741,1
1228372969,040740676,0.011809448711574078,1
122856129X,040389367,0.9986640810966492,1
1228721637,040538818,0.9526368975639343,1
1228721637,040765938,0.08403833210468292,1
1228721637,042005795,0.12447448819875717,1
122876185X,040476898,0.9703987240791321,1
1229036504,040118827,0.0665929988026619,1
1229036504,1206347392,1,1
1229036504,967941407,0.9878379106521606,1
1229036504,040557367,0.7549816370010376,1
1229700013,041824598,0.0013307456392794847,1
1229700013,040403645,0.023427020758390427,1
1229817786,1250716667,0.07856108248233795,1
1229817786,040746720,0.10272292047739029,1
1230026010,04204779X,0.12663452327251434,1
1230026010,1071012568,0.12187071144580841,1
123003675X,041141997,0.025978252291679382,1
1230468838,040599795,0.6255806684494019,1
1230468838,1206347392,0.2540515959262848,1
1230468838,967941407,0.20595403015613556,1
1230610200,040740986,0.1335938423871994,1
1230610200,040473767,0.21302589774131775,1
1230610200,041229266,0.005924306344240904,1
1230610200,040350932,0.011419331654906273,1
1230627901,950204854,0.04607619345188141,1
1230870024,040118827,0.8411000967025757,1
1230870024,041140265,0.6064821481704712,1
1230986529,118586947,0.5982180237770081,1
1230986529,040156028,0.27942171692848206,1
1231275146,118545248,0.21840345859527588,1
1231275146,000351024,0.24788537621498108,1
1231275146,040118908,0.8643671274185181,1
1231275146,040336670,0.14001062512397766,1
1231284196,300112068,0.8354015350341797,1
1231359285,040789217,0.044290460646152496,1
1231359285,041933176,0.3232482969760895,1
1231547553,041874404,9.429362835362554e-4,1
1231712961,042961785,0.17778387665748596,1
1231801441,04068430X,0.09658364951610565,1
1231801441,041353390,0.45924097299575806,1
1231911409,041524802,0.1415400356054306,1
1231960124,040118827,0.27629488706588745,1
1231960124,041142764,0.9079643487930298,1
1231980729,041143884,0.02582244947552681,1
1232075493,041231767,0.7382104992866516,1
1232075493,040777049,0.37596088647842407,1
1232284769,041154843,0.02109939232468605,1
1232284769,040795837,0.11726784706115723,1
1232284769,040156028,0.16962210834026337,1
1232285234,041397703,0.20225545763969421,1
1232551953,04181116X,0.8838423490524292,1
1232551953,984023801,0.7100278735160828,1
1232551953,1003532349,0.13077226281166077,1
123264580X,040354199,0.34152474999427795,1
123264580X,040438449,0.25261780619621277,1
1233113666,040067777,0.1711803674697876,1
1233113666,042703247,0.13522768020629883,1
123329492X,041447794,0.12458200752735138,1
1234241463,040408027,0.4577525556087494,1
1234639998,040028054,0.9049915075302124,1
1234639998,042979293,0.9999996423721313,1
1234639998,042026466,0.09869319945573807,1
1234680971,040780120,0.6543778777122498,1
1234873680,040118827,0.30098727345466614,1
1234873680,040051048,0.45052751898765564,1
1234873680,041436172,0.0781366303563118,1
1235016358,040455033,0.2085283100605011,1
1235016358,040428397,0.2467176467180252,1
1235016358,040760669,0.0030265236273407936,1
1235017249,040455033,0.0046499622985720634,1
1235017249,041307429,0.2954752445220947,1
1235017249,04195226X,0.11194629967212677,1
1235017249,956397980,0.2943991720676422,1
123501827X,041699165,0.015594849362969398,1
1235018792,040660834,1,1
1235083276,040452697,0.9998342394828796,1
1235083276,04123037X,0.4405594766139984,1
1235083276,040334473,0.02291850373148918,1
1235083276,040156028,0.007604640908539295,1
1235210170,040118827,0.03320808708667755,1
1235210170,040775704,0.038445908576250076,1
1235300153,040676609,0.290519654750824,1
1235300153,040468119,0.5933458209037781,1
1235622851,041969103,0.029701918363571167,1
1236814231,04004646X,0.43069887161254883,1
1236814231,042058805,0.11467982828617096,1
1236842154,041295374,0.013560664840042591,1
1236842154,041524705,0.223598912358284,1
1237080967,040037495,0.16071546077728271,1
1237815592,04040921X,0.6967805027961731,1
1237815592,981432670,0.4307312071323395,1
1237899257,040118827,0.45587992668151855,1
1237899257,041157133,0.020730555057525635,1
1237960398,040118827,0.0300578735768795,1
1237960398,040113620,0.23801898956298828,1
1237960398,040681556,0.048996929079294205,1
1237961041,041735374,0.04613542556762695,1
1237961041,040448843,0.25903457403182983,1
1237962137,040718174,0.4207596778869629,1
1237962137,040446883,0.3855835795402527,1
1237974143,040118827,0.8559942245483398,1
1237974143,040566560,0.9928644895553589,1
1238147631,040305503,0.8616692423820496,1
1238147631,041761847,0.6088752150535583,1
1238147631,040580474,0.003187712747603655,1
1238147631,040607496,0.4786202311515808,1
1238147631,954165209,0.06832762062549591,1
1238268536,041954610,0.14305543899536133,1
1238490255,118547739,1,1
1238495834,04004436X,0.11566929519176483,1
1238495834,041346874,0.4128456115722656,1
1238495834,041143094,0.0072858696803450584,1
1238495834,041215907,0.006999357603490353,1
1238495834,040468348,0.5366759300231934,1
123878142X,040654680,0.9963431358337402,1
123878142X,04066466X,0.002206909004598856,1
123878142X,040664384,0.15420283377170563,1
1238889069,040157016,0.9899590611457825,1
1238889069,040541606,0.0022797801066190004,1
1238892213,983782784,0.3522259294986725,1
1238892213,040156028,0.12316145747900009,1
1238894550,041165543,0.03595553711056709,1
1239177739,040147436,0.8904223442077637,1
1239177739,1124028595,1,1
1239560591,040189686,0.7960873246192932,1
1239560591,040777049,0.9999430775642395,1
1239560974,041878779,0.18250969052314758,1
1239560974,040494225,0.05383843183517456,1
1239560974,042338808,0.0525055006146431,1
1239561229,040198898,0.04677242413163185,1
1239561229,040052486,8.316148887388408e-4,1
1239561229,040456609,0.6260920763015747,1
1239615892,041778715,0.4840536117553711,1
1239658532,04065348X,0.5474023818969727,1
1239837429,040300463,0.2018977403640747,1
123983778X,040261816,0.6265527606010437,1
123983778X,040300463,0.32184073328971863,1
123983778X,042752280,0.4273653030395508,1
1239893833,954405110,0.2418927252292633,1
1239893833,041133889,0.2267177551984787,1
124005274X,040467813,0.056673813611269,1
1240077246,041481143,0.43980902433395386,1
1240077246,040059103,0.24993538856506348,1
124031647X,040372782,0.2984102666378021,1
124031647X,040027333,0.31668543815612793,1
1240437277,040009866,0.0056079113855957985,1
1240487649,040261816,0.6443425416946411,1
1240487649,040169537,0.661312460899353,1
1240487878,040299066,0.9358340501785278,1
1240615582,040557626,0.019080711528658867,1
1242381635,04120817X,0.015275073237717152,1
1242484329,040307026,0.04568792134523392,1
1242484329,040569950,0.07864592969417572,1
1242484329,04010074X,0.1738068163394928,1
1242484329,040776247,0.28465503454208374,1
1243286652,100072185X,0.3554439842700958,1
1243286652,040765938,0.05410599708557129,1
1243286652,040223493,0.012715999968349934,1
124335111X,967941407,0.6264249086380005,1
124335111X,1206347392,0.284271776676178,1
124335111X,040747255,0.6041900515556335,1
124335111X,040305503,0.809216320514679,1
1243351209,040118827,0.17202068865299225,1
1243351209,040288595,0.050033051520586014,1
1243351209,040563669,0.11589058488607407,1
1244915742,041127013,0.17137247323989868,1
1244915742,040763080,0.2911877930164337,1
1245445928,040118827,0.12848515808582306,1
1245445928,041447794,0.3977281153202057,1
1245445928,041557425,0.01798909716308117,1
1245445928,042071887,0.2302132099866867,1
1245936182,961739223,0.21550984680652618,1
1245936182,981966233,0.2737962603569031,1
1245936182,04123037X,0.05622062087059021,1
1246814307,040189686,0.9930689930915833,1
1246814307,041977750,0.375365674495697,1
1246814307,042425875,0.014979517087340355,1
1247174204,040669424,0.9963626861572266,1
1247217221,1012414922,0.03958103060722351,1
1247217221,040172570,0.15813729166984558,1
1247407322,040535002,0.145501047372818,1
1247407322,041424069,0.45148128271102905,1
1247407322,040689433,0.11422550678253174,1
1247407322,040177769,0.002679946832358837,1
1247573877,040118827,0.08506247401237488,1
1247578186,040477290,0.05326414108276367,1
1247578186,041673069,0.013552303425967693,1
1247578186,043249809,0.010548250749707222,1
1247862119,040118894,0.287426620721817,1
1247862119,040118908,0.4806886315345764,1
1247862119,040432718,0.4407678544521332,1
1247862119,041143337,0.244673490524292,1
124848469X,040157016,0.3190233111381531,1
124848469X,041296117,0.001567279570735991,1
124848469X,040710262,0.005463532172143459,1
1249014395,04004176X,0.3439059257507324,1
1249014395,040425703,0.3958534300327301,1
1249014395,040777049,8.386522531509399e-4,1
1249014395,104776640X,9.104935452342033e-4,1
1249381363,041761847,0.7638953924179077,1
124946532X,040347532,0.08368927240371704,1
124946532X,043264646,1,1
124946532X,1079150706,0.007725290954113007,1
1249993164,040118827,0.0037261354736983776,1
1249993164,04053474X,0.21941480040550232,1
1249993164,967941407,0.6774958372116089,1
1249993164,1206347392,0.678337037563324,1
1250086078,040118827,0.23962509632110596,1
1250086078,1082133639,0.15690533816814423,1
1250175437,04077628X,0.006802394986152649,1
125021890X,040787044,0.007562276907265186,1
125021890X,040552608,0.9589526057243347,1
125021890X,04127749X,0.35240471363067627,1
1250251044,041347307,0.3206697106361389,1
125028032X,040006956,0.047628361731767654,1
125028032X,040395677,0.11185325682163239,1
125028032X,041344448,0.7895115613937378,1
125028032X,948717343,0.022382868453860283,1
1250331668,040118827,0.6035746335983276,1
1250331668,041665740,0.7287685871124268,1
1250343666,040509109,0.15615615248680115,1
1250343666,040595013,0.04705285280942917,1
1250343666,040162168,0.07745908200740814,1
1250450705,040118908,0.19351185858249664,1
1250450705,041457684,0.43020114302635193,1
1250451027,04052678X,0.29490357637405396,1
1250451027,040082164,0.34485965967178345,1
1250451027,040751287,0.575018584728241,1
1250498252,040118827,0.44001084566116333,1
1250498252,04063146X,0.29775822162628174,1
1250498252,042474825,0.11974473297595978,1
1250671531,040701026,0.03012893721461296,1
1250671531,958909385,0.05959084630012512,1
1250861055,040775488,0.061005961149930954,1
1250861055,04193962X,0.5135117769241333,1
1250861055,004691792,0.9954253435134888,1
1251137180,981784518,0.23839756846427917,1
1251137180,040447898,0.296850323677063,1
1251146368,040564312,0.06092206388711929,1
1251146368,041273249,0.05225261300802231,1
1251146368,040564207,0.0011366280959919095,1
1251146368,040156028,0.4042515754699707,1
1251149626,040065685,0.04057667776942253,1
1251149626,040398277,0.037680093199014664,1
1251153216,971576181,0.7232158184051514,1
1251153216,1009564889,0.6389181613922119,1
1251153453,1009564889,0.0010488347616046667,1
1251189202,041306155,0.22410118579864502,1
1251189202,041156455,0.02287895977497101,1
1251400639,040612554,0.04317759722471237,1
1251400639,040408027,0.05167999118566513,1
1251531989,004696174,0.004542218521237373,1
1251531989,040413160,0.5490615963935852,1
125154908X,1024265765,0.4062209129333496,1
125154908X,040563669,0.16571366786956787,1
1251559182,007636040,0.023019637912511826,1
1251559182,040001350,0.3326799273490906,1
1251559182,04043169X,0.836375892162323,1
1251951007,040118894,0.4438857436180115,1
1251951007,041143337,0.7563927173614502,1
1251951007,04049716X,0.40898847579956055,1
1252061579,041478983,0.37824299931526184,1
1252061579,041479076,0.2818928360939026,1
1252172362,040288595,0.6404148936271667,1
1252288239,040559645,0.4204670786857605,1
125234628X,11850553X,1,1
1252797451,041132920,0.0396503284573555,1
1252797451,040184242,0.009100289084017277,1
1252879164,004762584,0.05597904324531555,1
1253319286,040118827,0.24914245307445526,1
1253319286,040031675,0.012719092890620232,1
1253319286,041970357,0.07335366308689117,1
1253655235,040226484,0.36248865723609924,1
1253655235,040227243,0.006230549421161413,1
1253742464,041647386,0.0031541623175144196,1
1253748195,040455394,0.18940287828445435,1
1254931104,041210948,0.5629967451095581,1
1254931104,040733157,0.3396892547607422,1
1255321962,040158292,0.04395197704434395,1
1255321962,041142047,0.052126068621873856,1
1255500921,004046609,0.24969086050987244,1
1255559276,041980123,0.18399521708488464,1
1255903120,040118827,0.1835305243730545,1
1255903120,1206347392,0.9979559779167175,1
1255903120,967941407,0.8991479873657227,1
1255903120,040332039,0.04892244189977646,1
1255903120,041146093,0.060007400810718536,1
1256432393,967279453,0.28956353664398193,1
1256432393,1082245879,0.13408157229423523,1
1256432393,1046414801,0.02892845869064331,1
1256432393,040741672,0.20678794384002686,1
1256596884,118557513,0.05572737380862236,1
1256596884,040159507,0.0015931641682982445,1
1256616257,040118827,0.20215383172035217,1
1256616257,042520789,0.08817178010940552,1
1256616257,04012472X,0.1404009610414505,1
1256618616,040227243,7.621485856361687e-4,1
1256774847,040181839,0.6638344526290894,1
1257038729,04060618X,0.6618024110794067,1
1257038729,041481143,0.9134761095046997,1
1258052571,04010074X,0.04595775529742241,1
1258052571,041140877,0.16685643792152405,1
1258052571,95605451X,0.939746081829071,1
1258052571,040023338,0.9369903802871704,1
1258123290,04061963X,0.04536299780011177,1
1258123290,041207440,0.05121530964970589,1
1258123290,951960199,0.31389319896698,1
1258123290,041268873,0.11123888194561005,1
1258123290,043249809,0.011869663372635841,1
1258523191,040564428,0.19998964667320251,1
1258523191,040205355,0.03731602430343628,1
1258523191,040563669,0.6573914289474487,1
1258523191,040205312,0.03613298386335373,1
1258714221,1032307897,0.26682376861572266,1
1258714221,040731995,0.04346230998635292,1
1258949725,04023214X,0.4494844973087311,1
1258949725,040165779,0.11941983550786972,1
1258949725,041300076,0.007234993390738964,1
1258949725,040352544,0.2726517617702484,1
1259218252,040118827,0.5606696605682373,1
1259218252,04021365X,0.7028101086616516,1
1259218252,040206165,0.4517119824886322,1
1259218252,040204863,0.7988219261169434,1
1259507173,040118827,0.20235960185527802,1
1259582531,04061963X,0.0016457152087241411,1
1259582531,040452697,0.9902809858322144,1
1259582531,04121465X,0.031518492847681046,1
1259687767,040408027,0.26542967557907104,1
1259687767,040485617,0.17063923180103302,1
1259687767,041165438,0.44493573904037476,1
1260723194,004691792,0.9388118982315063,1
1260723194,040311473,0.35879427194595337,1
1260723194,041268652,0.9465374946594238,1
126072669X,04174084X,0.003164904657751322,1
126072669X,040350932,0.10610666126012802,1
126072669X,040775135,0.3097311556339264,1
1260965600,040334473,0.10955572128295898,1
1260974294,1222136201,0.32038238644599915,1
1260974294,040733157,0.3421316146850586,1
1261290321,040118827,0.08485112339258194,1
1261290321,040289443,0.2955569922924042,1
1261434897,040118827,0.08677151054143906,1
1262092205,040005569,0.08815876394510269,1
1262092205,040167186,0.5984957814216614,1
1262734401,040360504,0.6173018217086792,1
1262975409,041691946,0.10598576068878174,1
1263183506,041411838,0.565060019493103,1
1263548466,040763889,0.06970296055078506,1
1263751679,118655477,0.10852231085300446,1
1264197802,041481143,0.54582279920578,1
1264197802,944720374,0.1235710009932518,1
1264197802,040197026,0.3215671479701996,1
1264480733,040350886,0.17765545845031738,1
1264480733,040775135,0.07553809881210327,1
1264641877,1116100770,0.42583054304122925,1
126464213X,040391973,0.2038649618625641,1
126464213X,040149889,0.08563847839832306,1
1264661193,040777049,0.49477893114089966,1
1264661193,100072185X,0.09986908733844757,1
1264706049,040182029,0.03665073961019516,1
1264706049,040305503,0.0015880368882790208,1
1264706049,040476898,0.0011636827839538455,1
1265284679,040473767,0.03840675204992294,1
1265284679,041951417,0.1555681973695755,1
1265445435,040378772,0.0046159494668245316,1
1265445435,040287793,0.9944314956665039,1
1265445435,041230655,0.17709152400493622,1
1265671087,040118827,0.851047158241272,1
1265671087,04049716X,0.6632145643234253,1
1265671087,041659643,0.5815094709396362,1
1265850550,040223493,0.7445047497749329,1
1266799087,040118827,0.11516328901052475,1
1266799087,985576723,0.544100284576416,1
1266799087,040205487,0.09772227704524994,1
1266799087,041164830,0.028092825785279274,1
1266964657,040158756,0.06694769859313965,1
126804136X,040205886,0.005574167240411043,1
126804136X,040200159,0.1714394986629486,1
1268047287,040118827,0.8583191633224487,1
1268047287,040714977,0.5596426129341125,1
1268047287,040781909,0.8383334279060364,1
1268615692,041954610,0.022906774654984474,1
1268712515,040457982,0.004886920563876629,1
1269049348,041802144,0.18512268364429474,1
1269049348,040223493,0.07012183964252472,1
1269049348,041895215,0.440420001745224,1
1269049348,96388655X,0.32655999064445496,1
1270096516,041691946,0.2767733931541443,1
1270096516,1098579690,0.04149851202964783,1
1270096516,042131324,0.13578569889068604,1
1270403583,040663809,0.13187667727470398,1
1270403583,040709140,0.0023680212907493114,1
1270403583,040756602,0.5101838707923889,1
1270687077,042979293,0.7752214074134827,1
1270687077,040086909,0.3439176678657532,1
1271680009,041268873,0.6002854108810425,1
1271680009,988072351,0.24086423218250275,1
1271680009,040403645,0.010118004865944386,1
1272249352,040306380,0.9914085268974304,1
1272249352,041269748,0.05974472686648369,1
1272249352,940533405,0.03896285593509674,1
1272947424,041277937,0.3503464162349701,1
1273576470,040748952,0.14710983633995056,1
1273576470,04038330X,0.030041072517633438,1
1274637759,040768996,0.0017977431416511536,1
1275476015,040443027,0.047133080661296844,1
1275700462,041746120,0.22506436705589294,1
1275700462,040350932,0.0060414657928049564,1
1276676093,040118827,0.6210813522338867,1
1276676093,040164195,0.9995412826538086,1
1276680341,040157016,0.0865141749382019,1
1276932065,040178943,0.020750034600496292,1
1276932065,040118827,0.49584072828292847,1
1276932065,040305503,0.04239838942885399,1
1277005400,040310817,0.11143150180578232,1
1277005400,040557839,0.28050798177719116,1
1277171297,041305264,0.3170493543148041,1
1277925852,040064069,0.3273901343345642,1
1277925852,040139212,0.06228587031364441,1
1277925852,040159507,0.056182634085416794,1
1277925852,04059758X,0.2933952510356903,1
1278235329,040157016,0.19285640120506287,1
1278870326,040156028,0.7406643629074097,1
1278870326,041165225,0.9999974370002747,1
1279693177,041752899,0.12080441415309906,1
1279693177,04057699X,0.03261154517531395,1
1280233028,041786475,0.6811695694923401,1
1280233028,041257537,0.010133078321814537,1
1280233028,041254406,0.07210501283407211,1
128078248X,040557073,0.8819382786750793,1
128078248X,04157835X,0.03747318312525749,1
1281004553,040792625,0.30790653824806213,1
1281004553,04157835X,6.999056786298752e-4,1
1281081930,040586405,1,1
1281081930,040389715,0.266067773103714,1
128243621X,040118827,0.03812164068222046,1
128243621X,041177282,0.0897943302989006,1
1282511696,040119750,0.13129843771457672,1
1282511696,040535002,0.11719425022602081,1
1282511696,041265556,0.3906673789024353,1
1282550632,040118827,0.14578242599964142,1
1282550632,040538818,0.10925950855016708,1
1282550632,041317955,0.004528196062892675,1
1282550632,041172256,0.15030209720134735,1
1282972707,040118827,0.6452690362930298,1
1282972707,040327868,0.015617931261658669,1
1282972707,041421760,0.34122028946876526,1
1282972707,041136810,0.02686057612299919,1
1283409372,041143337,0.14002986252307892,1
1283409372,041571479,0.14581835269927979,1
1283409372,040006263,0.47031959891319275,1
1283409372,993106455,0.04343792423605919,1
1283909863,041882229,0.046291500329971313,1
1283923416,041969103,0.03174177557229996,1
1284971627,980231078,0.6384745836257935,1
1284971627,040252264,0.003664440708234906,1
1284971627,967279453,0.06474024057388306,1
1285099176,040600556,0.06624390184879303,1
1285170717,040717577,0.16567854583263397,1
1285170717,042221269,0.6879175901412964,1
1285170717,100929847X,0.9224420785903931,1
1286189756,040775135,0.14357617497444153,1
1286189756,100072185X,0.09766228497028351,1
1286189756,041969103,0.27028781175613403,1
1286189756,964162512,0.010580155998468399,1
1287235727,1116100770,0.036368392407894135,1
1287737218,040652343,0.2984102666378021,1
1289151636,942054261,0.0020538459066301584,1
1289151636,041231414,0.8378389477729797,1
1289151636,040252264,0.14228251576423645,1
1290336636,040559165,0.09546666592359543,1
1290336636,040666026,0.032303713262081146,1
1290938202,040332039,0.007030026521533728,1
1290938202,979453194,0.4050489366054535,1
1291663649,040118827,0.15695145726203918,1
1291663649,041300815,0.18723097443580627,1
1291663649,040350886,0.0032237551640719175,1
1292209410,1187260916,0.27381521463394165,1
1292209410,040269264,0.040608201175928116,1
1292211784,041711246,0.10080128908157349,1
1292211784,983782784,0.07487131655216217,1
1292354607,041830148,0.3613750636577606,1
1292354607,041256980,0.32399260997772217,1
1292354607,041342445,0.349301815032959,1
1292354607,040271072,0.32721754908561707,1
1292354607,042007933,0.3249492347240448,1
1292804572,04039395X,0.20986559987068176,1
1292804572,041562674,0.1568620502948761,1
1293950017,040740676,0.01214694045484066,1
1293950017,040388522,0.03832647576928139,1
1295877570,118564943,0.7438373565673828,1
1296377725,118544489,0.5777543783187866,1
1296377725,041290852,0.25860118865966797,1
1296377725,040043797,0.5172425508499146,1
1296378136,040614964,0.6959934234619141,1
1296378136,040751287,0.9891412854194641,1
1296378136,040768996,0.30151063203811646,1
1296378292,040352064,0.35061192512512207,1
1296378292,040124347,0.07107213139533997,1
1297395115,040567230,0.1540805995464325,1
1297395115,042007933,0.2675587236881256,1
1297468341,040320812,0.13480991125106812,1
1297468341,040632903,0.8911040425300598,1
1122545436,041856333,0.3069790303707123,0.3333333333333333
1122545436,041135490,0.27705904841423035,0
1122545436,040147223,0.2546480596065521,0.6666666666666666
1122545436,040647846,0.007365950383245945,0.6666666666666666
1122568894,042465648,0.01778366230428219,0
1122568894,041132920,0.01397525705397129,0
1122568894,040063089,0.012818318791687489,0
1122568894,041126467,0.011827223002910614,0
1122825285,941370445,0.05781912803649902,0
1122825285,040675440,0.02378135733306408,0.3333333333333333
1122825285,040580474,0.023203575983643532,0.3333333333333333
1122825285,041221664,0.023053959012031555,0
1123118442,041140125,0.10965362936258316,0.6666666666666666
1123118442,042743249,0.047981325536966324,1
1123118515,040189686,0.6480993032455444,0.6666666666666666
1123118515,040118827,0.5949101448059082,0.6666666666666666
1123118515,04131123X,0.05850578099489212,0.3333333333333333
1123118515,041293568,0.04358574002981186,0
1123118515,041447794,0.03178210183978081,0.6666666666666666
1123282838,118650130,0.5755280256271362,0.6666666666666666
1123282838,040156028,0.1279909908771515,0.3333333333333333
1123282838,040205886,0.027473796159029007,0
1123282838,04049716X,0.018202874809503555,0
1123323224,040743810,0.019499432295560837,0
1123323224,040079740,0.01671748235821724,0
1123323224,041949560,0.014951889403164387,0
1123323224,04039798X,0.010642122477293015,0
1123323224,041561279,0.008761163800954819,0
1123323224,041774477,0.0027086366899311543,0
1123335826,040437744,0.05667656660079956,0.3333333333333333
1123335826,041326938,0.04744340851902962,0
1123335826,040272079,0.03752921521663666,0.3333333333333333
1123335826,040118827,0.03133551776409149,0
1123380538,040673030,0.5929384231567383,0
1123380538,041904877,0.11582567542791367,0
1123380538,040031675,0.11155609041452408,0.3333333333333333
1123380538,040794547,0.08874191343784332,0
1123689490,940431181,0.1988833248615265,1
1123689490,040041697,0.06511130183935165,0
1123689490,040157016,0.059419892728328705,0.3333333333333333
1123689490,040465144,0.03532130643725395,0.6666666666666666
1123696365,940431181,0.12788625061511993,0.3333333333333333
1123696365,041281837,0.08771064877510071,0.3333333333333333
1123699623,040772160,0.0899108499288559,1
1123729433,04139030X,0.014220857992768288,0.3333333333333333
1123729433,966493974,0.006645240820944309,0.6666666666666666
1123729433,041259092,0.0020257136784493923,0.6666666666666666
1123729433,040152499,0.0012556961737573147,0.3333333333333333
1123929173,04200408X,0.8442333340644836,0
1123929173,040432718,0.8122371435165405,0
1123929173,040013073,0.09471281617879868,0
1123929173,041286448,0.050401486456394196,0
1123997977,041214625,0.6953390836715698,0.6666666666666666
1123997977,041155327,0.08725091814994812,0.6666666666666666
1123997977,040714977,0.06736573576927185,0.3333333333333333
112400453X,040118827,0.11232328414916992,0
112400453X,040373487,0.06123797968029976,0
112400453X,040479900,0.022809883579611778,0.6666666666666666
112400453X,041414519,0.018545618280768394,0
112400453X,041369254,6.817069370299578e-4,0.6666666666666666
112413171X,040028518,0.14864742755889893,0
112413171X,040665054,0.06422937661409378,0
112413171X,040118827,0.04193501174449921,0
112413171X,040476103,0.038422804325819016,0.6666666666666666
112413171X,04061963X,0.01037789136171341,0
1124434933,040332292,0.025600368157029152,1
1124434933,040205886,0.022756414487957954,0.3333333333333333
1124434933,118535315,0.004304493777453899,1
1124763562,040343545,0.04675889387726784,0.3333333333333333
1124763562,040179664,0.03181632608175278,0
1124763562,040432076,0.03037344478070736,0.6666666666666666
1124763562,951450042,0.02702772058546543,0
1124763562,041153480,4.3505593203008175e-4,0.3333333333333333
1124841288,040455033,0.06678489595651627,0.6666666666666666
1124841288,041153340,0.05856039375066757,0.6666666666666666
1124841288,041810449,0.04955718293786049,0.6666666666666666
1124841288,04015016X,0.04398714751005173,0.6666666666666666
1124841288,040455246,0.0014381331857293844,0.3333333333333333
1124841288,961349700,7.023164653219283e-4,0.3333333333333333
1124904875,041231767,0.042173516005277634,0
1124904875,04054365X,0.028891045600175858,0
1124904875,040391973,0.026882361620664597,0
1124904875,041938828,0.012924931943416595,0.3333333333333333
1124904875,040709590,0.004407473374158144,0.3333333333333333
1124904875,040392260,0.0033887538593262434,0.3333333333333333
1125044330,040203786,0.5636422038078308,0.6666666666666666
1125044330,041132920,0.36321860551834106,0.3333333333333333
1125044330,040412822,0.20366783440113068,0.6666666666666666
1125044330,040221539,0.03783615678548813,0
1125044330,040703347,0.013936445116996765,1
1125104848,041716140,0.04740336537361145,0
1125104848,1236963652,0.04501691088080406,0
1125104848,040587797,0.027582179754972458,0
1125104848,040066274,0.019280502572655678,0
1125104848,040334228,0.018068674951791763,0.3333333333333333
112553415X,04045956X,0.2381323277950287,0.6666666666666666
112553415X,040459772,0.1342443972826004,0.3333333333333333
112553415X,040322319,0.10187748819589615,0
112553415X,040700852,0.027027755975723267,0
1125627468,041403886,0.04384918883442879,0
1125627468,042436885,0.011082741431891918,0.3333333333333333
1125627468,041535723,0.008839255198836327,0
1125947721,118535315,0.030825143679976463,0.3333333333333333
1125947721,040477460,0.026315391063690186,0.3333333333333333
1125947721,040306259,0.024905631318688393,0
1125947721,948868074,0.005618911236524582,0.3333333333333333
112599987X,040379345,0.10229482501745224,0
112599987X,040169162,0.08104997873306274,0
112599987X,041385977,0.04909273236989975,0
112599987X,041909038,0.0464734211564064,0
112599987X,041369254,0.010945786722004414,0.6666666666666666
1126032417,040052486,0.1589462012052536,0
1126032417,040776247,0.07209151238203049,0
1126032417,040674614,0.002149717416614294,0.3333333333333333
1126254002,040008819,0.1936410516500473,1
1126254002,041143337,0.1139126643538475,0
1126254002,04024881X,0.07211843878030777,1
1126254002,040027333,0.04950513690710068,0.3333333333333333
1126254002,040617785,0.03848421573638916,0.6666666666666666
1126254002,040118827,0.015635240823030472,0
1126387975,04061963X,0.21903911232948303,0.6666666666666666
1126387975,040269264,0.03798192739486694,0.6666666666666666
1126387975,042175607,0.0021373825147747993,0.6666666666666666
1126479837,040051986,0.22259442508220673,0.6666666666666666
1126479837,040432718,0.047950007021427155,0
1126479837,040158934,0.031369440257549286,0
1126479837,040795837,0.007780027575790882,0
1126538337,040392260,0.22249062359333038,0
1126538337,040457915,0.04145044833421707,0
1126538337,124447562,0.015767958015203476,0
112672467X,04049862X,0.07954049855470657,0
112672467X,041691482,0.0506608672440052,0.6666666666666666
1126773506,040642119,0.062348395586013794,0
1126773506,042798728,0.033982522785663605,0.6666666666666666
1126773506,041349768,0.023610049858689308,0
1126773506,040641716,0.017837945371866226,1
1126850640,040118827,0.22093887627124786,0.6666666666666666
1126850640,040038467,0.10698340088129044,1
1126850640,000003778,0.061675142496824265,1
1126921777,040600556,0.10157600790262222,0.6666666666666666
1126921777,040477460,0.07363192737102509,0.3333333333333333
1126921777,040477088,0.010067448019981384,0.3333333333333333
112692220X,040785696,0.03586539253592491,0.6666666666666666
112692220X,04057931X,0.030734485015273094,0.3333333333333333
112692220X,040550729,0.024551961570978165,0.6666666666666666
1126970964,040272664,0.25571125745773315,0.6666666666666666
1126970964,040118827,0.02683846652507782,0.3333333333333333
1126970964,041947479,0.018668126314878464,0.3333333333333333
1126970964,040318834,0.008097593672573566,0.6666666666666666
1127083597,040256456,0.032773807644844055,0.3333333333333333
1127083597,040118827,0.028277436271309853,0.3333333333333333
1127083597,041131967,0.024670090526342392,0.3333333333333333
1127083597,041209133,0.014943001791834831,0.3333333333333333
1127083597,041950712,0.014306236989796162,0.3333333333333333
1127104772,040118827,0.5513285398483276,0.3333333333333333
1127104772,950251194,0.024506255984306335,0
1127104772,04062790X,0.021122407168149948,0
1127104772,041829476,0.020778952166438103,0
1127104772,040717968,0.016576850786805153,0
1127104772,040631915,0.007220751140266657,0
112724275X,041361733,0.14995414018630981,0
112724275X,041295374,0.07593914121389389,0
1127248456,941752380,0.04534012824296951,0
1127248456,042769337,0.026405295357108116,0.6666666666666666
1127248456,960905863,0.025726821273565292,0
1127337017,040310310,0.10229504108428955,0
1127337017,040181456,0.04970338195562363,0
1127337017,041621069,0.015465718694031239,0.3333333333333333
1127338234,940431181,0.239930659532547,0.6666666666666666
1127338234,041954610,0.049172621220350266,0.6666666666666666
1127338234,041391209,0.027695640921592712,0.3333333333333333
1127338234,04248362X,0.008051547221839428,0.6666666666666666
112745501X,040636356,0.3084847033023834,0.3333333333333333
112745501X,040694852,0.05404777452349663,0
112745501X,041343336,0.04522453993558884,0
112757972X,040118827,0.8304546475410461,0.6666666666666666
112757972X,040189686,0.5505295991897583,0.6666666666666666
112757972X,041447794,0.04707453399896622,0.6666666666666666
112757972X,041549732,0.03899103403091431,0
112757972X,042520789,0.007650276180356741,0.6666666666666666
1127580051,04069349X,0.42922163009643555,0.3333333333333333
1127580051,04061963X,0.08625976741313934,0.3333333333333333
1127580051,040437744,0.06175478175282478,0.6666666666666666
1127580051,042858593,0.0029523500707000494,0.3333333333333333
1127623583,040740676,0.5402311682701111,0
1127623583,040348644,0.03474068641662598,0.3333333333333333
1127623583,042319544,0.018347766250371933,0
1127623583,041514866,0.0183120034635067,0
1127623583,041971930,0.017173737287521362,0
1127679716,041156455,0.30862337350845337,0.3333333333333333
1127679716,040710343,0.14434626698493958,1
1127682571,040558924,0.3014727234840393,0.6666666666666666
1127682571,040118827,0.1168573647737503,0.3333333333333333
1127682571,040674886,0.06319060921669006,0
1127682571,040785238,0.018379393965005875,0.6666666666666666
1127682571,040747255,0.01205715537071228,0.6666666666666666
1127694812,040118827,0.07203201204538345,0
1127694812,040775135,0.046673309057950974,0
1127694812,040306356,0.03218089044094086,0.6666666666666666
1127957260,040396878,0.0915713682770729,0.3333333333333333
1127957260,040154645,0.07721557468175888,0.3333333333333333
1127957260,041291085,0.0261281318962574,0.6666666666666666
1127957260,040360342,0.01891828514635563,0
1127957260,041126033,0.01868302747607231,0.3333333333333333
1127995782,041242610,0.08537270128726959,0
1127995782,041311035,0.07536549121141434,1
1128291320,040597989,0.056079573929309845,0.3333333333333333
1128291320,040561674,0.02013838291168213,0
1128291320,040453014,0.006702865473926067,0
1128291320,040266400,0.0011620880104601383,0
1128553414,040057283,0.21946761012077332,0
1128553414,042908027,0.16564306616783142,0
1128553414,040334228,0.12712839245796204,0
1128553414,940511592,0.0765773206949234,0
1128553414,041242610,0.023277372121810913,0
1128553414,040581675,0.001054647727869451,0.3333333333333333
112859496X,041295315,0.031134027987718582,0.3333333333333333
112859496X,040211428,0.028038015589118004,0
112859496X,945684177,0.02176547423005104,0
112859496X,043245668,0.017330151051282883,0
112859496X,040191559,0.017161812633275986,1
112859496X,040160912,0.0022145581897348166,0.6666666666666666
1128650363,040574555,0.36633655428886414,0.6666666666666666
1128650363,041126467,0.23503880202770233,0.3333333333333333
1128650363,040432718,0.10590644925832748,0
1128650363,042021855,0.07025210559368134,0
1128734265,040027333,0.14583809673786163,0.6666666666666666
1128734265,040059790,0.09670672565698624,0.3333333333333333
1128734265,040569950,0.05828468129038811,0.3333333333333333
1128734265,041550536,0.039563409984111786,0.3333333333333333
1128734265,040118827,0.0368947833776474,0.3333333333333333
1128996553,040156028,0.08427383750677109,0.6666666666666666
1128996553,041348192,0.05075789615511894,0
1128996553,040762262,0.04695713892579079,0.3333333333333333
1128996553,040457982,0.04306911304593086,0.6666666666666666
1129105083,041417860,0.04014284163713455,0
1129105083,04026372X,0.033615440130233765,0.3333333333333333
1129105083,041155122,0.02059805952012539,0.3333333333333333
1129105083,040101762,0.017587220296263695,0.6666666666666666
1129105083,04036660X,0.01569478213787079,0.3333333333333333
1129105083,04133549X,0.0037657651118934155,0
1129105083,041763319,0.002006398979574442,0.6666666666666666
1129140903,040118827,0.0944991186261177,0
1129140903,040663876,0.015876902267336845,0.6666666666666666
1129140903,042179610,0.01174059510231018,0
1129140903,990722651,0.011296242475509644,0
1129140903,040626563,0.011197327636182308,1
1129140903,04113432X,0.004218109417706728,0.6666666666666666
1129145964,040447375,0.17742015421390533,1
1129145964,040245969,0.12951652705669403,0
1129145964,040118827,0.07490807771682739,0
1129145964,040470202,0.037331245839595795,0.3333333333333333
1129145964,040465144,0.02863801084458828,0.6666666666666666
1129145964,040642925,0.008213043212890625,0.6666666666666666
1129451461,041635256,0.7674180269241333,1
1129451461,041668219,0.10265371948480606,0.6666666666666666
1129451461,04219041X,0.09438084065914154,0
1129451461,04228872X,0.04424147680401802,0
1129451461,940986973,0.021053224802017212,0.3333333333333333
112968377X,040066509,0.04420248791575432,0.3333333333333333
112968377X,040108775,0.03725927695631981,0
112968377X,040172430,0.03146998584270477,0
112968377X,040066673,0.008699644356966019,0.3333333333333333
112968377X,040066649,3.957158769480884e-4,0.6666666666666666
112974678X,040164195,0.10779277235269547,0.3333333333333333
1129779831,040737810,0.1101379245519638,0.6666666666666666
1129779831,041352319,0.08422666043043137,0
1129779831,040306275,0.03837326169013977,0
1130030458,040069028,0.08462301641702652,0
1130030458,041521684,0.079891107976436615,0
1130030458,941370445,0.05598798394203186,0
1130030458,041374355,0.04452682286500931,0
1130030458,043103138,0.04006224498152733,0
1130030458,041249399,0.004320234525948763,0.3333333333333333
1130154297,040117847,0.0828479453921318,0.6666666666666666
1130154297,118555006,0.013624295592308044,0.6666666666666666
1130297071,041214625,0.11462076008319855,1
1130297071,040187764,0.03403431922197342,0.6666666666666666
1130297071,040452697,0.002349438611418009,0.3333333333333333
1130323188,040705129,0.2437446564435959,0.6666666666666666
1130323188,041524802,0.04908769950270653,0
1130323188,041596536,0.045175474137067795,0.3333333333333333
1130323188,041255089,0.0030945867765694857,1
1130323188,041974654,0.0023852549493312836,0
1130326403,040550729,0.04505322501063347,0.6666666666666666
1130326403,040172333,0.03873245418071747,0
1130326403,994520042,0.020241249352693558,0
1130326403,040457915,0.019262246787548065,0
1130326403,041281306,0.00324389711022377,0.6666666666666666
1130704440,042264049,0.662369966506958,0.3333333333333333
1130704440,04157835X,0.5760425925254822,0.6666666666666666
1130704440,040581713,0.12630732357501984,0
1130704440,123763234X,0.12232384830713272,0
1130748774,969199155,0.033762384206056595,0
1130748774,04113432X,0.02785281278192997,0.6666666666666666
1130748774,040142388,0.022401388734579086,0.3333333333333333
1130748774,041608356,0.011606968939304352,0.6666666666666666
1130748774,04062661X,0.002436284441500902,0.3333333333333333
1130949516,04019681X,0.30266863107681274,0.3333333333333333
1130949516,040392899,0.05286169797182083,0.3333333333333333
1130949516,040569950,0.0442342534661293,0.3333333333333333
1130949516,041136829,0.026972224935889244,0.3333333333333333
1130949516,123596033,0.024617012590169907,0
1130949516,129657840,0.024617012590169907,0
1131314212,040118827,0.8772640228271484,1
1131314212,041554418,0.2478846311569214,1
113150576X,040267792,0.12136765569448471,0.3333333333333333
113150576X,041414543,0.05679678916931152,0.6666666666666666
113150576X,951481622,0.03586774319410324,0
113159651X,04072560X,0.3280448913574219,0.6666666666666666
113159651X,040118827,0.17473287880420685,0
113159651X,04061963X,0.07608886808156967,0
113159651X,040372782,0.04669923335313797,0
1131800818,041132920,0.12592077255249023,0
1131800818,040467449,0.09420357644557953,0.3333333333333333
1131800818,04025111X,0.05914055183529854,0.3333333333333333
1131800818,118645293,0.046742700040340424,0
1131800818,118551655,0.03866567090153694,0
1131800818,040079554,0.029205450788140297,0.3333333333333333
1132007453,040276066,0.16851095855236053,0
1132007453,041406605,0.10207240283489227,0
1132007453,043008445,0.05598954111337662,0
1132007453,040597989,0.044632963836193085,0.3333333333333333
1132007755,04062983X,0.027596566826105118,0
1132007755,953750922,0.01718897558748722,0
1132007755,041280806,0.015523960813879967,0
1132007755,041221443,0.013539845123887062,0
1132007755,041269144,0.003495746059343219,0.3333333333333333
1132007755,04061963X,7.589684682898223e-4,0.3333333333333333
1132061059,040725324,0.09394326061010361,0.6666666666666666
1132061059,04070792X,0.05880970507860184,0.6666666666666666
1132061059,040047229,0.05724874138832092,0.3333333333333333
1132109280,040476898,0.3007265031337738,0.6666666666666666
1132109280,040310817,0.036964528262615204,0.3333333333333333
1132109280,118644033,0.02980806864798069,0
1132189691,041449940,0.12309972196817398,0.3333333333333333
1132189691,040061159,0.12127144634723663,0.3333333333333333
1132189691,041206533,0.0982968658208847,0.3333333333333333
1132189691,040049450,0.03524444252252579,0
1132193079,041618173,0.08567886054515839,0.6666666666666666
1132193079,940431181,0.07463269680738449,0
1132193079,04139402X,0.06836853921413422,0.6666666666666666
1132200911,041338065,0.07885757088661194,0
1132200911,040149889,0.0465984046459198,0
1132200911,041524705,0.036106325685977936,0.3333333333333333
1132200911,041524802,0.03426722437143326,0
1132200911,042793238,0.015515645034611225,0
1132200911,041406605,0.0025327077601104975,0
1132232457,118632477,0.06118268519639969,0.6666666666666666
1132232457,040045412,0.060955166816711426,0.3333333333333333
1132232457,04049716X,0.009860246442258358,0.3333333333333333
1132232457,040408744,0.007423019967973232,0.6666666666666666
1132286379,040118827,0.06593379378318787,0
1132286379,041868358,0.015058877877891064,0.3333333333333333
1132286379,041520890,0.0026850190479308367,0
1132286379,987680412,0.0015017468249425292,0.6666666666666666
1132286662,040118827,0.14056077599525452,0
1132286662,041242610,0.10530644655227661,0.6666666666666666
1132286662,942388445,0.06025240570306778,0.6666666666666666
1132286662,040468348,0.01619233377277851,0
1132286662,040372782,0.012879222631454468,0.3333333333333333
1132291119,040375897,0.9999011754989624,1
1132291119,100374446X,0.0373196005821228,0.3333333333333333
1132291119,041254317,0.02722839079797268,0.3333333333333333
1132291119,041689070,0.024333840236067772,1
1132291860,040512886,0.4353358745574951,0
1132291860,041242610,0.05177168920636177,0
1132291860,041137914,0.04738385230302811,0
1132291860,041523946,0.04202832654118538,0
1132291860,966038622,0.03690425679087639,0
113242738X,041369254,0.06431873142719269,0
113242738X,040763080,0.053990304470062256,0
113242738X,040346102,0.05018693208694458,0.6666666666666666
113242738X,042798728,0.010789546184241772,0.3333333333333333
1132754607,040714977,0.1054358258843422,0.3333333333333333
1132754607,040266613,0.06492041796445847,1
1132754607,04124995X,0.026089603081345558,0
1132754607,041237765,0.0024931738153100014,0
1132754933,04124995X,0.5249417424201965,1
1132754933,04129047X,0.30597877502441406,0
1132754933,040118827,0.0222206711769104,0
1132754933,041276337,0.012505797669291496,0
1132755603,04124995X,0.02800065279006958,0
1132755603,965235785,0.02764197066426277,0
1132755603,041257839,0.01428753137588501,0
1132755603,040065669,0.013156590051949024,0
1132755603,040372782,0.0016775060212239623,0.6666666666666666
1132899664,040373630,0.04332670196890831,0
1132899664,040605817,0.03169689327478409,0
1132899664,041663535,0.03075459599494934,0.6666666666666666
1132899664,040118827,0.026179766282439232,0
1133109055,041382838,0.07499397546052933,0
1133109055,118597019,0.04866219311952591,0
1133109055,040279553,0.04329473152756691,0
1133109055,041410149,0.04140666499733925,0
1133109055,041221605,0.033338405191898346,0
1133361900,040787273,0.21925118565559387,0
1133361900,040118827,0.19186049699783325,0.6666666666666666
1133361900,040449033,0.12579941749572754,0.3333333333333333
1133361900,040299104,0.03579838201403618,0
1134867131,040447898,0.10299847275018692,0.6666666666666666
1134867131,040538818,0.0553494393825531,0
1134867131,041346815,0.03537901118397713,0.3333333333333333
1134867131,040736482,0.005914316046983004,0.6666666666666666
1135099588,040325946,0.08386848866939545,0
1135099588,041250494,0.0601680763065815,0
1135099588,040348695,0.04887418448925018,0
1135099588,04026372X,0.04248899593949318,0
1135099588,040272494,0.0357489176094532,0
1135572674,040261875,0.021752219647169113,0.3333333333333333
1135572674,041406605,0.017570914700627327,0.3333333333333333
1135572674,040688178,0.016016002744436264,0
1135572674,04061963X,0.01201822143048048,0
1135792232,940431181,0.599197506904602,1
1135792232,04186820X,0.0822940319776535,0.6666666666666666
1135792232,041701747,0.07040517032146454,0.6666666666666666
1135792232,040710130,0.04287206381559372,0.3333333333333333
1135922160,940431181,0.3038164973258972,0.6666666666666666
1135922160,040118827,0.09391654282808304,0.3333333333333333
1135922160,040674886,0.04349156469106674,0
1135922160,98810184X,0.03575174883008003,0.3333333333333333
1135922160,040114139,0.007043155841529369,0.3333333333333333
1135923000,040631419,0.11202476918697357,0
1135923000,041347927,0.0526576042175293,0.6666666666666666
1135923000,040465845,0.034920454025268555,0.3333333333333333
1135923000,041375688,0.0017849269788712263,0.6666666666666666
1136055320,040596575,0.049958132207393646,0
1136055320,947433864,0.03798715025186539,0
1136055320,040158756,0.026884719729423523,0.3333333333333333
1136055320,041171926,0.026814764365553856,0.3333333333333333
1136055320,942067223,0.0010642887791618705,0.6666666666666666
1136078819,04182332X,0.014133058488368988,0.3333333333333333
1136078819,04272953X,0.012411125935614109,0.6666666666666666
1136078819,041774477,0.011174832470715046,0.6666666666666666
1136078819,041165225,0.009792541153728962,0.6666666666666666
1136078819,040021009,0.002467548009008169,0.6666666666666666
1136078819,040039579,0.001369003439322114,0.6666666666666666
1136131639,040368718,0.1271435022354126,0
1136131639,040118827,0.12635716795921326,0
1136131639,040787044,0.08517946302890778,0
1136131639,960373039,0.036502767354249954,0
1136158707,943820693,0.08524655550718307,0.3333333333333333
1136158707,041974654,0.05182807520031929,0.6666666666666666
1136158707,041568982,0.020342718809843063,0
1136158707,040022579,0.02017519436776638,0.3333333333333333
1136158707,040043010,0.0024123541079461575,0.3333333333333333
1136268790,041761995,0.05932842940092087,0.6666666666666666
1136268790,041257413,0.028024110943078995,0.6666666666666666
1136268790,040459772,0.02311488427221775,0
1136268790,040309339,0.0031200938392430544,0.6666666666666666
1136285024,04045956X,0.10666356980800629,0.3333333333333333
1136285024,040171027,0.060986507683992386,0.3333333333333333
1136285024,040998177,0.05927092581987381,0
1136285024,040194892,0.053206365555524826,0
1136285024,041562828,0.04519069194793701,0
1136285245,040305503,0.08593813329935074,0.3333333333333333
1136285245,040157016,0.07213906943798065,0
1136285245,040334228,0.05745779722929001,0
1136285245,040445933,0.04693566635251045,0
1136285245,040674614,0.01066240668296814,0.3333333333333333
1136422854,04185151X,0.08289796113967896,0.3333333333333333
1136422854,960963405,0.06757968664169312,0
1136422854,041555856,0.04358299449086189,0.3333333333333333
1136422854,04128805X,0.016141438856720924,0.6666666666666666
1136614478,040118894,0.08482662588357925,0
1136614478,004016092,0.06566499918699265,0
1136614478,041146085,0.042626284062862396,0.3333333333333333
1136614478,940431181,0.005143262445926666,0
1136718281,041696123,0.12552009522914886,1
1136718281,041369254,0.04724378138780594,0.6666666666666666
1136718281,042845122,0.04190470650792122,0
1136718281,041304187,0.02957572415471077,0.6666666666666666
1136718281,043141277,0.02310061641037464,1
1136718281,042529956,0.0017686771461740136,0.6666666666666666
1136863826,040147770,0.07625659555196762,0
1136863826,041132920,0.0653827041387558,0
1136863826,04061588X,0.05313730239868164,0
1136863826,134314468,0.014520222321152687,0.6666666666666666
1137211431,04048954X,0.08177508413791656,0
1137211431,040118827,0.040954165160655975,0
1137211431,041992814,0.02942030504345894,0.6666666666666666
1137226242,041281365,0.03187758848071098,0.3333333333333333
1137226242,041295064,0.014455718919634819,0.3333333333333333
1137281375,040118827,0.08502940088510513,0
1137281375,041176405,0.04976619780063629,0
1137281375,040488357,0.03238583356142044,0
1137281375,984855246,0.030223464593291283,0
1137281375,04127993X,0.010909730568528175,0
1137281375,040272664,0.010390914045274258,0.6666666666666666
1137295759,965844773,0.04444892704486847,0.6666666666666666
1137295759,040674886,0.02816068008542061,0.3333333333333333
1137295759,041881710,0.025875065475702286,0
1137295759,041353919,0.018414456397294998,0
1137509759,040475212,0.06281773746013641,0.3333333333333333
1137509759,041333047,0.05071575567126274,0
1137509759,041684036,0.04628394916653633,0
1137834579,000361542,0.09516705572605133,0.6666666666666666
1137834579,040457915,0.0471610352396965,0
1137834579,040272745,0.001135114231146872,0.6666666666666666
113785183X,947676724,0.059637248516082764,0.3333333333333333
113785183X,04057699X,0.04744685813784599,0.3333333333333333
113785183X,040756645,0.04493137076497078,0
1137867280,040443027,0.09933942556381226,0.3333333333333333
1137867280,040052486,0.08740383386611938,0
1137867280,040543293,0.05955658107995987,0.6666666666666666
1138195375,040477045,0.6303458213806152,0.3333333333333333
1138195375,040476863,0.03475642204284668,0
1138195375,040476677,0.029596244916319847,0
1138195375,041602145,0.028433825820684433,0.3333333333333333
1138195642,041233077,0.14450526237487793,0.6666666666666666
1138195642,040538095,0.12677942216396332,0.3333333333333333
1138195642,040083578,0.004384509287774563,0
1138234001,041208145,0.05314040929079056,0.3333333333333333
1138234001,040068773,0.048821959644556046,0
1138234001,040626563,0.034290820360183716,0
1138234001,043264646,0.03209130838513374,0.6666666666666666
1138234001,040056880,0.02937285602092743,0
1138234001,040202860,0.021582987159490585,1
1138276529,942462076,0.04924306645989418,0
1138282200,040156028,0.13824597001075745,0.6666666666666666
1138282200,040457915,0.11992952972650528,0.6666666666666666
1138282200,040474410,0.022688377648591995,0
1138282200,040178943,0.02046327292919159,0
1138282200,041269764,7.602575933560729e-4,0
1138397113,040447642,0.06975887715816498,0.6666666666666666
1138397113,041369254,0.06088081747293472,0
1138517607,040737810,0.34068936109542847,0.3333333333333333
1138517607,041338065,0.05266900733113289,0
1138517607,041954610,0.0480232909321785,0
1138517607,040340368,0.04434238374233246,0
1138517607,041762444,0.03972352668642998,0
1138517607,040085287,0.0054496279917657375,0.3333333333333333
1138517607,043024157,0.003899070667102933,0.3333333333333333
1138568597,040297136,0.29708415269851685,0.3333333333333333
1138568597,041228138,0.08312849700450897,0.6666666666666666
1138568597,041387686,0.04394763708114624,0
1138568597,040373630,0.03991778567433357,0
1138568597,041157109,0.0018632502760738134,1
1138597821,041172205,0.20536765456199646,0.3333333333333333
1138597821,040118827,0.030738499015569687,0.3333333333333333
1138734470,040457915,0.8703233003616333,0.6666666666666666
1138734470,040052486,0.06500084698200226,0
1138734470,040939766,0.042964089661836624,0.6666666666666666
1138734470,04049716X,0.034338194876909256,0
113898020X,040698068,0.04795583337545395,0
113898020X,041279697,0.04465886950492859,0.3333333333333333
113898020X,041709705,0.04446043446660042,0
113898020X,040201368,0.03480375558137894,0.3333333333333333
1139048449,041969103,0.12076134979724884,1
1139048449,040205886,0.08746058493852615,0.3333333333333333
1139048449,040775879,0.07021139562129974,0.3333333333333333
1139048449,040694682,0.01832910254597664,1
1139048449,040746593,0.011710820719599724,0.6666666666666666
1139170716,040158756,0.044620998203754425,1
1139170716,04069996X,0.03295838087797165,0
1139170716,040597660,0.026327382773160934,0.3333333333333333
1139170716,041319435,0.021912511438131332,0
1139491148,04049862X,0.26583394408226013,0
1139491148,040067777,0.018395399674773216,0.3333333333333333
1139491148,041837843,0.018196329474449158,0
1139491148,040763889,0.010839635506272316,0.3333333333333333
1139613723,041132157,0.23214057087898254,0.3333333333333333
1139613723,04029448X,0.12342654168605804,0.6666666666666666
1139613723,1239832303,0.033089183270931244,0
1139613723,040172333,0.010965563356876373,0
1139641409,040530590,0.037368595600128174,0
1139641409,040479897,0.02928875759243965,0.3333333333333333
1139641409,040485617,0.028388073667883873,0
1139641409,040459225,0.026636933907866478,0.3333333333333333
1139641409,040348644,0.019208161160349846,0
1140544519,040175987,0.14990311861038208,0.6666666666666666
1140544519,040348644,0.024040093645453453,0.3333333333333333
1140544519,040420116,0.020544420927762985,0
1140544519,040776247,0.014450577087700367,0.3333333333333333
1140544519,041207300,0.0019387255888432264,0.6666666666666666
1140735578,041753275,0.05586985498666763,0
1140735578,041262662,0.02768954634666443,0
1140735578,041366077,0.025634124875068665,0.6666666666666666
1140818708,040232778,0.0760858803987503,0
1140818708,991194705,0.06674906611442566,0
1140818708,041143337,0.008307657204568386,0.6666666666666666
1140834886,040497224,0.10908456891775131,0.6666666666666666
1140834886,04318717X,0.108359195291996,0.3333333333333333
1140834886,042059909,0.06761766970157623,0.3333333333333333
1140834886,041300262,0.0413895882666111,0.6666666666666666
1140834886,041837843,0.0027339193038642406,0.3333333333333333
1140946668,040519279,0.1468842625617981,0
1141196999,040452425,0.04658091813325882,0.3333333333333333
1141196999,040477045,0.04615975171327591,0.3333333333333333
1141196999,041207440,0.038150615990161896,0.6666666666666666
1141196999,040452697,0.01261594146490097,0.3333333333333333
1141379430,040118827,0.07117339968681335,0
1141379430,940589761,0.06279215961694717,0.3333333333333333
1141379430,943517451,0.03591882437467575,0
1141379430,041752368,0.024891629815101624,0.6666666666666666
1141480611,040228983,0.03420790284872055,0
1141550512,040156028,0.4816732406616211,0.3333333333333333
1141550512,040786099,0.30343908071517944,0
1141550512,970934009,0.051664650440216064,0.3333333333333333
1141550512,040372782,0.04478243738412857,0.3333333333333333
1141550512,041993128,0.003127989126369357,0
1141904772,041238575,0.25404345989227295,1
1141904772,040760014,0.106575146317482,0
1141904772,042436885,0.05127110332250595,0.6666666666666666
1141904772,041321650,0.038090549409389496,1
1141904772,040162788,0.0030456732492893934,0.6666666666666666
1141933055,042596750,0.11056779325008392,0.6666666666666666
1141933055,04166843X,0.09049718081951141,1
1141933055,947987576,0.08066478371620178,0.6666666666666666
1141933055,94910938X,0.07202839106321335,0.3333333333333333
1141933055,041663845,0.00866689719259739,1
1141933055,1042006857,0.005934510380029678,0.6666666666666666
1141937689,040763889,0.2132597416639328,0.3333333333333333
1141937689,042769337,0.16440194845199585,0.6666666666666666
1141937689,043239897,0.06761489063501358,0
1141937689,040675440,0.06691326946020126,0
1141937689,040497224,0.010507178492844105,0.3333333333333333
1142001261,041383974,0.14243635535240173,0.6666666666666666
1142001261,040449033,0.053395915776491165,0.3333333333333333
1142001261,041383982,0.04148372262716293,0
1142001261,040034755,0.019970737397670746,0
1142001261,041256980,0.01590554788708687,0
1142115135,041572378,0.3475840389728546,0.3333333333333333
1142115135,040402355,0.162096306681633,0
1142115135,041408594,0.02157774195075035,0.3333333333333333
1142115135,118575449,0.004560745321214199,0
1142155889,040272389,0.13584274053573608,0
1142155889,040775704,0.1344471275806427,0
1142155889,042927609,0.08643219619989395,0
1142155889,040538818,0.07773928344249725,0
1142155889,041702972,0.02672930434346199,0.3333333333333333
1142374556,04062644X,0.2328077107667923,0
1142374556,042036747,0.20554359257221222,0.3333333333333333
1142374556,043264646,0.17172463238239288,0.3333333333333333
1142374556,040348644,0.16513794660568237,0
1142374556,040211428,0.1315252184867859,0.3333333333333333
1142374556,040765733,0.034294094890356064,0
1142374556,942388445,0.003476408077403903,0.3333333333333333
1142656616,040184803,0.6506679654121399,0
1142656616,040180417,0.03061123751103878,0
1142656616,04077628X,0.01989120803773403,0
1142656616,040557626,0.017971064895391464,0.3333333333333333
1142656616,04062644X,0.002115922514349222,1
1142656942,041140206,0.9430597424507141,0
1142656942,040118827,0.1604536473751068,0
1142656942,04120509X,0.09260568022727966,0
1142954382,041209974,0.06770171225070953,0.6666666666666666
1142954382,041798120,0.022733399644494057,0.6666666666666666
1142954382,040645169,0.016537174582481384,0
1142954382,040529223,0.00899653322994709,1
1142954382,040771318,0.005611862055957317,0.6666666666666666
1143066499,040557642,0.05740935727953911,0
1143066499,040665623,0.046648066490888596,0.3333333333333333
1143066499,040143635,0.03774116188287735,0.6666666666666666
1143066499,040674886,0.03591279685497284,0.3333333333333333
1143066499,040666115,0.004767418839037418,0.3333333333333333
1143067851,042252997,0.3341867923736572,0
1143067851,040118908,0.06865288317203522,0.6666666666666666
1143067851,040318834,0.007287561893463135,1
1143067851,041323009,0.005098340101540089,0.6666666666666666
1143256077,041281500,0.17806698381900787,1
1143256077,040351653,0.06437090039253235,0.6666666666666666
1143439252,040252264,0.3793819546699524,1
1143439252,040762297,0.14072801172733307,0.6666666666666666
1143439252,040118827,0.10127989947795868,1
1143439252,040620050,0.09427253901958466,0.3333333333333333
1143439252,042760607,0.016734424978494644,0
1143439252,042412919,0.010576190426945686,0.6666666666666666
1143439252,04072560X,0.00469015259295702,0.3333333333333333
1143539788,042090377,0.1413154900074005,0.6666666666666666
1143539788,042026466,0.09543241560459137,0
1143539788,040334473,0.09251397848129272,0
1143539788,041269748,0.08870942890644073,0
1143539788,04062661X,0.0029116212390363216,0.6666666666666666
1143650956,040327868,0.9979525804519653,0.3333333333333333
1143650956,040449033,0.568596363067627,0.3333333333333333
1143650956,040632830,0.20909985899925232,0.6666666666666666
1143650956,040487377,0.15489529073238373,0
1143650956,040327965,0.0069939629174768925,0
1143703650,041802527,0.045296818017959595,0
1143703650,04015016X,0.045153651386499405,0
1143703650,040597989,0.04036705940961838,0.3333333333333333
1143703650,040490785,0.030072113499045372,0
1143948858,043148484,0.07265539467334747,0.3333333333333333
1143948858,041221664,0.05321989208459854,0
1143948858,946548498,0.033282648772001266,0.6666666666666666
1143948858,040270076,0.027772273868322372,0
1143948858,042846439,0.00806816853582859,0.3333333333333333
1143948858,041239946,8.4986089495942e-4,0
1144068835,040332039,0.09313863515853882,0
1144068835,040028054,0.08393808454275131,0
1144068835,041649583,0.08287807554006577,0
1144068835,040318834,0.04915803670883179,0.3333333333333333
1144068835,040786056,0.031106147915124893,0
1144081300,040118827,0.19804415106773376,0
1144081300,040223787,0.13198287785053253,1
1144081300,040557642,0.050341181457042694,0.6666666666666666
1144081300,041157168,0.04840175434947014,0
1144081300,040706990,0.030461013317108154,0
1144081300,040223922,0.011387630365788937,0.6666666666666666
1144270200,040550729,0.023061808198690414,0
1144270200,041436849,0.019211728125810623,0.6666666666666666
1144270200,040455394,0.014856901951134205,0.6666666666666666
1144270200,042090377,0.007322520017623901,0.3333333333333333
1144270200,04164199X,0.0068900613114237785,0.6666666666666666
1144396468,041295374,0.13016459345817566,0
1144396468,041524705,0.030009914189577103,0
1144396468,957331932,0.021946610882878304,0
1144396468,040763889,0.001787969609722495,0.3333333333333333
1144400236,040458954,0.035503387451171875,0.3333333333333333
1144400236,040654540,0.02136686071753502,0
1144400236,040751597,0.020573249086737633,0
1144485274,040621278,0.06549610197544098,0.6666666666666666
1144485274,040334333,0.041764698922634125,0.3333333333333333
1144485274,040577953,0.036103587597608566,0
1144485274,130500453,0.015598204918205738,0
1144485274,040408027,0.007190181408077478,0.3333333333333333
1144619726,041155335,0.036036282777786255,0
1144619726,94891565X,0.035029757767915726,0.3333333333333333
1144619726,956959385,0.020474564284086227,0
1144619726,041449258,0.018816731870174408,0
1144686121,040115100,0.15814416110515594,0
1144686121,04121207X,0.1203552633523941,0.6666666666666666
1144686121,040149544,0.03736346960067749,0.6666666666666666
1144745624,04144891X,0.468610942363739,0
1144745624,040387887,0.20793911814689636,0
1144745624,04068430X,0.16763004660606384,0
1144745624,041887484,0.14600610733032227,0
1144745624,040014517,0.1268320530653,0
1145241301,040274462,0.24161145091056824,0
1145241301,040252264,0.2207527905702591,0
1145241301,040731316,0.10863908380270004,0.6666666666666666
1147295476,040763889,0.16172286868095398,0.3333333333333333
1147295476,040649377,0.06414799392223358,0
1147295476,943538386,0.04312734305858612,0
1147295476,040413586,0.041120849549770355,0
1147295476,041366700,0.030282486230134964,0
1147295476,959364080,0.005133592523634434,0
1148452834,042377277,0.1268947720527649,0
1148452834,040774457,0.038361240178346634,0
1148452834,1105568407,0.03243616968393326,0
1148452834,042797128,0.029612060636281967,0
1148463240,043121438,0.0672253668308258,0
1148463240,040372200,0.056776873767375946,0
1148463240,04062501X,0.05591171979904175,0
1148463240,042470153,0.02474379539489746,0
1148463240,040118827,0.01702348329126835,0
1148755780,040763587,0.2981768250465393,0
1148755780,040568342,0.033725958317518234,0.3333333333333333
1148755780,040166155,0.03154350444674492,0
1148755780,041289722,0.027878116816282272,0
1148755780,041448634,0.007477729581296444,1
1148812326,041376854,0.3123999238014221,0.3333333333333333
1148812326,040178943,0.05849141627550125,0
1148812326,040787044,0.045232295989990234,0
1148812326,040694674,0.00699841370806098,1
1148812326,041454618,0.0016935078892856836,0.6666666666666666
1148942068,040067939,0.27411025762557983,0
1148942068,041132920,0.12904223799705505,0
1148942068,040119750,0.04832729697227478,0
1148942068,040118827,0.027607301250100136,0
1149050772,04073840X,0.08583927154541016,0.3333333333333333
1149050772,041708008,0.031018823385238647,0
1149050772,040457915,0.02431546151638031,0.6666666666666666
1149050772,04122759X,0.01102339755743742,0.6666666666666666
1149154071,040007286,0.0761115774512291,0.6666666666666666
1149154071,042679869,0.0593806691467762,0
1149154071,040675378,0.05717741325497627,0.3333333333333333
1149154071,043223893,0.03648814558982849,0
1150305606,040698068,0.10307939350605011,1
1150305606,041395530,0.030596822500228882,0
1150305606,040641155,0.02430100366473198,0.3333333333333333
1150305606,042628636,0.022456133738160133,0
1150867116,040705129,0.14233790338039398,0.3333333333333333
1150867116,041837843,0.04250335320830345,0.6666666666666666
1150867116,041837886,0.042349524796009064,0.3333333333333333
1151195731,040156028,0.35968536138534546,1
1151195731,040664937,0.07198800891637802,0.3333333333333333
1151195731,040452425,0.04822536185383797,0.3333333333333333
1151229385,041417615,0.06657236069440842,0
1151229385,040389065,0.04166174307465553,0.3333333333333333
1151229385,041238907,0.015933316200971603,0
1151229385,040649377,0.015392906963825226,0.3333333333333333
1151229385,04000970X,0.014266891404986382,0
1151571490,040436802,0.213883638381958,0.6666666666666666
1151571490,041525469,0.1614854782819748,0.6666666666666666
1151571490,041306724,0.09728460013866425,0.3333333333333333
1151571490,041938127,0.06050626188516617,0.3333333333333333
1151571490,041251547,0.019203850999474525,0.6666666666666666
1151571490,041506499,0.0074714734219014645,1
1151699187,040118827,0.20945751667022705,0
1151699187,040223442,0.13013538718223572,0.3333333333333333
1151699187,04267736X,0.12157134711742401,0.3333333333333333
1151699187,040379493,0.037871353328228,0
1151699187,040597660,0.017668619751930237,0
1151699187,04015727X,0.0018592228880152106,0.6666666666666666
1151815179,1070113859,0.47971099615097046,0
1151815179,040493962,0.15870030224323273,0.3333333333333333
1151815179,040494284,0.0073352111503481865,0.6666666666666666
115181671X,041877357,0.13352425396442413,0
115181671X,040465152,0.015644285827875137,0.3333333333333333
115181671X,041342623,0.009874286130070686,0.3333333333333333
1151884804,042863007,0.15999986231327057,0.6666666666666666
1151884804,041317025,0.028275763615965843,0.3333333333333333
1151884804,041431324,0.017311085015535355,0
1151884804,040100340,0.016098732128739357,0.3333333333333333
1151978124,040169219,0.5521121025085449,0.6666666666666666
1151978124,041142942,0.33302849531173706,0.6666666666666666
1151978124,040479897,0.3053186535835266,0.6666666666666666
1151978124,04045956X,0.07047730684280396,0.3333333333333333
1151978124,040586510,5.377531633712351e-4,0.6666666666666666
1152002058,041234278,0.10973487794399261,1
1152002058,040465144,0.06608717143535614,0.6666666666666666
1152002058,040510387,0.05915652588009834,0
1152002058,04193315X,0.05651304870843887,0
1152131087,040776069,0.25754666328430176,0.6666666666666666
1152131087,041520890,0.09965064376592636,0.6666666666666666
1152131087,040714977,0.08696041256189346,0.6666666666666666
1152176897,043084168,0.34031665325164795,0
1152176897,041335864,0.1371535062789917,0
1152176897,041211782,0.07861609756946564,0.6666666666666666
1152176897,041969103,0.06939228624105453,0
1152176897,961739223,0.05274806171655655,0
1152176897,042261279,0.005510661751031876,0
1152176897,040685985,0.0013187737204134464,0
1152179756,040557367,0.23842298984527588,0.6666666666666666
1152179756,11850553X,0.2301425188779831,0
1152179756,041218086,0.08086805045604706,0.3333333333333333
1152179756,040138984,0.06092240288853645,0.6666666666666666
1152179756,940431181,0.004872374702244997,0
1152287087,041132920,0.09047870337963104,0
1152287087,040372200,0.09025399386882782,0.3333333333333333
1152287087,040457915,0.08574578911066055,0.3333333333333333
1152287087,040334228,0.06940338760614395,0.3333333333333333
1152287087,043128114,0.06593964993953705,0
1152287087,04049716X,0.054225631058216095,0.3333333333333333
1152444166,040598357,0.14016041159629822,0.6666666666666666
1152444166,04128805X,0.051646701991558075,1
1152444166,041561279,0.03961263969540596,0
1152444166,040336816,0.03446756303310394,0.3333333333333333
1152444166,041654234,0.006398327648639679,1
1153007851,040388522,0.064778633415699,0.3333333333333333
1153007851,041738365,0.04965247958898544,0.3333333333333333
1153007851,041401670,0.03457053750753403,0.6666666666666666
1153007851,04166759X,0.02960437536239624,0
1153007851,042263824,0.029361441731452942,0
1153007851,040429075,0.01883036457002163,0.3333333333333333
1153062623,041155912,0.03294121474027634,0
1153062623,040288595,0.030525680631399155,0
1153062623,040458954,0.02630777284502983,0
1153093677,040558924,0.061501048505306244,0
1153093677,041811704,0.06122957915067673,0
1153093677,040159728,0.057016074657440186,0.6666666666666666
1153093677,040557324,0.027604565024375916,0
1153093677,040756602,0.011792683973908424,0.6666666666666666
1153120496,041421760,0.14852651953697205,0.6666666666666666
1153120496,040737810,0.12831321358680725,0.6666666666666666
1153258420,041132920,0.21890811622142792,0
1153258420,040359646,0.1819828599691391,0
1153258420,041490320,0.13943275809288025,0.3333333333333333
1153258420,040729567,0.05452573299407959,0
1153258420,950101818,0.04531572014093399,0
1153337878,041550277,0.10298369079828262,0
1153337878,040568342,0.08807463943958282,0.6666666666666666
1153337878,041262646,0.0679076537489891,0
1153337878,041219058,0.06765099614858627,0
1153337878,041892712,0.01710083708167076,0
1153337878,040081958,0.013568569906055927,0
1153467089,040567230,0.1664508581161499,0.3333333333333333
1153470853,041664035,0.2580203711986542,0.6666666666666666
1153470853,040441962,0.12475862354040146,0
1153470853,041501268,0.05363515764474869,0.6666666666666666
115347462X,040760014,0.5095373392105103,0.3333333333333333
115347462X,041231775,0.09593069553375244,0.6666666666666666
115347462X,040787877,0.08754009008407593,0
115347462X,040162788,0.04998909682035446,0.3333333333333333
115347462X,040737578,0.004291079472750425,0.3333333333333333
1153478129,040118827,0.34012213349342346,0.3333333333333333
1153478129,1006402748,0.062358491122722626,0.6666666666666666
1153502372,040270890,0.15689055621623993,0
1153502372,040028518,0.09434423595666885,0
1153502372,040269264,0.040415503084659576,0
1153502372,041242610,0.01725117489695549,0
1153502372,041125878,0.016935620456933975,0
1153505754,040626709,0.761901319026947,0.6666666666666666
1153505754,963096974,0.06262163817882538,0
1153505754,040172333,0.048997245728969574,0
1153505754,04128805X,0.04243667796254158,0.6666666666666666
1153505754,974876054,0.04112420231103897,0
1153505754,041596536,0.010177635587751865,0.3333333333333333
1153506963,040598446,0.17526215314865112,0.3333333333333333
1153506963,04128805X,0.117405965924263,0.3333333333333333
1153506963,041596536,0.02222585678100586,0.3333333333333333
1153506963,042980925,0.0024630636908113956,0.6666666666666666
1153509210,041238575,0.28128594160079956,0.6666666666666666
1153509210,985591609,0.16150811314582825,0.3333333333333333
1153509210,041356586,0.0654546469449997,1
1153509210,040526739,0.05083184689283371,0
1153509210,040737578,0.0019652724731713533,0.3333333333333333
1153511436,94910938X,0.4692102074623108,0.6666666666666666
1153511436,04148911X,0.1343238204717636,0.3333333333333333
1153511436,041517954,0.08439396321773529,0.6666666666666666
1153511436,041878817,0.05735178664326668,0.6666666666666666
1153511436,979308658,0.02547989785671234,0.6666666666666666
1153606585,041431804,0.06159102916717529,0.6666666666666666
1153606585,040118827,0.057571928948163986,0.3333333333333333
1153606585,040763080,0.05019589141011238,0
1153606585,041157125,0.02989296242594719,0
1153606585,040477460,0.0064768111333251,0
1153831384,041277945,0.04052282124757767,0
1153831384,040399834,0.03365481644868851,0.6666666666666666
1153831384,040739724,0.03326575830578804,0
1153831384,040497224,0.024786321446299553,0.6666666666666666
1153831384,040527972,0.021788179874420166,0.3333333333333333
1154485692,042179610,0.24045760929584503,0.6666666666666666
1154485692,040680924,0.023796288296580315,0.6666666666666666
1154486176,040085244,0.2245735377073288,0
1154486176,040085287,0.08726154267787933,0
1154486176,040328449,0.03851156681776047,0
1154486176,040169693,0.036496035754680634,0
1154486176,041256980,0.014157557860016823,0
115455225X,040135853,0.06711804866790771,0.3333333333333333
115455225X,040172562,0.06655815988779068,0.6666666666666666
115455225X,040329453,0.0527045801281929,0.6666666666666666
1154665100,041928695,0.08487001806497574,0
1154665100,042767105,0.0804189071059227,0
1154665100,118501828,0.03239823877811432,0
1154665100,040268136,0.003939290530979633,0.6666666666666666
1154787206,041561767,0.38533395528793335,1
1154787206,040118827,0.08315320312976837,0.3333333333333333
1154787206,040791637,0.05695226043462753,0
1154787206,040118908,0.055333416908979416,0.3333333333333333
1154787206,040062929,0.008150388486683369,0.6666666666666666
1154847950,040067963,0.21643981337547302,0.6666666666666666
1154847950,04006798X,0.17231377959251404,0
1154847950,040344029,0.08541851490736008,0
1154851079,040679950,0.04069419950246811,0.3333333333333333
1154851079,041596536,0.03030596300959587,0
1154851079,942388445,0.021347317844629288,0.3333333333333333
1154851079,040526739,0.003272034227848053,0.3333333333333333
1154942643,040664244,0.17116977274417877,0.3333333333333333
1154942643,040553825,0.10691241174936295,0
1154942643,04061963X,0.0643816590309143,0.6666666666666666
1154942643,040693864,0.050930459052324295,0.6666666666666666
1154942643,981966233,0.041623253375291824,0
1154942643,964381699,0.005477423779666424,0.3333333333333333
1154942643,041393759,0.002121073892340064,0
1154944433,041555694,0.1337548792362213,0
1154944433,040582167,0.09685470163822174,0.3333333333333333
1154944433,041387643,0.028873318806290627,0.3333333333333333
1154944433,040459772,0.014567104168236256,0
1155073231,040354083,0.03980334848165512,0.3333333333333333
1155073231,04053474X,0.018663987517356873,0.3333333333333333
1155073231,040403645,0.012188185937702656,0.3333333333333333
1155073231,040533697,0.001575143774971366,0.6666666666666666
1155085523,040592456,0.05217280983924866,0.3333333333333333
1155085523,040120694,0.03367548808455467,0
1155085523,041441982,0.027523959055542946,0
1155085523,04011144X,0.014837455935776234,0
1155086333,040310035,0.07189728319644928,0.6666666666666666
1155165276,041242610,0.03200222924351692,0
1155165276,040118827,0.026766110211610794,0
1155165276,041592255,0.018579555675387383,0
1155165276,1072179776,0.01654171571135521,0
1155365364,041574958,0.04980185255408287,0.3333333333333333
1155365364,04010074X,0.044593364000320435,0.6666666666666666
1155365364,040183378,0.037865255028009415,0
1155365364,040158330,0.03339936211705208,0
1155365364,040300056,0.0018450701609253883,0.6666666666666666
1155439007,940431181,0.09614723175764084,0.3333333333333333
1155439007,040118827,0.060803722590208054,0.6666666666666666
1155439007,040224066,0.0032336548902094364,0.6666666666666666
1155521110,040791637,0.052893418818712234,0
1155521110,040053717,0.040425367653369904,0
1155521110,040029638,0.035124462097883224,0
1155521110,040118894,0.021024828776717186,0
1155521110,041172736,0.019532233476638794,0
1155533054,982577141,0.8776790499687195,0.6666666666666666
1155533054,040714977,0.052751511335372925,0
1155533054,04135740X,0.04783530905842781,0.6666666666666666
1155533054,041644697,0.04509904235601425,0.6666666666666666
115563831X,040569144,0.049800388514995575,0.6666666666666666
115563831X,041884175,0.02273533120751381,0.6666666666666666
115563831X,040118827,0.01416848599910736,0
115563831X,100698562X,0.004017799161374569,0.6666666666666666
1155639839,040533697,0.1440907120704651,1
1155639839,041232623,0.08396583795547485,0.6666666666666666
115564039X,040168999,0.013252911157906055,0.6666666666666666
115564039X,042216176,0.0124517772346735,0
115564039X,041596536,0.0024747285060584545,0.3333333333333333
1155648501,040118827,0.07743751257658005,0.3333333333333333
1155648501,040327280,0.0762568786740303,0.6666666666666666
1155648501,040765733,0.0466228723526001,0.6666666666666666
1155648501,040685985,0.0023707528598606586,0.3333333333333333
115567670X,041385527,0.24438603222370148,0
115567670X,040118827,0.17993605136871338,0
115567670X,100363558X,0.13767695426940918,0
115567670X,042465877,0.042887426912784576,0
1155691091,040119750,0.08392344415187836,0
1155691091,04054365X,0.05997622013092041,0
1155691091,041923588,0.05404694005846977,0.6666666666666666
1155691091,041882229,0.030830640345811844,0.6666666666666666
1155710177,040744868,0.09636340290307999,0.6666666666666666
1155710177,040118827,0.047902144491672516,0.6666666666666666
1155710177,040199029,0.02738962136209011,0.6666666666666666
1155710177,041218914,0.004373979289084673,0.6666666666666666
1156018269,040257835,0.04304201528429985,0
1156018269,955915252,0.025249797850847244,0.6666666666666666
1156018269,040479927,0.02494680881500244,0.3333333333333333
1156018269,040118827,0.01988973096013069,0
1156181828,041958500,0.08356716483831406,0.3333333333333333
1156181828,041774477,0.07478341460227966,0.6666666666666666
1156181828,042388120,0.05425839498639107,0
1156181828,96473222X,0.00416735652834177,0.3333333333333333
1156330327,040689433,0.15620777010917664,0.3333333333333333
1156330327,040382419,0.13458140194416046,0
1156330327,04010074X,0.044086623936891556,0
1156330327,040118908,0.04169588163495064,0
1156330327,040587169,0.04065452888607979,0
1156445809,040408027,0.09758982062339783,0.6666666666666666
1156445809,04054365X,0.03816816955804825,0.3333333333333333
1156445809,040773477,0.031750962138175964,0.3333333333333333
1156445809,040620050,0.016753841191530228,0.6666666666666666
1156445809,954176685,0.0011545701418071985,0
1156532612,040197026,0.09084402024745941,0.3333333333333333
1156532612,040408027,0.03770727291703224,0.6666666666666666
1156532612,041283007,0.03210630267858505,0.3333333333333333
1156532612,040775704,0.0018505152547731996,1
1156683955,041143337,0.2675171494483948,0.3333333333333333
1156683955,118586408,0.08815650641918182,0.3333333333333333
1156683955,040254534,0.06553497165441513,0
1156683955,041769635,0.037300266325473785,0
1156683955,041750470,0.027289126068353653,0
1156683955,041341686,0.005492129363119602,0.6666666666666666
1156683955,040118827,0.0018113290425390005,0
1156833663,040277437,0.04596849903464317,0.3333333333333333
1156833663,04040921X,0.02298211120069027,0
1156833663,040775704,0.005779723636806011,0.6666666666666666
1156833663,040013073,0.00558882812038064,0.3333333333333333
1156993768,04040921X,0.13739173114299774,0.6666666666666666
1156993768,040205886,0.10367617756128311,0.3333333333333333
1157083757,040057283,0.4000312387943268,0.3333333333333333
1157083757,040668045,0.2672573924064636,0
1157083757,04068430X,0.047374989837408066,0
1157083757,040118827,0.03610990196466446,0.6666666666666666
1157083757,040265358,0.025570962578058243,0
1158598076,040118827,0.0651281401515007,0
1158598076,04066399X,0.03403612971305847,0.3333333333333333
1158598076,040066509,0.027861976996064186,0.3333333333333333
1158598076,040118894,0.023870406672358513,0
1158598076,040664392,6.191345164552331e-4,0.6666666666666666
1158598076,040432718,3.957929147873074e-4,0
1159506795,040172333,0.04347072169184685,0.3333333333333333
1159506795,042404479,0.01967756450176239,0.6666666666666666
1159881227,040340139,0.07080688327550888,0.6666666666666666
1159881227,940431181,0.04577159136533737,0
1159881227,041347900,0.02597798779606819,0.6666666666666666
1160303894,040372200,0.016398632898926735,0
1160303894,300011806,0.015364418737590313,0.3333333333333333
1160303894,040295095,0.012747490778565407,0.3333333333333333
1160303894,300009712,0.0026118969544768333,0.3333333333333333
1160303894,300011539,0.002601186977699399,0.3333333333333333
1160307520,040157016,0.15693171322345734,0.6666666666666666
1160307520,040728854,0.10934372991323471,0.6666666666666666
1160307520,040118827,0.06780049204826355,0.6666666666666666
1160307520,040563669,0.01145516149699688,0.3333333333333333
1160344868,040494152,0.10886635631322861,0.6666666666666666
1160344868,040006263,0.034840866923332214,0
1160344868,042493064,0.030147528275847435,0
1160344868,042575990,0.029086947441101074,0
1160344868,040493962,0.017825065180659294,1
1160344868,040386392,5.522658466361463e-4,0
1160344868,040597660,5.359205533750355e-4,0
1160354375,040323862,0.03708963841199875,0
1160354375,041263928,0.035547129809856415,0.6666666666666666
1160354375,041143337,0.030896032229065895,0
1160354375,042531322,0.027170786634087563,0
1160354375,977004872,0.018083518370985985,0.6666666666666666
1160551529,040054616,0.05357898399233818,0
1160551529,040061159,0.010596568696200848,0
1160551529,040193209,0.009486528113484383,0
1160551529,040615774,0.009277760982513428,0
1160551529,041774477,0.006465477403253317,0
1161335021,041524039,0.06312086433172226,0.6666666666666666
1161335021,041358899,0.04959126189351082,1
1161335021,040213250,0.03529611974954605,0.6666666666666666
1161335021,040013073,0.029749829322099686,0
1161530460,040557626,0.8535324335098267,0.6666666666666666
1161530460,981966233,0.4394214153289795,0.6666666666666666
1161530460,040318834,0.22724349796772003,0.6666666666666666
1161530460,981784518,0.16733334958553314,0.3333333333333333
1161530460,997766662,0.0026108878664672375,0.3333333333333333
1161606971,040069028,0.026908043771982193,0
1161606971,041693930,0.026148106902837753,0
1161606971,043033504,0.014887881465256214,0
1161606971,040705129,0.013411092571914196,0
1161606971,040763889,7.072766311466694e-4,0.3333333333333333
1161671447,041143337,0.4986169934272766,0.6666666666666666
1161671447,041230655,0.00873315054923296,0
1161805834,040457915,0.5729185342788696,0.6666666666666666
1161805834,040157016,0.03745635971426964,0
1161805834,119063492,0.027103200554847717,0
1161918078,041207440,0.14417263865470886,0
1161918078,040266613,0.12516237795352936,0
1161918078,043084168,0.07243331521749496,0
1161918078,04061963X,0.05584852024912834,0
1162018011,040085287,0.041035670787096024,0
1162018011,040328449,0.02901027724146843,0
1162018011,040118827,0.020579101517796516,0.3333333333333333
1162018011,04146088X,0.018571848049759865,0
1162042621,040171825,0.056686826050281525,0.3333333333333333
1162042621,040237745,0.052196603268384933,0.6666666666666666
1162189940,042249422,0.16140523552894592,0.6666666666666666
1162189940,041406605,0.1265312284231186,0.6666666666666666
1162189940,041749049,0.08641521632671356,0
1162189940,981392695,0.08290459215641022,0
1162190027,041361016,0.028073150664567947,0
1162190027,040441962,0.01711968518793583,0
1162190027,042617154,0.009853826835751534,0.6666666666666666
1162190027,041501268,0.008468195796012878,0.6666666666666666
1162330538,121303799,0.07956911623477936,0
1162330538,042845114,0.07403230667114258,0
1162330538,11856286X,0.03552956134080887,0
1162330538,042845122,0.03442344814538956,0
1162330538,118575449,0.022680137306451797,0
1162528338,043281818,0.986010730266571,0.6666666666666666
1162528338,041336658,0.14839603006839752,0.6666666666666666
1162621125,041326628,0.18289856612682343,0
1162621125,041525469,0.04293644428253174,0.3333333333333333
1162621125,040783847,0.033796343952417374,0
1162621125,040674886,0.030895743519067764,0
1162621125,041369254,0.028797129169106483,0.3333333333333333
1162683848,040097366,0.05511493235826492,0.6666666666666666
1162683848,042364337,0.04592495411634445,0.6666666666666666
1162683848,040305503,0.03272850066423416,0.6666666666666666
1162684240,040226484,0.16147950291633606,0.6666666666666666
1162684240,040223493,0.12733283638954163,0
1162684240,040773493,0.09434963762760162,0
1162763558,040477460,0.3213670253753662,0
1162763558,040760669,0.05774997919797897,0
1162763558,040743098,0.05167686939239502,0
1162763558,040416364,0.04737290367484093,0
1162835990,040408515,0.04010383039712906,0
1162835990,040529959,0.03082793392241001,0
1162835990,040256685,0.027051890268921852,0
1162840536,04029448X,0.06438930332660675,1
1162840536,040006263,0.05290547013282776,0.3333333333333333
1162840536,040763080,0.01119361724704504,0.3333333333333333
1162844418,040201368,0.06716730445623398,0
1162844418,04070792X,0.052187930792570114,0
1162844418,041667808,0.04461129754781723,0.6666666666666666
1162844418,041289870,0.0137604009360075,0
1162844418,04318717X,0.005179659463465214,0
1162844418,041618440,0.0023235222324728966,0.3333333333333333
1162885629,041139623,0.035475779324769974,0
1162885629,041142500,0.03328899294137955,0
1162885629,041301005,0.03064826689660549,0
1162885629,040020533,0.025751367211341858,0
1163319724,041649583,0.06118380278348923,0.6666666666666666
1163319724,040714977,0.049896951764822006,0
1163319724,040619494,0.0201326422393322,0
1163319724,041127269,0.01971098594367504,0
1163319724,040187764,0.0018217659089714289,0
1163319724,04061963X,8.895561913959682e-4,0.6666666666666666
1163388602,040118894,0.05021451786160469,0
1163391131,040119750,0.02986513450741768,0
1163391131,042552486,0.020746881142258644,0
1163391131,042098416,0.018089551478624344,0
1163391131,041584848,0.018089551478624344,0
1163514136,04010074X,0.380227267742157,0.6666666666666666
1163514136,040300056,0.2682421803474426,1
1163514136,04049716X,0.1228511705994606,0.6666666666666666
1163514136,118555006,0.013523086905479431,0
1163514136,118973215,0.008101696148514748,0
1163719900,040118827,0.20458495616912842,0
1163719900,041448634,0.17316944897174835,1
1163719900,041802802,0.06642279773950577,1
1163719900,040541843,0.0518670454621315,0.3333333333333333
116380066X,985576723,1,1
116380066X,040118827,0.1767387092113495,0.3333333333333333
116380066X,040465403,0.046575017273426056,0.3333333333333333
116380066X,041207955,0.026628488674759865,0.6666666666666666
116380066X,040538818,0.0017150724306702614,0.3333333333333333
1163928232,040124754,0.35435962677001953,0
1163928232,041489527,0.21730546653270721,0
1163928232,041283376,0.2151356190443039,0
1163928232,041947479,0.11991433054208755,0
1163938173,000362255,0.04358500987291336,0.6666666666666666
1163938173,040211452,0.019578848034143448,0.3333333333333333
1163938173,949893455,0.01839384064078331,0.3333333333333333
1163938173,968718167,0.017257574945688248,0.3333333333333333
1163938173,041726820,0.004119392950087786,0
1163938173,041596536,0.001359196612611413,0.3333333333333333
116400185X,041250109,0.21688933670520782,1
116400185X,040015904,0.07619069516658783,0.6666666666666666
116400185X,041685369,0.07180412858724594,0.6666666666666666
116400185X,041730259,0.03478068858385086,0.6666666666666666
1164214950,040066509,0.1740790158510208,0
1164214950,040154289,0.16689366102218628,1
1164214950,040118827,0.13720841705799103,0
1164214950,040066819,0.07661404460668564,0
1164214950,040694674,0.06268402189016342,0.3333333333333333
1164214950,040066673,0.0158181544393301,0
1164214950,041176227,0.011581695638597012,0.3333333333333333
1164277634,04002475X,0.17034976184368134,0
1164277634,040031578,0.0894237607717514,0
1164277634,040118827,0.058297812938690186,0
1164277634,040732134,0.048357438296079636,0
1164277634,040382435,0.04283042997121811,0
1164277634,040024660,0.04115566238760948,0
1164277634,040031152,0.033545222133398056,0.6666666666666666
1164290657,040743098,0.028700822964310646,0
1164290657,040349373,0.02748842164874077,0.6666666666666666
1164290657,041974328,0.025809120386838913,0
1164545949,040477460,0.15879301726818085,0.3333333333333333
1164545949,040477088,0.0909406989812851,0.6666666666666666
1164545949,040305503,0.07812821120023727,0
1164545949,04150643X,0.05658348649740219,0.6666666666666666
1164545949,040055655,0.05570679157972336,0.3333333333333333
1164545949,041481143,0.0019399782177060843,0.6666666666666666
1164812777,11862914X,0.706265926361084,0.6666666666666666
1164812777,040052486,0.108376145362854,0.3333333333333333
1164812777,040389715,0.07526357471942902,0.3333333333333333
1164812777,040082407,0.029274916276335716,0.3333333333333333
1164812777,040939766,0.024699753150343895,0
1164812777,118806173,5.937510868534446e-4,0
1165079178,040118827,0.1813659965991974,0
1165079178,041941233,0.07702726870775223,0.3333333333333333
1165304716,040122778,0.03506041318178177,0.6666666666666666
1165304716,041175727,0.024532098323106766,0.6666666666666666
1165304716,041547063,0.006623650901019573,0.6666666666666666
1165925613,042825970,0.23943285644054413,0.6666666666666666
1165925613,042209226,0.04861019551753998,0
1165925613,040118827,0.02268071472644806,0
1165925613,040147002,0.01387191005051136,1
1166068218,040122115,0.28429853916168213,0.6666666666666666
1166068218,041977009,0.07204420119524002,1
1166068218,040465144,0.06174943968653679,0.3333333333333333
1166190102,041752473,0.07389954477548599,0
1166190102,040061116,0.07242647558450699,0.6666666666666666
1166190102,040379345,0.0034774821251630783,0
1166219305,043264646,0.8386933207511902,0.6666666666666666
1166219305,041793129,0.1927931010723114,0.6666666666666666
1166219305,040145735,0.08432900160551071,0.6666666666666666
1166219305,040049450,0.04455487057566643,0
1166382761,040118894,0.06802504509687424,0
1166382761,041517288,0.03391370177268982,0
1166382761,041591119,0.016975419595837593,0
1166382761,040432718,0.014107631519436836,0
1166382761,040118827,0.006473322864621878,0.3333333333333333
1166382761,040063402,6.685999687761068e-4,0.3333333333333333
1166559459,043071228,0.0822620764374733,0
1166559459,040059960,0.06547999382019043,0.6666666666666666
1166559459,040745708,0.05465749651193619,0
1166581942,041290909,0.06244513392448425,0
1166581942,040457915,0.0429285392165184,0.3333333333333333
1166581942,040432718,0.03282032907009125,0
1166581942,04004436X,0.021350668743252754,0
1166581942,040787044,0.009804198518395424,0
1166581942,97200923X,0.0074906484223902225,0.6666666666666666
1166604152,040583236,0.19428697228431702,0.6666666666666666
1166604152,118594117,0.051485322415828705,0
1166604152,04183903X,0.04090975224971771,0.3333333333333333
1166604152,040359646,0.033936597406864166,0
1166604152,04127900X,0.02316507138311863,0
1166604152,040709140,0.006053750403225422,0.6666666666666666
1166607119,040614182,0.0637553408741951,0.3333333333333333
1166607119,040395677,0.03970852494239807,0
1166607119,042950635,0.030759315937757492,0
1166607119,042950627,0.030719686299562454,0
1166607119,973255765,0.028108377009630203,0
1167133722,041321650,0.12047798931598663,0.6666666666666666
1167133722,040592456,0.11679910123348236,0.3333333333333333
1167133722,04050851X,0.07179753482341766,0.3333333333333333
1167133722,041654625,0.03935975581407547,0.6666666666666666
1167133722,041673662,0.015574807301163673,0.6666666666666666
1167133722,040737578,0.011635377071797848,0.3333333333333333
1167133722,041238575,0.003460124135017395,0.6666666666666666
1167231058,040118827,0.07062724977731705,0
1167231058,040379493,0.062050722539424896,0.3333333333333333
1167231058,040068552,0.014227563515305519,0.3333333333333333
1167231058,04009832X,0.004503694362938404,0.3333333333333333
1167307127,04067259X,0.0699906274676323,1
1167307127,040568342,0.056405533105134964,0
1167307127,042179610,0.01518298964947462,0.6666666666666666
1167307127,040598446,0.010410916991531849,1
1167362411,991483006,0.1079784408211708,0.3333333333333333
1167362411,041277953,0.06583718955516815,1
1167362411,043098029,0.028063368052244186,0.6666666666666666
1167362411,040199029,0.002136436989530921,0.6666666666666666
1167362942,040690652,0.047060225158929825,0.3333333333333333
1167362942,040340260,0.010575896129012108,1
1167662741,041157125,0.14285226166248322,0
1167772318,040691772,0.13207104802131653,0.6666666666666666
1167772318,040109895,0.04728560894727707,0
1167772318,040118894,0.04386087507009506,0
1167772318,04062644X,0.033457960933446884,0.3333333333333333
1167919173,961739223,0.554438591003418,1
1167919173,040557626,0.08476586639881134,0
1168010225,040379493,0.04151856154203415,0
1168010225,040543676,0.019856315106153488,0
1168010225,040741338,0.016520965844392776,0.6666666666666666
1168010225,041143337,0.013320702128112316,0
1168010225,040350932,0.002836112165823579,0.3333333333333333
1168145821,041249399,0.5304161906242371,1
1168145821,042383633,0.020953955128788948,0
1168145821,041521846,0.02038346603512764,0
1168145821,040763889,0.009831910952925682,0.3333333333333333
1168146461,940431181,0.06637203693389893,0
1168146461,04071781X,0.053459811955690384,0.3333333333333333
1168146461,040014460,0.04475481063127518,0
1168146461,040501310,0.040259700268507004,0.6666666666666666
1168229898,041172027,0.17906484007835388,0.3333333333333333
1168229898,04045956X,0.1258704960346222,0.3333333333333333
1168229898,040459772,0.046290911734104156,0
1168229898,040479897,0.04471312835812569,0.3333333333333333
1168229898,040598276,0.008815553970634937,0.6666666666666666
1168325633,941498999,0.08386068046092987,0
1168325633,041324137,0.0705932080745697,0.3333333333333333
1168325633,041876865,0.05914752930402756,0.3333333333333333
1168471583,041441265,0.09645561128854752,0.6666666666666666
1168471583,040046680,0.03654671460390091,0
1168471583,040684970,0.008913439698517323,0.6666666666666666
1168471583,041517954,0.0056643253192305565,0.6666666666666666
1169131085,041209974,0.21802477538585663,0.3333333333333333
1169131085,040172333,0.04163609445095062,0.3333333333333333
1169131085,041281306,0.028237903490662575,0.3333333333333333
1169131085,042139066,0.02386927604675293,0
1169291732,040271455,0.04691077768802643,0
1169291732,942016084,0.030242731794714928,0.3333333333333333
1169291732,040270173,0.0217593964189291,0
1169291732,977004872,0.0063152858056128025,0.3333333333333333
1169291732,041263928,0.004061111249029636,1
1169466559,041560752,0.08764767646789551,0
1169466559,040873234,0.04580061510205269,0
1169466559,040027716,0.028933078050613403,0.6666666666666666
1169466559,041514114,0.027136120945215225,0
1169466559,040485390,0.013327926397323608,0.3333333333333333
1169538797,040118827,0.06925572454929352,1
1169538797,040763080,0.04947756603360176,0
1169538797,040052796,0.0261406060308218,0
1169538797,041384946,0.024414267390966415,0.3333333333333333
1169538797,040081184,0.0038549017626792192,0.3333333333333333
1170024351,040382427,0.12690682709217072,0
1170024351,04124995X,0.08927609771490097,0
1170024351,040155420,0.04930767044425011,0
1170024351,040348644,0.03470746427774429,0
1170024351,040543927,0.02362370491027832,0
1170101615,040014460,0.48497018218040466,0
1170101615,040118827,0.24905161559581757,0.6666666666666666
1170101615,040685969,0.10579844564199448,0
1170101615,040062929,0.05830950662493706,0
1170101615,040452697,0.021546926349401474,1
1170101615,04061963X,0.012678323313593864,0.6666666666666666
1170287484,040159159,0.358401358127594,0
1170287484,040395677,0.08496810495853424,0
1170287484,040158330,0.05164423584938049,0
1170287484,040287009,0.04306720569729805,0
1170287484,040366162,0.02360760048031807,0
1170287484,040376583,0.008426561020314693,0
1170287484,118557513,0.0072639151476323605,0
1170293638,040487555,0.054681919515132904,0.3333333333333333
1170293638,040432718,0.03609008342027664,0
1170293638,040487377,0.03162868693470955,0
1170293638,040426602,0.031089002266526222,0.6666666666666666
1170582494,040493199,0.07047511637210846,0.3333333333333333
1170582494,041155467,0.06655210256576538,0.6666666666666666
1170582494,040601250,0.04806371405720711,0.3333333333333333
1170582494,041155475,0.04242130368947983,0.6666666666666666
1170582494,041126289,0.028434112668037415,0.6666666666666666
1170780512,040290026,0.03973696753382683,0
1170780512,041143337,0.02768728695809841,0
1170780512,041312465,0.0256037600338459,0
1170780512,040214532,0.02491382509469986,0
1170814522,040719057,0.06610681861639023,0.6666666666666666
1170814522,042769337,0.03773142397403717,0.3333333333333333
1170814522,942582101,0.03199053183197975,0.3333333333333333
1170814522,042735777,0.029766881838440895,0.3333333333333333
1170814522,041837843,0.0271993987262249,0.6666666666666666
1171030401,04062305X,0.05298363044857979,0.6666666666666666
1171030401,1135937567,0.04917095974087715,0
1171030401,040028054,0.04128014296293259,0.3333333333333333
1171030401,040408094,0.029964983463287354,0
117112824X,040564495,0.27316778898239136,0.3333333333333333
117112824X,040318834,0.0635809674859047,0.3333333333333333
117112824X,04056486X,0.05460761860013008,0
117112824X,041132920,0.03620677813887596,0
117112824X,041136152,0.026413464918732643,0
1171279701,040767590,0.4061441421508789,0.3333333333333333
1171279701,040566935,0.06152060627937317,0
1171279701,040709590,0.052544575184583664,0
1171279701,041222237,0.029060419648885727,0
1171279701,041780663,0.0253218412399292,0
1171428480,042368650,0.06535319238901138,0.3333333333333333
1171428480,941101215,0.042909856885671616,0
1171428480,040372782,0.04118049889802933,0.3333333333333333
1171428480,041156242,0.03664727509021759,0
1171428480,988257106,0.021527940407395363,0
117160467X,040230899,0.1872141808271408,0.3333333333333333
117160467X,040230880,0.03701434284448624,0.3333333333333333
117160467X,040382702,0.005391093902289867,0.6666666666666666
1171696396,040118827,0.15846484899520874,0.3333333333333333
1171696396,040329518,0.1252162754535675,0.3333333333333333
1171696396,04047609X,0.03950704634189606,0.3333333333333333
1172332770,040118827,0.12457352876663208,0.3333333333333333
1172332770,040064069,0.021890830248594284,0
1172332770,040118908,0.01970541477203369,0
1172332770,040393054,0.018955271691083908,0
1172332770,040493636,0.018183182924985886,0
1172414505,042628768,0.032826218754053116,0
1172414505,041280776,0.02424795925617218,0
1172414505,042025850,0.018161674961447716,0.6666666666666666
1172414505,041555856,0.0015399372205138206,0
1172665788,940517647,0.2756548821926117,1
1172665788,040063402,0.14584483206272125,0.6666666666666666
1172665788,041682432,0.06965863704681396,0.3333333333333333
1172665788,943818761,0.02388753928244114,0.3333333333333333
1172665788,041145992,0.001333323074504733,0
1172665788,040636933,0.0010803069453686476,0
1172672393,040596249,0.10569677501916885,0.6666666666666666
1172672393,00710328X,0.04998556524515152,0.3333333333333333
1172672393,040118827,0.04411745071411133,0
1172672393,040099377,0.03662525489926338,0
1172672393,041210859,0.006530009210109711,0.3333333333333333
1172875154,040487377,0.2540028691291809,0
1172875154,040027694,0.023124149069190025,0.3333333333333333
1172875154,041165489,0.015226662158966064,0
1172875154,042039673,0.004846158903092146,0.3333333333333333
1173280804,040183262,0.10849577188491821,0.3333333333333333
1173280804,040631060,0.0847972109913826,0.6666666666666666
1173280804,040992578,0.05211164429783821,0.6666666666666666
1173280804,040039749,0.04009994864463806,0
1173283579,040457915,0.13378305733203888,0.3333333333333333
1173283579,11860922X,0.07479437440633774,0
1173283579,040386392,0.04954933002591133,0.3333333333333333
1173283579,040592057,0.038869064301252365,0
1173283579,040052486,0.0031996394973248243,0
1173395687,040501310,0.69260573387146,0.3333333333333333
1173395687,040639754,0.11348549276590347,0
1173395687,040714977,0.04726472869515419,0.6666666666666666
1173395687,040246663,0.03424999862909317,0
1173395687,040104524,0.029451563954353333,0.6666666666666666
1173421394,040198413,0.4431319236755371,1
1173421394,040477460,0.08376766741275787,0
1173421394,041252349,0.021566027775406837,0
1173421394,040197026,0.02016598731279373,0.6666666666666666
1173421394,041520890,0.0025012330152094364,0.6666666666666666
1173586555,040565610,0.03435586020350456,0
1173586555,041900413,0.02930796705186367,0.6666666666666666
1173586555,041879619,0.027985328808426857,0
1173586555,040211533,0.02561173401772976,0
117358708X,040118827,0.16094650328159332,0.3333333333333333
117358708X,040676013,0.11303571611642838,0
117358708X,040432718,0.10692652314901352,0
117358708X,040792625,0.09035909175872803,0
117358708X,041288564,0.07803228497505188,0
1174181435,040532976,0.16625666618347168,0.3333333333333333
1174181435,040457915,0.11530069261789322,0
1174181567,040157016,0.038403552025556564,1
1174181567,042997224,0.02748153544962406,0.6666666666666666
1174181567,041207955,3.9496939280070364e-4,0.6666666666666666
1174284137,040457915,0.6286889910697937,0.3333333333333333
1174284137,040709140,0.14169803261756897,0.6666666666666666
1174284137,040663809,0.0914260596036911,0.3333333333333333
1174284137,04099256X,0.07290813326835632,0
1174284137,040152170,0.007746978662908077,0.6666666666666666
1174284544,040118827,0.19841544330120087,0
1174284544,040538818,0.11492156982421875,0
1174284544,954883829,0.00969545729458332,0
1174284544,954883861,0.0095893032848835,0
1174284544,040650103,0.009103338234126568,0
1174284544,040487377,0.0014601226430386305,0
1174418001,042776546,0.14340749382972717,0.6666666666666666
1174418001,041269454,0.10716889798641205,0.6666666666666666
1174418001,040763587,0.08669888228178024,0.6666666666666666
1174418001,941744655,0.08426430076360703,0.6666666666666666
1174418001,944783449,0.003615297842770815,0.6666666666666666
117457626X,040305503,0.4202895164489746,1
117457626X,040403645,0.1615549623966217,1
117457626X,042344530,0.10957176983356476,0
117457626X,040563669,0.09429452568292618,1
117457626X,040741648,0.0025464212521910667,0
1174587830,041242653,0.30530861020088196,0.6666666666666666
1174587830,040559645,0.10949496924877167,0.6666666666666666
1174587830,040776409,0.07801569998264313,0
1174587830,041514343,0.05460547283291817,0.3333333333333333
1174587830,041157125,0.0014721612678840756,0
1174837128,040257835,0.09796765446662903,0
1174837128,041222032,0.056488312780857086,0
1174837128,041280229,0.055397529155015945,0.3333333333333333
1174837128,040153584,0.0017484273994341493,0.3333333333333333
1174938811,950963836,0.0503462553024292,0
1174938811,040493962,0.006570801138877869,0.6666666666666666
1174955147,040787044,0.1645827293395996,0.3333333333333333
1174955147,040739724,0.05090053007006645,0
1174955147,040118827,0.05081784725189209,0.3333333333333333
1174955147,040323560,0.039062973111867905,0.3333333333333333
1174990678,04040708X,0.23324862122535706,0.3333333333333333
1174990678,040098400,0.10140080749988556,0.3333333333333333
1174990678,947929495,0.05505802482366562,0
1174990678,04123037X,0.04657917842268944,0.3333333333333333
1174990678,040378829,0.023133257403969765,0.3333333333333333
1174990678,959364080,0.014518499374389648,0
1174990678,041253116,0.010736839845776558,0
117520529X,040432718,0.08401792496442795,0
117520529X,041143728,0.05485955998301506,1
1175354783,040739724,0.07060818374156952,0
1175354783,040368718,0.04204705357551575,0
1175354783,040118827,0.03484203666448593,0
1175354783,040578216,0.033298321068286896,0
1175354783,041323300,0.030732592567801476,0
1175554898,042090377,0.05857958272099495,0.6666666666666666
1175554898,041873572,0.03669404610991478,0.3333333333333333
1175554898,043201792,0.03526080399751663,0.3333333333333333
1175554898,041899407,0.03517109900712967,0
1175554898,040663876,0.0031781799625605345,0.6666666666666666
1175554898,041381424,0.0031182451639324427,1
1175994561,041513525,0.12297163158655167,0
1175994561,040558924,0.03838098794221878,0
1175994561,040018652,0.03253594785928726,0
1175994561,040708012,0.02871827408671379,0
1175994561,040631060,0.025196503847837448,0
1176031465,040118827,0.6282583475112915,0.3333333333333333
1176031465,04061963X,0.31521573662757874,0.3333333333333333
1176031465,04072560X,0.2824602723121643,0.6666666666666666
1176031465,040582167,0.060928843915462494,0.6666666666666666
1176031465,042276543,0.06052976846694946,0
117643909X,040193209,0.0559292733669281,0
117643909X,041133226,0.05546668916940689,0
117643909X,040582825,0.05308114364743233,0
117643909X,973089164,0.052267663180828094,0
117643909X,041024613,0.04455692321062088,0
1176636111,040465144,0.043320901691913605,0
1176636111,040205886,0.03601962700486183,0
1176636111,041674138,0.026608919724822044,0.6666666666666666
1176636111,04209268X,0.025586366653442383,0.3333333333333333
1176913417,998728691,0.10300712287425995,0
1176913417,041132920,0.07441968470811844,0
1176913417,041384172,0.0447189137339592,0
1176913417,040014797,0.012741762213408947,0.3333333333333333
1176956833,041331710,0.033930085599422455,0.3333333333333333
1176956833,941481999,0.03113481029868126,0
1176956833,04062790X,0.025091711431741714,0
1176956833,040325938,0.023690473288297653,0
1177033577,040568407,0.16584399342536926,0.3333333333333333
1177033577,040054616,0.11105985939502716,0
1177033577,040061116,0.050105202943086624,0.3333333333333333
1177033577,042367638,0.01520991139113903,1
1177033577,041206533,0.007847815752029419,1
1177033577,042601037,0.003969484008848667,0.6666666666666666
1177033577,041449940,0.002672872506082058,1
1177110253,994520042,0.27781426906585693,0.6666666666666666
1177110253,040664244,0.1435910165309906,0.3333333333333333
1177110253,040663876,0.12818636000156403,0.6666666666666666
1177110253,041402456,0.11750423908233643,0.6666666666666666
1177202069,040158756,0.05870652198791504,0.6666666666666666
1177202069,040300056,0.03777889534831047,0
1177202069,950181994,0.027230173349380493,0
1177202069,041850807,0.0265562292188406,0.3333333333333333
1177202069,040457915,0.011383527889847755,0
117728829X,040111342,0.4839629530906677,0.3333333333333333
117728829X,940431181,0.05647257715463638,0
1177299399,966540042,0.1881338357925415,0.3333333333333333
1177299399,974675598,0.00448059756308794,0
1177384450,041656377,0.08534996211528778,0.3333333333333333
1177384450,041406605,0.06619684398174286,0
1177384450,04073756X,0.005780930630862713,0.6666666666666666
1177546558,040271455,0.18459448218345642,0
1177546558,944266622,0.11670907586812973,0
1177546558,04115746X,0.09957238286733627,0
1177546558,040085988,0.05132555216550827,0
1177546558,04062661X,0.008215388283133507,1
1177603659,041695526,0.0034966710954904556,0.6666666666666666
1177623080,040678105,0.019486071541905403,0
1177623080,042279445,0.017099527642130852,0
1177623080,040054616,0.01568743959069252,0.3333333333333333
1177640856,040118827,0.057070810347795486,0.3333333333333333
1177640856,04018837X,0.024785460904240608,1
1177640856,040568342,0.01788574457168579,0
1177640856,040015734,0.017595557495951653,0
1177640856,041690710,0.011131787672638893,1
1177640856,956298788,0.002646802691742778,0.3333333333333333
1177944553,040192946,0.2375350296497345,0.3333333333333333
1177944553,041140338,0.015417265705764294,0.3333333333333333
1177944553,041594088,0.015159117989242077,0.3333333333333333
1178099059,041987632,0.02553112432360649,0.6666666666666666
1178099059,040432718,0.016677126288414,0
1178099059,042419018,0.015622323378920555,0.3333333333333333
1178115666,040022374,0.06304138898849487,0
1178115666,042539196,0.029750239104032516,0
1178115666,979340586,0.026197168976068497,0
1178115666,040457915,0.024059589952230453,0.3333333333333333
1178115666,040386392,0.0014246281934902072,0.3333333333333333
1178115755,040616444,0.12501969933509827,0.3333333333333333
1178115755,04061655X,0.05854218080639839,0.3333333333333333
1178115755,040785203,0.05701596662402153,0.6666666666666666
1178115755,040616274,0.04535326361656189,0.3333333333333333
1178115755,043264646,0.04403115436434746,0.6666666666666666
1178115755,040432165,0.0257002804428339,0.3333333333333333
1178176053,040471187,0.19757887721061707,0.6666666666666666
1178176053,040388522,0.048137567937374115,0.3333333333333333
1178176053,04062644X,0.04724850133061409,0.6666666666666666
1178176053,040473473,0.026888739317655563,0
1178176053,040118827,0.015795525163412094,0
1178176630,040632903,0.5227066874504089,1
1178176630,040087646,0.11180156469345093,0.6666666666666666
1178176630,040287793,0.11173027753829956,0.6666666666666666
1178176630,040118827,0.01841801404953003,1
1178176630,040057097,0.013166608288884163,0.6666666666666666
1178406628,040459608,0.10247349739074707,0
1178406628,040118827,0.08784805238246918,0
1178406628,041250737,0.0641237199306488,0
1178406628,040347192,0.03034697100520134,0
1178406628,040228983,0.029809942469000816,0
1178425363,041277473,0.36250290274620056,1
1178425363,940431181,0.0465630367398262,0
1178425363,041154444,0.024296604096889496,0
1179058631,987793500,0.6818140149116516,0
1179058631,040012409,0.15926100313663483,0
1179058631,040447952,0.046898312866687775,0
1179058631,040118827,0.046057332307100296,0
1179058631,041214722,0.04001322388648987,0
1179209184,040456609,0.268312931060791,0.3333333333333333
1179209184,041406605,0.22751931846141815,1
1179209184,041282566,0.03855758160352707,0.3333333333333333
1179209184,040725324,0.0210893414914608,0.3333333333333333
117986977X,040372200,0.06727111339569092,0
117986977X,040118827,0.053948890417814255,0
117986977X,042338786,0.05380530282855034,0
117986977X,040182029,0.03678390011191368,0
117986977X,04129047X,0.0044022370129823685,0.6666666666666666
1179875958,041317017,0.4211992621421814,0.6666666666666666
1179875958,042642868,0.3157828152179718,0.3333333333333333
1179875958,040566188,0.29871243238449097,0.3333333333333333
1179875958,967558603,0.010730693116784096,0.3333333333333333
1180278933,987793500,0.24814629554748535,0.6666666666666666
1180278933,040379493,0.17692974209785461,0
1180278933,04054365X,0.16377237439155579,0
1180278933,041155335,0.08590063452720642,0.6666666666666666
1180278933,041882229,0.06930264085531235,0.6666666666666666
118029999X,040490750,0.27635258436203003,0.3333333333333333
118029999X,041611349,0.08022310584783554,0.3333333333333333
118029999X,041406605,0.07618705928325653,0.6666666666666666
118029999X,040328449,0.042761240154504776,0.3333333333333333
118029999X,04318717X,0.004333618097007275,0
118029999X,041134508,0.0034523315262049437,0
1180383702,040448932,0.05201580375432968,0.6666666666666666
1180383702,040683672,0.04811016470193863,0.3333333333333333
1180383702,041406087,0.04259183257818222,0.3333333333333333
1180383702,040704467,0.006569158285856247,0.3333333333333333
1180473795,040402223,0.10843119770288467,0.6666666666666666
1180473795,040457915,0.05235195904970169,0.3333333333333333
1180473795,040156028,0.04289727285504341,0.6666666666666666
1180473795,041256980,0.032994192093610764,0
1180473795,040052486,0.001221344224177301,0
1180609476,040372782,0.06861015409231186,0
1180609476,040765083,0.043047789484262466,0
1180609476,040268136,0.031814586371183395,0
1180609476,04053524X,0.029840627685189247,0
1180610601,040148017,0.08826793730258942,0
1180610601,040350886,0.03871406987309456,0.3333333333333333
1180610601,040350967,0.018489591777324677,0
1180610601,040535347,0.011777977459132671,0.6666666666666666
1180610601,04131946X,0.007996998727321625,1
118061691X,041754417,0.2423766404390335,0.6666666666666666
118061691X,041259785,0.12784640491008759,1
118061691X,041482522,0.05217796564102173,0.6666666666666666
118061691X,041164512,0.030505985021591187,0
118061691X,04047982X,0.0013261896092444658,0.6666666666666666
1180708474,041346815,0.24420428276062012,0
1180708474,040014460,0.03470151498913765,0
1180708474,040205886,0.029600614681839943,0
1180708474,040264823,0.029280681163072586,0.6666666666666666
1180961692,041404750,0.059722624719142914,0
1180961692,041867742,0.0436844676733017,0
1180961692,041213327,0.038707032799720764,0
1180961692,043217222,0.025446772575378418,0
1180961692,940921340,0.022761352360248566,0
1180961692,040763889,0.0034914978314191103,0.6666666666666666
1180969413,04131123X,0.20866909623146057,1
1180969413,040432718,0.06683258712291718,0
1180969413,040205886,0.037476569414138794,0
1181066018,040118827,0.019535299390554428,0
1181066018,040674886,0.010210514068603516,0
1181066018,040184803,0.008802054449915886,0
1181066018,040616193,0.006398212164640427,0
1181066018,040595218,0.0061991638503968716,0
1181255732,040118827,0.05932391807436943,0.3333333333333333
1181255732,042848512,0.047907836735248566,1
1181255732,041124510,0.032131120562553406,0.6666666666666666
1181255732,041697219,0.031962137669324875,0
1181278163,040348644,0.1260644495487213,0
1181278163,040100715,0.09458670765161514,0.3333333333333333
1181278163,040656543,0.07657589763402939,0.3333333333333333
1181278163,040335968,0.028752218931913376,0
1181313848,040187764,0.11724184453487396,0.3333333333333333
1181313848,040350886,0.0450199618935585,0.6666666666666666
1181313848,040118827,0.04066771641373634,0
1181313848,04053474X,0.03022601641714573,0
1181313848,04126892X,0.011148997582495213,0.3333333333333333
1181313848,040473767,0.005643469747155905,0.6666666666666666
1181373395,040791637,0.23749884963035583,0
1181373395,041346947,0.04855034127831459,0
1181373395,041336348,0.034539371728897095,0
1181373395,1046308165,0.023506807163357735,0
1181373395,041697928,0.022411642596125603,0
1181373395,040118827,0.004221763461828232,0
1181688949,040597024,0.30803829431533813,0
1181688949,040128997,0.06539955735206604,0
1181688949,040408434,0.03774314001202583,0
1181688949,04049716X,0.031549300998449326,0
1181947316,040381684,0.17817533016204834,0.6666666666666666
1181947316,040428052,0.037356846034526825,0.6666666666666666
118213338X,041157168,0.6816022992134094,0.3333333333333333
118213338X,041382226,0.04596203565597534,0
118213338X,040633535,0.02948218211531639,0
118213338X,040538818,0.029149558395147324,0
118213338X,986505188,0.001623596646822989,0.6666666666666666
1182228429,042084962,0.13664433360099792,0.3333333333333333
1182228429,041689186,0.025313546881079674,0
1182228429,954960017,0.0178903229534626,0
1182228429,040031349,0.016848262399435043,0
1182356621,040118827,0.2896614670753479,0
1182356621,040766756,0.006799674592912197,0.3333333333333333
1182373968,040787044,0.05422922968864441,0.6666666666666666
1182373968,040533697,0.027293194085359573,0
1182373968,004299817,0.02610836923122406,0.6666666666666666
1182373968,040761088,0.025449495762586594,0
1182422411,041851056,0.07512106746435165,0.6666666666666666
1182422411,040118827,0.028451990336179733,1
1182422411,040493962,0.02622571587562561,0
1182422411,040272745,0.023417774587869644,0
1182422411,040359646,0.019319336861371994,0
1182422411,040408760,0.018358688801527023,1
1182422411,040408027,0.006651279516518116,0.3333333333333333
1182422411,040751287,7.170003955252469e-4,0
1182960529,040118827,0.1186390370130539,0
1182960529,040052524,0.047777436673641205,0
1182960529,041270975,0.044525716453790665,0
1182960529,1038114020,0.03578013926744461,0
1182960529,040014606,0.0254235677421093,0
1183878869,040580474,0.08227881789207458,0
1183878869,041222237,0.03875863552093506,0.3333333333333333
1183878869,946134774,0.02700813114643097,0
1183878869,041839366,0.02340092882514,0
118390908X,040157016,0.11583168804645538,0.6666666666666666
118390908X,040757390,0.08863542973995209,0.6666666666666666
118390908X,940431181,0.07648223638534546,0.6666666666666666
118390908X,040775488,0.06583146005868912,0.6666666666666666
118390908X,040038467,0.00632618460804224,0.6666666666666666
1183909225,040110397,0.020592201501131058,0
1183909225,040158128,0.015737827867269516,0
1183909225,04113446X,0.014172623865306377,0
1183909225,967191297,0.009136006236076355,0
1183909225,041691482,0.00900396890938282,0.3333333333333333
1183909225,041406605,0.007948115468025208,0
1185029133,04045956X,0.6589732766151428,0.6666666666666666
1185029133,040209296,0.302901029586792,0.6666666666666666
1185029133,040447790,0.10274722427129745,1
1185029133,040018652,0.05740775540471077,0.3333333333333333
1185034749,041239539,0.09445863217115402,0.6666666666666666
1185034749,040169162,0.05868734046816826,0.6666666666666666
1185034749,040295567,0.022761773318052292,0
118561897X,041954610,0.05203662067651749,0.3333333333333333
118561897X,040538818,0.04308561608195305,0
118561897X,04131946X,0.016299843788146973,0
118561897X,041535219,0.004692124668508768,0.3333333333333333
118561897X,040058719,0.002642046194523573,0.6666666666666666
118561897X,041127269,7.281404687091708e-4,0.3333333333333333
1185653937,042249457,0.10745605081319809,0
1185653937,041138635,0.031245287507772446,0.6666666666666666
1185653937,943550300,0.011854457668960094,0.6666666666666666
1185653937,040120589,0.009344631806015968,0
1185653937,041961080,0.0049203247763216496,0
1185867937,963864831,0.40642285346984863,0
1185867937,100374446X,0.11541756242513657,0
1185867937,041336828,0.058542512357234955,0
1185867937,041177142,0.05256925895810127,0.6666666666666666
1185867937,961739223,0.04739757254719734,0
1185984933,040703428,0.2436019480228424,0
1185984933,040412822,0.1359698325395584,0.3333333333333333
1185984933,040489469,0.0633591040968895,0
1185984933,040412792,0.039353810250759125,0.6666666666666666
1185986448,040583236,0.06838631629943848,0.3333333333333333
1185986448,040156044,0.04127110168337822,0.3333333333333333
1185986448,040476898,0.03868142515420914,0
1186274913,04127900X,0.03555016964673996,0
1186274913,040118827,0.024141725152730942,0
1186274913,04025870X,0.02269671857357025,0
118631656X,940431181,0.6266647577285767,1
118631656X,040038467,0.06784089654684067,1
1186413514,040642860,0.04431941360235214,1
1186413514,040086909,0.043038275092840195,0
1186413514,040182029,0.026631053537130356,0
1186413514,040775755,0.021003883332014084,0.3333333333333333
1186413514,128643161,0.004099130630493164,1
1186507934,040118827,0.6557587385177612,0
1186507934,1006402748,0.1327589750289917,0.3333333333333333
1186507934,943048567,0.09512520581483841,0.6666666666666666
1186507934,04011144X,0.0023554284125566483,0.6666666666666666
1186510366,040120406,0.19788549840450287,0
1186510366,040067912,0.19755253195762634,0.3333333333333333
1186549920,041277945,0.25636643171310425,0
1186549920,040327280,0.046815793961286545,0.6666666666666666
1186549920,040267768,0.03709717094898224,0
1186549920,040041646,0.02348870411515236,0
1186549920,041358848,0.005112373270094395,0.6666666666666666
1186596112,040118827,0.03604678064584732,0.3333333333333333
1186596112,041760743,0.032413311302661896,0
1186596112,040660095,0.02709823288023472,0
1186596112,040015866,0.002206507371738553,0
1186596112,040140814,9.779391111806035e-4,0
1186726113,040749878,0.05699755996465683,0
1186726113,040465845,0.03921350836753845,0.3333333333333333
1186726113,040038467,0.03548736497759819,0.6666666666666666
1186760028,041916646,0.06474944204092026,0
1186760028,040582167,0.06273587793111801,0.6666666666666666
1186760028,040432718,8.854308980517089e-4,0
1186772549,999201387,0.04870392754673958,0
1186772549,040189686,0.04358953982591629,0.6666666666666666
1186791845,041242610,0.5432194471359253,0
1186791845,04061963X,0.08792535960674286,0.3333333333333333
1186791845,040471187,0.0357784628868103,0
1186791845,04062644X,0.0018527393694967031,0.6666666666666666
1186794615,04049716X,0.03945580869913101,1
1186794615,040152170,0.019072089344263077,0.3333333333333333
1186794615,118632981,0.014104468747973442,0
1186794615,04067889X,0.011939228512346745,0.3333333333333333
1186794615,040477045,0.0068852463737130165,1
1187062707,040052486,0.14312562346458435,0.3333333333333333
1187062707,1008541028,0.06476223468780518,0
1187062707,957319304,0.0405518040060997,0
1187062707,041155866,0.034580446779727936,0.6666666666666666
1187062707,040793516,0.004752688575536013,0.6666666666666666
1187062707,040762262,0.004172698128968477,0.6666666666666666
1187095990,940431181,0.1265200972557068,0
1187095990,040009963,0.12141945213079453,0.6666666666666666
1187095990,04120509X,0.06175645440816879,0.6666666666666666
1187095990,040118827,0.004531560465693474,0.3333333333333333
1187098515,04062871X,0.08301695436239243,0.6666666666666666
1187098515,041230655,0.029329245910048485,0.6666666666666666
1187114642,040157016,0.49969467520713806,0.6666666666666666
1187114642,040710130,0.10775536298751831,0.6666666666666666
1187114642,040575837,0.07223039865493774,0
1187187577,040336379,0.032520048320293427,0
1187187577,041618173,0.025340115651488304,0
1187197580,040780295,0.06297366321086884,0
1187197580,040324664,0.05104054883122444,0.3333333333333333
1187197580,04049716X,0.050217051059007645,0
1187276944,040264823,0.2539350688457489,0.6666666666666666
1187276944,041490320,0.23038539290428162,0.6666666666666666
1187276944,040762262,0.04056106135249138,0.6666666666666666
1187354899,040118827,0.5697862505912781,0.3333333333333333
1187598275,04061963X,0.9468571543693542,0.6666666666666666
1187598275,041140265,0.03100331500172615,0.3333333333333333
1187598275,040118827,0.00390781881287694,0.6666666666666666
1187658405,04020989X,0.09564469009637833,1
1187658405,040948374,0.027833813801407814,0.3333333333333333
1187658405,040359646,0.016654446721076965,0
1187658405,042104084,0.015763206407427788,0
1187658405,961120258,0.013638543896377087,0
1188201441,040295788,0.06634114682674408,0.6666666666666666
1188201441,041157168,0.0415462926030159,0.3333333333333333
1188376217,040266613,0.016096333041787148,0
1188376217,040776247,0.01508276630192995,0
1188376217,040118827,0.014617579989135265,0
1188376217,040487377,0.014445592649281025,0
1188376217,041419553,0.009578206576406956,0
1188399179,040050440,0.4413983225822449,0.6666666666666666
1188399179,040482626,0.07337602227926254,0.6666666666666666
1188399179,040114139,0.0630098506808281,0.6666666666666666
1188399179,040597873,0.05115780979394913,0
1188456873,040318834,0.09329386055469513,0.6666666666666666
1188456873,040564495,0.03351287543773651,0
1188456873,041156455,0.033077988773584366,0
1188456873,041132920,0.013833092525601387,0
1188456873,040473767,0.001092660240828991,1
1188814273,041893999,0.03782949596643448,0
1188814273,042090156,0.02888776920735836,0
1188814273,04004436X,0.018744593486189842,0
1188814273,040538818,0.010919126681983471,0
1188814273,040676897,0.009784422814846039,0
1188814273,040118827,0.0029338060412555933,0
1188884778,040118827,0.19320909678936005,0
1188884778,040114139,0.10286040604114532,0.6666666666666666
1188884778,040087670,0.07095912843942642,0.6666666666666666
118890227X,041155866,0.7865049242973328,0.6666666666666666
118890227X,040205886,0.1991199553012848,0.3333333333333333
118890227X,041947479,0.13272108137607574,0.6666666666666666
118890227X,040432149,0.03667905181646347,0.6666666666666666
1189567652,040028909,0.05366494134068489,0.3333333333333333
1189567652,94967365X,0.04419950768351555,0
1189567652,040664937,0.04413995146751404,0.6666666666666666
1189567652,041126467,0.02979879453778267,0.3333333333333333
1189567652,040665275,0.001447118236683309,0.6666666666666666
1189570440,040728854,0.08722967654466629,0
1189570440,041699998,0.049207013100385666,0
1189570440,976119102,0.016668612137436867,0
1189570440,040775704,0.007331814616918564,0.6666666666666666
1189582821,040028275,0.13852401077747345,0.6666666666666666
1189582821,041461398,0.1349925696849823,0.6666666666666666
1189582821,040049736,0.07095843553543091,0.3333333333333333
1189655179,040763889,0.22911858558654785,0
1189655179,041684052,0.09018071740865707,0
1189655179,041837843,0.07015008479356766,0.6666666666666666
1189655179,040649377,0.043479833751916885,0
1189655179,042735777,0.03953428938984871,0.3333333333333333
1189655179,04318717X,0.022229518741369247,0
1189695049,04000628X,0.09068216383457184,0.6666666666666666
1189695049,118607626,0.07422588765621185,0.6666666666666666
1189695049,040006263,0.047835640609264374,0.6666666666666666
1189695049,040694682,0.013329176232218742,0.3333333333333333
1189697424,040477045,0.059815336018800735,0
1189697424,040768996,0.04976992681622505,0
1189697424,118509276,0.024975484237074852,0
1189697424,118664867,0.020045192912220955,0
1189697424,040476898,0.018892932683229446,0
1189900122,040714659,0.42803525924682617,0.6666666666666666
1189900122,040331148,0.14323054254055023,0.6666666666666666
1189900122,040791637,0.06335802376270294,0
1190028662,040674886,0.20130781829357147,0
1190028662,040465144,0.17406266927719116,0.6666666666666666
1190028662,040205886,0.11097653955221176,0
1190028662,040267229,0.10652341693639755,0
1190028662,004798139,0.07022835314273834,0.6666666666666666
1190028662,040358542,0.004359216894954443,0.3333333333333333
1190030039,04059758X,0.24479825794696808,0.6666666666666666
1190030039,040300056,0.0474342480301857,0
1190030039,040621103,0.03334885090589523,0.6666666666666666
1190030039,040493962,0.004650540184229612,0.6666666666666666
1190030411,040198383,0.21014651656150818,0
1190030411,040674886,0.16171090304851532,0
1190030411,040559165,0.11928778886795044,0
1190030411,040665623,0.08605759590864182,0.6666666666666666
1190030411,040272745,0.009276123717427254,0.6666666666666666
1190030411,040765709,0.0014131912030279636,0
1190106442,041143337,0.05936204269528389,0.3333333333333333
1190106442,041954564,0.04036048799753189,0
1190106442,040195899,0.027914386242628098,0
1190106442,04049716X,0.004432696383446455,0.3333333333333333
1190157217,040382419,0.1061287671327591,0.3333333333333333
1190157217,04015999X,0.034514330327510834,0
1190157217,040640167,0.03159428387880325,0
1190285827,042154235,0.6006673574447632,0.6666666666666666
1190285827,042482445,0.03897256776690483,0
1190285827,040583619,0.03233138471841812,0
1190285827,041737830,0.02721814438700676,0
1190285827,041235479,0.020276356488466263,0.6666666666666666
1190285827,040099873,0.010445525869727135,0
1190285827,040756645,0.009323244914412498,0.6666666666666666
1190993643,04020832X,0.18848757445812225,1
1190993643,957319304,0.11004742234945297,0
1190993643,040787044,0.08343777060508728,0
1190993643,040157016,0.04936666041612625,0
1191190153,040763080,0.031719375401735306,0.3333333333333333
1191190153,041858905,0.026708632707595825,0
1191190153,04008535X,0.013835703954100609,0
1191190153,040246639,0.01249339897185564,0.3333333333333333
1191190153,041132408,0.011048449203372002,0
1191265536,040665623,0.20650288462638855,0
1191265536,040535347,0.06135210394859314,0.6666666666666666
1191265536,040473767,0.024145549163222313,1
1191321339,04070548X,0.058649856597185135,0.6666666666666666
1191321339,940431181,0.054678529500961304,0.3333333333333333
1191321339,040664384,0.035995401442050934,0.6666666666666666
1191426831,040566935,0.049075204879045486,0.6666666666666666
1191426831,042474825,0.04371775686740875,0
1191426831,040566188,0.03203899785876274,0.3333333333333333
1191426831,04157835X,0.011752454563975334,0.6666666666666666
1191437965,041834895,0.11196058988571167,0
1191437965,041424727,0.0670044869184494,0
1191437965,040591077,0.06548147648572922,0
1191437965,041126149,0.003253113478422165,0
1191584224,040118908,0.06744159758090973,0
1191584224,040118894,0.035738106817007065,0
1191584224,040053059,0.0352545790374279,0
1191584224,961034025,0.019741510972380638,0
1191584224,040721302,0.017010066658258438,0
1191597199,040538818,0.05153465270996094,0
1191597199,040487377,0.03718291223049164,0
1191597199,041954610,0.03327751159667969,0
1191690954,040598160,0.30307692289352417,0.6666666666666666
1191690954,041968123,0.14148317277431488,0.3333333333333333
1191690954,994520042,0.1155676618218422,0.6666666666666666
1191690954,041381424,0.08914715051651001,0.6666666666666666
1191691500,040431835,0.19751378893852234,0.6666666666666666
1191691500,041203747,0.01645316183567047,0
1191693104,040388522,0.023614268749952316,0
1191693104,041752368,0.020877748727798462,0.6666666666666666
1191693104,042267706,0.016393166035413742,0
1191693104,04203793X,0.009096751920878887,0.3333333333333333
1191693104,041260562,0.003202225547283888,0.3333333333333333
1191937429,040594467,0.024474626407027245,0
1191937429,041132920,0.024145061150193214,0
1191937429,041938739,0.023653388023376465,0
1192054806,041278887,0.1740662008523941,1
1192054806,04011144X,0.12076567113399506,1
119214158X,04120963X,0.04710782319307327,0
119214158X,040538818,0.026828402653336525,0
119214158X,04120509X,0.022911088541150093,0.6666666666666666
119214158X,040023338,0.02272319793701172,0
1192199456,040614964,0.19397617876529694,0.6666666666666666
1192199456,041136152,0.027215516194701195,0
1192199456,040118827,0.02546750381588936,0.3333333333333333
1192441672,041232755,0.046301521360874176,0
1192441672,041760247,0.019756710156798363,1
1192441672,040452190,0.018620412796735764,0
1192441672,041591550,0.015494333580136299,0
1192441672,041788125,0.013934905640780926,1
1192441672,041837843,0.004057876765727997,0
1192693264,04182332X,0.04111216589808464,0.3333333333333333
1192693264,043279074,0.03986280411481857,0
1192693264,040746720,0.016403928399086,0
1193016754,04176255X,0.1373860090970993,0.3333333333333333
1193016754,040261468,0.12217827886343002,0.3333333333333333
1193016754,041233190,0.11764456331729889,0.6666666666666666
1193016754,040189686,0.06290538609027863,1
1193086566,040573109,0.43729209899902344,0
1193086566,040562182,0.160880446434021,0
1193086566,04060294X,0.1092066615819931,0
1193086566,040734137,0.05037109926342964,0
1193086566,041430727,0.035662420094013214,0
1193086566,993106455,0.0015793247148394585,0.3333333333333333
1193495687,04037372X,0.05777636170387268,0
1193495687,040270890,0.05109351873397827,0.6666666666666666
1193546672,040118827,0.025497853755950928,0.3333333333333333
1193546672,118505556,0.01748960092663765,0.6666666666666666
1193546672,040295095,0.015615550801157951,0.3333333333333333
1193546672,300009712,0.010999311693012714,0.3333333333333333
1193546672,300011539,0.010783160105347633,0.3333333333333333
1193913926,04129503X,0.018626850098371506,0
1193913926,040388603,0.013248538598418236,0
1193913926,040406938,0.010784640908241272,0
1193913926,04032589X,0.010741882026195526,0.3333333333333333
1193913926,040432122,0.010350977070629597,0
1193926718,041269748,0.22001433372497559,0.6666666666666666
1193926718,040350886,0.07322964817285538,0
1193926718,042122775,0.040581151843070984,0.3333333333333333
1193926718,041585674,0.033964671194553375,0
1193926718,04061963X,0.01895996555685997,0.6666666666666666
1193997321,041239784,0.5951154828071594,0
1193997321,040158330,0.24874670803546906,0
1193997321,040306038,0.07825499027967453,0
1193997321,000354392,0.050046492367982864,0
1194003001,041351363,0.064079150557518,0
1194003001,04019244X,0.04293268918991089,1
1194003001,042991277,0.02695230208337307,0
1194003001,041252756,0.025135928764939308,0
1194252362,041969103,0.6919412612915039,0.6666666666666666
1194252362,040226484,0.3666042685508728,0.6666666666666666
1194252362,042590450,0.04185670614242554,0.3333333333333333
1194252362,964162512,0.031210798770189285,0.6666666666666666
1194374786,040216713,0.7535523176193237,0.6666666666666666
1194374786,040158330,0.11856333911418915,0
1194374786,041285069,0.10584849119186401,0.6666666666666666
1194374786,040300056,0.008972135372459888,0.6666666666666666
1194374786,041679687,0.0033613741397857666,0.6666666666666666
1194375618,041318080,0.06747514009475708,0
1194375618,040118827,0.04216010496020317,0
1194375618,122304330,0.026891177520155907,0
1194375618,004675932,0.020161014050245285,0
1194377548,040158756,0.17413847148418427,0
1194377548,004691792,0.131489560008049,1
1194377548,040360504,0.05047200992703438,0.6666666666666666
1194378145,040348644,0.13685116171836853,0.6666666666666666
1194378145,040013073,0.11612825095653534,0.6666666666666666
1194378145,040382419,0.09941790997982025,0
1194378145,040457915,0.005617549177259207,0.3333333333333333
1194378145,04010074X,0.003822432830929756,0.3333333333333333
1194462456,041156064,0.11925661563873291,0.6666666666666666
1194462456,1072179776,0.08349807560443878,0.6666666666666666
1194484360,040368718,0.07401082664728165,0
1194484360,041978897,0.03535454347729683,0
1194484360,040247996,0.023921173065900803,0
1194484360,949892912,0.020406275987625122,0
1194484360,040455033,0.019464612007141113,0
1195212178,040290026,0.3544817864894867,0
1195212178,040589153,0.1581951230764389,0
1195212178,940511592,0.036343954503536224,0
1195212178,040477622,0.023671111091971397,0
1195212178,130065323,0.019934430718421936,0
1195212178,040013073,0.011852359399199486,0.6666666666666666
1195473109,040052486,0.4092831611633301,0
1195473109,040681556,0.09978179633617401,0
1195473109,040379493,0.0772789865732193,0
1195473109,040457915,0.03645399957895279,0.6666666666666666
119552434X,97200923X,0.09043122828006744,0.6666666666666666
119552434X,041157109,0.04770924896001816,0
119552434X,040559165,0.024714116007089615,0
119552434X,040437744,0.02021470107138157,0
119552434X,041143825,0.0036775185726583004,0
119552434X,118575147,0.0027847602032124996,0.6666666666666666
119552434X,968069614,0.0025271170306950808,0.6666666666666666
119552434X,040776247,0.0024124879855662584,0
1196005621,040118827,0.2080453634262085,0
1196005621,041142403,0.017129313200712204,0
1196088322,041132920,0.4575446546077728,0
1196088322,040614182,0.11101438105106354,0
1196088322,040119750,0.08571644127368927,0
1196088322,040510387,0.07518847286701202,0
1196088322,04048839X,0.005708237178623676,1
1196111448,041306724,0.44385528564453125,0.6666666666666666
1196111448,040142000,0.07444837689399719,0.3333333333333333
1196111448,041695437,0.0391775481402874,0.3333333333333333
1196111448,040211428,0.029431020841002464,0.3333333333333333
1196111448,041243293,0.023163482546806335,0
1196111987,041601475,0.03720206767320633,0.3333333333333333
1196111987,040674738,0.030306413769721985,0
1196111987,040252027,0.017945732921361923,0.6666666666666666
1196111987,041448707,0.017610669136047363,0.3333333333333333
1196111987,952821613,0.0043758125975728035,0.6666666666666666
1196200874,1072179776,0.02745088003575802,0.3333333333333333
1196200874,040562433,0.02680518664419651,0
1196200874,041770773,0.023526465520262718,0
1196200874,043264646,0.010590697638690472,0.6666666666666666
119629299X,041406605,0.11977048963308334,0
119629299X,040774457,0.0450139120221138,0
119629299X,041403533,0.04401816055178642,0.3333333333333333
119629299X,040462668,0.03819210082292557,0
119629299X,040059960,0.025420179590582848,0
119629299X,040429083,0.024480601772665977,0
1196328005,040533697,0.08748893439769745,0
1196328005,040350932,0.0259963758289814,0
1196328005,040118827,0.0046564252115786076,0
1196577692,041492358,0.10262564569711685,0.6666666666666666
1196577692,040118827,0.04438454285264015,0
1196577692,040419649,0.034114155918359756,0.6666666666666666
1196577692,040419800,0.03353002667427063,1
1196577692,041900243,0.02922462299466133,0.6666666666666666
1196578362,041829212,0.10489809513092041,0.6666666666666666
1196578362,042222648,0.058104146271944046,0
1196578362,94195062X,0.05508529394865036,0
1196578362,042753244,0.035317711532115936,0.6666666666666666
1196578362,043116558,0.004525288939476013,0
1196629129,041376439,0.05572304129600525,0.3333333333333333
1196629129,940590867,0.05298478156328201,0.6666666666666666
1196629129,040649377,0.05175769329071045,0.3333333333333333
1196629129,041259882,0.05116616562008858,0.3333333333333333
1196629129,042753244,0.006692378781735897,0.6666666666666666
1196629404,04182332X,0.06418484449386597,0.6666666666666666
1196629404,04143336X,0.043814897537231445,0.3333333333333333
1196629404,042494117,0.03939881920814514,0.6666666666666666
1196629404,040378829,0.033357538282871246,0.3333333333333333
1196632324,041281306,0.5290871858596802,0.3333333333333333
1196632324,041243005,0.12053287029266357,0.3333333333333333
1196632324,041209974,0.07000845670700073,1
1196632324,041876369,0.052496157586574554,0.6666666666666666
1196632324,042043816,0.0012381073320284486,0
1196632464,042209226,0.09799604117870331,0
1196632464,041145283,0.0821850448846817,0.6666666666666666
1196632464,040036944,0.07169422507286072,0.6666666666666666
1196632464,04161593X,0.041725583374500275,0.6666666666666666
1196632464,04039798X,0.025111710652709007,0.6666666666666666
1196632464,041483995,0.01308460347354412,0
1196699984,040156028,0.08207511901855469,0.6666666666666666
1196699984,04074972X,0.06093769520521164,0.6666666666666666
1196699984,040699943,0.042738307267427444,0.6666666666666666
1196700273,040564312,0.23906747996807098,0.3333333333333333
1196700273,040375897,0.0855264663696289,0.3333333333333333
1196700273,041206975,0.06702347099781036,0.6666666666666666
1196802319,042945682,0.056402016431093216,0
1196802319,040400948,0.04412231594324112,0
1196802319,041406605,0.002603396773338318,0
1197057706,041136152,0.7158337235450745,0.3333333333333333
1197057706,040181987,0.08389025181531906,0
1197057706,04049716X,0.05534421652555466,0.6666666666666666
1197057706,040446603,0.03955505043268204,0
1197068783,941777928,0.10155856609344482,0.6666666666666666
1197068783,040179664,0.052384693175554276,0
1197068783,040050440,0.041329123079776764,0
1197068783,040537706,0.03180043026804924,0
1197538224,040264823,0.06593243777751923,0.6666666666666666
1197538224,041140877,0.055708061903715134,0
1197588922,040118827,0.44404688477516174,0.3333333333333333
1197588922,040674886,0.20688597857952118,0
1197588922,040487377,0.03433302044868469,0
1197588922,004684125,0.033793024718761444,0
1197588922,041941616,0.03356598690152168,0
1197610790,04045956X,0.4106302261352539,0.6666666666666666
1197610790,041555694,0.1337548792362213,0
1197610790,040582167,0.09685470163822174,0.6666666666666666
1197610790,041387643,0.028873318806290627,0.3333333333333333
1197610790,040459772,0.014567104168236256,0
1198056401,042761727,0.05622030422091484,0
1198056401,041609166,0.05095924064517021,0
1198056401,040675505,0.04099075123667717,0.3333333333333333
1198103817,040277437,0.08833284676074982,1
1198103817,040166414,0.08011041581630707,1
1198103817,04076527X,0.06880319863557816,1
1198103817,040023338,0.017168078571558,0.3333333333333333
1198103817,942222679,0.014914956875145435,0.6666666666666666
1198213256,040550729,0.04632260650396347,0.3333333333333333
1198213256,040267792,0.04516685754060745,0
1198213256,041441265,0.03644969314336777,0.6666666666666666
1198213256,1042006857,0.033746346831321716,0.6666666666666666
1198213256,040118827,0.007658105343580246,0
1198312718,040269248,0.05802926421165466,0.6666666666666666
1198312718,040348636,0.057932913303375244,0.3333333333333333
1198312718,043053785,0.03358116000890732,0
1198312718,999740628,0.008559798821806908,0.6666666666666666
1198312718,041912233,0.00587941100820899,0.6666666666666666
1198403098,042209226,0.34498515725135803,0
1198403098,042549949,0.055240072309970856,0
1198403098,042987490,0.05231032520532608,0
1198403098,041483995,0.0383160300552845,0
1198403098,040479870,0.010718907229602337,0
1198438339,04291096X,0.3963598608970642,0.3333333333333333
1198438339,040354873,0.06719018518924713,1
1198438339,040705129,0.04907144233584404,0
1198438339,041406605,0.03573491796851158,0
1198866829,040732134,0.36220240592956543,0.6666666666666666
1198866829,040791637,0.03337429463863373,0
1198866829,041244818,0.023833896964788437,0.3333333333333333
1198866829,040052273,0.001226672320626676,0.6666666666666666
1199265020,04016084X,0.08717109262943268,0.3333333333333333
1199265020,966006267,0.05131322145462036,0.3333333333333333
1199265020,04254842X,0.04408193752169609,0
1199265020,041596536,0.028525028377771378,0.3333333333333333
1199463590,042062322,0.02956143580377102,0.6666666666666666
1199463590,041383974,0.028116147965192795,0.6666666666666666
1199463590,041274059,0.02457853965461254,0
1199463590,942256417,0.015428039245307446,0
1199463590,940158302,0.012843191623687744,0
1199513466,040118827,0.019535299390554428,0.3333333333333333
1199513466,040674886,0.010210514068603516,0
1199513466,040184803,0.008802054449915886,0
1199513466,040616193,0.006398212164640427,0
1199513466,040595218,0.0061991638503968716,0
1199516414,04059758X,0.09369795024394989,0.6666666666666666
1199516414,041850807,0.04807817190885544,0
1199516414,041923529,0.04405127838253975,0
1199516414,04043365X,0.01283176988363266,0.3333333333333333
1199516414,040718670,0.0017469730228185654,0.3333333333333333
1199539325,041972953,0.3908311724662781,0.3333333333333333
1199539325,042229197,0.07683618366718292,0.3333333333333333
1199539325,042789257,0.025920232757925987,0.6666666666666666
1199539325,041760530,0.024849172681570053,0
1199539325,041145283,0.016324924305081367,0.6666666666666666
1199539325,042372038,0.004067630507051945,0.6666666666666666
1199587435,041143337,0.08172604441642761,0.6666666666666666
1199587435,041256980,0.08079294860363007,0.6666666666666666
1199587435,040118827,0.07938703894615173,0
1199587435,040752283,0.0633758157491684,0
1199587435,04049716X,0.05322498828172684,0
119995800X,042090377,0.10091559588909149,0
119995800X,041899407,0.06938113272190094,0
119995800X,041339797,0.0368964821100235,0
119995800X,042871956,0.033556193113327026,0
1200002520,040457915,0.0803566575050354,0
1200002520,040386546,0.03516979515552521,0.6666666666666666
1200002520,040158756,0.0019912843126803637,0
1200087755,041804244,0.12266755104064941,0.3333333333333333
1200087755,945489625,0.08589555323123932,0.3333333333333333
1200087755,041434188,0.07471072673797607,0
1200087755,041789938,0.0689801573753357,0
1200309502,973074388,0.12904389202594757,0.3333333333333333
1200309502,041268873,0.1056695356965065,0.6666666666666666
1200309502,04061963X,0.07946283370256424,0.6666666666666666
1200547322,041157125,0.05679396912455559,0
1200547322,04049716X,0.025361333042383194,0.6666666666666666
1200547322,040087840,0.02139265462756157,0.3333333333333333
1200547322,040559645,0.01786104217171669,0.3333333333333333
1200547322,040038467,0.0015391524648293853,0.3333333333333333
1200814622,040791637,0.04047632962465286,0
1200814622,040589005,0.032750897109508514,0
1200814622,041378474,0.026184862479567528,0
1200814622,040288595,0.025445690378546715,0
1200916255,040205487,0.9841648936271667,0.6666666666666666
1200916255,040182029,0.25203806161880493,0
1200916255,042221269,0.06597892940044403,0.3333333333333333
1200916255,040198898,0.05939612537622452,0
1200916255,952619636,0.001451179152354598,0.3333333333333333
1201159326,042059909,0.05643352121114731,0.3333333333333333
1201159326,041222237,0.0438033826649189,0.3333333333333333
1201159326,042735777,0.040076542645692825,0
1201159326,04318717X,0.020234983414411545,0
1201159326,040371352,0.0036107669584453106,0
1201159687,041157109,0.20835164189338684,1
1201159687,040118827,0.16647008061408997,0
1201159687,04267736X,0.02987062931060791,0.6666666666666666
1201279186,041132920,0.034483637660741806,0
1201279186,040006956,0.023145144805312157,0.3333333333333333
1201279186,041947479,0.013791866600513458,0.3333333333333333
1201279186,040708608,0.0019295591628178954,0.6666666666666666
1201279186,040178943,0.0017107190797105432,0.6666666666666666
1201462959,043128114,0.18704620003700256,0.3333333333333333
1201462959,040493962,0.060104142874479294,0
1201462959,040118827,0.04662611335515976,0
1201462959,040457915,0.045498475432395935,0
1201725712,040114139,0.062096573412418365,0
1201725712,040205886,0.038754891604185104,0.3333333333333333
1201725712,04077628X,0.03581896051764488,0.6666666666666666
1201725712,040432718,0.020647402852773666,0
1201725712,041207556,0.001526385429315269,1
1202012477,940589761,0.8711031079292297,0.6666666666666666
1202012477,041744918,0.7815815806388855,1
1202012477,041369254,0.07905260473489761,0.6666666666666666
1202012477,04133759X,0.04785607010126114,0.6666666666666666
1202012477,941420167,0.03833618387579918,0
1202039227,040533697,0.06325492262840271,0
1202039227,04025822X,0.045096542686223984,0
1202039227,040521540,0.037057582288980484,0
1202039227,041602234,0.027905721217393875,0
120222086X,041608356,0.16791048645973206,1
120222086X,979308658,0.14451804757118225,1
120222086X,949157155,0.12757401168346405,0
120222086X,1019257644,0.07425007224082947,0
120222086X,959317678,0.06256420910358429,0
120222086X,040142388,0.0013177201617509127,0.6666666666666666
1202258581,040597989,0.07533355057239532,0.3333333333333333
1202258581,04131705X,0.025527846068143845,1
1202258581,041385977,0.02178487926721573,0
1202258581,042154235,0.011153453961014748,0
1202350925,040026434,0.03679346293210983,0.3333333333333333
1202350925,040580474,0.03498304262757301,1
1202350925,040449033,0.03495386242866516,0
1202350925,041912233,0.015028546564280987,0
1202350925,043249809,0.0038741459138691425,0.6666666666666666
1202425941,040014460,0.334666907787323,0.6666666666666666
1202425941,040118827,0.04544731229543686,0.3333333333333333
1202425941,041414829,0.018959954380989075,0.6666666666666666
1202850022,041426886,0.08781802654266357,0.6666666666666666
1202850022,040763080,0.05434336140751839,0.6666666666666666
1202850022,040268799,0.002803463488817215,0.6666666666666666
1203058853,040118827,0.03555171191692352,0
1203058853,04219041X,0.030651142820715904,0
1203058853,041261526,0.028717905282974243,0
1203058853,040487377,0.01733141764998436,0
1203058853,97279641X,0.015238630585372448,0
1203115830,040328139,0.05865941196680069,0.6666666666666666
1203115830,040746720,0.04114760830998421,0.6666666666666666
1203115830,041740874,0.037612129002809525,0.6666666666666666
1203115830,040402223,0.02987583912909031,0.3333333333333333
1203115830,042026466,0.009960027411580086,0
1203115830,040749703,0.004247733391821384,0
1203353812,040533697,0.028295880183577538,0.3333333333333333
1203353812,040052273,0.017020350322127342,0.3333333333333333
1203353812,040494225,0.01150347851216793,0.6666666666666666
120343233X,040118827,0.019535299390554428,0.3333333333333333
120343233X,040674886,0.010210514068603516,0
120343233X,040184803,0.008802054449915886,0
120343233X,040616193,0.006398212164640427,0
120343233X,040595218,0.0061991638503968716,0
1203623674,040670295,0.15051093697547913,0.3333333333333333
1203623674,040659585,0.02466300129890442,0.6666666666666666
1203623674,040307832,0.022783806547522545,0.6666666666666666
1203623674,040465403,0.020668039098381996,0
120371064X,042090377,0.14434728026390076,0.3333333333333333
120371064X,04077970X,0.034653060138225555,1
120371064X,040414566,0.03241707384586334,0.3333333333333333
120371064X,040576965,0.00944864097982645,0.6666666666666666
120371064X,95441781X,0.002008988754823804,0.3333333333333333
120371615X,042137276,0.06414543092250824,0
120371615X,042137268,0.03004080057144165,0.6666666666666666
120371615X,04287503X,0.01602994278073311,0.3333333333333333
120371615X,040409368,0.01237075962126255,0
120371615X,042058112,0.010331627912819386,0
1203970579,041230655,0.1281793713569641,0.3333333333333333
1203970579,04120719X,0.12627458572387695,0.3333333333333333
1203970579,040350932,0.008945578709244728,1
1203996845,040741672,0.03607172518968582,0
1203996845,042115213,0.02496437355875969,0.6666666666666666
1204426015,040158756,0.2039913386106491,0.6666666666666666
1204426015,04059758X,0.2021390199661255,0.3333333333333333
1204426015,040118827,0.04949208348989487,0
1204426015,040470849,0.04136371985077858,0
120444224X,040118894,0.09419728070497513,0
120444224X,040114139,0.0775262787938118,0.6666666666666666
120444224X,040762173,0.05084137246012688,0.3333333333333333
1204637601,041264843,0.16909362375736237,0.3333333333333333
1204637601,040351513,0.04562940448522568,0
1204637733,040526739,0.020241478458046913,0
1204637733,041737504,0.018971990793943405,0
1204637733,040015866,0.01601247489452362,0.3333333333333333
1204637733,042853907,0.015070082619786263,0
1204640009,040323862,0.09240445494651794,0.6666666666666666
1204640009,040787044,0.04421151056885719,0
1204640009,040786048,0.04000808298587799,0
1204692629,040739953,0.10400910675525665,0.6666666666666666
1204692629,942388445,0.042406998574733734,0.3333333333333333
1204692629,1019842695,0.04098819941282272,0.3333333333333333
1204692629,040118827,0.03973405063152313,0.3333333333333333
1205013903,041604938,0.6300057172775269,1
1205013903,947676724,0.11294599622488022,0.3333333333333333
1205013903,041700406,0.03130745142698288,0.6666666666666666
1205013903,041701070,0.02896760031580925,0.6666666666666666
1205013903,04169919X,0.022369008511304855,0.3333333333333333
1205111298,041258940,0.1174355000257492,0
1205111298,1051428068,0.0767827033996582,0
1205111298,043049745,0.03831378370523453,0
120514143X,040535347,0.2535439133644104,0.3333333333333333
120514143X,040473767,0.1455364227294922,0.3333333333333333
120514143X,04131946X,0.1413394957780838,0.6666666666666666
120514143X,040408434,0.08760468661785126,0.6666666666666666
1205142738,041975723,0.07365567982196808,0.6666666666666666
1205142738,040157016,0.04974900931119919,0
1205142738,940431181,0.04798969253897667,0
1205142738,963446827,0.011422728188335896,0.3333333333333333
1205157549,041157125,0.3795369565486908,0
1205157549,04120509X,0.3011973798274994,0
1205157549,040628418,0.13229423761367798,0
1205157549,040118827,0.10047584772109985,0.3333333333333333
1205157549,041877136,0.08738869428634644,0.3333333333333333
1205258345,040305503,0.08034968376159668,0
1205258345,940431181,0.06679432839155197,0
1205258345,040062929,0.027445092797279358,0
1205258345,040384632,0.026287594810128212,0
1205258345,040118827,0.005512595176696777,0
1205372725,040359646,0.13216884434223175,0
1205372725,041132920,0.07749906182289124,0.6666666666666666
1205469435,040413160,0.10004868358373642,0.6666666666666666
1205469435,118551655,0.06947561353445053,0.3333333333333333
1205469435,040267768,0.05049247294664383,0.6666666666666666
1205469435,040614964,0.004941882099956274,0.6666666666666666
1205475354,040732134,0.10265891253948212,0.3333333333333333
1205475354,040455033,0.06400669366121292,1
1205475354,040785998,0.05798846483230591,0.3333333333333333
1205475354,041240502,0.05140446498990059,0.6666666666666666
1205548645,040068552,0.02252912148833275,0
120571328X,040465950,0.27067527174949646,0.6666666666666666
120571328X,041402502,0.04783035069704056,0.3333333333333333
120571328X,040163202,0.038936443626880646,0
120571328X,04061963X,0.019079282879829407,0
1206188383,041258479,0.11401541531085968,0
1206188383,041410149,0.09714042395353317,0
1206188383,042266629,0.08382296562194824,0
1206188383,041320913,0.07155261933803558,0
1206188383,040616444,0.03694215044379234,0
120634427X,041746120,0.38905978202819824,1
120634427X,041730763,0.07156511396169662,1
120634427X,040350932,0.06669111549854279,0.6666666666666666
120634427X,040459772,0.015399916097521782,1
120634427X,040350886,0.00558348186314106,0.6666666666666666
120634427X,040533697,0.003988248761743307,0.6666666666666666
1206412097,957627521,0.04711399972438812,0.6666666666666666
1206412097,119535890,0.03541489318013191,0
1206412097,040157016,0.034883905202150345,0
1206472766,040349225,0.2210860252380371,0.6666666666666666
1206472766,04156622X,0.06613822281360626,0.3333333333333333
1206472766,040477460,0.03688044473528862,0.6666666666666666
1206472766,041385977,0.03164547681808472,0
120652913X,041242610,0.06335808336734772,0.3333333333333333
120652913X,040375897,0.024109775200486183,0
120652913X,988072351,0.02060573361814022,0
120652913X,040538818,0.018082264810800552,0
120652913X,040187764,0.017553390935063362,0
120652913X,040701026,7.108242134563625e-4,0
1206540923,120210053,0.04250334948301315,0
1206540923,041288440,0.017432671040296555,0
1206788739,040307026,0.08952510356903076,0.6666666666666666
1206788739,004691792,0.05910837650299072,0.3333333333333333
1206788739,100072185X,0.03546019643545151,0
1206788739,040158330,0.027688559144735336,0.6666666666666666
1206788739,040120465,0.026294106617569923,0.6666666666666666
1206864915,04131123X,0.582308292388916,1
1206864915,040189686,0.16201065480709076,0.6666666666666666
1206864915,04071781X,0.07168256491422653,0.6666666666666666
1206864915,952619636,0.03108302876353264,0.6666666666666666
1207152552,041877810,0.04746412858366966,0
1207152552,040520668,0.04070553556084633,0
1207152552,961739223,0.02290496788918972,0.6666666666666666
1207187771,041318080,0.15513445436954498,0
1207187771,041142403,0.06563816964626312,0
1207187771,121902587,0.02230921760201454,0
1207187771,042179750,0.01937158964574337,0
1207187771,040118827,0.0135881919413805,0
1207187771,040006263,0.005210822448134422,0
1207187771,041143337,0.0014985286397859454,0.3333333333333333
1207187771,04049716X,0.0013703175354748964,0
1207213853,040664392,0.13557855784893036,0.6666666666666666
1207213853,040557375,0.09306162595748901,0.6666666666666666
1207213853,04065835X,0.07687743008136749,0.3333333333333333
1207213853,040625478,0.059378482401371,0.3333333333333333
1207213853,04062644X,0.02017710730433464,0.6666666666666666
1207319503,042045304,0.04737682268023491,0.6666666666666666
1207319503,941773329,0.0365966334939003,0.6666666666666666
1207319503,041306724,0.034653179347515106,0.6666666666666666
1207319503,041614003,0.019489038735628128,0
1207319503,042529956,0.005775121971964836,0
1207373192,041256980,0.03758511692285538,0
1207373192,041965639,0.035000596195459366,0
1207373192,041204484,0.03102239966392517,0
1207373192,040410056,0.028977137058973312,0
1207373192,040726134,0.021129446104168892,0
120744572X,040744507,0.14303083717823029,0.6666666666666666
120744572X,041745159,0.02355961874127388,0
120744572X,041663977,0.023204127326607704,0.3333333333333333
120744572X,040143902,0.023074081167578697,0
1207480487,118547739,0.2714936137199402,0.3333333333333333
1207480487,040457915,0.08741464465856552,0.3333333333333333
1207480487,040587789,0.02185671404004097,0
120774445X,040059960,0.06457695364952087,0.6666666666666666
120774445X,040118827,0.06371908634901047,0
120774445X,040022048,0.04470076039433479,0.6666666666666666
120774445X,041802802,0.03101392649114132,0.6666666666666666
1207755575,040277437,0.13333748281002045,0
1207755575,943517192,0.07013183832168579,0
1207755575,004691792,0.061079639941453934,0.6666666666666666
1207755575,040791637,0.05177832767367363,0
1207755575,040300056,0.0026971809566020966,0.3333333333333333
1207755575,04059758X,0.0015951268142089248,0.6666666666666666
1207996882,040473767,0.0747871920466423,0.3333333333333333
1207996882,040535347,0.03759215027093887,0
1207996882,040247724,0.0362042561173439,0.6666666666666666
1207996882,946340692,0.016616253182291985,0.3333333333333333
1207996882,04131946X,0.012884378433227539,0.6666666666666666
1207996955,041132920,0.06024109199643135,0
1207996955,040323935,0.05752912163734436,0.3333333333333333
1207996955,040620050,0.03720203787088394,1
1207996955,041518985,0.026282941922545433,0
1207996955,040119750,0.003141964552924037,1
1207997447,041762053,0.7819522619247437,1
1207997447,040476898,0.231141597032547,0.6666666666666666
1207997447,040477460,0.1111661046743393,1
1207997447,040305503,0.0785505622625351,0
1207997447,040773523,0.02967953123152256,1
1207997447,040544230,0.007880060002207756,0.3333333333333333
1208077961,041667808,0.07366479933261871,0.3333333333333333
1208077961,041232755,0.06729849427938461,0.6666666666666666
1208077961,041391616,0.03347213566303253,0
1208077961,04318717X,0.006004862487316132,0
1208159313,04198658X,0.125160351395607,0
1208159313,041126963,0.11860352754592896,0
1208159313,040525279,0.09261199831962585,0
1208159313,040588610,0.08894264698028564,0
1208159313,042038529,0.06532782316207886,0
1208163639,040597989,0.1124715805053711,0.6666666666666666
1208163639,040261816,0.09625598788261414,0.6666666666666666
1208163639,040382435,0.04951360076665878,0.3333333333333333
1208163639,042128269,0.012018335051834583,0.3333333333333333
1208163639,040498360,0.010686115361750126,0
1208163639,04026193X,0.0021927393972873688,0.6666666666666666
1208310763,041193555,0.17280305922031403,0
1208310763,040155412,0.04870197921991348,0
1208310763,041885759,0.044956084340810776,0.3333333333333333
1208310763,041256980,0.0312935933470726,0
1208310763,984152741,0.014242405071854591,0
1208512315,040110613,0.7278841733932495,0.6666666666666666
1208512315,040153320,0.14208997786045074,0.6666666666666666
1208512315,040674886,0.04043499380350113,0
1208512315,040787869,0.03739253804087639,0.6666666666666666
1208512315,041488059,0.02349538542330265,0.6666666666666666
1209048876,040597989,0.0504942312836647,0
1209048876,007760671,0.03664629906415939,0
1209048876,040348644,0.029850635677576065,0
1209048876,1243016361,0.011603948660194874,0
1209056216,041282728,0.27466756105422974,0
1209056216,040118827,0.05359123274683952,0.6666666666666666
1209056216,042531357,0.021052394062280655,0
1209056216,041969103,0.01924002543091774,0
1209157446,041143345,0.06130218505859375,0
1209157446,042190576,0.04018046334385872,0
1209157446,040533697,0.03499801829457283,0.6666666666666666
1209157446,04126892X,0.02023204043507576,0.6666666666666666
1209157446,041659848,0.0063135637901723385,0
1209358735,040155412,0.03274315595626831,0
1209358735,040408027,0.030686473473906517,0
1209358735,040414213,0.02107548713684082,0
1209358735,041390814,0.012153665535151958,0
120943377X,041262697,0.10411950200796127,0.3333333333333333
120943377X,041252136,0.10246537625789642,0
120943377X,040469840,0.08823812007904053,0
120943377X,040538818,0.059876639395952225,0
1209472880,040783154,0.03915853798389435,1
1209472880,041277937,0.03738006204366684,1
1209472880,041287746,0.015026645734906197,0.3333333333333333
1209472880,1044874414,0.0017180063296109438,0.6666666666666666
1209472880,997702648,6.580064073204994e-4,0.6666666666666666
1209649691,041166345,0.41010743379592896,1
1209649691,041399277,0.1745724231004715,0.3333333333333333
1209649691,040488063,0.1403779834508896,0
1209649691,040487377,0.023440996184945107,0
1209649691,040236897,0.004178834613412619,0.3333333333333333
1209667436,041596536,0.08943425118923187,0.3333333333333333
1209667436,04026050X,0.06614921987056732,0
1209667436,041163729,0.05424962192773819,1
1209667436,042369932,0.05214197188615799,0
1209840391,040664244,0.06409852206707001,0.6666666666666666
1209840391,940431181,0.0408347062766552,0
1209840391,040063402,0.02679232321679592,0.3333333333333333
1209840391,040118827,0.0185107234865427,0
1209840391,040168255,0.014935758896172047,0
1209840391,04139402X,0.0024532568641006947,0.3333333333333333
1209840391,040310310,8.331421995535493e-4,0.6666666666666666
1209844478,1167456734,0.07148145884275436,0.3333333333333333
1209844478,996230831,0.040767572820186615,0.6666666666666666
1209844478,041140125,0.0349227711558342,0.3333333333333333
1209844478,989843688,0.029125820845365524,0
1209844478,1034445162,0.012980585917830467,0
1210028476,041307933,0.05513911321759224,0
1210028476,943617677,0.049004096537828445,0.6666666666666666
1210028476,040763587,0.04067984223365784,0
1210028476,040359646,0.03794165328145027,0
1210028476,040043517,0.03284972906112671,0
1210157241,042743222,0.9485653042793274,0.6666666666666666
1210157241,040233499,0.24674852192401886,0.6666666666666666
1210157241,04008065X,0.2286643534898758,0.6666666666666666
1210157241,042002346,0.01857433281838894,0.3333333333333333
1210157241,041280229,0.01662535034120083,0
1210243199,040678105,0.06290727108716965,0.6666666666666666
1210243199,040240762,0.04044119268655777,0.6666666666666666
1210243199,134485904,0.03244877606630325,0
1210243199,040465403,0.022770226001739502,0.6666666666666666
1210264242,040666808,0.6614609956741333,0.3333333333333333
1210264242,040457915,0.08890070021152496,0.3333333333333333
1210264242,040791580,0.02021263912320137,0
1210264242,040992578,0.012580777518451214,0.3333333333333333
121042357X,940517647,0.5498355031013489,0.3333333333333333
121042357X,040359646,0.07405927777290344,0
121042357X,041256980,0.07123136520385742,0.3333333333333333
121042357X,041594835,0.043004609644412994,0.6666666666666666
121042357X,04049716X,0.012525593861937523,0
121042357X,040118827,0.0032268252689391375,0
1210424142,040939766,0.11808180809020996,0.3333333333333333
1210424142,041596765,0.027155917137861252,0.3333333333333333
1210425599,300142420,0.3740089237689972,0.6666666666666666
1210425599,118610961,0.09145518392324448,0.6666666666666666
1210425599,040457915,0.030011992901563644,0
1210425599,040372200,0.030008498579263687,0
1210425599,040432718,0.017993053421378136,0
1210425599,042611997,0.013404297642409801,0.6666666666666666
1210425599,040118827,0.012900802306830883,0
1210425661,040616444,0.03008507750928402,0.6666666666666666
1210425661,040775100,0.0241255946457386,0
1210425661,040752364,0.014070257544517517,0.3333333333333333
1210425661,1011908964,0.013315945863723755,0
1210425661,040118827,0.006318898405879736,0.6666666666666666
1210596547,040773434,0.2588410973548889,0.3333333333333333
1210596547,040307026,0.1891050487756729,0.3333333333333333
1210596547,004691792,0.12296873331069946,0
1210596547,04010074X,0.06138382479548454,0.3333333333333333
1210633795,040118827,0.0677814930677414,0.6666666666666666
1210633795,040220478,0.024567890912294388,0
1210633795,041374924,0.023128658533096313,0
1210690829,040311708,0.34927651286125183,0.3333333333333333
1210690829,04164199X,0.21681508421897888,0.6666666666666666
1210690829,042907330,0.050524212419986725,0.6666666666666666
1210690829,040352544,0.004829247947782278,1
1210729342,1009438573,0.06364002078771591,0.6666666666666666
1210729342,040737810,0.06141357496380806,0.3333333333333333
1210729342,04002623X,0.05506596714258194,0
1210742667,1145480489,0.05470540001988411,0
1210742667,1086964721,0.054435718804597855,0
1210742667,040785998,0.04423350468277931,0
1210742667,1166798127,0.03769233077764511,0
1210742667,04068430X,0.02944445051252842,0
1210779196,040703703,0.11577775329351425,0
1210779196,040533093,0.0554305799305439,0
1210779196,040787044,0.03580986708402634,0
1210779196,040714659,0.02286163717508316,0.6666666666666666
1210779196,041132920,0.012833347544074059,0
1210821621,040465144,0.08317773044109344,0.3333333333333333
1210821621,040334228,0.07196896523237228,0.3333333333333333
1210821621,040254534,0.059432875365018845,0.3333333333333333
1210821621,040154823,0.044806186109781265,0.3333333333333333
1210821621,118552856,0.023939911276102066,0.6666666666666666
1210827387,040427706,0.21255283057689667,0.3333333333333333
1210827387,041163877,0.07876762747764587,0.3333333333333333
1210827387,949462969,0.05675867944955826,0
1210827387,041842170,0.02663881704211235,0.6666666666666666
1210827387,040118827,0.010230114683508873,0
1211168131,948947268,0.17139790952205658,0
1211168131,040413829,0.12557120621204376,0
1211168131,040432718,0.06215658038854599,0
1211168131,040694844,0.04961041733622551,0
1211168131,041325087,5.805782275274396e-4,0.3333333333333333
1211172821,040364119,0.32738155126571655,0
1211172821,041143337,0.16820281744003296,0.6666666666666666
1211172821,041256980,0.06689409911632538,0
1211172821,971576181,0.04671968147158623,0.3333333333333333
1211172821,042029945,0.03836003690958023,0.3333333333333333
1211172821,041206320,0.036628104746341705,0.6666666666666666
1211172821,04049716X,0.0034229226876050234,0
121128039X,04129047X,0.021267438307404518,0.6666666666666666
121128039X,04072915X,0.017347026616334915,0
121128039X,04061963X,0.004245607182383537,0.6666666666666666
1211320871,040709140,0.059368014335632324,0.6666666666666666
1211320871,042306248,0.027505263686180115,0.3333333333333333
1211324222,040221490,0.393730103969574,1
1211324222,040118827,0.2298688143491745,1
1211324222,040563669,0.1286287009716034,0.6666666666666666
1211324222,040786048,0.016867393627762794,0.6666666666666666
1211422445,040458954,0.1756269931793213,0
1211422445,040197026,0.07541759312152863,0
1211422445,040082423,0.07457530498504639,0
1211422445,040171027,0.004526562988758087,0.3333333333333333
121146525X,040030865,0.4102632999420166,1
121146525X,040099873,0.3246840536594391,0.3333333333333333
121146525X,040597989,0.1620343029499054,0
121146525X,040564363,0.07245244085788727,0
121146525X,040312895,0.06661366671323776,0.6666666666666666
1211791971,040118827,0.04212554544210434,0
1211791971,041126394,0.04130380228161812,0
1211791971,04121465X,0.030206864699721336,0
1211791971,040163970,0.030106354504823685,0
1211791971,041268873,0.025579705834388733,0
1212104161,940016389,0.03972753509879112,0
1212104161,041566149,0.029911447316408157,0
1212104161,041744594,0.02800348401069641,0
1212104161,945177151,0.022969648241996765,0
1212104161,042699274,0.007439608685672283,0
1212144457,041532619,0.25462591648101807,0
1212144457,040494128,0.18792644143104553,0.3333333333333333
1212144457,040118827,0.10134240239858627,0
1212144457,040710459,0.08743227273225784,0
1212434099,041399013,0.030940523371100426,0
1212434099,040388522,0.021238915622234344,0
1212434099,040538818,0.0176387932151556,0
1212434099,040379493,0.01617628149688244,0.6666666666666666
1212440587,040667499,0.2684447169303894,0.6666666666666666
1212440587,040118827,0.12129262834787369,0
1212440587,040766004,0.11293268203735352,0.3333333333333333
1212440587,041912888,0.06095585227012634,0
1212520378,040158330,0.4115196168422699,0.3333333333333333
1212520378,040118827,0.1674337089061737,0
1212520378,040718670,0.14102283120155334,0
1212535766,041385586,0.22977285087108612,0
1212535766,041710959,0.07511501014232635,0
1212535766,040359646,0.07016024738550186,0
1212535766,041834070,0.06662289053201675,0
1212535766,040728196,0.05729774385690689,0
1212604695,040118827,0.09245310723781586,0.3333333333333333
1212604695,041126467,0.07368242740631104,0
1212604695,041404300,0.06880895048379898,0
1212604695,041912888,0.037734635174274445,0
1212604695,040230236,0.03214230760931969,0
1212610865,041143337,0.02421671152114868,0
1212610865,04205642X,0.02201193943619728,0
1212610865,041165683,0.017760470509529114,0
1212610865,04049716X,0.013936306349933147,0.3333333333333333
1212660641,040619168,0.0574713759124279,0.6666666666666666
1212660641,041132920,0.04704086109995842,0
1212660641,040693406,0.024652082473039627,0.6666666666666666
1212660641,040350932,0.0033996901474893093,0
1212985354,041155904,0.06094580888748169,0
1212985354,041372875,0.043066833168268204,0
1212985354,040028577,0.030082929879426956,0
1212985354,040097994,0.023097513243556023,0
1212985354,040585220,0.02064834162592888,0
1213164389,04004176X,0.19811005890369415,0.3333333333333333
1213164389,042236169,0.012141259387135506,0.6666666666666666
1213164389,040323862,0.010988553985953331,0.3333333333333333
1213164389,043264646,0.010650644078850746,0
1213164389,041618173,0.001111538615077734,0.3333333333333333
1213232767,040447375,0.09682576358318329,0.6666666666666666
1213307023,041132920,0.046937327831983566,0
1213307023,040181456,0.023071164265275,0
1213307023,041603508,0.01650744304060936,0
1213307023,040366464,0.011179761961102486,0
1213348927,04066399X,0.03899748995900154,0
1213348927,043040799,0.037027277052402496,0
1213348927,040218503,0.026570552960038185,0
1213348927,040757706,0.02654375694692135,0
1213348927,040665186,0.01709505170583725,0
1213472946,040473406,0.13190600275993347,1
1213472946,040474410,0.11679591983556747,0.3333333333333333
1213472946,988072351,0.005094020627439022,0.6666666666666666
121381197X,041207440,0.1316460520029068,0
121381197X,040266613,0.04196162894368172,0
121381197X,04039798X,0.030432377010583878,0
121381197X,043084168,0.026553979143500328,0
121381457X,040189686,0.6124365925788879,0.6666666666666666
121381457X,041447794,0.0589744970202446,0.3333333333333333
121381457X,041715292,0.038888655602931976,0.6666666666666666
121381457X,041310209,0.018123606219887733,0.6666666666666666
1213852625,040731995,0.3734491765499115,0
1213852625,040247295,0.12395130097866058,0.3333333333333333
1213852625,040158330,0.02087056264281273,0.3333333333333333
1213852625,004691792,0.009289978072047234,0.3333333333333333
1213860520,040118827,0.1426466703414917,0.6666666666666666
1213860520,040050785,0.05437059327960014,0.6666666666666666
1213860520,041331524,0.048550598323345184,0
1213860520,041336348,0.045279256999492645,0.3333333333333333
1213860520,041221796,0.031216133385896683,0
1213860520,041442326,0.001057259039953351,0.6666666666666666
1213907306,041634225,0.22456404566764832,1
1213907306,040316483,0.10552086681127548,0.3333333333333333
1213907306,04113432X,0.015067888423800468,0.3333333333333333
1214058167,040694917,0.06201095134019852,0.6666666666666666
1214058167,04307166X,0.03284245356917381,0.3333333333333333
1214058167,040069028,0.02652682736515999,0.3333333333333333
1214058167,041338065,0.017527591437101364,0.3333333333333333
1214058167,945378955,0.011385542340576649,0.6666666666666666
1214244262,041299787,0.08627890050411224,0
1214244262,040588122,0.025457456707954407,0.6666666666666666
1214244262,040200418,0.012450559064745903,0.6666666666666666
1214244262,040332292,0.007826914079487324,0.6666666666666666
1214244262,040118827,0.006320546381175518,0
1214306594,040489469,0.3055841326713562,0.6666666666666666
1214306594,040182029,0.08993767201900482,0
1214306594,040502260,0.07595773041248322,0
1214306594,040277437,0.036853574216365814,0
1214306594,04029031X,0.03652504086494446,0
1214373704,040118827,0.10161206871271133,0.6666666666666666
1214373704,040245969,0.06447508186101913,0
1214373704,040487377,0.04776215925812721,0.3333333333333333
1214373704,040488217,0.04669331759214401,0
1214373704,040787044,0.035559214651584625,0
1214377017,040118827,0.030382027849555016,0
1214377017,040269558,0.028885770589113235,0.3333333333333333
1214377017,04194626X,0.014818014577031136,0
1214377017,04148259X,0.011265680193901062,0.3333333333333333
1214592953,040539857,0.06324821710586548,0.3333333333333333
1214592953,04040949X,0.03006780706346035,0
1214592953,041386612,0.010499965399503708,0
1214592953,042225973,0.009027982130646706,0
1214592953,040613216,0.006534921936690807,0
1214612105,040477045,0.15270638465881348,0.3333333333333333
1214612105,04039798X,0.09909866750240326,0.3333333333333333
1214612105,040388522,0.06888381391763687,0.6666666666666666
1214612105,040389715,0.027927454560995102,0.3333333333333333
1214612105,040139433,0.011042998172342777,0.3333333333333333
1214612105,040052273,0.00766589492559433,0.6666666666666666
1214720056,041277945,0.05523297190666199,0
1214720056,040693406,0.038027554750442505,0
1214720056,04058125X,0.023629672825336456,0
1214720056,040775879,0.016514763236045837,0
1215036868,04150223X,0.6587337255477905,0
1215036868,040622665,0.3268986642360687,1
1215036868,042847893,0.05556069687008858,0
1215036868,040641805,0.0550093874335289,0
1215036868,040479250,0.040911879390478134,0
1215036868,040598160,0.02342374436557293,0
1215099371,041143337,0.5090452432632446,0.3333333333333333
1215099371,041723856,0.3337774872779846,0.3333333333333333
1215099371,040431835,0.042194321751594543,0.3333333333333333
1215099371,040462773,0.030330384150147438,0
1215099371,040674886,0.019532999023795128,0
1215099371,04033628X,0.004412446171045303,0.3333333333333333
1215111258,95544618X,0.06236979365348816,0.6666666666666666
1215111258,040759954,0.06236536055803299,0.6666666666666666
1215111258,041808649,0.05496439337730408,0.3333333333333333
1215111258,040118827,0.05463794618844986,0
1215159463,040335429,0.08039506524801254,0.6666666666666666
121516811X,041893999,0.04944296181201935,0
121516811X,040474976,0.04676945507526398,0
121516811X,040222195,0.035458896309137344,0
121516811X,041563166,0.028425008058547974,0
121516811X,040013073,0.02786012925207615,0.3333333333333333
1215295154,041173465,0.4245021939277649,0.6666666666666666
1215295154,040372782,0.04362897947430611,0
1215295154,041243943,0.03575342521071434,0.3333333333333333
1215295154,040714977,0.007215428166091442,0.6666666666666666
1215295243,100072185X,0.22355227172374725,0.6666666666666666
1215295243,965002845,0.2156190574169159,0
1215295243,040473767,0.16571390628814697,0.3333333333333333
1215295243,04300539X,0.06203361228108406,0.3333333333333333
1215295243,041387287,0.003296744776889682,0.6666666666666666
1215686730,040776247,0.07478970289230347,0.3333333333333333
1215686730,041385977,0.06265877932310104,0
1215686730,040275035,0.048593711107969284,0
1215686730,041596218,0.029357200488448143,0
1215686730,040397920,0.019479723647236824,0
121575938X,041250494,0.04563632234930992,0.6666666666666666
121575938X,040447898,0.03876660764217377,0.6666666666666666
121575938X,041250508,0.016280192881822586,0.6666666666666666
121575938X,040288595,0.012293009087443352,0
121575938X,940431181,0.005795441567897797,0.3333333333333333
1215760175,118571249,0.07374878227710724,0
1215760175,041280229,0.04317609965801239,0
1215760175,040462358,0.03788651525974274,0
1215760175,040118827,0.004614998586475849,0
1215840462,040408027,0.1663878709077835,0.6666666666666666
1215840462,040006263,0.1181548684835434,0.6666666666666666
1215840462,040464490,0.02879670262336731,0
1215840462,040410307,0.024705937132239342,0
1215840462,041933176,0.02076336368918419,0.6666666666666666
1215840462,041333209,0.008158809505403042,0.3333333333333333
1215840462,041238095,0.0018145802896469831,0.6666666666666666
1215848528,040455033,0.20438258349895477,1
1215848528,04015999X,0.07616512477397919,0.3333333333333333
1215848528,040597989,0.048457033932209015,0.3333333333333333
1215848528,040388522,0.03488103300333023,0.3333333333333333
1215848528,041126289,0.004588481970131397,0.3333333333333333
1215848528,040739317,0.0012544326018542051,0.6666666666666666
1215906102,041251547,0.04095018655061722,0.3333333333333333
1215906102,040229939,0.028524786233901978,0.6666666666666666
1215906102,041379349,0.02504015527665615,0.3333333333333333
1215906102,95469483X,0.021369170397520065,0
1215906846,042179963,0.052160196006298065,0.6666666666666666
1215906846,940626713,0.04488959163427353,0.6666666666666666
1215906846,042043816,0.03338555246591568,0.6666666666666666
1216087121,94610445X,0.020800916478037834,0
1216087121,041641728,0.01872378960251808,0
1216087121,042908027,0.01827956736087799,0
1216087121,040718085,0.014107130467891693,0.3333333333333333
1216087121,041608070,0.012940038926899433,0
1216104867,040118827,0.05075567960739136,0
1216104867,04025741X,0.049481138586997986,0
1216104867,04128805X,0.022563789039850235,0.6666666666666666
1216104867,041973186,0.015605449676513672,0
1216144672,041263464,0.08240044116973877,0.6666666666666666
1216144672,040408027,0.06212659552693367,0.3333333333333333
1216144672,041385446,0.05321059376001358,0.6666666666666666
1216247331,040603555,0.0664493665099144,0
1216247331,041256980,0.059775494039058685,0
1216247331,040277437,0.030977552756667137,0
1216247331,040182029,0.030936870723962784,0
1216247331,040477045,0.028617149218916893,0.3333333333333333
1216250316,040541517,0.4586552083492279,0.6666666666666666
1216250316,040158330,0.11858179420232773,0
1216250316,1009438573,0.0529053695499897,0.6666666666666666
1216250316,1009438360,0.02504252828657627,0.6666666666666666
1216250316,040573109,0.009035294875502586,0.6666666666666666
1216333238,040564223,0.21234746277332306,0.6666666666666666
1216333238,040773477,0.09655841439962387,0.6666666666666666
1216375976,041969103,0.09594722837209702,0
1216375976,101046003X,0.07321435958147049,0
1216375976,040389715,0.054730724543333054,0
1216375976,1009723804,0.006454820279031992,0
1216502609,040012204,0.06171751022338867,0
1216502609,040538486,0.045254211872816086,0.6666666666666666
1216502609,042026466,0.03728504106402397,1
1216502609,040580474,0.03691994398832321,0.6666666666666666
1216502609,041406605,0.004349026363343,0.6666666666666666
1216635307,040354393,0.11718028783798218,0
1216635307,041155335,0.027351021766662598,0
1216635307,041759400,0.02222486399114132,0
1216635307,040326640,0.01990402117371559,0
1216635315,040408027,0.3265676498413086,0.6666666666666666
1216635315,041884175,0.10402403026819229,0.6666666666666666
1216635315,04050963X,0.04262835532426834,0
1216635315,040307360,0.03323095291852951,0
1216635315,041311124,0.022793393582105637,0.3333333333333333
1216638071,95351935X,0.850651741027832,0.3333333333333333
1216638071,043084168,0.534358024597168,0
1216638071,040318834,0.19556839764118195,0.3333333333333333
1216638071,040788954,0.11740442365407944,0
1216642575,040348644,0.14794714748859406,0.3333333333333333
1216642575,040086909,0.09928122907876968,0
1216642575,041165683,0.06684311479330063,0
1216703655,959360018,0.07429798692464828,0
1216703655,040737810,0.007747412659227848,0.3333333333333333
1216706948,040710505,0.12350566685199738,0
1216706948,041165683,0.021558882668614388,0
1216706948,041912233,0.02081184647977352,0
1216706948,040710513,0.01769406720995903,0
1216712816,041738632,0.05251298099756241,1
1216712816,040187764,0.0354190357029438,0
1216712816,041127269,0.028193378821015358,0
1216712816,041326660,0.02513723634183407,0.6666666666666666
1216712816,041525949,0.0025651550386101007,0
121688188X,040144143,0.05621824413537979,0.6666666666666666
121688188X,118564994,0.03397601842880249,0
121688188X,040761177,0.03212565928697586,0.3333333333333333
121688188X,040593185,0.02621103823184967,0.6666666666666666
1216995311,041222237,0.03491272032260895,0
1216995311,041289870,0.029714543372392654,0
1216995311,043199747,0.021273095160722733,0
1216995311,940089890,0.020667850971221924,0
1216995311,041406605,0.0014758491888642311,0
1217074260,040359646,0.331985205411911,0.3333333333333333
1217074260,041132920,0.047824788838624954,0
1217074260,04035296X,0.04029989615082741,0.3333333333333333
1217074260,95051084X,0.02214546501636505,0
1217074260,040791637,0.01368578802794218,0
1217249338,041460936,0.07477424293756485,0
1217249338,954705874,0.050740085542201996,0
1217249338,962143588,0.045910995453596115,0
1217249338,963473204,0.012280130758881569,0.6666666666666666
1217249338,04209626X,0.001261401572264731,0.3333333333333333
1217251049,945798784,0.33188748359680176,1
1217251049,04128805X,0.2602101266384125,1
1217251049,040710890,0.2343340814113617,1
1217251049,04192147X,0.20869550108909607,0.3333333333333333
1217251049,041596536,0.08694859594106674,0.3333333333333333
1217346252,040118827,0.13468903303146362,0.3333333333333333
1217346252,040490033,0.02865351177752018,0.3333333333333333
1217346252,041236955,0.028427263721823692,0
1217346252,040207676,0.014306606724858284,0.3333333333333333
1217598995,040458954,0.21784651279449463,0
1217598995,040501647,0.0687655359506607,0.6666666666666666
1217598995,040157016,0.03275575116276741,0
1217598995,041240685,0.02677604928612709,0.3333333333333333
1217678867,040149633,0.17666400969028473,0.6666666666666666
1217678867,040323862,0.17179711163043976,0
1217678867,041332792,0.14453056454658508,0.6666666666666666
1217678867,961543965,0.1418076455593109,0.6666666666666666
1217678867,040597873,0.03155389428138733,0
1217938230,041132920,0.04370487108826637,0
1217938230,041285786,0.041781265288591385,0.3333333333333333
1217938230,040654540,0.03206421434879303,0
1217938230,042085306,0.026693269610404968,0.3333333333333333
1217938230,041732529,0.0011520808329805732,0
1217938389,040775488,0.13700738549232483,0
1217938389,040490122,0.06313956528902054,0
1217938389,040118827,0.05640565603971481,0
1217957367,041621069,0.11818166077136993,0.6666666666666666
1217957367,040178943,0.03221013396978378,0.3333333333333333
1217957367,040207757,0.02229231782257557,0
1218005025,040459772,0.17069058120250702,1
1218005025,04045956X,0.11524476855993271,0.6666666666666666
1218005025,041535219,0.08201093226671219,0.3333333333333333
1218005025,041231767,0.05636274069547653,1
121823377X,041286790,0.01586911454796791,0
121823377X,041134117,0.015396962873637676,0
121823377X,040674886,0.014512434601783752,0
121823377X,040634663,0.0021704856771975756,0.6666666666666666
1218396512,040494012,0.8228761553764343,0.3333333333333333
1218396512,040118827,0.25478634238243103,0
1218396512,040158330,0.2195105254650116,0
1218400854,041837843,0.14384451508522034,0
1218400854,041219449,0.1306961476802826,0.6666666666666666
1218400854,040201368,0.12594333291053772,0
1218400854,04318717X,0.010914715006947517,0
1218401648,041596536,0.40591615438461304,0.3333333333333333
1218401648,041750896,0.35509562492370605,0.3333333333333333
1218401648,041435184,0.17396244406700134,1
1218401648,970225792,0.1443505734205246,0
1218401648,041338065,0.009955395944416523,0.3333333333333333
1218402865,040717763,0.0649515837430954,0.6666666666666666
1218402865,952619636,0.04225568100810051,0.3333333333333333
1218465417,970714106,0.056272245943546295,0
1218756942,040279553,0.09494747966527939,0
1218756942,040020045,0.03255065903067589,0
1218756942,004691792,0.0181485116481781,0
1218756942,040008819,0.016877103596925735,0
1218756942,040027643,0.013623717240989208,0
121876970X,04126830X,0.015485979616641998,0
121876970X,041134508,0.011014300398528576,0.3333333333333333
121876970X,040408027,0.008609194308519363,0.6666666666666666
1218866209,040079554,0.09774129092693329,0
1218866209,040302067,0.08668394386768341,0
1218866209,04049716X,0.07879813015460968,0.3333333333333333
1218866209,040203786,0.058307696133852005,0
1218867094,040155412,0.1783999800682068,0
1218867094,040597660,0.08355975896120071,0.3333333333333333
1218867094,040348644,0.08236408233642578,0.3333333333333333
1218867094,041156684,0.038044385612010956,0
1218867094,040386392,0.007252334151417017,1
1218867442,04060294X,0.07714998722076416,0
1218867442,004691792,0.0316452793776989,0
1218867442,041143337,0.023284414783120155,0
1218867442,943210569,0.007126705255359411,0
1218867442,040205312,0.0015638349577784538,0.3333333333333333
1218869143,040619168,0.05295687913894653,0
1218869143,040538818,0.04449649900197983,0
1218869143,041408802,0.043974559754133224,0.6666666666666666
1218869143,040773477,0.00724716205149889,0.3333333333333333
1218869267,041283007,0.11692291498184204,0.6666666666666666
1218869267,040607496,0.07035040110349655,0.3333333333333333
1218869267,040775704,0.06173478439450264,0.6666666666666666
1218869518,04003397X,0.2610226571559906,0
1218869518,040184803,0.09893421828746796,0
1218869518,040261816,0.07088734209537506,0
1218869518,042311039,0.031741272658109665,0
1218869518,040118827,0.012182319536805153,0
1218927046,04040949X,0.09004564583301544,0
1218927046,041332792,0.05791677162051201,0.6666666666666666
1218927046,040776069,0.04166122153401375,0.6666666666666666
1218961058,040777049,0.05165133997797966,0.6666666666666666
1218961058,043271553,0.028000902384519577,0
1218961058,040563669,0.013725942000746727,0.3333333333333333
121896913X,040013286,0.09315327554941177,0.3333333333333333
121896913X,040408434,0.07497292011976242,0
121896913X,041708385,0.06533937901258469,0.3333333333333333
121896913X,040408027,0.03782994672656059,0.3333333333333333
1219040339,040359646,0.24790088832378387,0
1219040339,041132920,0.023932749405503273,0
1219040339,040616444,0.01861286163330078,0.3333333333333333
1219040339,040360199,0.018239742144942284,0
1219040339,040413586,0.002750790910795331,0.6666666666666666
1219139939,041315960,0.22992368042469025,0.6666666666666666
1219139939,042725127,0.21623627841472626,0
1219139939,040500616,0.04923127591609955,0.3333333333333333
1219139939,041239040,0.024488985538482666,0.3333333333333333
1219139939,947676724,0.02441149577498436,0.3333333333333333
1219139939,040626768,0.001428350224159658,0.6666666666666666
1219555096,040211428,0.13516680896282196,1
1219555096,040758478,0.030155960470438004,0
1219555096,040222330,0.021581189706921577,0
1219555096,04003500X,0.0011647541541606188,0.6666666666666666
1219721395,040118894,0.14242962002754211,1
1219721395,040365468,0.07393570244312286,0
1219721395,040465144,0.02760651707649231,0.6666666666666666
1219721395,040297837,0.014829250983893871,0
1219910260,042058112,0.9225214123725891,0.6666666666666666
1219910260,959673334,0.10093879699707031,0
1219910260,040675378,0.040302228182554245,0
1219910260,040383903,0.034766167402267456,0.6666666666666666
1219937924,040066177,0.12839379906654358,0.6666666666666666
1219937924,041208064,0.11646588891744614,0.6666666666666666
1219937924,042370302,0.02580096945166588,0
1219937924,040099873,0.017085380852222443,0
1219937924,041406605,0.0057809241116046906,0
1219937924,041372638,0.0029272795654833317,0
1219966010,040762173,0.08316826820373535,0.3333333333333333
1219966010,040465144,0.06682166457176208,0.3333333333333333
1219966010,040052273,0.0037949129473417997,0.3333333333333333
1219983489,040118894,0.12799972295761108,0
1219983489,040199568,0.1160295233130455,0.3333333333333333
1219983489,040288927,0.05208077281713486,0
1219983489,040567230,0.036767665296792984,0.3333333333333333
1219983489,040318702,7.664262084290385e-4,0.6666666666666666
1219990264,04015369X,0.07864701002836227,0
1219990264,041164857,0.04374165087938309,0
1219990264,040537242,0.038089506328105927,0.6666666666666666
1220184497,040182029,0.2576887011528015,0.3333333333333333
1220184497,040680975,0.04674852639436722,0.3333333333333333
1220184497,041969103,0.02082541026175022,0.3333333333333333
1220184497,968312543,0.005386014934629202,0
1220197742,04061963X,0.09666852653026581,0.3333333333333333
1220197742,041154622,0.06548495590686798,0.6666666666666666
1220197742,041884175,0.046898432075977325,0
1220358258,04074745X,0.40622907876968384,0.6666666666666666
1220358258,041304705,0.17790494859218597,0.6666666666666666
1220358258,04061963X,0.12885598838329315,0.6666666666666666
1220358258,041254538,0.022161107510328293,0.6666666666666666
1220358258,040375897,0.020488962531089783,0.3333333333333333
1220358258,040431886,0.003714989172294736,0
1220488194,040408027,0.19060881435871124,0.3333333333333333
1220488194,040533697,0.06259102374315262,0.6666666666666666
1220488194,040285324,0.05417221784591675,0
1220488194,040408787,0.018847964704036713,0
1220488194,041708385,0.008185269311070442,0.6666666666666666
1220488461,040543676,0.1304033100605011,0.6666666666666666
1220488461,040408019,0.11958418786525726,0
1220488461,04054365X,0.11867554485797882,0.6666666666666666
1220488461,040408434,0.09584861993789673,0.6666666666666666
1220488461,040223493,0.01151543390005827,0
1220504483,041143337,0.1937015801668167,0.3333333333333333
1220504483,040115100,0.06759307533502579,0.6666666666666666
1220504483,040334228,0.052639685571193695,0
1220504483,040025675,0.04376791790127754,0.6666666666666666
1220504483,04049716X,0.010775642469525337,0
1220631787,946670668,0.087874636054039,0.6666666666666666
1220631787,942006674,0.03770577907562256,0.6666666666666666
1220631787,040359646,0.03675378859043121,0
1220631787,041664914,0.025231068953871727,0.6666666666666666
1220633291,040631060,0.0873042494058609,0.3333333333333333
1220633291,040356469,0.06802377104759216,0
1220633291,041818555,0.04756976291537285,0
1220633291,04132370X,0.029360398650169373,0
1220634034,041406605,0.08013266324996948,0
1220634034,040675475,0.07756130397319794,0
1220634034,962143588,0.057523079216480255,0.3333333333333333
1220634034,040156028,0.024414293467998505,0
1220634034,941370445,0.01924186758697033,0
1220634034,041460936,0.0010531507432460785,0.6666666666666666
1220775967,040710459,0.11478035151958466,0.3333333333333333
1220775967,040171027,0.09792768955230713,0.3333333333333333
1220775967,040773477,0.05295567587018013,0.6666666666666666
1220830747,040759954,0.02843288704752922,0.6666666666666666
1220830747,041281284,0.021847860887646675,0.6666666666666666
1220830747,040097609,0.016609717160463333,0.6666666666666666
1220830747,041206584,0.014503960497677326,0.6666666666666666
1220843830,040007324,0.04691312462091446,0
1220843830,040709140,0.01873016729950905,0
1220843830,040437744,0.015832412987947464,0
1220843830,040197026,0.007153687532991171,0.6666666666666666
1221311972,040787044,0.09225846827030182,0.3333333333333333
1221311972,040595277,0.06313806772232056,0.6666666666666666
1221311972,040458954,0.028356939554214478,0.3333333333333333
1221311972,041528387,0.01580120250582695,0.3333333333333333
1221311972,042261279,0.013966379687190056,0
1221311972,040261816,0.00982533860951662,0.6666666666666666
1221327127,041137914,0.20097371935844421,0
1221327127,041143647,0.06962106376886368,0
1221327127,118594974,8.684495696797967e-4,0
1221334042,004691792,0.04477081447839737,0.3333333333333333
1221334042,041359526,0.025786006823182106,0
1221334042,04070730X,0.02132537215948105,0
1221334042,040487377,0.017048725858330727,0
1221395068,04049716X,0.1327444463968277,0.3333333333333333
1221395068,040414086,0.06153342127799988,0.3333333333333333
1221395068,040029174,0.004736143629997969,0.3333333333333333
1221398652,04049716X,0.3560069799423218,0.3333333333333333
1221398652,040767787,0.025792021304368973,0
1221398652,118641778,0.019056105986237526,0.6666666666666666
1221536133,040557626,0.19002220034599304,1
1221668374,041555856,0.06166508048772812,0
1221668374,942401727,0.039051324129104614,0
1221668374,041753275,0.02460556849837303,0
1221668374,041255682,0.022501688450574875,1
1221668374,040388522,0.004358801990747452,0.6666666666666666
1221668374,041596536,0.002458175178617239,0.3333333333333333
1222269384,040455033,0.20408587157726288,0.6666666666666666
1222269384,040368718,0.08751796185970306,0
1222269384,040172430,0.0667511597275734,0
1222269384,040013073,0.06133056432008743,0
1222269384,041126289,0.03350769728422165,0
1222336618,040563669,0.754003643989563,0.3333333333333333
1222336618,040777049,0.07150225341320038,0.3333333333333333
1222336618,041242386,0.06325862556695938,0
1222336618,041896475,0.062402963638305664,0.3333333333333333
1222336618,040777006,0.04720278084278107,0.3333333333333333
1222502488,040306356,0.04378162696957588,0
1222502488,040432718,0.03411715477705002,0
1222670968,040715078,0.12303207069635391,0.3333333333333333
1222670968,041294645,0.07623515278100967,0.3333333333333333
1222670968,040432718,0.0494694709777832,0
122269414X,041954610,0.019366251304745674,0
122269414X,040740676,0.017185769975185394,0.6666666666666666
122269414X,040014460,0.016177859157323837,0
122269414X,040348318,0.016082536429166794,0.3333333333333333
1222695391,040583619,0.019944632425904274,0
1222737310,040348709,0.03890865668654442,0
1222737310,042050960,0.03234516829252243,0
1222737310,041585313,0.026568204164505005,0
1222737310,040111342,0.018096866086125374,0
1222812118,040525724,0.05205630138516426,1
1222812118,041327179,0.04236198216676712,0.3333333333333333
1222812118,041331125,0.025258082896471024,1
1222812118,041675762,0.023437047377228737,0
1223027880,040550729,0.508816659450531,0.6666666666666666
1223027880,040760014,0.10472036898136139,0.6666666666666666
1223027880,040737578,0.01149839349091053,0.6666666666666666
1223310264,04049716X,0.011601734906435013,0
1223459411,041126467,0.07719461619853973,0.3333333333333333
1223459411,040118908,0.06093372032046318,0.3333333333333333
1223459411,040013073,0.044997815042734146,0
1223459411,040348644,0.03938339650630951,0
122355452X,04049716X,0.030810464173555374,0
122355452X,1080677399,0.026311958208680153,0
122355452X,040395014,0.01826293393969536,0
122355452X,040457915,0.005366562865674496,0.6666666666666666
1223560600,040178943,0.05234993249177933,0
1223560600,040443027,0.03662664815783501,0
1223560600,040457915,0.033464644104242325,0.6666666666666666
1223560600,040470555,5.497927777469158e-4,0.6666666666666666
1223660761,040489469,0.2519482970237732,0.6666666666666666
1223660761,04059758X,0.09498871117830276,0.6666666666666666
1223660761,040028518,0.0722261443734169,0
1223660761,040464962,0.0448714904487133,0
1223660761,040440672,0.04387432709336281,0
1223660761,040367185,9.821195853874087e-4,0
1223785157,040350886,0.2764492630958557,0.6666666666666666
1223785157,993106455,0.04402761906385422,0
1223785157,041243064,0.04003554955124855,0.6666666666666666
1223865746,041172256,0.061340488493442535,0.6666666666666666
1223865746,040600874,0.028289031237363815,0.3333333333333333
1223865746,041949013,0.018805131316184998,0.6666666666666666
1223865746,940431181,0.013133307918906212,0.3333333333333333
1223868168,946050708,0.9990073442459106,1
1223868168,942868765,0.015076142735779285,0.3333333333333333
1223868168,043134556,0.015046916902065277,0.6666666666666666
1223868168,041153340,0.009926674887537956,0.3333333333333333
1224191560,041283430,0.057102859020233154,0.6666666666666666
1224191560,041209974,0.0553504154086113,0.3333333333333333
1224191560,965235785,0.053739361464977264,0.6666666666666666
1224191560,040054616,0.04980281740427017,0.3333333333333333
1224191560,000354392,0.0416719987988472,0.3333333333333333
1224535529,040026418,0.48248329758644104,0.6666666666666666
1224535529,100929847X,0.369486004114151,0.6666666666666666
1224535529,957319304,0.2115376889705658,0.6666666666666666
1224535529,04029577X,0.025349313393235207,0.6666666666666666
1224539818,040118827,0.11948563158512115,0
1224539818,040597873,0.0567275695502758,0.3333333333333333
1224539818,040184218,0.05468517541885376,0
1224539818,040583236,0.02251552604138851,0.3333333333333333
1224539818,040155412,0.021338945254683495,0
1224539818,967941407,0.001111793564632535,0.6666666666666666
122468155X,040130215,0.24707341194152832,1
122468155X,040118827,0.22853043675422668,1
122468155X,04135012X,0.06132593750953674,0
122468155X,040573338,0.05410127714276314,1
122468155X,041156943,0.005274216178804636,0
1224882857,040615553,0.01812991127371788,0.6666666666666666
1224882857,040600874,0.009387168101966381,0.3333333333333333
1224882857,040756645,5.299765034578741e-4,0.3333333333333333
1224964829,040275035,0.07183581590652466,0
1224964829,040408027,0.06849373877048492,0.3333333333333333
1224964829,041333209,0.047628261148929596,0.3333333333333333
1224964829,04127993X,0.0020314264111220837,0.6666666666666666
1225017890,040205886,0.40166711807250977,0
1225017890,041278887,0.3794381022453308,0
1225017890,041811585,0.3743089735507965,0
1225017890,040465403,0.26365721225738525,0
1225017890,040272745,0.0895640105009079,0
1225017890,041264576,0.06261616200208664,0
1225024285,952407345,0.12089958041906357,0.6666666666666666
1225024285,041294920,0.12087821960449219,0
1225024285,040465144,0.0789577066898346,0
1225024285,040762157,0.0437815897166729,0.6666666666666666
1225256178,040414213,0.7739885449409485,0
1225256178,040563669,0.09863577783107758,0.6666666666666666
1225256178,041256654,0.05036795884370804,0
1225292255,04059758X,0.25223278999328613,0.3333333333333333
1225292255,040158756,0.20711871981620789,0.3333333333333333
1225292255,040307263,0.06865327805280685,0.3333333333333333
1225294495,945262779,0.2622212767601013,0.6666666666666666
1225294495,040740986,0.0783381313085556,1
1225294495,040350932,0.06492844969034195,1
1225294495,040350886,0.0013999234652146697,0
1225411351,040674886,0.06982222199440002,0
1225411351,040563669,0.0389530174434185,0
1225512700,041714385,0.1621437668800354,0.6666666666666666
1225512700,042525799,0.06091759353876114,0
1225512700,040199568,0.006328230258077383,0.6666666666666666
1225512700,040567303,0.005953929387032986,1
1225549094,040197026,0.27440065145492554,0
1225549094,040773493,0.1001836284995079,0
1225549094,041520882,0.08108066022396088,0
1225549094,04055760X,0.06667541712522507,0.3333333333333333
1225549094,04173873X,0.04737398773431778,0
1225606403,974675598,0.12465804815292358,0.6666666666666666
1225606403,970714106,0.05355542153120041,0.6666666666666666
1225606403,040373630,0.05190684273838997,0.6666666666666666
1225606403,040097366,0.00939776748418808,0.6666666666666666
1225606403,040581675,0.0017402020748704672,0.6666666666666666
1225628237,041207904,0.3136548399925232,0.6666666666666666
1225628237,040603369,0.1905461996793747,0.6666666666666666
1225628237,041547802,0.03898075968027115,0
1225628237,04121482X,0.002107588341459632,0
1225740428,041699165,0.06277934461832047,1
1225740428,947676724,0.05733107775449753,0.6666666666666666
1225740428,040263312,0.056578129529953,0.6666666666666666
1225740428,040118908,0.026756364852190018,0
1225740428,04018837X,0.004009005147963762,1
1225740428,040763080,0.0030505023896694183,0.6666666666666666
1225932858,040052486,0.03195514529943466,0
1225932858,040787044,0.028481971472501755,0
1225932858,040757390,0.02054153010249138,0
1225932858,040118827,0.01161347795277834,0.3333333333333333
1225932858,042642507,0.011450342833995819,0
1226064531,040457915,0.09273140132427216,0
1226064531,041572378,0.09022016078233719,1
1226064531,041360419,0.03533006086945534,0
1226064531,040111520,0.034386374056339264,0
1226093574,040187764,0.03512593358755112,0.3333333333333333
1226093574,040630048,0.03169940784573555,0
1226093574,04061963X,0.014074429869651794,0.3333333333333333
1226135498,040014460,0.3126261830329895,0.6666666666666666
1226135498,040118827,0.08916953951120377,0.6666666666666666
1226135498,040052273,0.07454321533441544,0
1226135498,04120719X,0.07095722109079361,0.6666666666666666
1226135498,040746593,0.0068204826675355434,0.3333333333333333
1226410715,040443027,0.38934317231178284,0
1226410715,041154843,0.14481155574321747,0.6666666666666666
1226410715,040118827,0.13973915576934814,0
1226410715,042056047,0.05836080387234688,0
1226852718,040228983,0.1338648945093155,0
1226852718,042798728,0.044368814677000046,0.6666666666666666
1226852718,040118827,0.03813568502664566,0
1226852718,041448634,0.00976572372019291,1
1226852718,041596536,0.007853163406252861,0.6666666666666666
1226946305,040028518,0.03580992668867111,0.3333333333333333
1226946305,041388038,0.02283572033047676,0.3333333333333333
1226946305,040432718,0.019180189818143845,0.3333333333333333
1226946305,040155536,0.018289875239133835,0
1226946305,040006263,0.0016546351835131645,0.3333333333333333
1226968309,040408027,0.18674412369728088,0.6666666666666666
1226968309,041386493,0.04503481090068817,0.3333333333333333
1226968309,040751287,0.03324614465236664,0.6666666666666666
1226968309,041333209,0.02242106944322586,0.3333333333333333
1226968309,040408418,0.0030867985915392637,0.6666666666666666
1226985750,040748367,0.5812286734580994,0.6666666666666666
1226985750,040599795,0.07505615800619125,0.6666666666666666
1226985750,04020734X,0.054697681218385696,0
1226985750,041155467,0.05102308839559555,1
1226985750,040455157,0.0010891101555898786,0.3333333333333333
1226987028,041579127,0.050437428057193756,0.3333333333333333
1226987028,042119502,0.04119228199124336,0.3333333333333333
1226987028,040597989,0.0323004424571991,0.6666666666666666
1226987028,040475115,0.015599733218550682,0
1227048637,040069028,0.8799120187759399,0.3333333333333333
1227048637,040414183,0.1317407637834549,0.3333333333333333
1227048637,040754219,0.04623057693243027,0.3333333333333333
1227048637,941757862,0.03131956607103348,0.3333333333333333
1227301790,04182122X,0.29085153341293335,0.3333333333333333
1227301790,040246752,0.09116058051586151,0.6666666666666666
1227301790,04061560X,0.043157339096069336,0.3333333333333333
1227301790,041596595,0.03702831268310547,0.6666666666666666
1227301790,040685969,0.023913932964205742,0.6666666666666666
1227301790,981682243,0.014171214774250984,0.3333333333333333
1227377142,040158330,0.09743654727935791,0.6666666666666666
1227377142,004691792,0.09352165460586548,0
1227377142,040307026,0.04511908441781998,0.3333333333333333
1227377142,041165683,0.030380219221115112,0.3333333333333333
1227377142,040734366,0.027480635792016983,0
1227381654,040432718,0.18888382613658905,0
1227381654,040118827,0.1001267060637474,0
1227381719,040378454,0.3174823820590973,1
1227381719,041145259,0.060929231345653534,0
1227381719,040359646,0.03791927173733711,0
1227381719,041143337,0.0230844859033823,0
1227381719,040314839,0.02088194526731968,0
1227381719,1206347392,6.081715109758079e-4,0.6666666666666666
1227386990,118610465,0.5009609460830688,0.6666666666666666
1227386990,043175554,0.4342597424983978,0
1227386990,040640329,0.25314539670944214,0
1227386990,04049716X,0.08823021501302719,0
1227386990,040457915,0.07510773837566376,0.6666666666666666
122755897X,041163877,0.35364454984664917,0.6666666666666666
122755897X,040354393,0.16460633277893066,0
122755897X,042539579,0.022078681737184525,0
122755897X,04140890X,0.019062159582972527,0.3333333333333333
122755897X,042775140,0.0034384396858513355,0.3333333333333333
1227707096,041230655,0.49660056829452515,1
1227707096,041969103,0.10341215133666992,1
1227707096,940431181,0.08129240572452545,0
1227707096,04061963X,0.043424684554338455,0
1227782780,041277945,0.05655953288078308,1
1227782780,040064395,0.04551030322909355,0
1227782780,040352064,0.04545079916715622,0
1227782780,040118908,0.04114115983247757,0
1227926057,040710343,0.15806618332862854,0.3333333333333333
1227926057,040597989,0.03216364234685898,0.3333333333333333
1227926057,041798007,0.029359877109527588,0.3333333333333333
1227926057,04125645X,0.0014816190814599395,0.6666666666666666
1228059799,040158330,0.220657616853714,0.3333333333333333
1228059799,040718670,0.10597161203622818,1
1228059799,041256980,0.043995924293994904,0
1228059799,040660095,0.03250977769494057,0
1228059799,040493962,0.026987779885530472,0.6666666666666666
1228059799,040494152,0.004199016373604536,0
1228059799,040494268,9.10286616999656e-4,0.3333333333333333
1228372969,040156028,0.2221202850341797,0.3333333333333333
1228372969,040118827,0.0445842407643795,0
1228372969,040458954,0.03150901198387146,0
1228372969,040782492,0.017721401527523994,0
1228372969,04129503X,0.013956308364868164,0
1228372969,041695569,0.012006647884845734,0.6666666666666666
1228372969,040348644,0.010213066823780537,0.3333333333333333
1228372969,040457915,0.005099113564938307,0.3333333333333333
122856129X,041291085,0.20326285064220428,1
122856129X,040457915,0.06599234789609909,0.3333333333333333
122856129X,965053733,0.023065082728862762,0
122856129X,040672719,0.021288812160491943,0
1228721637,040223493,0.31452733278274536,1
1228721637,040599795,0.07043341547250748,0
1228721637,040118827,0.04548867791891098,0
122876185X,041143337,0.13523432612419128,0.6666666666666666
122876185X,040542602,0.09884139150381088,0.3333333333333333
122876185X,040171027,0.07958845049142838,0.3333333333333333
122876185X,118535315,0.02292586863040924,0.6666666666666666
1228911681,118540238,0.6934579014778137,0
1228911681,040660524,0.09901271015405655,0
1228911681,040414213,0.06765223294496536,0
1228911681,040597563,0.04493583366274834,0.3333333333333333
1228911681,04059758X,0.03347732499241829,0.3333333333333333
1229036504,04015016X,0.05342438071966171,0
1229036504,040332039,0.010811598971486092,0.3333333333333333
1229700013,040563669,0.016171541064977646,0.6666666666666666
1229700013,040777049,0.015476338565349579,0.3333333333333333
1229700013,040149633,0.007505461573600769,0.6666666666666666
1229700013,041343735,0.006974268704652786,0.6666666666666666
1229700013,042309484,0.0012381274718791246,0.6666666666666666
1229817786,040447898,0.10910447686910629,0.6666666666666666
1229817786,040156028,0.044423799961805344,0.6666666666666666
1229817786,04055676X,0.02568960189819336,0.3333333333333333
1229817786,040178943,0.02001599408686161,0.3333333333333333
1229834753,040151107,0.6426323056221008,0.6666666666666666
1229834753,040118827,0.6093854904174805,0.6666666666666666
1229834753,97200923X,0.05922660231590271,0.3333333333333333
1229834753,041143825,0.058028243482112885,0.6666666666666666
1229834753,040157016,0.03983650729060173,0.3333333333333333
1230026010,040200159,0.09033581614494324,0.6666666666666666
1230026010,961739223,0.07953748852014542,0.6666666666666666
1230026010,040197026,0.06578397750854492,0.6666666666666666
1230026010,04060294X,0.015317762270569801,0.6666666666666666
1230026177,040140156,0.25202256441116333,0
1230026177,042752477,0.15314170718193054,0
1230026177,1036374998,0.15163831412792206,0
1230026177,041810252,0.04948964715003967,0
1230026177,964766485,0.04125388339161873,0
123003675X,040307204,0.33201321959495544,1
123003675X,041308115,0.06698932498693466,0
123003675X,040158330,0.027656879276037216,0.6666666666666666
123003675X,041390679,0.022858336567878723,0
1230065431,040581675,0.1772346794605255,0.3333333333333333
1230065431,040118827,0.015978258103132248,0
1230065431,964751038,0.014384200796484947,0
1230065431,040072932,0.013056701049208641,0
1230065431,04045956X,0.011830978095531464,0.3333333333333333
1230085165,040531252,0.12347158044576645,0
1230085165,040348644,0.1095658540725708,0
1230085165,041355903,0.07720578461885452,0
1230085165,04072560X,0.024524126201868057,0
1230085165,041134869,0.02146446332335472,0
1230085165,04049716X,0.007518661208450794,0
1230085165,040756602,6.83870748616755e-4,0.3333333333333333
1230085165,040389367,6.302943220362067e-4,0.3333333333333333
1230468838,041455762,0.22043395042419434,0.6666666666666666
1230468838,000354392,0.10518835484981537,0
1230468838,041126467,0.014598635025322437,0.6666666666666666
1230610200,04131946X,0.09883657097816467,1
1230610200,041951417,0.05021108314394951,0.3333333333333333
1230610200,953407497,0.0432572141289711,0
1230627901,040205886,0.04846832528710365,0
1230627901,040118827,0.041903913021087646,0
1230627901,042000858,0.019651178270578384,0
1230627901,040457915,0.01778126135468483,0.3333333333333333
1230627901,04049716X,0.0015251107979565859,0
1230755500,040082423,0.08423887938261032,0
1230755500,040171027,0.04939870908856392,0
1230755500,118604287,0.03297979384660721,0
1230755500,040457915,0.025883033871650696,0
1230755500,116853700,0.023688998073339462,0
1230755500,004691792,0.003910139203071594,0.3333333333333333
1230870024,040487377,0.040885183960199356,0
1230870024,040269019,0.025554677471518517,0
1230870024,041155912,0.018786322325468063,0
1230870024,042142768,0.018640723079442978,1
1230986529,040784606,0.02692360244691372,0
1230986529,040709140,0.022881627082824707,0
1230986529,041386507,0.016361456364393234,0
1230986529,040418022,0.001357023254968226,0
1231275146,11854523X,0.07431144267320633,0
1231275146,041143337,0.002791993087157607,0.3333333333333333
1231284196,042753953,0.15605895221233368,0.3333333333333333
1231284196,1168931614,0.021953701972961426,0
1231284196,04054365X,0.016759593039751053,0
1231284196,041615506,0.016276156529784203,0
1231284196,118584596,0.004657907411456108,0.6666666666666666
1231359285,040006263,0.205399751663208,0.3333333333333333
1231359285,040643174,0.05973823741078377,0.3333333333333333
1231359285,040359646,0.05792646482586861,0
1231359285,040458954,0.0550052747130394,0
1231547553,040789314,0.9020195007324219,0.6666666666666666
1231547553,040623882,0.05698041990399361,0.3333333333333333
1231547553,041218396,0.027242055162787437,0
1231547553,040147487,0.018055567517876625,0
1231547553,040680975,0.01793806068599224,0
1231547553,040623866,0.008893569000065327,1
1231712961,040464016,0.16731177270412445,0.6666666666666666
1231712961,043128114,0.16081860661506653,0.6666666666666666
1231712961,100072185X,0.059518493711948395,0
1231801441,041884175,0.08571437001228333,0
1231801441,040309339,0.08145467191934586,0
1231801441,040005569,0.06784715503454208,0.3333333333333333
1231911409,041234170,0.07565697282552719,0
1231911409,041356039,0.04659479111433029,0
1231911409,041238907,0.0355180986225605,0
1231911409,042793238,0.03253069147467613,0
1231960124,040538818,0.10459355264902115,0
1231960124,040118894,0.07442249357700348,0
1231960124,040487377,0.06728515774011612,0
1231960124,040321487,0.02076767198741436,0
1231960124,041253132,0.01646435633301735,0
1231980729,040315754,0.2238469123840332,0.3333333333333333
1231980729,040459810,0.04316834732890129,0
1231980729,040764192,0.03660871833562851,0
1231980729,041377184,0.03574001416563988,0.6666666666666666
1231980729,040018954,0.03139493614435196,0
1232075493,040563669,0.05835939198732376,0.3333333333333333
1232075493,040538818,0.03673030063509941,0
1232075493,040432718,0.032574933022260666,0
1232075493,041306155,0.008784969337284565,0.6666666666666666
1232284769,040350886,0.14882028102874756,0.6666666666666666
1232284769,040533697,0.10484685748815536,0.6666666666666666
1232284769,040443027,0.029794856905937195,0
1232285234,040052486,0.05590653419494629,0
1232285234,040457915,0.04973834380507469,0.3333333333333333
1232285234,040597873,0.03865310549736023,0.3333333333333333
1232285234,040003205,0.03820028901100159,0.6666666666666666
1232285234,04077628X,8.950824849307537e-4,0.6666666666666666
1232551953,043128114,0.6938768625259399,0.6666666666666666
1232551953,041164857,0.09825999289751053,0.6666666666666666
1232551953,041859375,0.02541596069931984,0.6666666666666666
1232551953,040257983,0.01877467706799507,0.6666666666666666
1232551953,040274845,0.00949415285140276,0.6666666666666666
123264580X,042344530,0.30296292901039124,0.6666666666666666
123264580X,040323862,0.1329376995563507,0
123264580X,04130246X,0.09848017990589142,0.3333333333333333
123264580X,041231414,0.006180692929774523,0.3333333333333333
1233113666,040728110,0.03525099158287048,0
1233113666,040582167,0.030614729970693588,0.6666666666666666
1233113666,944205399,0.027014166116714478,0.3333333333333333
123329492X,040189686,0.9416027069091797,0.6666666666666666
123329492X,040438309,0.11797203868627548,0
123329492X,041423992,0.08504264056682587,0
123329492X,040432718,0.08381754159927368,0
1234017814,042117356,0.05921075493097305,1
1234017814,04068878X,0.05082715302705765,0
1234017814,041256980,0.04881257563829422,0
1234017814,040030857,0.04760919138789177,0
1234017814,040615774,0.02339160069823265,0
1234241463,04123412X,0.11120463907718658,0
1234241463,040751287,0.04612637683749199,0
1234241463,040408434,0.04415833204984665,0
1234241463,040494500,0.03147537261247635,0
1234241463,040171299,0.005783977918326855,0.6666666666666666
1234639998,042946115,0.05799146369099617,0
1234639998,040714977,0.02855805493891239,0.3333333333333333
1234680971,040583937,0.10880770534276962,0
1234680971,041143337,0.03696814924478531,0.6666666666666666
1234680971,040389715,0.035255707800388336,0
1234680971,04002394X,0.030839717015624046,0.3333333333333333
1234873680,041126815,0.16767503321170807,0
1234873680,041441826,0.08476945012807846,0.3333333333333333
1235016358,040455157,0.09734330326318741,0.6666666666666666
1235016358,940431181,0.08105073869228363,0.3333333333333333
1235016358,041549473,0.07650096714496613,0.3333333333333333
1235016358,040031152,0.04503428563475609,1
1235016358,040118827,0.0017978347605094314,0.3333333333333333
1235017249,040597989,0.07898559421300888,0.3333333333333333
1235017249,041293568,0.0347205251455307,0.3333333333333333
1235017249,040455157,0.02519039809703827,0.6666666666666666
1235017249,041974298,8.603889727964997e-4,0.6666666666666666
123501827X,040328449,0.09459781646728516,0.3333333333333333
123501827X,040526925,0.04993380233645439,0.6666666666666666
123501827X,040416437,0.019186031073331833,0.6666666666666666
123501827X,040739317,0.0068795704282820225,0.3333333333333333
123501827X,040118827,0.005595511756837368,0.3333333333333333
123501827X,947676724,0.005332163535058498,0.3333333333333333
1235018792,040290026,0.04110638052225113,0
1235018792,041884825,0.02786305546760559,0
1235018792,041256980,0.025515973567962646,0.3333333333333333
1235018792,043121438,0.02264447882771492,0
1235083276,040026418,0.29244667291641235,0
1235083276,041239288,0.21534378826618195,1
1235083276,042403006,0.08878301084041595,0.3333333333333333
1235083276,041230655,0.014252513647079468,0.3333333333333333
1235210170,041207300,0.6195771098136902,1
1235210170,041514343,0.14562265574932098,1
1235210170,042141516,0.036300696432590485,1
1235210170,98885919X,0.03552301228046417,0.6666666666666666
1235210170,040747980,0.017270248383283615,0.6666666666666666
1235300153,041381424,0.16409356892108917,0
1235300153,04139402X,0.07321718335151672,0
1235300153,042377277,0.06375303864479065,0
1235300153,041233778,0.003977417014539242,0
1235300153,041596536,0.0017379166092723608,0
1235515613,040118827,0.019535299390554428,0
1235515613,040674886,0.010210514068603516,0
1235515613,040184803,0.008802054449915886,0
1235515613,040616193,0.006398212164640427,0
1235515613,040595218,0.0061991638503968716,0
1235622851,040674886,0.038441069424152374,0
1235622851,040118827,0.029822707176208496,0
1235622851,041763084,0.01603560522198677,0
1235622851,040700879,0.015080188401043415,0.6666666666666666
1236814231,040118827,0.034354232251644135,0.3333333333333333
1236814231,040605957,0.021622642874717712,0.3333333333333333
1236814231,040104575,0.018005890771746635,0
1236842154,040391973,0.11100077629089355,0.6666666666666666
1236842154,040042960,0.10304087400436401,0.6666666666666666
1236842154,040727122,0.09225152432918549,0
1236842154,041938828,0.04911111667752266,0.3333333333333333
1237080754,041807065,0.07980041950941086,0
1237080754,04128593X,0.0768200010061264,0
1237080754,040254089,0.05278874188661575,0
1237080754,040100766,0.05097592622041702,0
1237080754,947814876,0.046031467616558075,0
1237080967,04072560X,0.46719855070114136,0
1237080967,040581675,0.11095400899648666,0.3333333333333333
1237080967,040118827,0.09939368069171906,0
1237080967,040059618,0.05548154562711716,0.6666666666666666
1237685516,041279360,0.1065913662314415,0.6666666666666666
1237685516,040352366,0.04695800691843033,0
1237685516,042031346,0.03150894492864609,0
1237685516,041706013,0.028490852564573288,0.6666666666666666
1237685516,040777049,0.02246270515024662,0
1237815592,040305503,0.3993998169898987,0.6666666666666666
1237815592,040118827,0.20943579077720642,0.6666666666666666
1237815592,040223493,0.15467163920402527,0.6666666666666666
1237899257,040487377,0.030560443177819252,0
1237899257,04020832X,0.027156036347150803,0
1237899257,040487865,0.020403366535902023,0.3333333333333333
1237899257,040206769,0.0032900539226830006,0.6666666666666666
1237899257,040206823,0.0019899799954146147,0.6666666666666666
1237960398,040487377,0.02120846137404442,0
1237960398,041280229,0.01819324865937233,0
1237961041,940431181,0.5671601295471191,0
1237961041,000354392,0.5070249438285828,0.6666666666666666
1237961041,040118827,0.14505808055400848,0
1237961041,040488497,0.11618737876415253,0
1237961041,04026596X,0.03597355633974075,0.3333333333333333
1237962137,040118827,0.40030473470687866,0.3333333333333333
1237962137,040631419,0.11407054960727692,0
1237962137,040052486,0.048835963010787964,0
1237962137,040446964,0.003780534490942955,0
1237974143,040566188,0.39158907532691956,0.6666666666666666
1237974143,040307026,0.18000230193138123,0.6666666666666666
1237974143,040651096,0.059701353311538696,0
1237974143,040158330,0.04162914678454399,0
1237974143,040307468,0.029803112149238586,0.6666666666666666
1238147631,040118827,0.09900970011949539,0.3333333333333333
1238268536,040182029,0.2509893476963043,0
1238268536,040316165,0.12973082065582275,0
1238268536,040612155,0.12907418608665466,0
1238268536,04010074X,0.07767233997583389,0
1238490255,040457915,0.19063426554203033,0.6666666666666666
1238490255,040118827,0.18920716643333435,0
1238490255,04049716X,0.08055546134710312,0
1238490255,041138635,0.03671563044190407,0.6666666666666666
1238490255,040992225,0.027075260877609253,0.6666666666666666
1238495834,041156013,0.06588604301214218,0
1238495834,042059429,0.052273768931627274,0.3333333333333333
1238655343,040118827,0.23441238701343536,0
1238655343,040573923,0.11548051983118057,0.6666666666666666
1238655343,040772586,0.07976856827735901,0.6666666666666666
1238655343,040413160,0.04003695771098137,0
1238655343,04079167X,0.0191195085644722,0
1238655343,142391182,0.015285953879356384,0
1238655343,124730752,0.015285953879356384,0
1238655343,042578205,0.002491807797923684,0
123878142X,040791637,0.03795416280627251,0
123878142X,040654710,0.037418417632579803,0.3333333333333333
123878142X,991483006,0.03678910434246063,0.3333333333333333
123878142X,04248362X,0.0013920175842940807,0.6666666666666666
1238789714,040269558,0.08322596549987793,0.3333333333333333
1238789714,040059103,0.03904198855161667,0
1238789714,040118827,0.02262769266963005,0
1238789714,040452697,0.01815682277083397,0
1238789714,040425703,0.014735055156052113,0
1238889069,040541843,0.7895318269729614,0.3333333333333333
1238889069,041145518,0.26052671670913696,0.3333333333333333
1238889069,042249120,0.2135293036699295,0.3333333333333333
1238889069,040383016,0.025157934054732323,0.3333333333333333
1238892213,040118827,0.049578092992305756,0.3333333333333333
1238892213,04173873X,0.04756150394678116,0.3333333333333333
1238892213,040386392,0.024571098387241364,0.3333333333333333
1238894550,040597873,0.07353417575359344,0.3333333333333333
1238894550,040559165,0.049802783876657486,0.3333333333333333
1238894550,041214722,0.027836402878165245,0
1238894550,040288595,0.02146400883793831,0.3333333333333333
1238894550,040118827,9.251650189980865e-4,0.3333333333333333
1239047886,040477045,0.35909515619277954,0.3333333333333333
1239047886,041550455,0.0847209095954895,0.3333333333333333
1239047886,040028518,0.057597409933805466,0
1239047886,04018272X,0.037323810160160065,0.3333333333333333
1239047886,041602145,0.018679048866033554,0.3333333333333333
1239177739,04066399X,0.05945085361599922,0.3333333333333333
1239177739,940431181,0.05550588294863701,0.3333333333333333
1239177739,041230655,0.05470923334360123,0.6666666666666666
1239177739,040118827,0.007086298428475857,0.3333333333333333
1239442580,040118827,0.019535299390554428,0.3333333333333333
1239442580,040674886,0.010210514068603516,0
1239442580,040184803,0.008802054449915886,0
1239442580,040616193,0.006398212164640427,0
1239442580,040595218,0.0061991638503968716,0
1239560591,040694186,0.09634040296077728,0.3333333333333333
1239560591,040223493,0.0797966942191124,0
1239560591,040425703,0.02001124806702137,0
1239560974,040710459,0.1835044026374817,0
1239560974,04054365X,0.03736192733049393,0.6666666666666666
1239560974,040733165,0.025470059365034103,0.6666666666666666
1239560974,040223493,0.01463176030665636,0.6666666666666666
1239560974,040533697,0.001144745503552258,0.3333333333333333
1239561229,040646890,0.03973003476858139,0
1239561229,118560867,0.0160504337400198,0
1239561229,040457982,0.01452208124101162,0
1239615892,040432718,0.16832073032855988,0
1239615892,040052486,0.07246420532464981,0
1239615892,040118827,0.06147865206003189,0
1239615892,040166414,0.05034502595663071,0.6666666666666666
1239658532,041291085,0.16235098242759705,1
1239658532,040157016,0.07862391322851181,0
1239658532,040457915,0.05416758731007576,0.6666666666666666
1239658532,04054365X,0.03425578773021698,0
1239658532,04010074X,7.627917802892625e-4,0
1239837429,041406605,0.038669418543577194,0.3333333333333333
1239837429,040171027,0.018329866230487823,0
1239837429,043104126,0.013709013350307941,0
1239837429,041722515,0.012841383926570415,0
1239837429,040300536,0.002570431213825941,1
123983778X,04026193X,0.04552943632006645,0.6666666666666666
123983778X,040300536,0.04370424151420593,0.6666666666666666
123983778X,040440214,0.008798705413937569,0.6666666666666666
1239893833,04056021X,0.3750755786895752,0.3333333333333333
1239893833,040118827,0.357574999332428,0.3333333333333333
1239893833,040718786,0.2227277010679245,0
1239893833,040199029,0.05681142956018448,0.6666666666666666
124005274X,040222330,0.035294659435749054,0
124005274X,040477045,0.030736112967133522,0.3333333333333333
124005274X,95762168X,0.030289610847830772,0
124005274X,040288595,0.026851225644350052,0
124005274X,041753615,0.006246504373848438,0.6666666666666666
1240077246,041176227,0.14944492280483246,0.3333333333333333
1240077246,040674886,0.06311215460300446,0
1240077246,040714977,0.032051123678684235,0
1240077246,040154289,0.019915468990802765,0
1240077246,041269144,0.0033370547462254763,0
124031647X,040563669,0.27438029646873474,0.6666666666666666
124031647X,040118827,0.09861616790294647,0.6666666666666666
124031647X,040154289,0.04187125340104103,0
124031647X,04069335X,0.0022331776563078165,0.3333333333333333
1240437277,040118827,0.10781700909137726,0.3333333333333333
1240437277,042486637,0.08996342122554779,0.6666666666666666
1240437277,042174228,0.08198816329240799,1
1240437277,041798007,0.025937508791685104,0.6666666666666666
1240437277,041914120,0.02581184171140194,0
1240437277,040409082,0.02309923991560936,0.3333333333333333
1240487649,040674886,0.08847323060035706,0
1240487649,040118827,0.055314671248197556,0.3333333333333333
1240487649,041204662,0.05294547230005264,0
1240487649,04026193X,0.012679549865424633,0.3333333333333333
1240487649,040613887,0.01218386460095644,0.6666666666666666
1240487878,040455033,0.49951544404029846,1
1240487878,040628604,0.13002708554267883,0.3333333333333333
1240487878,040601250,0.028522903099656105,0
1240487878,043029663,0.02641373872756958,0
1240615582,040118827,0.09741278737783432,0
1240615582,979651808,0.04808179289102554,0
1240615582,041230655,0.04633529484272003,0.6666666666666666
1240615582,040697940,0.04529959335923195,0
124101907X,04291096X,0.03445831686258316,0
124101907X,042730228,0.016357790678739548,0
124101907X,041780302,0.013876725919544697,0
124101907X,041693698,0.013558116741478443,0
124101907X,964082993,0.013485191389918327,0
124101907X,040118827,0.006207302678376436,0
1241667373,041143337,0.38265371322631836,0.3333333333333333
1241667373,040052486,0.1678714156150818,0
1241667373,040386546,0.09183225780725479,0
1241667373,040457915,0.06457696855068207,0
1241667373,040487377,0.044352173805236816,0
1241667373,040006263,0.014083722606301308,0.3333333333333333
1241667373,04049716X,0.00643164524808526,0
1242381635,040398099,0.097344771027565,0.3333333333333333
1242381635,04039798X,0.04785972461104393,0.3333333333333333
1242381635,004691792,0.02694067358970642,0
1242381635,971428867,0.019626695662736893,0
1242381635,104776640X,0.01759248599410057,0
1242381635,993195350,0.011837753467261791,0
1242484329,055920462,0.06834061443805695,0
1242484329,040307204,0.0332198403775692,0
1243286652,041387287,0.638317883014679,0.3333333333333333
1243286652,965002845,0.10949339717626572,0
1243286652,1000723437,0.03390849754214287,1
124335111X,040118827,0.19017831981182098,0.3333333333333333
1243351209,040130215,0.0937487855553627,0.3333333333333333
1243351209,040305503,0.05699603632092476,0.3333333333333333
1243351209,040118908,0.053573738783597946,0
1243351209,041628640,0.04909256845712662,1
124366343X,042823048,0.02400374598801136,0
124366343X,042005205,0.023302961140871048,0
124366343X,040154645,0.022358953952789307,0
124366343X,041600916,0.022228796035051346,0.3333333333333333
124366343X,041900073,0.02058931067585945,0
1244915742,040189686,0.6517773866653442,0.6666666666666666
1244915742,040118827,0.6115468144416809,0.6666666666666666
1244915742,040348873,0.08040966093540192,0
1244915742,041447794,0.004199014510959387,0.6666666666666666
1245445928,040157016,0.0924520343542099,0
1245445928,042194156,0.042406223714351654,0.3333333333333333
1245445928,041557360,0.007684505078941584,1
1245445928,040189686,0.006399364676326513,0.6666666666666666
1245936182,100374446X,0.1524743139743805,0.6666666666666666
1245936182,948942304,0.08915673941373825,0
1245936182,040557626,0.06189938634634018,0
1246814307,04138024X,0.4501091539859772,1
1246814307,040589404,0.016959290951490402,0.3333333333333333
1246814307,040605957,0.009989937767386436,0.6666666666666666
1246897385,041418778,0.09455342590808868,0.3333333333333333
1246897385,040118827,0.05121781677007675,0.3333333333333333
1246897385,1041849648,0.008528562262654305,0.3333333333333333
1246897385,041550188,0.007283318787813187,0.3333333333333333
1246897385,042110726,0.006135724484920502,0.3333333333333333
1247174204,040621324,0.07223039120435715,0.6666666666666666
1247174204,040489469,0.0702226534485817,0.3333333333333333
1247174204,04049716X,0.0635983943939209,0
1247174204,040767698,0.02650758996605873,0
1247174204,040420469,0.005094270687550306,0
1247217221,004691792,0.3166511654853821,0.6666666666666666
1247217221,040718670,0.30758166313171387,0.6666666666666666
1247217221,041286502,0.03273118659853935,0.6666666666666666
1247217221,040288595,0.0023362061474472284,0
1247407322,040741672,0.3411189019680023,0
1247407322,040640167,0.09197021275758743,0.6666666666666666
1247407322,040775135,0.06822513043880463,1
1247407322,040223493,0.007342697121202946,0.6666666666666666
1247407322,042064953,0.002365470165386796,0
1247407322,040119750,0.002035862999036908,0
1247479579,040118827,0.019535299390554428,0.6666666666666666
1247479579,040184803,0.008802054449915886,0
1247479579,040616193,0.006398212164640427,0
1247479579,040595218,0.0061991638503968716,0
1247573877,040314839,0.18641148507595062,0.3333333333333333
1247573877,040163970,0.05700626224279404,0
1247573877,041164830,0.05587614327669144,0.6666666666666666
1247573877,042381185,0.05210364982485771,0.3333333333333333
1247573877,04020832X,0.006344791501760483,0.3333333333333333
1247578186,118594117,0.20801623165607452,0
1247578186,040124940,0.06486231833696365,0.3333333333333333
1247578186,040368718,0.04839201644062996,0
1247578186,972892842,0.01802966184914112,0
1247578186,998329959,0.010245759971439838,0.6666666666666666
1247862119,04049716X,0.07658584415912628,0
1248421531,040701778,0.05671699717640877,0
1248421531,041295374,0.052062153816223145,0
1248421531,040675378,0.039898067712783813,0
1248421531,945137184,0.024618040770292282,0
1248421531,040013073,0.0232392530888319,0
124848469X,040710130,0.11539385467767715,0.3333333333333333
124848469X,040446603,0.05423702672123909,0
124848469X,940431181,0.03894351050257683,0
124848469X,040257983,0.03527728095650673,0
1249014395,040398277,0.03234764188528061,0
1249014395,041520742,0.025651592761278152,0
1249014395,040343863,0.024171380326151848,0
1249217113,040468119,0.8493447303771973,1
1249217113,041338065,0.18866446614265442,0.6666666666666666
1249217113,946225346,0.042866919189691544,0.3333333333333333
1249217113,041321456,0.03502959758043289,0
1249217113,04152117X,0.019372979179024696,0
1249217113,041596536,0.011404595337808132,0.3333333333333333
1249381363,040145166,0.13056837022304535,0.3333333333333333
1249381363,040476863,0.11740811914205551,0
1249381363,040026434,0.11037115752696991,0
1249381363,040305503,0.09050431102514267,0.3333333333333333
1249381363,040118827,0.08363430202007294,0
124946532X,043185398,0.10894904285669327,0.6666666666666666
124946532X,04061655X,0.07341847568750381,0.6666666666666666
124946532X,040432084,0.05228538438677788,0
1249799007,040352064,0.27532291412353516,0.3333333333333333
1249799007,040334236,0.2011646330356598,0.3333333333333333
1249799007,041468147,0.047965168952941895,0.3333333333333333
1249799007,040462773,0.020971616730093956,0.3333333333333333
1249799007,040086488,0.015585044398903847,0.3333333333333333
1249993164,040205886,0.13099128007888794,0
1249993164,040432718,0.07843860238790512,0
1249993164,04126892X,0.011003730818629265,0.3333333333333333
1250086078,041253523,0.14517419040203094,0.3333333333333333
1250086078,041520548,0.10675638914108276,0.6666666666666666
1250086078,041933648,0.04955977201461792,0.6666666666666666
1250086078,041204638,0.04325782507658005,0.6666666666666666
1250175437,04058724X,0.07299143821001053,0
1250175437,040118827,0.03595998138189316,0
1250175437,040470687,0.02902156114578247,0.3333333333333333
1250175437,040468860,0.026386147364974022,0
1250175437,040013073,0.010589507408440113,0
1250175437,040776247,0.0013868558453395963,0.3333333333333333
125021890X,040086909,0.0227903313934803,0
125021890X,040251314,0.01926071010529995,0
125021890X,041256980,0.01275148056447506,0
125021890X,04029577X,0.0022435751743614674,0.6666666666666666
1250251044,040120589,0.8179954290390015,0.6666666666666666
1250251044,118547739,0.06915341317653656,0
1250251044,118634313,0.04134981706738472,0
1250251044,118669664,0.025788191705942154,0
1250251044,04132370X,0.007410045713186264,0.6666666666666666
1250251044,04177342X,0.0011342710349708796,0.6666666666666666
125028032X,1095517384,0.03175824508070946,0.6666666666666666
1250331668,042327628,0.011051543056964874,0
1250331668,041783972,0.009674722328782082,0
1250331668,042069343,0.008184579201042652,0
1250343666,040777049,0.08286803960800171,0
1250343666,041824334,0.03255641460418701,0.3333333333333333
1250416728,040079554,0.253121554851532,0.3333333333333333
1250416728,040069494,0.10743917524814606,0.3333333333333333
1250416728,004691792,0.10206903517246246,0
1250416728,040621324,0.04299767687916756,0.6666666666666666
1250416728,040082407,0.030909519642591476,0
1250450705,040884058,0.26058322191238403,0.6666666666666666
1250450705,041385179,0.1192837804555893,0.3333333333333333
1250450705,040674886,0.10582602024078369,0
1250451027,004898869,0.04804478958249092,0
1250451027,041881710,0.03884240984916687,0.3333333333333333
1250451027,040408027,0.026160631328821182,0.3333333333333333
1250498252,940431181,0.10395753383636475,0
1250498252,041157125,0.09241070598363876,0
1250498252,040631478,0.007031092885881662,0.3333333333333333
1250498252,041157109,0.002071630209684372,0
1250671531,04123037X,0.29232534766197205,0
1250671531,041450388,0.17968016862869263,0
1250671531,041143337,0.028883684426546097,1
1250735092,041268954,0.11711635440587997,0
1250735092,04006851X,0.05838577076792717,0
1250735092,040694852,0.04764731600880623,0
1250735092,942487249,0.040765430778265,0
1250735092,041396227,0.033980730921030045,0
1250861055,040332292,0.0709778293967247,0
1250861055,041268652,0.029208797961473465,0
1251137180,041947479,0.4209569990634918,0.6666666666666666
1251137180,040762157,0.189144104719162,0.6666666666666666
1251137180,981966233,0.10725295543670654,0.6666666666666666
1251137180,040318834,0.10506591945886612,0.6666666666666666
1251137180,041342623,0.006646113004535437,0.6666666666666666
1251146368,040465144,0.06499940901994705,0
1251146368,040168425,0.026610326021909714,0
1251146368,040563669,0.002593187615275383,0.6666666666666666
1251146368,040006263,0.001094392966479063,1
1251149626,040171027,0.30423346161842346,0.3333333333333333
1251149626,041143337,0.11087306588888168,0.3333333333333333
1251149626,1009564889,0.06141727417707443,0.6666666666666666
1251153216,040065685,0.18485572934150696,0.6666666666666666
1251153216,040006263,0.05080046504735947,0.3333333333333333
1251153216,040464490,0.03239574283361435,0
1251153453,040597873,0.29843869805336,0.3333333333333333
1251153453,040006263,0.12947295606136322,0.6666666666666666
1251153453,040065685,0.05768056586384773,0.3333333333333333
1251153453,040789217,0.05075309798121452,0.6666666666666666
1251153453,040066320,0.025825250893831253,0
1251165036,118617443,0.07631287723779678,0
1251165036,040022374,0.06875155121088028,0
1251165036,040739724,0.06303133070468903,0
1251165036,041670329,0.02833687700331211,0
1251165036,000354392,0.027420004829764366,0
1251165036,040118827,0.007107327692210674,0
1251189202,040777049,0.04775045067071915,0
1251189202,040348644,0.029616545885801315,0.3333333333333333
1251189202,04128593X,0.018313631415367126,0.3333333333333333
1251189202,979466288,0.0022997104097157717,0
1251400639,04061672X,0.05440698191523552,0
1251400639,040612546,0.0266487505286932,0.3333333333333333
1251400639,040118827,0.0255536288022995,0
1251400639,04049716X,7.665149169042706e-4,0.3333333333333333
1251400639,040739724,5.16285072080791e-4,0.3333333333333333
1251531989,040158330,0.7791707515716553,0.6666666666666666
1251531989,040526925,0.6231560707092285,0.6666666666666666
1251531989,040118827,0.3434986472129822,0.3333333333333333
1251531989,040130215,0.24539270997047424,0.6666666666666666
125154908X,040588122,0.4557916224002838,0.3333333333333333
125154908X,040118827,0.2511086165904999,0.3333333333333333
125154908X,040487377,0.1000930517911911,1
125154908X,040777006,0.007513890974223614,0.3333333333333333
1251559182,040118827,0.9086604118347168,0.6666666666666666
1251559182,040488292,0.06401367485523224,0.3333333333333333
1251559182,041133064,0.03206552937626839,0.3333333333333333
1251559182,040125173,0.003933773376047611,0.3333333333333333
1251951007,040006263,0.09779872000217438,0.3333333333333333
1251951007,040359646,0.07180160284042358,0
1251951007,041206304,0.0048410119488835335,0.6666666666666666
1251951007,040336476,0.003947822377085686,0.6666666666666666
1252061579,041311892,0.06512109190225601,0.6666666666666666
1252061579,041833414,0.055126626044511795,0
1252061579,978280385,0.05512496083974838,0.3333333333333333
1252172362,040154645,0.14296066761016846,0.3333333333333333
1252172362,043283349,0.07933975756168365,0.6666666666666666
1252172362,041893999,0.07738853245973587,0.3333333333333333
1252172362,040492753,0.07002483308315277,0
1252288239,040637832,0.2830706238746643,1
1252288239,040465144,0.05042465403676033,0
1252288239,040457915,0.04770202189683914,0
1252288239,11850553X,0.023233119398355484,0
1252288239,040408027,0.001959812128916383,0.6666666666666666
1252319541,041124367,0.2054671347141266,0
1252319541,041214722,0.0628950297832489,0
1252319541,040271455,0.04631932079792023,0
1252319541,1001060539,0.04359305649995804,0
1252319541,040171027,0.03693869337439537,0
125234628X,118505556,0.10440737009048462,0.3333333333333333
125234628X,040041174,0.09085781872272491,0
125234628X,04049716X,0.061511747539043427,0
125234628X,118505505,0.04091440886259079,0
125234628X,040295095,0.01796550117433071,0.3333333333333333
1252797451,040710343,0.43293052911758423,0
1252797451,040714616,0.13507437705993652,0.6666666666666666
1252797451,040115100,0.035761427134275436,0
1252797451,040564584,0.03406541422009468,0
1252797451,040564592,0.006118192337453365,0.3333333333333333
1252797451,040119750,0.002155945636332035,1
1252867956,040564339,0.4721067547798157,0.6666666666666666
1252867956,040563669,0.21656112372875214,0.6666666666666666
1252867956,040413160,0.11719568818807602,1
1252867956,040118827,0.094524085521698,0.6666666666666666
1252867956,040352544,0.04590125009417534,0.6666666666666666
1252867956,040130215,0.013166548684239388,0.6666666666666666
1252879164,040469484,0.14745724201202393,0
1252879164,040651096,0.02253628894686699,0
1252879164,040372200,0.02069208398461342,0
1252879164,040768996,0.009910939261317253,0.6666666666666666
1252879164,040118827,0.006947223097085953,0.6666666666666666
1253319286,040189686,0.041245557367801666,0
1253319286,040271455,0.04000858590006828,0
1253319286,041977750,0.032459668815135956,0
1253319286,040673030,0.0010856285225600004,0
1253655235,040118827,0.07600320875644684,0
1253655235,041298489,0.07166367024183273,0
1253655235,040359646,0.042400967329740524,0
1253655235,040557367,0.033363956958055496,0.6666666666666666
1253742464,040500616,0.1809195727109909,0.3333333333333333
1253742464,041390679,0.07119821757078171,0
1253742464,041617347,0.07045046985149384,0.6666666666666666
1253742464,041532325,0.018992923200130463,0.3333333333333333
1253742464,040418952,0.016769809648394585,0.3333333333333333
1253742464,041604938,0.0010748805943876505,0.6666666666666666
1253748195,041155513,0.1210995465517044,0.6666666666666666
1253748195,040068552,0.05850335210561752,0
1253748195,040448908,0.05835532397031784,0.6666666666666666
1253748195,040455750,0.020495964214205742,0
1253929742,041230655,0.11908197402954102,0
1253929742,040205886,0.08053219318389893,0
1253929742,1275437583,0.04413897916674614,0
1253929742,040104532,0.03567233681678772,0
1253929742,041969103,0.025324907153844833,0
1253929742,043084168,0.0033738110214471817,0
1254931104,040614182,0.026451092213392258,0
1254931104,040159507,0.014361940324306488,0
1254931104,040557650,0.013340739533305168,0.6666666666666666
1254931104,040710424,0.004262058530002832,0
1255321962,040787044,0.08170759677886963,0
1255321962,040734390,0.07242082804441452,0.6666666666666666
1255321962,040223442,0.05901449918746948,0
1255321962,004691792,0.014325344935059547,0
1255500921,040437353,0.04736226052045822,0.6666666666666666
1255500921,040437264,0.042392581701278687,0
1255500921,04113771X,0.037539511919021606,0
1255500921,041312775,0.01731860265135765,0
1255500921,040312259,0.0031889881938695908,0.6666666666666666
1255559276,040354083,0.055853016674518585,0
1255559276,040118827,0.045830078423023224,0
1255559276,04061963X,0.043865006417036057,0.3333333333333333
1255559276,042411696,0.0419880673289299,0
1255559276,957571917,0.033705420792102814,0.3333333333333333
1255559276,041144023,0.010462736710906029,0
1255559276,041618173,0.005204222165048122,0
1256432393,040104575,0.46493610739707947,0.3333333333333333
1256432393,040354083,0.03651001304388046,0.3333333333333333
1256596884,040630013,0.21384873986244202,0.6666666666666666
1256596884,04059758X,0.07941336929798126,0.6666666666666666
1256596884,040024318,0.06308417022228241,0.6666666666666666
1256596884,040417719,0.05828484892845154,0.6666666666666666
1256616257,040189686,0.04732245206832886,0.6666666666666666
1256616257,040057283,0.04032829403877258,0.6666666666666666
1256618616,042007933,0.08323430269956589,0
1256618616,040118827,0.045079976320266724,0
1256618616,040751597,0.02583782747387886,0
1256618616,95333953X,0.019211893901228905,0
1256618616,040334228,0.01749335043132305,0
1256618616,040694682,4.589018935803324e-4,0.6666666666666666
1256774847,041768590,0.08214433491230011,0
1256774847,040750736,0.025405172258615494,0
1256774847,040217914,0.02406616136431694,0
1256774847,040432718,0.023486727848649025,0
1256774847,040181456,0.0015295081539079547,0.6666666666666666
1256955507,040157016,0.29134148359298706,0
1256955507,940431181,0.05753660947084427,0
1256955507,040027376,0.040638480335474014,0
1256955507,041143337,0.021970340982079506,0
1256955507,040457915,0.019463157281279564,0
1257038729,040714977,0.10161640495061874,0
1257038729,040597873,0.08687037229537964,0
1257038729,040558649,0.031135525554418564,0
1258052571,040417719,0.09015828371047974,0.3333333333333333
1258052571,040118827,0.08031903207302094,0
1258052571,041923529,0.001038445858284831,0
1258123290,040187764,0.04507649689912796,0.3333333333333333
1258523191,040732746,0.04282527416944504,0
1258523191,040182312,0.02870500646531582,0.6666666666666666
1258714221,004691792,0.17508313059806824,0.6666666666666666
1258714221,040767787,0.036816537380218506,0
1258714221,041382226,0.03473436087369919,0
1258714221,95374700X,0.007719644345343113,0
1258714221,1102921998,0.002614075317978859,0.3333333333333333
1258949725,040605957,0.06216692179441452,0.3333333333333333
1258949725,040183823,0.04661879688501358,0
1258949725,040563669,0.0026824702508747578,0.3333333333333333
1259218252,041166140,0.04754870384931564,0
1259507173,040665054,0.10676372051239014,0
1259507173,04061963X,0.08169881254434586,0
1259507173,04047609X,0.04821784421801567,0.3333333333333333
1259507173,041245164,0.03772468492388725,0
1259507173,04072560X,0.0012927238130941987,0.3333333333333333
1259582531,988072351,0.08330365270376205,0
1259582531,040382435,0.047345586121082306,0
1259582531,040756939,0.017979975789785385,0
1259687767,040408434,0.13830307126045227,0
1259687767,04126097X,0.07212532311677933,0.3333333333333333
1260723194,040472337,0.12761402130126953,0.6666666666666666
1260723194,040305503,0.04447218030691147,0.6666666666666666
126072669X,040350886,0.1278148591518402,1
126072669X,040538818,0.06718920171260834,0
126072669X,040328139,0.05464180186390877,0
126072669X,041740874,0.009140083566308022,0
1260965600,041214625,0.07438410818576813,0.6666666666666666
1260965600,040118827,0.04388176649808884,0
1260965600,040310310,0.03972572833299637,0
1260965600,041230655,0.03839496895670891,0
1260974294,040554295,0.2873575687408447,0.6666666666666666
1260974294,04008440X,0.15131178498268127,0.6666666666666666
1260974294,041365283,0.05433998256921768,0.3333333333333333
1260974294,1206347392,0.003246248932555318,0
1260974294,967941407,0.002861345186829567,0
1261290321,040563669,0.09517942368984222,0.6666666666666666
1261290321,040288595,0.06961898505687714,1
1261290321,040422267,0.05074264481663704,0
1261434897,04200408X,0.8442333340644836,0
1261434897,040432718,0.8122371435165405,0
1261434897,041286448,0.050401486456394196,0
1261434897,040487377,0.003016985021531582,0
1262092205,04068430X,0.13034218549728394,0.3333333333333333
1262092205,040709140,0.04115043208003044,0
1262092205,040083578,0.03644055128097534,0.3333333333333333
1262734401,004691792,0.12766321003437042,0.3333333333333333
1262734401,004047664,0.12157721817493439,0.3333333333333333
1262734401,040126943,0.09268128871917725,0
1262734401,040216713,0.03513168543577194,0.6666666666666666
1262734401,041285069,0.024453293532133102,0.3333333333333333
1262734401,04049716X,0.008174022659659386,0
1262975409,041143337,0.14415514469146729,0.3333333333333333
1262975409,040334228,0.04741283133625984,0.6666666666666666
1262975409,041262190,0.03306589275598526,0
1262975409,040378772,0.02788025699555874,0.3333333333333333
1262975409,988555794,0.0032043620012700558,0.6666666666666666
1262975409,041691873,0.002532971790060401,0.3333333333333333
1262975409,040006263,0.0013014569412916899,0.3333333333333333
1263183506,040641996,0.2513350248336792,0
1263183506,040118827,0.15640005469322205,0.3333333333333333
1263183506,041955110,0.1191491037607193,0
1263183506,041127714,0.08542920649051666,0
1263548466,041884175,0.31323686242103577,0.6666666666666666
1263548466,040649377,0.03290716931223869,0.3333333333333333
1263548466,040343480,0.025927523151040077,0
1263548466,041341147,0.02579408884048462,0
1263751679,040460495,0.08271117508411407,0
1263751679,118634666,0.028466269373893738,0
1263751679,040690652,0.023349691182374954,0
1263751679,040670295,0.021042516455054283,0
1263751679,040082407,0.006083381362259388,1
1264197802,042007933,0.1404123455286026,0
1264197802,040264823,0.12149742990732193,0.6666666666666666
1264197802,041323076,0.02448839321732521,0.3333333333333333
1264295480,040038289,0.645298421382904,0
1264295480,041269748,0.29688116908073425,0
1264295480,040187764,0.04559352993965149,0
1264295480,00765099X,0.02714976668357849,0
1264295480,042122775,0.025158816948533058,0
1264480733,040223493,0.05780524015426636,0
1264480733,040305503,0.054927337914705276,0
1264480733,040323862,0.05082733556628227,0.6666666666666666
1264480733,040473767,0.01995794102549553,0.3333333333333333
1264480733,04053474X,0.014197582378983498,0
1264641877,040118827,0.07257209718227386,0
1264641877,040223442,0.055696893483400345,0
1264641877,040379493,0.047834884375333786,0
1264641877,041317955,0.039243992418050766,0
126464213X,04046699X,0.07084290683269501,0.6666666666666666
126464213X,040334473,0.048873502761125565,0
126464213X,041596536,0.027455231174826622,0
1264661193,04054365X,0.06429452449083328,0
1264661193,040772020,0.04856027290225029,0
1264661193,041143965,0.03975594788789749,0
1264661193,041306155,0.015170937404036522,0.3333333333333333
1264706049,040382702,0.03606262803077698,0.3333333333333333
1264706049,04040949X,0.03417292982339859,0.3333333333333333
1264706049,040382419,0.02415401116013527,0
1264706049,040501310,0.02147597447037697,0
1264706049,040145166,0.0014583271695300937,0.3333333333333333
1265284679,041231767,0.06928126513957977,0.6666666666666666
1265284679,040740986,0.051143139600753784,0.3333333333333333
1265284679,041535219,0.046328525990247726,0.6666666666666666
1265284679,043004008,0.045531272888183594,0
1265445435,040431835,0.6746224164962769,0.6666666666666666
1265445435,043084168,0.1612987071275711,0.3333333333333333
1265445435,981784518,0.11625184863805771,0.3333333333333333
1265671087,040619168,0.35327810049057007,0
1265671087,042678048,0.17560604214668274,0.3333333333333333
1265671087,040408027,0.020235564559698105,0
1265671087,040751287,0.003723417641595006,0.3333333333333333
1265850550,040323862,0.11769963800907135,0
1265850550,040350886,0.09612907469272614,0
1265850550,04022354X,0.058319199830293655,1
1265850550,041657276,0.04543163999915123,0
1265850550,040119750,0.013108526356518269,0
1265850550,04054365X,0.0015214988961815834,0
1266799087,040182029,0.22486086189746857,0.3333333333333333
1266799087,040717763,0.21130962669849396,1
1266799087,040488292,0.02329828403890133,0.3333333333333333
1266799087,041552318,0.012030095793306828,0.6666666666666666
1266964657,04059758X,0.27544230222702026,0.6666666666666666
1266964657,040300056,0.15992221236228943,0
1266964657,040147487,0.11913208663463593,0
1266964657,040157016,0.0611327588558197,0
1266964657,040158330,0.06012899801135063,0.3333333333333333
1266964657,04010074X,0.004134139511734247,0.3333333333333333
126804136X,041295218,0.7219802737236023,0.6666666666666666
126804136X,040118827,0.15509334206581116,0.3333333333333333
126804136X,040114139,0.07322521507740021,0.6666666666666666
126804136X,040206467,0.04523414373397827,0
1268047287,040187764,0.09107854217290878,0.3333333333333333
1268047287,040157016,0.05490071699023247,0.6666666666666666
1268615692,040607429,0.6928257942199707,1
1268615692,04122258X,0.618381142616272,0.6666666666666666
1268615692,041384369,0.4492660462856293,0.6666666666666666
1268615692,040448649,0.20859763026237488,0.6666666666666666
1268615692,040477460,0.03656448796391487,0.6666666666666666
1268615692,04204779X,0.018389258533716202,0.6666666666666666
1268712515,040767787,0.07390598952770233,0
1268712515,040118827,0.0325821191072464,0
1268712515,040597024,0.026919852942228317,0
1268712515,040747220,0.02626761794090271,1
1268712515,118839446,0.015837742015719414,0
1268712515,040386392,0.012922917492687702,0.6666666666666666
1269049348,040533697,0.09770713746547699,0.6666666666666666
1269049348,040118827,0.0767308697104454,0
1269049348,040354482,0.04469999670982361,0.6666666666666666
1269049348,041674340,0.015292230062186718,1
1269049348,04054365X,0.004185935482382774,0.6666666666666666
1269218581,040476898,0.7532057762145996,1
1269218581,118535315,0.335755318403244,1
1269218581,041256980,0.18568214774131775,1
1269218581,040052486,0.06812654435634613,0
1269218581,040335860,0.032630354166030884,1
1269847864,041694228,0.02515002153813839,0
1269847864,041689054,0.011660782620310783,0
1269847864,041464664,0.010965025052428246,0
1269847864,040769682,0.010837959125638008,0
1269847864,040167968,0.010472415015101433,0
1269847864,040710343,0.0021157010924071074,0.6666666666666666
1269872451,040313638,0.25746169686317444,0
1269872451,040780473,0.06069284677505493,0
1269872451,04002475X,0.0475439615547657,0
1269872451,040745635,0.03619247302412987,0
1269872451,040533115,0.028205599635839462,0
1270096516,040621278,0.026661723852157593,0
1270096516,041262182,0.02554900012910366,0.3333333333333333
1270403583,040665623,0.061888743191957474,0
1270403583,040457915,0.05537725239992142,0.3333333333333333
1270403583,041205030,0.04766804352402687,0
1270678817,041143337,0.5278329253196716,0.3333333333333333
1270678817,042007933,0.10117919743061066,0
1270678817,041256980,0.06776895374059677,0.3333333333333333
1270678817,040006263,0.06045197322964668,0
1270678817,040621278,0.05797600746154785,0
1270687077,040348644,0.024786444380879402,0.3333333333333333
1270687077,04131557X,0.0241321362555027,0
1270687077,040763080,0.01798180676996708,0
1271680009,040473767,0.2281132936477661,0.3333333333333333
1271680009,040756939,0.19089668989181519,1
1271680009,041980123,0.07031664997339249,0.3333333333333333
1272249352,040305813,0.3166201114654541,0.3333333333333333
1272249352,040118827,0.06954441219568253,0
1272947424,040118827,0.47089147567749023,0.3333333333333333
1272947424,040139603,0.310415118932724,0.3333333333333333
1272947424,98885919X,0.28056591749191284,0.3333333333333333
1272947424,040583236,0.25315967202186584,0.3333333333333333
1272947424,041514343,0.24290505051612854,0.6666666666666666
1273576470,040455394,0.14702942967414856,0.3333333333333333
1273576470,040749002,0.1010930985212326,0.3333333333333333
1273576470,040069079,0.09465190023183823,0.6666666666666666
1273576470,041206584,0.07398159801959991,0.3333333333333333
1273576470,040600874,0.05372533202171326,0.3333333333333333
1274637759,040791637,0.4482458233833313,0
1274637759,04213143X,0.09892594814300537,0
1274637759,040769062,0.0879817008972168,0
1274637759,040775488,0.05500585958361626,0
1274637759,040554090,0.04723678529262543,0.6666666666666666
1274637759,040510387,0.012906929478049278,0
1275476015,040379493,0.03347614407539368,0
1275476015,040759954,0.02821858786046505,1
1275476015,040223493,0.016081908717751503,0
1275476015,04053474X,0.012265662662684917,0.3333333333333333
1275645100,040182029,0.057720668613910675,0
1275645100,040543927,0.05292392522096634,0
1275645100,040118827,0.04348456487059593,0
1275645100,040538818,0.04284742847084999,0
1275645100,94863300X,0.04053068906068802,0
1275700462,041951417,0.37687528133392334,1
1275700462,040459772,0.20799991488456726,1
1275700462,04045956X,0.09598664939403534,0.3333333333333333
1275700462,04187076X,0.07134242355823517,0.6666666666666666
1275700462,04131946X,0.0037719823885709047,0.6666666666666666
1276089368,040787044,0.2547539472579956,0.3333333333333333
1276089368,040368718,0.09039255231618881,0
1276089368,040182029,0.0660228505730629,0.3333333333333333
1276089368,040420116,0.030403271317481995,0
1276089368,040347516,0.022776886820793152,0
1276089368,118528912,0.015397496521472931,0.3333333333333333
1276589808,041206940,0.19331519305706024,0
1276589808,04053474X,0.08194504678249359,0
1276589808,040118908,0.06527519226074219,0
1276589808,040542300,0.05496823787689209,0
1276589808,040671593,0.04281548410654068,0
1276676093,040432718,0.062158335000276566,0
1276676093,041135113,0.05807090923190117,0.3333333333333333
1276676093,040538818,0.03870551660656929,0
1276680341,041377184,0.5199353098869324,0
1276680341,040265358,0.11724352836608887,0.6666666666666666
1276680341,041143337,0.06621049344539642,0.3333333333333333
1276680341,940431181,0.06505799293518066,0
1276932065,041954610,0.019119838252663612,0
1276932065,041667077,0.018623054027557373,0
1276936419,040118827,0.019535299390554428,0.6666666666666666
1276936419,040674886,0.010210514068603516,0
1276936419,040184803,0.008802054449915886,0
1276936419,040616193,0.006398212164640427,0
1276936419,040595218,0.0061991638503968716,0
1277005400,040734994,0.09389372169971466,0
1277005400,04051255X,0.04508144408464432,0
1277005400,040097366,0.040990639477968216,0
1277005400,040305503,0.025886327028274536,0.6666666666666666
1277005400,04274816X,0.011464184150099754,0.3333333333333333
1277171297,040408027,0.09533556550741196,0.6666666666666666
1277171297,040476898,0.09387688338756561,0
1277171297,040747220,0.09032242000102997,0
1277171297,040118827,0.04660261794924736,0.6666666666666666
1277171297,040751287,0.0027839993126690388,0.3333333333333333
1277344639,040492753,0.3159625828266144,0
1277344639,042383242,0.034669842571020126,0
1277344639,040157016,0.022828051820397377,0
1277344639,040654540,0.022344723343849182,0
1277344639,041157362,0.02182532474398613,0
1277925852,041355903,0.041783496737480164,0.6666666666666666
1277925852,040015157,0.0299189742654562,0
1278235329,041291085,0.22800955176353455,0.6666666666666666
1278235329,040118827,0.12724348902702332,0.6666666666666666
1278235329,041141237,0.04518935829401016,0.3333333333333333
1278235329,040186725,0.029958903789520264,0
1278432108,040181286,0.7159741520881653,0
1278432108,040703827,0.044442132115364075,0
1278432108,040181189,0.04206172749400139,0
1278432108,118689150,0.023594891652464867,0
1278432108,04062787X,0.021117186173796654,0
1278592849,040118827,0.10236278921365738,0
1278592849,040118894,0.054497845470905304,0
1278592849,040664937,0.038209788501262665,0
1278592849,040614077,0.023999566212296486,0
1278592849,040790096,0.022961124777793884,0
1278870326,040474410,0.08025488257408142,0.3333333333333333
1278870326,042024048,0.06197576969861984,0.3333333333333333
1278870326,971927820,0.05462001636624336,0
1279693177,040013073,0.02753317728638649,0
1279693177,950243027,0.02369912527501583,0
1279693177,041703839,0.021280471235513687,0.3333333333333333
1280233028,040533697,0.6950948238372803,0.3333333333333333
1280233028,040350886,0.11757924407720566,0.3333333333333333
1280233028,040620050,0.04675721004605293,0.3333333333333333
128078248X,995800995,0.4212016463279724,0.6666666666666666
128078248X,042264049,0.40290218591690063,0.6666666666666666
128078248X,040118894,0.0705501064658165,0
128078248X,040465144,0.04451028257608414,0.3333333333333333
128078248X,04229763X,0.026986295357346535,0.6666666666666666
1281004553,040118827,0.06076579540967941,0
1281004553,040413160,0.05643380805850029,0
1281004553,040300056,0.027746092528104782,0
1281004553,041235517,0.0209395382553339,0
1281081930,041662156,0.0700114518404007,0.6666666666666666
1281081930,040477460,0.04740138724446297,0.6666666666666666
1281081930,040786374,0.03885672613978386,0.6666666666666666
1281081930,041481143,0.021071922034025192,0.6666666666666666
1281081930,04055676X,0.02052908018231392,0.6666666666666666
1281081930,967279453,0.012734590098261833,0.6666666666666666
128243621X,118506617,0.04184862971305847,0
128243621X,040279553,0.013627412728965282,0
128243621X,04067911X,0.010260669514536858,0.3333333333333333
1282511696,040734099,0.039991412311792374,0
1282511696,040223493,0.028987828642129898,0.6666666666666666
1282542095,040152243,0.03762592002749443,0
1282542095,101046003X,0.014540856704115868,0
1282542095,04124995X,0.012100717052817345,0
1282542095,040348644,0.011577227152884007,0
1282542095,041127269,0.010207435116171837,0
1282550632,040577953,0.26170462369918823,1
1282550632,040601315,0.1100090965628624,0.6666666666666666
1282550632,041262689,0.013014765456318855,0.3333333333333333
1282972707,040016544,0.09297605603933334,0
1282972707,040237966,0.02790730632841587,0
1282972707,040207668,0.0017792076105251908,1
1283409372,040334228,0.16037431359291077,0.3333333333333333
1283409372,040457915,0.05077541619539261,0.3333333333333333
1283409372,041571673,0.03694567829370499,0.6666666666666666
1283909863,040788954,0.05642802268266678,0
1283909863,041229266,0.033463772386312485,0.3333333333333333
1283909863,960767053,0.026657715439796448,0
1283909863,942216105,0.021959370002150536,0.6666666666666666
1283909863,040350932,0.007968081161379814,0.6666666666666666
1283909863,040473767,0.002323912223801017,0.6666666666666666
1283923416,040118827,0.1186007410287857,0
1283923416,04053474X,0.04402200132608414,0.3333333333333333
1283923416,040013073,0.030459469184279442,0
1283923416,040403645,0.017235741019248962,0
1284971627,040762297,0.8684525489807129,1
1284971627,040154289,0.07836777716875076,0
1284971627,040704637,0.03181678056716919,0
1284971627,042412919,4.4455373426899314e-4,1
1285099176,040118827,0.04714135080575943,0
1285099176,040791637,0.03767213225364685,0
1285099176,040477045,0.03473354130983353,0.3333333333333333
1285099176,041228138,0.03329211845993996,0
1285170717,040557367,0.3094335198402405,0.6666666666666666
1285170717,040014460,0.10755418241024017,0.6666666666666666
1286189756,965002845,0.050345808267593384,0
1286189756,040379493,0.04449368640780449,0
1286189756,040746593,0.031652625650167465,0.3333333333333333
1286202051,040028054,0.16614845395088196,0.6666666666666666
1286202051,118816713,0.09606827795505524,0
1286202051,040468402,0.06003938242793083,0
1286202051,041914120,0.045739997178316116,0
1286202051,040026922,0.005138800013810396,0.3333333333333333
1286901057,040477045,0.21023602783679962,0.3333333333333333
1286901057,040205886,0.08070304244756699,0.6666666666666666
1286901057,040597873,0.07935038954019547,0
1286901057,040389715,0.06625513732433319,0
1286901057,040118827,0.05423282831907272,0
1286901057,040028054,0.010784138925373554,0.6666666666666666
1287235727,040171027,0.03250763937830925,0
1287235727,041670450,0.02962479554116726,0
1287235727,040592057,0.029498016461730003,0
1287235727,040529959,0.02117110788822174,0
1287737218,040505367,0.096511110663414,0
1287737218,041256980,0.03599736839532852,0
1287737218,040465543,0.022408131510019302,0
1287737218,118610317,0.01930759847164154,1
1287737218,118610309,0.010845059528946877,1
1288351127,040477045,0.12407277524471283,0.3333333333333333
1288351127,042190576,0.025069460272789,0
1288351127,040592375,0.01764223352074623,0
1288351127,943011248,0.017233988270163536,0
1288351127,040764117,0.015114638023078442,0
1288351127,040741680,0.007550690323114395,0.6666666666666666
1289151636,04072560X,0.14273373782634735,1
1289151636,040350932,0.07246875017881393,0
1289151636,041808347,0.030168021097779274,0.6666666666666666
1290336636,04045245X,0.8637439012527466,0.6666666666666666
1290336636,040111342,0.7639285922050476,0.6666666666666666
1290336636,040118827,0.2052973210811615,0.3333333333333333
1290336636,040432718,0.20187468826770782,0
1290336636,040178943,0.1123734712600708,0.3333333333333333
1290938202,041165462,0.09799785912036896,0
1290938202,040778142,0.05649854987859726,0
1290938202,041222695,0.04607326537370682,0
1290938202,040367339,0.04216534644365311,0
1290938202,041269144,0.005338527262210846,0.6666666666666666
1290938202,041481143,0.0019657392986118793,0.6666666666666666
1290938202,967941407,0.0018127592047676444,0
1290938202,1206347392,0.0017211310332641006,0
1291663649,040508382,0.030763566493988037,0
1291663649,040476898,0.02991858683526516,0
1291663649,040365107,0.010389445349574089,0
1291663649,041300807,0.0025642733089625835,1
1291663649,040350932,0.00230664131231606,1
1291663649,040473767,7.152319303713739e-4,0
1292170190,040182029,0.2360912263393402,0.6666666666666666
1292170190,04025111X,0.23554261028766632,0.3333333333333333
1292170190,040118827,0.038868654519319534,0.3333333333333333
1292170190,040775755,0.00987986195832491,0
1292170190,041914120,0.009746220894157887,0
1292209410,04072560X,0.2001817226409912,0.3333333333333333
1292209410,967279453,0.04803311079740524,0.3333333333333333
1292209410,946663459,0.04534415528178215,0
1292209410,950945897,0.007617641240358353,0
1292209410,040437744,0.0019074361771345139,0.3333333333333333
1292211784,040455394,0.11657748371362686,0.3333333333333333
1292211784,040359646,0.034697119146585464,0
1292211784,040178943,0.030757885426282883,0
1292804572,040197026,0.7657506465911865,1
1292804572,040201368,0.16161532700061798,0
1292804572,040372200,0.11024411022663116,0
1292804572,040206874,0.00856795720756054,0.6666666666666666
1292804572,041562712,0.004605050664395094,0.6666666666666666
1293950017,040501299,0.037088703364133835,0
1293950017,040701026,0.03605923056602478,0
1293950017,1264956134,0.03498753160238266,0.6666666666666666
1293950017,040477045,0.027718573808670044,0.3333333333333333
1293950017,041971930,0.00497991219162941,0.6666666666666666
1293950017,040348644,0.0011072680354118347,0.3333333333333333
1295877570,041143337,0.05920100212097168,0.3333333333333333
1295877570,040462773,0.03549126535654068,0.3333333333333333
1295877570,040118827,0.02917456068098545,0
1295877570,04049716X,0.024865558370947838,0
1295877570,041322703,0.0065802643075585365,0
1296377725,042525799,0.016017474234104156,0.3333333333333333
1296377725,040552098,0.013877582736313343,0
1296377725,040768996,0.006888749543577433,0
1296377725,300064837,0.003811290953308344,0.3333333333333333
1296378136,040408027,0.16476570069789886,0.3333333333333333
1296378136,040510387,0.11211594194173813,0
1296378136,040118827,0.004893875680863857,0
1296378292,040335356,0.0682399570941925,0
1296378292,1026993326,0.0513296015560627,0
1296378292,955025826,0.0513296015560627,0
1296378292,040118827,0.013917890377342701,0.3333333333333333
1296378578,040368718,0.04909751936793327,0
1296378578,040259935,0.0363362580537796,0
1296378578,043280943,0.029688214883208275,0
1296378578,041143337,0.025512423366308212,0
1296378578,040290026,0.021195216104388237,0
1297395115,040205312,0.018969791010022163,0.6666666666666666
1297395115,040651363,0.016519485041499138,0
1297395115,040049558,0.016268717125058174,0
1297468341,041649583,0.23360738158226013,1
1297468341,041649540,0.08351902663707733,0.6666666666666666
1297468341,041155890,0.06730799376964569,0.6666666666666666
